interaction_id,interaction_date,country,region,business_unit,interaction_type,stakeholder_id,employee_id,declared_purpose,duration_minutes
I000001,2024-03-16,DEU,EMEA,Primary Care,Group Meeting,S01006,E00472,Product information discussion (on-label),45.0
I000002,2024-07-10,JPN,APAC,Oncology,1:1 Meeting,S01659,E00871,Product information discussion (on-label),49.0
I000003,2024-03-05,United States,Americas,Respiratory,Speaker Program,S01431,E00969,Congress meeting and follow-up,84.0
I000004,2024-04-09,IN,APAC,Specialty,Group Meeting,S00843,E00781,Training and best practice sharing,18.0
I000005,2025-06-27,Brazil,Americas,Primary Care,Advisory Board,S00092,E00474,Speaker program educational session,230.0
I000006,2025-01-03,Italy,EMEA,Vaccines,Advisory Board,S01453,E00940,Scientific exchange on clinical data,166.0
I000007,2024-02-12,IND,APAC,Oncology,Speaker Program,S01681,E00286,Speaker program educational session,
I000008,2024-11-10,IT,EMEA,Vaccines,1:1 Meeting,S00023,E00694,Market access discussion,26.0
I000009,2024-06-16,IN,APAC,Respiratory,1:1 Meeting,S01468,E00676,Business discussion,30.0
I000010,2024-10-09,Japan,APAC,Specialty,1:1 Meeting,S00489,E00205,Advisory board discussion on unmet needs,23.0
I000011,2024-12-01,DEU,EMEA,Vaccines,Group Meeting,S01701,E00681,Speaker program educational session,55.0
I000012,2025-04-27,US,Americas,Specialty,Congress/Conference,S00810,E00962,Scientific exchange on clinical data,131.0
I000013,2025-04-02,United States of America,Americas,Specialty,1:1 Meeting,S00136,E00674,Follow-up,36.0
I000014,2025-03-03,BRA,Americas,Vaccines,Group Meeting,S01621,E00945,Market access discussion,81.0
I000015,2024-05-30,CAN,Americas,Specialty,1:1 Meeting,S01302,E00780,,40.0
I000016,2024-11-08,ITA,EMEA,Respiratory,1:1 Meeting,S00477,E00516,Scientific exchange on clinical data,24.0
I000017,2025-06-02,ITA,EMEA,Specialty,1:1 Meeting,S00123,E00141,Scientific exchange on clinical data,34.0
I000018,2024-06-27,MX,Americas,Oncology,Group Meeting,S00674,E00138,Product information discussion (on-label),56.0
I000019,2024-07-28,JPN,APAC,Specialty,Group Meeting,S00679,E00351,Advisory board discussion on unmet needs,46.0
I000020,2024-04-22,India,APAC,Respiratory,Group Meeting,S01068,E00330,Advisory board discussion on unmet needs,49.0
I000021,2024-01-12,CAN,Americas,Specialty,Speaker Program,S01214,E00563,Catch-up,58.0
I000022,2024-10-09,US,Americas,Oncology,Speaker Program,S00510,E00311,Training and best practice sharing,55.0
I000023,2024-05-19,IT,EMEA,Specialty,1:1 Meeting,S00866,E00518,,14.0
I000024,2024-03-09,IT,EMEA,Vaccines,Group Meeting,S00615,E00610,Speaker program educational session,83.0
I000025,2024-04-27,MX,Americas,Oncology,Speaker Program,S00280,E00733,Discussed topics,67.0
I000026,2024-02-19,Brazil,Americas,Oncology,Congress/Conference,S01521,E00383,Business discussion,66.0
I000027,2025-05-03,ITA,EMEA,Respiratory,Speaker Program,S01563,E00447,Market access discussion,54.0
I000028,2025-03-25,FRA,EMEA,Vaccines,1:1 Meeting,S00869,E00754,Market access discussion,42.0
I000029,2025-03-27,India,APAC,Specialty,1:1 Meeting,S00933,E00967,Training and best practice sharing,24.0
I000030,2024-08-02,JPN,APAC,Oncology,1:1 Meeting,S01201,E00998,Training and best practice sharing,33.0
I000031,2025-02-06,FRA,EMEA,Respiratory,1:1 Meeting,S00784,E00601,Scientific exchange on clinical data,34.0
I000032,2025-02-07,Japan,APAC,Primary Care,Group Meeting,S00551,E00767,Follow-up,88.0
I000033,2024-01-29,United States of America,Americas,Oncology,1:1 Meeting,S01341,E00296,Advisory board discussion on unmet needs,34.0
I000034,2024-12-26,CAN,Americas,Oncology,1:1 Meeting,S00436,E00191,Training and best practice sharing,28.0
I000035,2025-01-26,Great Britain,EMEA,Vaccines,Group Meeting,S00341,E00082,Congress meeting and follow-up,60.0
I000036,2024-01-17,India,APAC,Vaccines,Speaker Program,S00545,E00770,Follow-up,66.0
I000037,2024-11-17,IT,EMEA,Respiratory,Congress/Conference,S01560,E00273,Speaker program educational session,183.0
I000038,2025-04-18,CAN,Americas,Specialty,Congress/Conference,S01363,E00409,,94.0
I000039,2025-04-12,ITA,EMEA,Specialty,Speaker Program,S00252,E00890,Product information discussion (on-label),31.0
I000040,2024-07-22,GB,EMEA,Respiratory,1:1 Meeting,S00385,E00004,Meeting,20.0
I000041,2025-01-21,IND,APAC,Specialty,1:1 Meeting,S00820,E00757,Product information discussion (on-label),29.0
I000042,2024-07-26,Great Britain,EMEA,Oncology,1:1 Meeting,S00400,E00730,Congress meeting and follow-up,14.0
I000043,2025-05-28,Japan,APAC,Primary Care,Group Meeting,S01124,E00896,Congress meeting and follow-up,79.0
I000044,2024-01-22,U.S.,Americas,Vaccines,Speaker Program,S01466,E00030,Advisory board discussion on unmet needs,49.0
I000045,2024-06-02,CAN,Americas,Vaccines,1:1 Meeting,S01095,E00649,Congress meeting and follow-up,22.0
I000046,2025-05-09,USA,Americas,Primary Care,1:1 Meeting,S01470,E00761,Training and best practice sharing,31.0
I000047,2024-08-17,DE,EMEA,Vaccines,1:1 Meeting,S00229,E00092,Congress meeting and follow-up,28.0
I000048,2024-05-27,CAN,Americas,Respiratory,Group Meeting,S00637,E00064,Training and best practice sharing,44.0
I000049,2024-04-17,CA,Americas,Specialty,1:1 Meeting,S01233,E00605,Advisory board discussion on unmet needs,20.0
I000050,2025-02-17,GB,EMEA,Oncology,1:1 Meeting,S00302,E00616,Scientific exchange on clinical data,29.0
I000051,2024-11-04,BR,Americas,Vaccines,1:1 Meeting,S01737,E00724,Product information discussion (on-label),38.0
I000052,2025-04-25,US,Americas,Specialty,Group Meeting,S01660,E00231,Product information discussion (on-label),35.0
I000053,2024-12-17,CAN,Americas,Specialty,Congress/Conference,S01123,E00402,Product information discussion (on-label),53.0
I000054,2024-04-09,DEU,EMEA,Specialty,1:1 Meeting,S01123,E00404,Scientific exchange on clinical data,39.0
I000055,2024-02-28,France,EMEA,Specialty,1:1 Meeting,S00905,E00713,Advisory board discussion on unmet needs,40.0
I000056,2024-03-05,FR,EMEA,Respiratory,Speaker Program,S01609,E00880,Scientific exchange on clinical data,98.0
I000057,2024-06-02,USA,Americas,Vaccines,Speaker Program,S01056,E00666,Advisory board discussion on unmet needs,157.0
I000058,2024-11-10,ITA,EMEA,Primary Care,1:1 Meeting,S00354,E00669,Scientific exchange on clinical data,19.0
I000059,2024-09-04,ITA,EMEA,Oncology,1:1 Meeting,S00246,E00120,Scientific exchange on clinical data,47.0
I000060,2024-01-25,BRA,Americas,Vaccines,Group Meeting,S00371,E00394,Scientific exchange on clinical data,75.0
I000061,2024-10-10,United Kingdom,EMEA,Respiratory,Advisory Board,S01665,E00718,Product information discussion (on-label),92.0
I000062,2024-01-07,Japan,APAC,Specialty,Congress/Conference,S00241,E00186,Speaker program educational session,
I000063,2024-05-16,MEX,Americas,Specialty,Speaker Program,S00526,E00872,Congress meeting and follow-up,108.0
I000064,2025-02-23,US,Americas,Primary Care,Speaker Program,S01064,E00927,Market access discussion,88.0
I000065,2024-03-13,Mexico,Americas,Respiratory,Advisory Board,S00203,E00679,Training and best practice sharing,155.0
I000066,2024-09-18,MX,Americas,Specialty,1:1 Meeting,S00569,E00132,Market access discussion,34.0
I000067,2024-06-24,BRA,Americas,Primary Care,1:1 Meeting,S01423,E00147,Market access discussion,29.0
I000068,2024-02-23,IT,EMEA,Respiratory,1:1 Meeting,S00860,E00842,Discussed topics,52.0
I000069,2025-02-22,USA,Americas,Vaccines,1:1 Meeting,S00834,E00068,Advisory board discussion on unmet needs,33.0
I000070,2025-01-13,DE,EMEA,Vaccines,1:1 Meeting,S00456,E00388,Speaker program educational session,33.0
I000071,2024-03-13,US,Americas,Primary Care,1:1 Meeting,S01773,E00289,Training and best practice sharing,32.0
I000072,2024-02-10,Japan,APAC,Respiratory,1:1 Meeting,S01741,E00413,Advisory board discussion on unmet needs,
I000073,2024-06-18,IT,EMEA,Primary Care,Speaker Program,S01486,E00655,Market access discussion,59.0
I000074,2024-02-08,Canada,Americas,Oncology,1:1 Meeting,S00565,E00976,Speaker program educational session,36.0
I000075,2025-01-03,CAN,Americas,Oncology,Group Meeting,S01732,E00093,Congress meeting and follow-up,39.0
I000076,2024-11-09,DEU,EMEA,Oncology,Group Meeting,S00022,E00986,Product information discussion (on-label),20.0
I000077,2024-06-09,United Kingdom,EMEA,Vaccines,1:1 Meeting,S01263,E00195,Market access discussion,23.0
I000078,2024-10-30,MX,Americas,Specialty,1:1 Meeting,S01565,E00537,Speaker program educational session,32.0
I000079,2025-05-17,BR,Americas,Specialty,1:1 Meeting,S00232,E00347,Scientific exchange on clinical data,34.0
I000080,2024-10-01,France,EMEA,Specialty,Speaker Program,S01293,E00583,Congress meeting and follow-up,104.0
I000081,2024-06-12,Canada,Americas,Respiratory,Group Meeting,S00118,E00365,Speaker program educational session,0.0
I000082,2025-01-21,ITA,EMEA,Vaccines,Speaker Program,S01008,E00203,,113.0
I000083,2025-05-08,DE,EMEA,Oncology,1:1 Meeting,S00613,E00374,Product information discussion (on-label),37.0
I000084,2025-01-24,US,Americas,Primary Care,Group Meeting,S00012,E00368,Advisory board discussion on unmet needs,55.0
I000085,2024-10-21,UK,EMEA,Specialty,1:1 Meeting,S00982,E00983,Training and best practice sharing,21.0
I000086,2024-07-05,FRA,EMEA,Oncology,1:1 Meeting,S01520,E00864,Advisory board discussion on unmet needs,15.0
I000087,2025-03-20,U.S.,Americas,Specialty,Speaker Program,S01700,E00351,Speaker program educational session,
I000088,2025-02-23,Germany,EMEA,Specialty,Group Meeting,S00383,E00256,Market access discussion,78.0
I000089,2024-09-08,BR,Americas,Vaccines,1:1 Meeting,S01029,E00626,Advisory board discussion on unmet needs,34.0
I000090,2025-06-13,USA,Americas,Specialty,Group Meeting,S00874,E00019,Speaker program educational session,49.0
I000091,2024-03-03,Germany,EMEA,Oncology,1:1 Meeting,S01045,E00438,Speaker program educational session,24.0
I000092,2024-07-03,France,EMEA,Vaccines,Advisory Board,S00002,E00054,Congress meeting and follow-up,68.0
I000093,2024-07-23,DE,EMEA,Oncology,1:1 Meeting,S00624,E00115,Speaker program educational session,30.0
I000094,2024-03-28,IND,APAC,Respiratory,1:1 Meeting,S00762,E00244,Advisory board discussion on unmet needs,9.0
I000095,2024-07-25,US,Americas,Respiratory,Congress/Conference,S01341,E00838,Discussed topics,161.0
I000096,2024-04-30,IND,APAC,Specialty,1:1 Meeting,S00315,E00045,Training and best practice sharing,19.0
I000097,2025-01-19,Canada,Americas,Primary Care,1:1 Meeting,S01470,E00121,Congress meeting and follow-up,45.0
I000098,2024-01-21,MEX,Americas,Specialty,1:1 Meeting,S01160,E00063,Market access discussion,30.0
I000099,2024-08-29,Canada,Americas,Specialty,1:1 Meeting,S01044,E00394,Scientific exchange on clinical data,31.0
I000100,2024-03-09,MX,Americas,Vaccines,Group Meeting,S01620,E00526,Advisory board discussion on unmet needs,63.0
I000101,2024-05-08,Mexico,Americas,Specialty,Advisory Board,S01093,E00244,Advisory board discussion on unmet needs,111.0
I000102,2024-11-07,IND,APAC,Specialty,Congress/Conference,S00431,E00548,Speaker program educational session,85.0
I000103,2025-06-18,GB,EMEA,Primary Care,Group Meeting,S00837,E00920,Training and best practice sharing,78.0
I000104,2024-02-21,United States of America,Americas,Vaccines,1:1 Meeting,S01778,E00797,Market access discussion,20.0
I000105,2024-06-01,MX,Americas,Oncology,Advisory Board,S00551,E00209,Advisory board discussion on unmet needs,148.0
I000106,2025-01-23,FR,EMEA,Oncology,Speaker Program,S00372,E00471,Market access discussion,107.0
I000107,2024-06-25,U.S.,Americas,Specialty,Group Meeting,S01675,E00404,Product information discussion (on-label),74.0
I000108,2024-04-06,United States,Americas,Respiratory,Speaker Program,S01537,E00828,Scientific exchange on clinical data,90.0
I000109,2024-07-31,United States,Americas,Vaccines,1:1 Meeting,S01285,E00615,Market access discussion,25.0
I000110,2025-02-28,Germany,EMEA,Oncology,Group Meeting,S00910,E00836,Meeting,81.0
I000111,2024-09-17,U.S.,Americas,Vaccines,Speaker Program,S00608,E00106,Scientific exchange on clinical data,119.0
I000112,2025-04-15,US,Americas,Primary Care,Advisory Board,S01402,E00394,Scientific exchange on clinical data,210.0
I000113,2025-02-17,FRA,EMEA,Respiratory,1:1 Meeting,S00739,E00946,Product information discussion (on-label),
I000114,2024-10-11,US,Americas,Oncology,Speaker Program,S01367,E00704,Product information discussion (on-label),54.0
I000115,2024-08-26,JP,APAC,Vaccines,Group Meeting,S01765,E00956,Product information discussion (on-label),39.0
I000116,2025-01-06,JP,APAC,Vaccines,1:1 Meeting,S01489,E00286,Speaker program educational session,35.0
I000117,2025-05-09,BRA,Americas,Oncology,1:1 Meeting,S01304,E00342,Congress meeting and follow-up,1.0
I000118,2024-09-03,Brazil,Americas,Respiratory,Group Meeting,S00788,E00086,Market access discussion,51.0
I000119,2025-03-25,Germany,EMEA,Vaccines,Advisory Board,S01743,E00018,Speaker program educational session,272.0
I000120,2024-10-15,FRA,EMEA,Specialty,Group Meeting,S01130,E00996,Market access discussion,63.0
I000121,2025-02-17,India,APAC,Oncology,Group Meeting,S01426,E00989,Product information discussion (on-label),54.0
I000122,2024-04-24,United States of America,Americas,Primary Care,Speaker Program,S00502,E00079,Product information discussion (on-label),103.0
I000123,2024-08-21,India,APAC,Primary Care,1:1 Meeting,S01480,E00346,Scientific exchange on clinical data,
I000124,2024-09-03,MEX,Americas,Specialty,1:1 Meeting,S00023,E00406,Training and best practice sharing,36.0
I000125,2024-05-06,Brazil,Americas,Specialty,1:1 Meeting,S00322,E00279,Advisory board discussion on unmet needs,22.0
I000126,2025-02-15,DE,EMEA,Specialty,Group Meeting,S01146,E00620,Market access discussion,45.0
I000127,2024-12-28,USA,Americas,Primary Care,1:1 Meeting,S00399,E00277,Scientific exchange on clinical data,8.0
I000128,2025-04-25,MEX,Americas,Vaccines,Advisory Board,S00023,E00775,Advisory board discussion on unmet needs,269.0
I000129,2024-01-19,MX,Americas,Respiratory,Congress/Conference,S00991,E00047,Training and best practice sharing,84.0
I000130,2025-03-24,BRA,Americas,Primary Care,Group Meeting,S01487,E00365,Market access discussion,96.0
I000131,2024-12-19,JPN,APAC,Specialty,Speaker Program,S01631,E00392,Market access discussion,
I000132,2024-04-02,United States of America,Americas,Specialty,Group Meeting,S01654,E00698,Congress meeting and follow-up,54.0
I000133,2024-08-26,IND,APAC,Primary Care,1:1 Meeting,S00269,E00348,Catch-up,32.0
I000134,2024-11-12,Mexico,Americas,Specialty,1:1 Meeting,S01019,E00100,Training and best practice sharing,20.0
I000135,2024-10-21,BR,Americas,Oncology,1:1 Meeting,S00606,E00166,Catch-up,34.0
I000136,2024-03-11,CAN,Americas,Oncology,1:1 Meeting,S00288,E00963,Product information discussion (on-label),
I000137,2024-09-25,United Kingdom,EMEA,Specialty,1:1 Meeting,S01050,E00866,Product information discussion (on-label),39.0
I000138,2024-01-07,India,APAC,Vaccines,Group Meeting,S00502,E00717,Advisory board discussion on unmet needs,55.0
I000139,2024-11-09,DE,EMEA,Oncology,1:1 Meeting,S00715,E00478,Advisory board discussion on unmet needs,1.0
I000140,2025-06-12,Japan,APAC,Specialty,1:1 Meeting,S00133,E00325,Scientific exchange on clinical data,32.0
I000141,2024-06-19,MX,Americas,Oncology,Speaker Program,S00438,E00328,Meeting,88.0
I000142,2024-07-25,DE,EMEA,Specialty,Group Meeting,S01554,E00701,Speaker program educational session,43.0
I000143,2025-06-24,GB,EMEA,Oncology,Group Meeting,S01075,E00220,Product information discussion (on-label),90.0
I000144,2025-01-14,United States,Americas,Primary Care,Congress/Conference,S00987,E00487,Market access discussion,161.0
I000145,2024-05-23,MEX,Americas,Respiratory,Advisory Board,S01481,E00684,Market access discussion,258.0
I000146,2025-05-19,IND,APAC,Vaccines,Speaker Program,S00940,E00957,Product information discussion (on-label),94.0
I000147,2024-12-01,United States of America,Americas,Oncology,Congress/Conference,S01756,E00129,Follow-up,105.0
I000148,2024-07-17,JP,APAC,Respiratory,1:1 Meeting,S00713,E00215,,27.0
I000149,2025-02-16,Brazil,Americas,Vaccines,1:1 Meeting,S01329,E00467,Training and best practice sharing,33.0
I000150,2025-03-04,BRA,Americas,Primary Care,Speaker Program,S01219,E00167,Product information discussion (on-label),80.0
I000151,2024-05-18,IND,APAC,Vaccines,Congress/Conference,S01651,E00858,Product information discussion (on-label),112.0
I000152,2024-08-19,CA,Americas,Vaccines,1:1 Meeting,S01031,E00596,Training and best practice sharing,22.0
I000153,2025-03-10,United States,Americas,Oncology,Congress/Conference,S00719,E00991,Training and best practice sharing,82.0
I000154,2025-06-17,CA,Americas,Specialty,1:1 Meeting,S00549,E00901,Market access discussion,22.0
I000155,2025-06-01,USA,Americas,Vaccines,Speaker Program,S00767,E00861,Congress meeting and follow-up,116.0
I000156,2024-10-18,MEX,Americas,Oncology,Advisory Board,S01320,E00403,Market access discussion,38.0
I000157,2024-11-30,US,Americas,Primary Care,1:1 Meeting,S00896,E00237,Training and best practice sharing,32.0
I000158,2024-03-22,United Kingdom,EMEA,Specialty,Congress/Conference,S00418,E00096,Scientific exchange on clinical data,96.0
I000159,2024-11-28,MEX,Americas,Vaccines,Group Meeting,S00268,E00465,Advisory board discussion on unmet needs,53.0
I000160,2024-08-08,United Kingdom,EMEA,Oncology,Group Meeting,S01351,E00053,Congress meeting and follow-up,88.0
I000161,2024-11-18,Brazil,Americas,Respiratory,Speaker Program,S00291,E00290,Training and best practice sharing,69.0
I000162,2024-02-09,Brazil,Americas,Vaccines,1:1 Meeting,S00997,E00983,Market access discussion,17.0
I000163,2024-02-28,United States of America,Americas,Vaccines,Group Meeting,S01351,E00581,Speaker program educational session,41.0
I000164,2024-05-01,Mexico,Americas,Vaccines,Speaker Program,S01519,E00261,Discussed topics,
I000165,2025-04-23,United Kingdom,EMEA,Vaccines,Group Meeting,S00061,E00336,Speaker program educational session,73.0
I000166,2024-12-13,FRA,EMEA,Respiratory,1:1 Meeting,S00957,E00764,Speaker program educational session,18.0
I000167,2024-05-03,Great Britain,EMEA,Primary Care,Congress/Conference,S00211,E00598,Market access discussion,124.0
I000168,2024-07-19,IT,EMEA,Primary Care,Group Meeting,S01276,E00111,Market access discussion,47.0
I000169,2024-09-06,United States,Americas,Vaccines,Congress/Conference,S00519,E00601,Congress meeting and follow-up,170.0
I000170,2025-04-24,US,Americas,Primary Care,1:1 Meeting,S00381,E00367,Speaker program educational session,58.0
I000171,2024-11-09,India,APAC,Primary Care,Advisory Board,S01163,E00815,Advisory board discussion on unmet needs,222.0
I000172,2024-04-01,MX,Americas,Respiratory,Congress/Conference,S01654,E00881,Product information discussion (on-label),81.0
I000173,2024-09-21,USA,Americas,Vaccines,Group Meeting,S01022,E00048,Speaker program educational session,35.0
I000174,2025-03-17,MEX,Americas,Primary Care,Speaker Program,S01605,E00877,Product information discussion (on-label),39.0
I000175,2025-02-04,Great Britain,EMEA,Vaccines,1:1 Meeting,S00034,E00072,Speaker program educational session,36.0
I000176,2025-05-04,United States of America,Americas,Primary Care,1:1 Meeting,S00097,E00403,Scientific exchange on clinical data,14.0
I000177,2025-04-29,US,Americas,Specialty,Speaker Program,S00022,E00143,Advisory board discussion on unmet needs,140.0
I000178,2025-03-20,JP,APAC,Respiratory,Congress/Conference,S01410,E00889,Meeting,
I000179,2024-09-25,IN,APAC,Oncology,1:1 Meeting,S00349,E00948,Training and best practice sharing,21.0
I000180,2024-02-28,IN,APAC,Vaccines,1:1 Meeting,S00493,E00592,Product information discussion (on-label),45.0
I000181,2024-02-09,Japan,APAC,Vaccines,1:1 Meeting,S01712,E00894,Scientific exchange on clinical data,40.0
I000182,2024-10-26,DE,EMEA,Specialty,1:1 Meeting,S00789,E00193,Congress meeting and follow-up,32.0
I000183,2025-01-29,IN,APAC,Specialty,Group Meeting,S00217,E00937,Congress meeting and follow-up,40.0
I000184,2024-11-13,USA,Americas,Primary Care,1:1 Meeting,S01406,E00315,Scientific exchange on clinical data,45.0
I000185,2025-01-03,USA,Americas,Oncology,Advisory Board,S00059,E00488,Scientific exchange on clinical data,238.0
I000186,2024-08-26,USA,Americas,Respiratory,1:1 Meeting,S00684,E00055,Product information discussion (on-label),
I000187,2024-07-13,Italy,EMEA,Respiratory,1:1 Meeting,S01245,E00506,Scientific exchange on clinical data,
I000188,2024-05-08,UK,EMEA,Respiratory,1:1 Meeting,S00135,E00545,Product information discussion (on-label),35.0
I000189,2024-06-04,IND,APAC,Primary Care,1:1 Meeting,S00351,E00805,Scientific exchange on clinical data,11.0
I000190,2025-03-12,Great Britain,EMEA,Respiratory,1:1 Meeting,S00626,E00874,Follow-up,26.0
I000191,2024-07-25,United States of America,Americas,Vaccines,1:1 Meeting,S00877,E00343,Training and best practice sharing,37.0
I000192,2024-12-05,FRA,EMEA,Oncology,1:1 Meeting,S01001,E00895,Speaker program educational session,37.0
I000193,2024-12-05,BR,Americas,Specialty,Group Meeting,S00205,E00312,Congress meeting and follow-up,38.0
I000194,2025-06-17,Germany,EMEA,Oncology,Speaker Program,S00723,E00309,Training and best practice sharing,28.0
I000195,2024-03-10,DEU,EMEA,Respiratory,Group Meeting,S00043,E00152,Product information discussion (on-label),79.0
I000196,2025-05-31,IN,APAC,Oncology,1:1 Meeting,S01525,E00092,Market access discussion,27.0
I000197,2024-04-29,CAN,Americas,Respiratory,Speaker Program,S01391,E00358,Speaker program educational session,101.0
I000198,2024-08-04,BR,Americas,Primary Care,Group Meeting,S00252,E00444,Scientific exchange on clinical data,69.0
I000199,2024/02/25,CA,Americas,Specialty,1:1 Meeting,S00308,E00536,Speaker program educational session,30.0
I000200,2025-03-30,US,Americas,Vaccines,Advisory Board,S01691,E00608,,
I000201,2024-04-13,USA,Americas,Primary Care,Group Meeting,S01029,E00682,Advisory board discussion on unmet needs,45.0
I000202,2024-09-20,Italy,EMEA,Vaccines,1:1 Meeting,S00066,E00485,Product information discussion (on-label),32.0
I000203,2024-11-26,UK,EMEA,Primary Care,1:1 Meeting,S00355,E00578,Training and best practice sharing,36.0
I000204,2024-01-27,Italy,EMEA,Specialty,1:1 Meeting,S00176,E00305,Training and best practice sharing,39.0
I000205,2024-10-02,BRA,Americas,Primary Care,1:1 Meeting,S01404,E00730,,36.0
I000206,2025-03-26,United States of America,Americas,Oncology,Speaker Program,S00288,E00630,Congress meeting and follow-up,122.0
I000207,2024-12-30,United Kingdom,EMEA,Vaccines,Group Meeting,S00805,E00129,Product information discussion (on-label),111.0
I000208,2025-02-03,United States,Americas,Vaccines,1:1 Meeting,S00200,E00842,Discussed topics,17.0
I000209,2024-09-09,IND,APAC,Respiratory,Speaker Program,S01517,E00991,Speaker program educational session,95.0
I000210,2025-04-03,Canada,Americas,Vaccines,Group Meeting,S01278,E00705,Congress meeting and follow-up,58.0
I000211,2025-05-13,United States of America,Americas,Vaccines,Group Meeting,S00909,E00401,Training and best practice sharing,55.0
I000212,2025-05-22,Germany,EMEA,Respiratory,1:1 Meeting,S01760,E00674,Training and best practice sharing,29.0
I000213,2024-10-30,United States,Americas,Respiratory,Advisory Board,S00984,E00297,Speaker program educational session,115.0
I000214,2024-07-25,BR,Americas,Oncology,Speaker Program,S00581,E00469,Discussed topics,125.0
I000215,2024-08-22,CAN,Americas,Oncology,Group Meeting,S00939,E00284,Advisory board discussion on unmet needs,0.0
I000216,2024-12-04,BRA,Americas,Respiratory,Speaker Program,S01344,E00156,Training and best practice sharing,41.0
I000217,2025-06-20,FRA,EMEA,Oncology,Speaker Program,S01719,E00661,Market access discussion,96.0
I000218,2024-01-19,Brazil,Americas,Specialty,1:1 Meeting,S01206,E00979,Business discussion,23.0
I000219,2025-03-25,Germany,EMEA,Vaccines,1:1 Meeting,S01392,E00488,Training and best practice sharing,21.0
I000220,2024-10-02,IN,APAC,Oncology,Group Meeting,S00861,E00945,Scientific exchange on clinical data,92.0
I000221,2024-02-17,MX,Americas,Vaccines,Group Meeting,S00658,E00111,Advisory board discussion on unmet needs,74.0
I000222,2025-06-23,ITA,EMEA,Primary Care,Advisory Board,S01520,E00166,Scientific exchange on clinical data,190.0
I000223,2024-07-09,United States of America,Americas,Vaccines,Group Meeting,S00011,E00369,Market access discussion,73.0
I000224,2024-01-14,BRA,Americas,Specialty,1:1 Meeting,S00971,E00513,Scientific exchange on clinical data,39.0
I000225,2024-10-14,Italy,EMEA,Vaccines,1:1 Meeting,S00261,E00802,Discussed topics,50.0
I000226,2025-04-15,UK,EMEA,Primary Care,Group Meeting,S00515,E00400,Scientific exchange on clinical data,49.0
I000227,2024-03-15,United Kingdom,EMEA,Respiratory,1:1 Meeting,S00818,E00634,Speaker program educational session,30.0
I000228,2025-02-28,France,EMEA,Primary Care,Advisory Board,S01567,E00061,Market access discussion,99.0
I000229,2025-05-25,DEU,EMEA,Vaccines,Group Meeting,S01155,E00927,Scientific exchange on clinical data,93.0
I000230,2024-09-16,IN,APAC,Vaccines,Group Meeting,S00981,E00970,Advisory board discussion on unmet needs,67.0
I000231,2024-07-11,Brazil,Americas,Specialty,Speaker Program,S00114,E00027,Market access discussion,107.0
I000232,2024-04-02,MX,Americas,Vaccines,1:1 Meeting,S00773,E00713,Scientific exchange on clinical data,20.0
I000233,2025-03-05,FRA,EMEA,Primary Care,1:1 Meeting,S00119,E00244,Training and best practice sharing,35.0
I000234,2024-02-12,USA,Americas,Vaccines,Group Meeting,S00512,E00833,Speaker program educational session,87.0
I000235,2024-07-25,CA,Americas,Specialty,1:1 Meeting,S00981,E00674,Product information discussion (on-label),34.0
I000236,2024-08-09,United Kingdom,EMEA,Specialty,1:1 Meeting,S00620,E00965,Speaker program educational session,34.0
I000237,2024-06-14,United States of America,Americas,Oncology,1:1 Meeting,S01274,E00498,Advisory board discussion on unmet needs,19.0
I000238,2024-04-03,Germany,EMEA,Primary Care,Group Meeting,S01614,E00146,,124.0
I000239,2024-01-13,DE,EMEA,Respiratory,1:1 Meeting,S01695,E00989,Training and best practice sharing,32.0
I000240,2025-03-13,US,Americas,Specialty,1:1 Meeting,S01352,E00442,Scientific exchange on clinical data,
I000241,2025-06-21,CAN,Americas,Primary Care,Group Meeting,S01211,E00222,Product information discussion (on-label),51.0
I000242,2024-05-29,JPN,APAC,Vaccines,1:1 Meeting,S01478,E00955,Congress meeting and follow-up,32.0
I000243,2024-01-08,DE,EMEA,Oncology,1:1 Meeting,S00488,E00136,Advisory board discussion on unmet needs,32.0
I000244,2025-03-14,FRA,EMEA,Oncology,Speaker Program,S00562,E00371,Scientific exchange on clinical data,113.0
I000245,2024-05-23,India,APAC,Primary Care,Group Meeting,S00909,E00474,Market access discussion,
I000246,2024-02-14,IT,EMEA,Respiratory,Congress/Conference,S00567,E00919,Training and best practice sharing,189.0
I000247,2024-08-26,Great Britain,EMEA,Specialty,Advisory Board,S00358,E00151,Advisory board discussion on unmet needs,116.0
I000248,2024-08-02,Mexico,Americas,Vaccines,1:1 Meeting,S00467,E00063,Meeting,45.0
I000249,2024-03-28,MX,Americas,Primary Care,Speaker Program,S01039,E00455,Training and best practice sharing,70.0
I000250,2025-04-09,US,Americas,Oncology,Group Meeting,S00294,E00026,Market access discussion,46.0
I000251,2024-08-10,IND,APAC,Specialty,1:1 Meeting,S00596,E00953,Speaker program educational session,29.0
I000252,2024-12-31,Brazil,Americas,Respiratory,Group Meeting,S00441,E00388,Market access discussion,69.0
I000253,2024-10-02,CAN,Americas,Specialty,1:1 Meeting,S01177,E00646,Congress meeting and follow-up,21.0
I000254,2024-09-24,BR,Americas,Respiratory,1:1 Meeting,S00650,E00276,Training and best practice sharing,9.0
I000255,2024-03-04,Germany,EMEA,Primary Care,Group Meeting,S00237,E00710,Speaker program educational session,53.0
I000256,2025-05-08,Great Britain,EMEA,Oncology,1:1 Meeting,S00920,E00806,Congress meeting and follow-up,36.0
I000257,2025-06-06,IND,APAC,Specialty,1:1 Meeting,S01630,E00294,Advisory board discussion on unmet needs,25.0
I000258,2024-10-02,UK,EMEA,Specialty,Group Meeting,S01795,E00465,Product information discussion (on-label),88.0
I000259,2024-02-19,UK,EMEA,Oncology,Speaker Program,S00342,E00075,Speaker program educational session,74.0
I000260,2025-04-29,IN,APAC,Vaccines,1:1 Meeting,S01690,E00920,Scientific exchange on clinical data,27.0
I000261,2024-03-24,CAN,Americas,Oncology,1:1 Meeting,S01517,E00855,Market access discussion,29.0
I000262,2024-02-25,United States,Americas,Vaccines,1:1 Meeting,S00758,E00691,Congress meeting and follow-up,35.0
I000263,2024-12-25,Germany,EMEA,Oncology,1:1 Meeting,S01156,E00531,Speaker program educational session,35.0
I000264,2024-04-02,CA,Americas,Vaccines,Group Meeting,S01505,E00904,Congress meeting and follow-up,34.0
I000265,2024-02-29,Germany,EMEA,Vaccines,1:1 Meeting,S00997,E00450,Congress meeting and follow-up,25.0
I000266,2025-02-23,India,APAC,Specialty,Speaker Program,S01131,E00859,Discussed topics,124.0
I000267,2024-01-13,United States,Americas,Vaccines,1:1 Meeting,S00578,E00965,Product information discussion (on-label),26.0
I000268,2024-06-14,India,APAC,Vaccines,1:1 Meeting,S00886,E00506,Scientific exchange on clinical data,33.0
I000269,2025-01-17,IND,APAC,Specialty,Group Meeting,S00670,E00161,Training and best practice sharing,77.0
I000270,2024-07-08,FRA,EMEA,Vaccines,1:1 Meeting,S01445,E00814,Market access discussion,45.0
I000271,2025-03-28,IN,APAC,Specialty,Speaker Program,S00771,E00894,Training and best practice sharing,137.0
I000272,2024-05-07,Germany,EMEA,Specialty,1:1 Meeting,S00182,E00974,Product information discussion (on-label),28.0
I000273,2024-08-25,IN,APAC,Vaccines,1:1 Meeting,S00539,E00629,Market access discussion,31.0
I000274,2024-03-05,GB,EMEA,Primary Care,1:1 Meeting,S01004,E00816,Advisory board discussion on unmet needs,28.0
I000275,2024-09-03,Italy,EMEA,Oncology,1:1 Meeting,S01357,E00436,Market access discussion,29.0
I000276,2025-03-14,JP,APAC,Oncology,Group Meeting,S01770,E00501,Advisory board discussion on unmet needs,
I000277,2024-04-15,USA,Americas,Primary Care,1:1 Meeting,S00651,E00422,Speaker program educational session,20.0
I000278,2024-03-29,France,EMEA,Vaccines,1:1 Meeting,S00840,E00227,Congress meeting and follow-up,15.0
I000279,2025-06-13,MEX,Americas,Vaccines,Congress/Conference,S00044,E00822,Training and best practice sharing,167.0
I000280,2025-02-02,US,Americas,Specialty,1:1 Meeting,S00407,E00161,Advisory board discussion on unmet needs,37.0
I000281,2024-04-15,Italy,EMEA,Respiratory,Group Meeting,S00028,E00037,Training and best practice sharing,68.0
I000282,2025-06-08,DEU,EMEA,Vaccines,Advisory Board,S01582,E00705,Market access discussion,58.0
I000283,2024-02-01,UK,EMEA,Vaccines,Speaker Program,S01034,E00740,Congress meeting and follow-up,
I000284,2024-03-22,U.S.,Americas,Respiratory,Group Meeting,S00398,E00852,Scientific exchange on clinical data,77.0
I000285,2024-07-19,DEU,EMEA,Primary Care,Congress/Conference,S01181,E00483,Speaker program educational session,0.0
I000286,2024-07-29,Mexico,Americas,Specialty,1:1 Meeting,S01018,E00746,Advisory board discussion on unmet needs,14.0
I000287,2025-03-19,Italy,EMEA,Specialty,1:1 Meeting,S00977,E00577,Scientific exchange on clinical data,39.0
I000288,2024-01-18,DE,EMEA,Oncology,1:1 Meeting,S00172,E00145,Training and best practice sharing,26.0
I000289,2025-03-14,DEU,EMEA,Primary Care,Group Meeting,S01709,E00155,Speaker program educational session,45.0
I000290,2024-08-11,Japan,APAC,Respiratory,1:1 Meeting,S01336,E00242,Market access discussion,47.0
I000291,2025-05-02,IT,EMEA,Vaccines,1:1 Meeting,S01551,E00014,Scientific exchange on clinical data,32.0
I000292,2024-07-06,BRA,Americas,Respiratory,1:1 Meeting,S01534,E00896,Speaker program educational session,16.0
I000293,2024-09-26,DE,EMEA,Primary Care,1:1 Meeting,S00762,E00578,Congress meeting and follow-up,17.0
I000294,2024-03-12,BR,Americas,Primary Care,1:1 Meeting,S00432,E00959,Advisory board discussion on unmet needs,36.0
I000295,2024-07-05,US,Americas,Oncology,Speaker Program,S00964,E00069,Scientific exchange on clinical data,96.0
I000296,2024-08-07,U.S.,Americas,Respiratory,1:1 Meeting,S00321,E00069,Advisory board discussion on unmet needs,18.0
I000297,2024-02-22,MEX,Americas,Primary Care,1:1 Meeting,S01571,E00413,Congress meeting and follow-up,20.0
I000298,2024-08-24,DEU,EMEA,Specialty,1:1 Meeting,S00210,E00130,Training and best practice sharing,22.0
I000299,2025-02-09,Germany,EMEA,Respiratory,1:1 Meeting,S00970,E00215,Training and best practice sharing,44.0
I000300,2024-09-03,USA,Americas,Vaccines,1:1 Meeting,S00107,E00141,Congress meeting and follow-up,49.0
I000301,2024-03-12,Mexico,Americas,Oncology,Group Meeting,S01447,E00486,Discussed topics,86.0
I000302,2025-06-27,CAN,Americas,Primary Care,Group Meeting,S01721,E00448,Congress meeting and follow-up,48.0
I000303,2025-01-21,France,EMEA,Vaccines,Group Meeting,S01752,E00478,Advisory board discussion on unmet needs,53.0
I000304,2024-12-14,Canada,Americas,Vaccines,Advisory Board,S00740,E00539,Speaker program educational session,226.0
I000305,2024-09-11,Mexico,Americas,Vaccines,1:1 Meeting,S01315,E00491,Scientific exchange on clinical data,56.0
I000306,2025-01-17,GB,EMEA,Oncology,Congress/Conference,S01295,E00466,Training and best practice sharing,215.0
I000307,2025-02-09,United States,Americas,Specialty,1:1 Meeting,S00363,E00892,Product information discussion (on-label),37.0
I000308,2024-10-02,France,EMEA,Respiratory,1:1 Meeting,S01747,E00199,Speaker program educational session,44.0
I000309,2025-05-14,UK,EMEA,Respiratory,Group Meeting,S00751,E00529,Scientific exchange on clinical data,46.0
I000310,2025-04-25,India,APAC,Vaccines,Speaker Program,S00092,E00283,Training and best practice sharing,104.0
I000311,2024-09-29,France,EMEA,Respiratory,1:1 Meeting,S00700,E00478,Scientific exchange on clinical data,19.0
I000312,,IND,APAC,Specialty,1:1 Meeting,S01284,E00989,Product information discussion (on-label),
I000313,2024-10-05,CA,Americas,Primary Care,Group Meeting,S01316,E00966,Scientific exchange on clinical data,40.0
I000314,2025-04-18,US,Americas,Specialty,1:1 Meeting,S00848,E00232,Speaker program educational session,22.0
I000315,2024-04-20,United States of America,Americas,Primary Care,1:1 Meeting,S00715,E00791,Scientific exchange on clinical data,29.0
I000316,2025-05-11,ITA,EMEA,Respiratory,1:1 Meeting,S01439,E00445,Market access discussion,39.0
I000317,2024-06-04,Great Britain,EMEA,Primary Care,Speaker Program,S01584,E00216,Market access discussion,
I000318,2024-01-02,United States,Americas,Respiratory,1:1 Meeting,S01155,E00387,Speaker program educational session,34.0
I000319,2025-05-25,U.S.,Americas,Oncology,1:1 Meeting,S01327,E00925,Advisory board discussion on unmet needs,24.0
I000320,2024-04-03,JPN,APAC,Oncology,1:1 Meeting,S01423,E00446,Congress meeting and follow-up,44.0
I000321,2024-12-03,ITA,EMEA,Vaccines,Congress/Conference,S01797,E00240,Training and best practice sharing,94.0
I000322,2025-04-11,Italy,EMEA,Vaccines,Speaker Program,S00341,E00945,Congress meeting and follow-up,55.0
I000323,2024-05-22,India,APAC,Vaccines,Congress/Conference,S00634,E00812,Scientific exchange on clinical data,120.0
I000324,,GB,EMEA,Primary Care,1:1 Meeting,S00379,E00242,Congress meeting and follow-up,39.0
I000325,2025-04-15,USA,Americas,Specialty,1:1 Meeting,S00965,E00564,Training and best practice sharing,15.0
I000326,2024-11-03,JP,APAC,Vaccines,1:1 Meeting,S00652,E00782,Market access discussion,38.0
I000327,2025-01-01,MX,Americas,Respiratory,Speaker Program,S01001,E00686,Training and best practice sharing,41.0
I000328,2024-05-19,France,EMEA,Vaccines,1:1 Meeting,S01540,E00408,Advisory board discussion on unmet needs,26.0
I000329,2025-04-25,FR,EMEA,Specialty,1:1 Meeting,S00584,E00319,Product information discussion (on-label),
I000330,2024-03-12,India,APAC,Vaccines,1:1 Meeting,S00170,E00355,Scientific exchange on clinical data,30.0
I000331,2024-07-08,MEX,Americas,Oncology,1:1 Meeting,S00024,E00498,Catch-up,39.0
I000332,2024-02-11,United States of America,Americas,Oncology,1:1 Meeting,S01600,E00485,Advisory board discussion on unmet needs,46.0
I000333,2024-05-18,JP,APAC,Vaccines,Speaker Program,S00691,E00971,Market access discussion,150.0
I000334,2025-04-25,US,Americas,Primary Care,Speaker Program,S01778,E00502,Product information discussion (on-label),117.0
I000335,2025-02-19,JPN,APAC,Vaccines,1:1 Meeting,S00367,E00301,Congress meeting and follow-up,41.0
I000336,2025-02-27,U.S.,Americas,Oncology,Advisory Board,S00173,E00548,Speaker program educational session,191.0
I000337,2025-02-10,IND,APAC,Specialty,Group Meeting,S01710,E00955,Meeting,55.0
I000338,2025-05-07,CA,Americas,Vaccines,1:1 Meeting,S01486,E00081,Advisory board discussion on unmet needs,36.0
I000339,2024-07-10,India,APAC,Vaccines,Group Meeting,S00888,E00989,Congress meeting and follow-up,42.0
I000340,2024-08-14,India,APAC,Vaccines,1:1 Meeting,S00969,E00221,Speaker program educational session,28.0
I000341,2025-01-05,MEX,Americas,Specialty,1:1 Meeting,S00559,E00006,Speaker program educational session,27.0
I000342,2024-04-24,FRA,EMEA,Specialty,Advisory Board,S01453,E00333,Product information discussion (on-label),175.0
I000343,2025-03-25,Mexico,Americas,Respiratory,1:1 Meeting,S01143,E00013,Training and best practice sharing,35.0
I000344,2024-09-29,Mexico,Americas,Specialty,1:1 Meeting,S00524,E00413,Congress meeting and follow-up,32.0
I000345,2024-01-06,DEU,EMEA,Respiratory,1:1 Meeting,S00598,E00769,Advisory board discussion on unmet needs,
I000346,2024-04-28,Italy,EMEA,Vaccines,Group Meeting,S00582,E00570,Product information discussion (on-label),84.0
I000347,2024-10-19,US,Americas,Specialty,Advisory Board,S00227,E00585,Product information discussion (on-label),200.0
I000348,2024-08-05,JP,APAC,Oncology,Group Meeting,S00572,E00328,Market access discussion,71.0
I000349,2024-06-25,BR,Americas,Respiratory,1:1 Meeting,S01760,E00414,Training and best practice sharing,39.0
I000350,2025-05-08,United States,Americas,Primary Care,Group Meeting,S01344,E00177,Product information discussion (on-label),90.0
I000351,2024-03-23,IND,APAC,Specialty,1:1 Meeting,S01031,E00083,Advisory board discussion on unmet needs,18.0
I000352,2024-07-28,Brazil,Americas,Vaccines,Congress/Conference,S00047,E00761,Advisory board discussion on unmet needs,66.0
I000353,2025-03-22,Brazil,Americas,Specialty,Speaker Program,S01460,E00944,Discussed topics,46.0
I000354,2024-05-16,India,APAC,Oncology,Congress/Conference,S01632,E00182,Speaker program educational session,110.0
I000355,2025-01-01,DE,EMEA,Vaccines,Speaker Program,S00067,E00699,Scientific exchange on clinical data,100.0
I000356,2025-04-16,Great Britain,EMEA,Respiratory,Speaker Program,S01591,E00622,Market access discussion,
I000357,2025-01-09,United Kingdom,EMEA,Vaccines,1:1 Meeting,S01468,E00950,Advisory board discussion on unmet needs,29.0
I000358,2024-09-06,IN,APAC,Primary Care,1:1 Meeting,S00696,E00146,Market access discussion,35.0
I000359,2025-05-24,United Kingdom,EMEA,Oncology,Group Meeting,S01551,E00267,Speaker program educational session,32.0
I000360,2024-07-29,JPN,APAC,Specialty,1:1 Meeting,S00054,E00227,Market access discussion,38.0
I000361,2024-05-31,France,EMEA,Oncology,1:1 Meeting,S00317,E00762,Speaker program educational session,35.0
I000362,2025-04-08,UK,EMEA,Respiratory,1:1 Meeting,S01197,E00013,Product information discussion (on-label),37.0
I000363,2024-04-22,Canada,Americas,Specialty,1:1 Meeting,S01027,E00322,Training and best practice sharing,20.0
I000364,2024-06-10,BRA,Americas,Oncology,Speaker Program,S00133,E00351,Market access discussion,145.0
I000365,2024-12-16,US,Americas,Oncology,1:1 Meeting,S01308,E00929,Advisory board discussion on unmet needs,43.0
I000366,2024-05-11,India,APAC,Oncology,1:1 Meeting,S00675,E00520,Training and best practice sharing,22.0
I000367,2024-03-27,Italy,EMEA,Respiratory,Advisory Board,S00525,E00817,Market access discussion,140.0
I000368,2024-09-02,United States,Americas,Respiratory,1:1 Meeting,S00569,E00094,Advisory board discussion on unmet needs,26.0
I000369,2025-01-12,DE,EMEA,Specialty,1:1 Meeting,S01191,E00489,Market access discussion,40.0
I000370,2025-04-13,United States,Americas,Vaccines,1:1 Meeting,S00205,E00556,Catch-up,33.0
I000371,2025-03-21,IN,APAC,Oncology,Group Meeting,S00399,E00604,Catch-up,38.0
I000372,2024-05-22,IND,APAC,Primary Care,1:1 Meeting,S01054,E00291,Speaker program educational session,29.0
I000373,2024-09-06,France,EMEA,Oncology,Speaker Program,S01550,E00969,Product information discussion (on-label),103.0
I000374,2024-01-25,Japan,APAC,Primary Care,Speaker Program,S01766,E00454,Scientific exchange on clinical data,69.0
I000375,2024-03-10,France,EMEA,Primary Care,1:1 Meeting,S01087,E00484,Advisory board discussion on unmet needs,27.0
I000376,2024-10-29,JPN,APAC,Specialty,Group Meeting,S01250,E00679,Training and best practice sharing,75.0
I000377,2025-04-15,DE,EMEA,Primary Care,1:1 Meeting,S01754,E00855,Market access discussion,35.0
I000378,2024-07-10,IT,EMEA,Oncology,Group Meeting,S00012,E00781,Advisory board discussion on unmet needs,64.0
I000379,2024-08-29,USA,Americas,Specialty,Advisory Board,S01468,E00263,Speaker program educational session,221.0
I000380,2025-05-17,Japan,APAC,Respiratory,1:1 Meeting,S01754,E00281,Market access discussion,30.0
I000381,2024-07-21,JP,APAC,Oncology,1:1 Meeting,S01447,E00499,Business discussion,28.0
I000382,2024-08-24,Mexico,Americas,Oncology,Group Meeting,S00228,E00484,Product information discussion (on-label),61.0
I000383,2024-11-06,MEX,Americas,Respiratory,Advisory Board,S00181,E00449,Congress meeting and follow-up,133.0
I000384,2024-07-15,USA,Americas,Vaccines,Group Meeting,S01433,E00729,Market access discussion,54.0
I000385,2025-05-28,FRA,EMEA,Specialty,1:1 Meeting,S00683,E00204,Scientific exchange on clinical data,34.0
I000386,2025-03-20,Italy,EMEA,Oncology,Group Meeting,S01635,E00050,Congress meeting and follow-up,103.0
I000387,2025-03-13,CAN,Americas,Primary Care,Group Meeting,S01008,E00290,Congress meeting and follow-up,88.0
I000388,2025-05-09,US,Americas,Respiratory,Group Meeting,S00180,E00588,Training and best practice sharing,52.0
I000389,2024-09-03,Brazil,Americas,Specialty,1:1 Meeting,S00150,E00187,Training and best practice sharing,14.0
I000390,2024-04-20,IT,EMEA,Primary Care,Speaker Program,S01697,E00400,Advisory board discussion on unmet needs,93.0
I000391,2025-01-19,MX,Americas,Specialty,Group Meeting,S01177,E00948,Training and best practice sharing,70.0
I000392,2025-03-01,USA,Americas,Vaccines,1:1 Meeting,S01730,E00041,Speaker program educational session,13.0
I000393,2025-02-08,DE,EMEA,Specialty,1:1 Meeting,S00556,E00239,Product information discussion (on-label),27.0
I000394,2024-07-26,United States of America,Americas,Specialty,1:1 Meeting,S00916,E00450,Scientific exchange on clinical data,31.0
I000395,2024-01-08,UK,EMEA,Respiratory,Speaker Program,S01550,E00215,Speaker program educational session,52.0
I000396,2024-06-14,Canada,Americas,Respiratory,1:1 Meeting,S00523,E00521,Product information discussion (on-label),
I000397,2025-05-10,FR,EMEA,Primary Care,Group Meeting,S00890,E00969,Market access discussion,85.0
I000398,2024-12-31,U.S.,Americas,Primary Care,Group Meeting,S00663,E00047,Advisory board discussion on unmet needs,58.0
I000399,2025-06-09,JPN,APAC,Vaccines,1:1 Meeting,S00430,E00888,Product information discussion (on-label),42.0
I000400,2025-05-23,CA,Americas,Specialty,1:1 Meeting,S00225,E00806,Training and best practice sharing,25.0
I000401,2024-09-25,United States of America,Americas,Vaccines,1:1 Meeting,S00964,E00036,Training and best practice sharing,10.0
I000402,2024-02-29,United States of America,Americas,Vaccines,Speaker Program,S00457,E00095,Product information discussion (on-label),77.0
I000403,2024-01-06,ITA,EMEA,Respiratory,Group Meeting,S00002,E00319,Congress meeting and follow-up,48.0
I000404,2025-02-10,India,APAC,Vaccines,1:1 Meeting,S01534,E00852,Advisory board discussion on unmet needs,32.0
I000405,2024-08-04,IND,APAC,Oncology,1:1 Meeting,S01260,E00108,Market access discussion,36.0
I000406,2025-06-15,Mexico,Americas,Respiratory,1:1 Meeting,S00547,E00779,Market access discussion,31.0
I000407,2025-01-24,IN,APAC,Oncology,1:1 Meeting,S01627,E00203,Advisory board discussion on unmet needs,34.0
I000408,2024-05-25,US,Americas,Oncology,1:1 Meeting,S00705,E00193,Advisory board discussion on unmet needs,19.0
I000409,2025-01-22,MX,Americas,Vaccines,Group Meeting,S01343,E00787,Speaker program educational session,96.0
I000410,2024-01-13,JPN,APAC,Oncology,1:1 Meeting,S01369,E00877,,35.0
I000411,2025-01-18,United States,Americas,Specialty,Congress/Conference,S01700,E00114,Product information discussion (on-label),123.0
I000412,2025-05-05,CAN,Americas,Respiratory,Advisory Board,S01680,E00964,,78.0
I000413,2025-02-22,IND,APAC,Respiratory,1:1 Meeting,S00311,E00577,Advisory board discussion on unmet needs,27.0
I000414,2024-05-01,United States of America,Americas,Specialty,Speaker Program,S00340,E00651,Advisory board discussion on unmet needs,70.0
I000415,2025-03-07,IT,EMEA,Specialty,1:1 Meeting,S00821,E00304,Speaker program educational session,28.0
I000416,2025-01-15,U.S.,Americas,Primary Care,1:1 Meeting,S01369,E00320,Catch-up,26.0
I000417,2024-05-24,GB,EMEA,Specialty,1:1 Meeting,S00327,E00662,Advisory board discussion on unmet needs,46.0
I000418,2024-05-07,United States,Americas,Oncology,Speaker Program,S01515,E00600,Training and best practice sharing,78.0
I000419,2025-02-01,Brazil,Americas,Respiratory,Speaker Program,S01288,E00613,Market access discussion,61.0
I000420,2024-07-05,U.S.,Americas,Primary Care,Group Meeting,S00084,E00391,Advisory board discussion on unmet needs,45.0
I000421,2024-07-08,JPN,APAC,Specialty,1:1 Meeting,S00182,E00750,Market access discussion,25.0
I000422,2024-08-24,CA,Americas,Oncology,Speaker Program,S00216,E00886,Market access discussion,73.0
I000423,2024-07-12,IN,APAC,Primary Care,Congress/Conference,S00171,E00014,Congress meeting and follow-up,56.0
I000424,2024-06-19,United States,Americas,Oncology,1:1 Meeting,S01716,E00580,Congress meeting and follow-up,33.0
I000425,2024-06-07,MX,Americas,Vaccines,Congress/Conference,S00489,E00370,Market access discussion,129.0
I000426,2024-11-08,India,APAC,Oncology,Group Meeting,S01175,E00885,Training and best practice sharing,74.0
I000427,2025-04-02,DEU,EMEA,Specialty,Speaker Program,S00674,E00102,Speaker program educational session,
I000428,2025-02-26,FRA,EMEA,Specialty,1:1 Meeting,S01606,E00049,Advisory board discussion on unmet needs,29.0
I000429,2024-06-19,India,APAC,Oncology,Group Meeting,S01600,E00836,Congress meeting and follow-up,66.0
I000430,2024-12-15,FRA,EMEA,Primary Care,Speaker Program,S01479,E00093,Product information discussion (on-label),113.0
I000431,2025-05-08,BRA,Americas,Primary Care,Group Meeting,S00741,E00773,Speaker program educational session,
I000432,2024-01-06,IND,APAC,Primary Care,Group Meeting,S01103,E00183,Congress meeting and follow-up,52.0
I000433,2024-10-14,IT,EMEA,Primary Care,Speaker Program,S00697,E00546,Market access discussion,40.0
I000434,2025-04-01,IND,APAC,Vaccines,1:1 Meeting,S00461,E00454,Scientific exchange on clinical data,25.0
I000435,2024-07-20,CA,Americas,Specialty,Group Meeting,S00902,E00664,Training and best practice sharing,21.0
I000436,2025-03-22,ITA,EMEA,Respiratory,Congress/Conference,S00394,E00423,Product information discussion (on-label),151.0
I000437,2024-04-15,JPN,APAC,Primary Care,Group Meeting,S00540,E00442,Speaker program educational session,58.0
I000438,2025-02-19,United States of America,Americas,Specialty,Group Meeting,S01186,E00132,Congress meeting and follow-up,68.0
I000439,2025-05-18,DE,EMEA,Primary Care,Group Meeting,S01321,E01000,Scientific exchange on clinical data,88.0
I000440,2025-05-29,Brazil,Americas,Oncology,Speaker Program,S00351,E00023,Training and best practice sharing,75.0
I000441,2025-01-27,India,APAC,Vaccines,Congress/Conference,S00566,E00584,Product information discussion (on-label),
I000442,2024-08-12,Canada,Americas,Specialty,1:1 Meeting,S00635,E00552,Congress meeting and follow-up,41.0
I000443,2025-06-13,JPN,APAC,Respiratory,1:1 Meeting,S00014,E00995,Scientific exchange on clinical data,34.0
I000444,2024-06-23,IT,EMEA,Specialty,Group Meeting,S00510,E00616,Catch-up,35.0
I000445,2024-03-09,US,Americas,Oncology,1:1 Meeting,S01404,E00397,Advisory board discussion on unmet needs,34.0
I000446,2024-01-30,U.S.,Americas,Oncology,Group Meeting,S01024,E00093,Market access discussion,20.0
I000447,2024-10-07,JP,APAC,Respiratory,Advisory Board,S01242,E00063,,159.0
I000448,2025-01-02,Italy,EMEA,Vaccines,Group Meeting,S01164,E00577,Product information discussion (on-label),52.0
I000449,2025-05-09,Canada,Americas,Vaccines,Group Meeting,S00317,E00615,Training and best practice sharing,68.0
I000450,2025-05-08,Japan,APAC,Oncology,Speaker Program,S00080,E00958,Speaker program educational session,97.0
I000451,2024-11-09,FRA,EMEA,Specialty,1:1 Meeting,S00343,E00922,Speaker program educational session,41.0
I000452,2024-01-25,MX,Americas,Oncology,Group Meeting,S00239,E00685,Training and best practice sharing,48.0
I000453,2024-11-29,US,Americas,Vaccines,Group Meeting,S00984,E00831,Training and best practice sharing,50.0
I000454,2024-04-08,GB,EMEA,Respiratory,1:1 Meeting,S01090,E00535,Product information discussion (on-label),19.0
I000455,2025-04-03,CA,Americas,Oncology,1:1 Meeting,S00773,E00085,Product information discussion (on-label),35.0
I000456,2024-04-30,JP,APAC,Vaccines,1:1 Meeting,S00086,E00193,Congress meeting and follow-up,26.0
I000457,2024-02-23,IND,APAC,Respiratory,Speaker Program,S00621,E00395,Training and best practice sharing,77.0
I000458,2025-06-13,Brazil,Americas,Specialty,1:1 Meeting,S01395,E00716,Advisory board discussion on unmet needs,15.0
I000459,2025-04-27,India,APAC,Oncology,Advisory Board,S01312,E00628,,184.0
I000460,2024-09-18,IND,APAC,Primary Care,Congress/Conference,S00799,E00847,Congress meeting and follow-up,102.0
I000461,2024-12-29,Germany,EMEA,Oncology,1:1 Meeting,S01455,E00885,Speaker program educational session,18.0
I000462,2024-10-24,IT,EMEA,Oncology,1:1 Meeting,S01726,E00923,Catch-up,21.0
I000463,2024-03-16,US,Americas,Specialty,Speaker Program,S00235,E00119,Advisory board discussion on unmet needs,120.0
I000464,2025-04-18,CAN,Americas,Oncology,1:1 Meeting,S00587,E00292,Advisory board discussion on unmet needs,9.0
I000465,2024-10-09,United Kingdom,EMEA,Specialty,Speaker Program,S00074,E00481,Scientific exchange on clinical data,
I000466,2024-01-12,DEU,EMEA,Respiratory,1:1 Meeting,S01513,E00147,Advisory board discussion on unmet needs,34.0
I000467,2024-05-20,FR,EMEA,Respiratory,Speaker Program,S00313,E00350,Market access discussion,103.0
I000468,2024-09-09,USA,Americas,Primary Care,1:1 Meeting,S00462,E00189,Catch-up,34.0
I000469,2025-04-09,MEX,Americas,Primary Care,1:1 Meeting,S00294,E00561,,36.0
I000470,2024-03-30,United States of America,Americas,Primary Care,1:1 Meeting,S00294,E00924,Training and best practice sharing,24.0
I000471,2024-06-23,US,Americas,Specialty,Group Meeting,S00073,E00578,Congress meeting and follow-up,74.0
I000472,2024-06-28,India,APAC,Oncology,1:1 Meeting,S01533,E00244,Product information discussion (on-label),21.0
I000473,2024-05-03,Brazil,Americas,Primary Care,Advisory Board,S00588,E00653,Advisory board discussion on unmet needs,230.0
I000474,2024-08-15,Italy,EMEA,Primary Care,Speaker Program,S00942,E00421,Training and best practice sharing,118.0
I000475,2025-03-06,CAN,Americas,Oncology,Group Meeting,S00944,E00752,Market access discussion,34.0
I000476,2024-01-21,BR,Americas,Specialty,Advisory Board,S00392,E00583,Product information discussion (on-label),186.0
I000477,2024-03-04,IT,EMEA,Primary Care,Advisory Board,S00290,E00482,Training and best practice sharing,213.0
I000478,2024-10-11,United States of America,Americas,Specialty,1:1 Meeting,S00321,E00676,Market access discussion,27.0
I000479,2024-10-07,IN,APAC,Primary Care,Congress/Conference,S01394,E00577,Advisory board discussion on unmet needs,86.0
I000480,2024-08-11,Germany,EMEA,Specialty,Group Meeting,S00997,E00324,Scientific exchange on clinical data,31.0
I000481,2024-05-25,USA,Americas,Vaccines,Group Meeting,S01781,E00055,Market access discussion,92.0
I000482,2025-03-02,FRA,EMEA,Vaccines,1:1 Meeting,S00647,E00598,Speaker program educational session,20.0
I000483,2024-08-08,USA,Americas,Specialty,Speaker Program,S00243,E00546,Market access discussion,49.0
I000484,2025-01-01,CAN,Americas,Specialty,Group Meeting,S00199,E00774,,34.0
I000485,2024-04-25,CA,Americas,Primary Care,Congress/Conference,S01198,E00586,Congress meeting and follow-up,160.0
I000486,2024-01-09,Canada,Americas,Primary Care,Speaker Program,S00277,E00640,Training and best practice sharing,106.0
I000487,2024-10-14,CA,Americas,Primary Care,1:1 Meeting,S01624,E00972,Congress meeting and follow-up,26.0
I000488,2024-10-04,Canada,Americas,Primary Care,Group Meeting,S00394,E00526,Advisory board discussion on unmet needs,84.0
I000489,2024-10-26,India,APAC,Primary Care,1:1 Meeting,S00887,E00346,Scientific exchange on clinical data,39.0
I000490,2024-07-07,U.S.,Americas,Respiratory,Speaker Program,S01175,E00020,Market access discussion,147.0
I000491,2025-02-18,FR,EMEA,Respiratory,Group Meeting,S01606,E00435,Congress meeting and follow-up,54.0
I000492,2024-07-05,Germany,EMEA,Oncology,Group Meeting,S00174,E00825,Training and best practice sharing,21.0
I000493,2024-05-17,DE,EMEA,Specialty,1:1 Meeting,S00316,E00586,Business discussion,10.0
I000494,2024-05-23,United Kingdom,EMEA,Respiratory,Speaker Program,S01194,E00642,Market access discussion,65.0
I000495,2024-01-16,United States,Americas,Specialty,Advisory Board,S01528,E00949,Follow-up,238.0
I000496,2024-12-06,Italy,EMEA,Respiratory,Advisory Board,S01675,E00203,Market access discussion,214.0
I000497,2024-01-04,Italy,EMEA,Respiratory,Speaker Program,S00361,E00998,Market access discussion,107.0
I000498,2024-08-12,U.S.,Americas,Primary Care,Group Meeting,S00467,E00167,Market access discussion,111.0
I000499,2024-12-13,DE,EMEA,Primary Care,Group Meeting,S01087,E00008,Scientific exchange on clinical data,71.0
I000500,2024-06-29,FR,EMEA,Vaccines,1:1 Meeting,S01675,E00441,Business discussion,18.0
I000501,2025-01-20,IN,APAC,Respiratory,1:1 Meeting,S00135,E00583,Product information discussion (on-label),32.0
I000502,2025-06-14,JP,APAC,Primary Care,1:1 Meeting,S01526,E00195,Product information discussion (on-label),56.0
I000503,2025-02-13,BRA,Americas,Oncology,1:1 Meeting,S00291,E00756,Speaker program educational session,
I000504,2024-11-26,U.S.,Americas,Primary Care,Speaker Program,S01621,E00838,,81.0
I000505,2025-05-07,U.S.,Americas,Primary Care,Advisory Board,S01019,E00402,Advisory board discussion on unmet needs,223.0
I000506,2024-12-26,Italy,EMEA,Specialty,1:1 Meeting,S01364,E00062,Congress meeting and follow-up,29.0
I000507,2025-01-08,BRA,Americas,Oncology,Group Meeting,S00853,E00503,Market access discussion,65.0
I000508,2025-04-12,U.S.,Americas,Specialty,1:1 Meeting,S00699,E00743,Product information discussion (on-label),19.0
I000509,2024-12-28,ITA,EMEA,Specialty,Advisory Board,S00669,E00705,Product information discussion (on-label),203.0
I000510,2024-01-12,France,EMEA,Primary Care,1:1 Meeting,S00261,E00989,Congress meeting and follow-up,17.0
I000511,2025-02-27,BRA,Americas,Oncology,Group Meeting,S00642,E00524,Congress meeting and follow-up,85.0
I000512,2024-02-08,UK,EMEA,Primary Care,Speaker Program,S00798,E00797,Training and best practice sharing,105.0
I000513,2024-02-29,DEU,EMEA,Vaccines,1:1 Meeting,S01690,E00636,Speaker program educational session,37.0
I000514,2025-02-11,Germany,EMEA,Specialty,Congress/Conference,S01224,E00620,Training and best practice sharing,166.0
I000515,2025-01-20,JP,APAC,Oncology,1:1 Meeting,S01747,E00012,Catch-up,32.0
I000516,2024-10-11,JPN,APAC,Specialty,1:1 Meeting,S00783,E00569,Product information discussion (on-label),30.0
I000517,2025-06-10,MEX,Americas,Primary Care,Speaker Program,S00264,E00331,Speaker program educational session,95.0
I000518,2024-05-04,ITA,EMEA,Vaccines,1:1 Meeting,S01324,E00332,Meeting,39.0
I000519,2024-10-06,USA,Americas,Respiratory,Speaker Program,S01469,E00731,Congress meeting and follow-up,112.0
I000520,2024-05-07,U.S.,Americas,Primary Care,Congress/Conference,S00693,E00084,Congress meeting and follow-up,31.0
I000521,2024-11-09,IND,APAC,Respiratory,Group Meeting,S01668,E00213,Advisory board discussion on unmet needs,37.0
I000522,2024-02-05,MX,Americas,Vaccines,1:1 Meeting,S01429,E00231,Training and best practice sharing,27.0
I000523,2025-02-23,France,EMEA,Oncology,Speaker Program,S01568,E00297,Scientific exchange on clinical data,117.0
I000524,2024-12-21,DEU,EMEA,Respiratory,1:1 Meeting,S00716,E00719,Product information discussion (on-label),37.0
I000525,2025-03-15,US,Americas,Respiratory,1:1 Meeting,S01140,E00384,Speaker program educational session,36.0
I000526,2024-06-12,Italy,EMEA,Primary Care,1:1 Meeting,S00913,E00618,Scientific exchange on clinical data,41.0
I000527,2024-05-27,IN,APAC,Specialty,Advisory Board,S01168,E00754,Training and best practice sharing,172.0
I000528,2025-04-24,U.S.,Americas,Specialty,1:1 Meeting,S01728,E00259,Training and best practice sharing,
I000529,2024-05-02,CAN,Americas,Oncology,Group Meeting,S00938,E00401,Speaker program educational session,43.0
I000530,2025-01-30,GB,EMEA,Specialty,Speaker Program,S00220,E00906,Meeting,0.0
I000531,2024-12-02,IT,EMEA,Respiratory,Congress/Conference,S00200,E00055,Speaker program educational session,147.0
I000532,2025-06-10,IND,APAC,Primary Care,Group Meeting,S00246,E00310,Advisory board discussion on unmet needs,100.0
I000533,2025-02-04,IN,APAC,Vaccines,Group Meeting,S00976,E00179,Congress meeting and follow-up,44.0
I000534,2025-01-06,DE,EMEA,Respiratory,1:1 Meeting,S01498,E00709,Catch-up,33.0
I000535,2024-07-24,IT,EMEA,Vaccines,1:1 Meeting,S00091,E00673,Product information discussion (on-label),20.0
I000536,2024-03-23,U.S.,Americas,Primary Care,Congress/Conference,S00386,E00241,Discussed topics,176.0
I000537,2024-04-19,Mexico,Americas,Oncology,Group Meeting,S01466,E00869,Training and best practice sharing,60.0
I000538,2024-09-07,IT,EMEA,Primary Care,Group Meeting,S01108,E00150,Speaker program educational session,53.0
I000539,2024-10-17,Japan,APAC,Specialty,Group Meeting,S01540,E00911,Congress meeting and follow-up,62.0
I000540,2025-05-25,France,EMEA,Primary Care,1:1 Meeting,S00924,E00772,Training and best practice sharing,39.0
I000541,2025-02-12,Mexico,Americas,Respiratory,1:1 Meeting,S01526,E00164,Training and best practice sharing,46.0
I000542,2025-05-22,GB,EMEA,Vaccines,Congress/Conference,S01115,E00043,Advisory board discussion on unmet needs,74.0
I000543,2024-03-12,BR,Americas,Primary Care,Group Meeting,S01633,E00383,Congress meeting and follow-up,54.0
I000544,2024-12-09,India,APAC,Vaccines,Advisory Board,S01319,E00465,Training and best practice sharing,140.0
I000545,2024-02-23,Brazil,Americas,Vaccines,1:1 Meeting,S00628,E00248,Training and best practice sharing,43.0
I000546,2024-02-27,United States,Americas,Vaccines,Advisory Board,S01696,E00795,Speaker program educational session,201.0
I000547,2025-03-12,IN,APAC,Primary Care,1:1 Meeting,S00768,E00214,Congress meeting and follow-up,21.0
I000548,2024-11-21,CAN,Americas,Oncology,1:1 Meeting,S00064,E00262,Scientific exchange on clinical data,12.0
I000549,2024-01-08,IND,APAC,Primary Care,Congress/Conference,S01403,E00503,Scientific exchange on clinical data,86.0
I000550,2024-05-10,US,Americas,Specialty,Group Meeting,S01466,E00647,Product information discussion (on-label),51.0
I000551,2024-07-06,MEX,Americas,Oncology,Advisory Board,S00841,E00098,Congress meeting and follow-up,193.0
I000552,2024-07-22,USA,Americas,Primary Care,1:1 Meeting,S00795,E00821,Market access discussion,
I000553,2024-07-30,Great Britain,EMEA,Primary Care,Group Meeting,S00082,E00298,Scientific exchange on clinical data,81.0
I000554,2024-08-30,DEU,EMEA,Oncology,Group Meeting,S01653,E00670,Speaker program educational session,
I000555,2024-04-11,Great Britain,EMEA,Specialty,Group Meeting,S01656,E00718,Congress meeting and follow-up,62.0
I000556,2024-07-06,BRA,Americas,Oncology,Speaker Program,S01076,E00920,Speaker program educational session,84.0
I000557,2025-03-16,Italy,EMEA,Vaccines,Speaker Program,S01798,E00972,Advisory board discussion on unmet needs,75.0
I000558,2024-02-12,United States,Americas,Specialty,1:1 Meeting,S00914,E00676,Follow-up,11.0
I000559,2024-07-29,MEX,Americas,Specialty,Advisory Board,S00616,E00137,Scientific exchange on clinical data,197.0
I000560,2024-01-26,DE,EMEA,Respiratory,Speaker Program,S01662,E00141,Market access discussion,42.0
I000561,2024-10-25,Germany,EMEA,Specialty,1:1 Meeting,S01298,E00643,Congress meeting and follow-up,39.0
I000562,2025-03-15,BR,Americas,Vaccines,1:1 Meeting,S00506,E00642,Speaker program educational session,22.0
I000563,2024-07-29,USA,Americas,Primary Care,Group Meeting,S00057,E00198,Training and best practice sharing,44.0
I000564,2024-02-11,BRA,Americas,Respiratory,Group Meeting,S01324,E00893,Training and best practice sharing,59.0
I000565,2025-02-14,US,Americas,Vaccines,1:1 Meeting,S01443,E00914,Speaker program educational session,
I000566,2024-10-01,FRA,EMEA,Respiratory,1:1 Meeting,S00632,E00876,Market access discussion,37.0
I000567,2025-03-23,CAN,Americas,Respiratory,1:1 Meeting,S01610,E00588,Congress meeting and follow-up,46.0
I000568,2025-01-03,US,Americas,Primary Care,Congress/Conference,S01792,E00296,Advisory board discussion on unmet needs,52.0
I000569,2024-08-07,Canada,Americas,Specialty,Group Meeting,S01061,E00693,Training and best practice sharing,93.0
I000570,2025-01-10,JPN,APAC,Primary Care,Advisory Board,S01405,E00371,Congress meeting and follow-up,216.0
I000571,2024-09-19,IN,APAC,Primary Care,1:1 Meeting,S00422,E00613,Product information discussion (on-label),24.0
I000572,2025-02-24,BR,Americas,Primary Care,Congress/Conference,S00941,E00551,Product information discussion (on-label),210.0
I000573,2024-02-15,USA,Americas,Specialty,Group Meeting,S00522,E00951,Congress meeting and follow-up,66.0
I000574,2024-09-25,Germany,EMEA,Oncology,1:1 Meeting,S01003,E00610,Scientific exchange on clinical data,31.0
I000575,2025-01-15,United States of America,Americas,Vaccines,1:1 Meeting,S01124,E00549,Advisory board discussion on unmet needs,19.0
I000576,2024-09-16,United States of America,Americas,Vaccines,1:1 Meeting,S01279,E00737,Congress meeting and follow-up,42.0
I000577,2024-03-15,France,EMEA,Specialty,Speaker Program,S01134,E00599,Advisory board discussion on unmet needs,96.0
I000578,2025-06-06,CAN,Americas,Vaccines,1:1 Meeting,S01258,E00998,Advisory board discussion on unmet needs,35.0
I000579,2024-12-13,USA,Americas,Specialty,Group Meeting,S00573,E00110,Training and best practice sharing,0.0
I000580,2025-01-01,DE,EMEA,Vaccines,1:1 Meeting,S00910,E00454,Scientific exchange on clinical data,19.0
I000581,2024-11-08,DE,EMEA,Oncology,1:1 Meeting,S01793,E00537,Product information discussion (on-label),23.0
I000582,2025-04-11,US,Americas,Vaccines,1:1 Meeting,S01432,E00700,Product information discussion (on-label),28.0
I000583,2024-06-12,United Kingdom,EMEA,Oncology,1:1 Meeting,S00962,E00984,Product information discussion (on-label),19.0
I000584,2025-02-17,IT,EMEA,Primary Care,1:1 Meeting,S00042,E00503,Speaker program educational session,29.0
I000585,2025-05-14,Great Britain,EMEA,Primary Care,1:1 Meeting,S00346,E00225,Training and best practice sharing,20.0
I000586,2024-08-04,FR,EMEA,Specialty,Speaker Program,S00326,E00095,Speaker program educational session,82.0
I000587,2024-12-23,USA,Americas,Oncology,1:1 Meeting,S00381,E00235,Congress meeting and follow-up,46.0
I000588,2024-09-02,Germany,EMEA,Oncology,Congress/Conference,S00344,E00242,Business discussion,73.0
I000589,2024-08-31,MX,Americas,Oncology,1:1 Meeting,S00756,E00741,Speaker program educational session,19.0
I000590,2024-08-04,BR,Americas,Vaccines,1:1 Meeting,S00117,E00404,Training and best practice sharing,6.0
I000591,2025-05-04,MX,Americas,Primary Care,1:1 Meeting,S00932,E00180,Scientific exchange on clinical data,23.0
I000592,2024-06-17,United States of America,Americas,Primary Care,1:1 Meeting,S01637,E00502,Congress meeting and follow-up,34.0
I000593,2024-11-25,France,EMEA,Respiratory,1:1 Meeting,S01716,E00768,Training and best practice sharing,55.0
I000594,2025-01-15,Germany,EMEA,Respiratory,Congress/Conference,S01725,E00306,Scientific exchange on clinical data,97.0
I000595,2024-11-01,JP,APAC,Specialty,1:1 Meeting,S01308,E00769,Market access discussion,12.0
I000596,2025-05-27,Germany,EMEA,Vaccines,Group Meeting,S00900,E00259,Product information discussion (on-label),38.0
I000597,2024-07-06,DEU,EMEA,Specialty,Group Meeting,S00208,E00303,Training and best practice sharing,70.0
I000598,2025-03-02,France,EMEA,Respiratory,1:1 Meeting,S00083,E00957,Speaker program educational session,22.0
I000599,2025-05-16,US,Americas,Vaccines,Speaker Program,S01457,E00576,Scientific exchange on clinical data,92.0
I000600,2025-04-22,JPN,APAC,Oncology,1:1 Meeting,S00669,E00292,Training and best practice sharing,22.0
I000601,2024-06-26,US,Americas,Respiratory,Group Meeting,S01160,E00519,Market access discussion,64.0
I000602,2024-10-18,USA,Americas,Specialty,Speaker Program,S00787,E00283,Advisory board discussion on unmet needs,122.0
I000603,2024-10-09,IT,EMEA,Specialty,1:1 Meeting,S01164,E00262,Scientific exchange on clinical data,18.0
I000604,2024-06-04,JP,APAC,Specialty,1:1 Meeting,S00340,E00948,Speaker program educational session,33.0
I000605,2025-05-22,GB,EMEA,Primary Care,1:1 Meeting,S01123,E00911,Advisory board discussion on unmet needs,31.0
I000606,2024-07-05,Japan,APAC,Specialty,Advisory Board,S00046,E00445,Market access discussion,244.0
I000607,2024-01-31,Canada,Americas,Primary Care,Group Meeting,S00528,E00110,Advisory board discussion on unmet needs,44.0
I000608,2024-10-30,CAN,Americas,Respiratory,1:1 Meeting,S00846,E00761,Congress meeting and follow-up,31.0
I000609,2024-02-08,United States,Americas,Primary Care,Group Meeting,S00117,E00447,Speaker program educational session,29.0
I000610,2024-10-04,France,EMEA,Oncology,Group Meeting,S01008,E00951,Speaker program educational session,60.0
I000611,2024-07-21,France,EMEA,Respiratory,1:1 Meeting,S00772,E00874,Discussed topics,15.0
I000612,2024-09-11,CAN,Americas,Specialty,Congress/Conference,S00005,E00483,Market access discussion,77.0
I000613,2025-03-30,France,EMEA,Respiratory,Speaker Program,S00339,E00915,Scientific exchange on clinical data,53.0
I000614,2024-03-30,Japan,APAC,Oncology,Group Meeting,S01005,E00111,Discussed topics,84.0
I000615,2025-01-24,BRA,Americas,Primary Care,Speaker Program,S01590,E00717,Product information discussion (on-label),103.0
I000616,2024-12-22,US,Americas,Oncology,Group Meeting,S00735,E00975,Training and best practice sharing,6.0
I000617,2025-06-25,India,APAC,Specialty,Advisory Board,S00305,E00721,Scientific exchange on clinical data,165.0
I000618,2024-08-16,United States of America,Americas,Vaccines,1:1 Meeting,S00682,E00705,Market access discussion,51.0
I000619,2025-06-07,IN,APAC,Primary Care,Congress/Conference,S00430,E00918,Scientific exchange on clinical data,95.0
I000620,2024-04-26,IT,EMEA,Oncology,1:1 Meeting,S00815,E00803,Market access discussion,38.0
I000621,2024-09-27,Canada,Americas,Respiratory,Group Meeting,S00377,E00008,Speaker program educational session,53.0
I000622,2024-06-20,DEU,EMEA,Respiratory,1:1 Meeting,S00570,E00930,Meeting,
I000623,2024-09-30,ITA,EMEA,Vaccines,Speaker Program,S01581,E00845,Training and best practice sharing,116.0
I000624,2025-02-25,DEU,EMEA,Oncology,Group Meeting,S01210,E00628,Scientific exchange on clinical data,64.0
I000625,2025-02-24,MX,Americas,Primary Care,1:1 Meeting,S01548,E00468,Training and best practice sharing,27.0
I000626,2024-07-14,CAN,Americas,Respiratory,1:1 Meeting,S00646,E00855,Scientific exchange on clinical data,15.0
I000627,2024-04-07,United Kingdom,EMEA,Primary Care,1:1 Meeting,S00009,E00544,Scientific exchange on clinical data,32.0
I000628,2024-06-20,JPN,APAC,Primary Care,1:1 Meeting,S01120,E00963,Market access discussion,44.0
I000629,2025-01-17,IN,APAC,Oncology,Congress/Conference,S00438,E00547,Product information discussion (on-label),172.0
I000630,2024-07-03,USA,Americas,Specialty,Speaker Program,S00880,E00082,Market access discussion,108.0
I000631,2024-03-25,IND,APAC,Primary Care,1:1 Meeting,S00874,E00209,Congress meeting and follow-up,35.0
I000632,2025-02-15,United States,Americas,Specialty,Group Meeting,S01748,E00960,Speaker program educational session,0.0
I000633,2024-08-11,JP,APAC,Primary Care,Speaker Program,S01569,E00856,Speaker program educational session,108.0
I000634,2024-09-21,Japan,APAC,Primary Care,Speaker Program,S01652,E00194,Training and best practice sharing,
I000635,2025-03-04,CA,Americas,Specialty,Speaker Program,S00329,E00535,Market access discussion,103.0
I000636,2024-07-15,United Kingdom,EMEA,Oncology,Speaker Program,S01050,E00795,Training and best practice sharing,103.0
I000637,2024-02-22,Canada,Americas,Specialty,Group Meeting,S01600,E00507,Scientific exchange on clinical data,27.0
I000638,2024-05-02,United States,Americas,Primary Care,Speaker Program,S01362,E00957,Meeting,94.0
I000639,2025-01-21,United States,Americas,Vaccines,1:1 Meeting,S01150,E00785,Market access discussion,24.0
I000640,2024-02-04,IN,APAC,Vaccines,Group Meeting,S01307,E00325,Business discussion,48.0
I000641,2025-06-01,IN,APAC,Specialty,1:1 Meeting,S01671,E00389,Congress meeting and follow-up,40.0
I000642,2024-12-14,France,EMEA,Primary Care,1:1 Meeting,S00054,E00292,Congress meeting and follow-up,26.0
I000643,2024-05-26,FR,EMEA,Vaccines,Congress/Conference,S01573,E00342,Scientific exchange on clinical data,105.0
I000644,2024-05-01,FRA,EMEA,Respiratory,Group Meeting,S01760,E00082,Speaker program educational session,72.0
I000645,2024-12-05,France,EMEA,Oncology,Group Meeting,S00084,E00320,Scientific exchange on clinical data,55.0
I000646,2025-03-26,Canada,Americas,Respiratory,Speaker Program,S00977,E00044,Congress meeting and follow-up,89.0
I000647,2024-05-15,United States of America,Americas,Specialty,Advisory Board,S01166,E00718,Market access discussion,
I000648,2025-05-10,DE,EMEA,Oncology,Speaker Program,S01072,E00897,Congress meeting and follow-up,149.0
I000649,2024-01-09,DEU,EMEA,Oncology,Advisory Board,S01081,E00300,Speaker program educational session,214.0
I000650,2024-11-22,UK,EMEA,Vaccines,1:1 Meeting,S00523,E00664,Market access discussion,374.0
I000651,2024-08-13,MX,Americas,Respiratory,Speaker Program,S01375,E00255,Market access discussion,95.0
I000652,2025-03-03,USA,Americas,Specialty,1:1 Meeting,S00231,E00589,Product information discussion (on-label),0.0
I000653,2024-01-01,ITA,EMEA,Specialty,Group Meeting,S01609,E00127,Market access discussion,79.0
I000654,2025-01-03,DE,EMEA,Specialty,Advisory Board,S00724,E00193,Speaker program educational session,70.0
I000655,2024-11-01,USA,Americas,Oncology,Speaker Program,S01601,E00911,Scientific exchange on clinical data,87.0
I000656,2025-05-08,Germany,EMEA,Specialty,1:1 Meeting,S00029,E00485,Market access discussion,29.0
I000657,2025-01-02,IN,APAC,Primary Care,Group Meeting,S00800,E00277,Follow-up,40.0
I000658,2024-06-19,DE,EMEA,Respiratory,1:1 Meeting,S00297,E00113,Training and best practice sharing,35.0
I000659,2024-05-13,IND,APAC,Vaccines,Speaker Program,S00220,E00248,Congress meeting and follow-up,100.0
I000660,2025-06-13,JP,APAC,Respiratory,Group Meeting,S01286,E00509,Market access discussion,549.0
I000661,2024-05-20,MEX,Americas,Vaccines,1:1 Meeting,S00384,E00112,Speaker program educational session,27.0
I000662,2024-11-10,IT,EMEA,Respiratory,1:1 Meeting,S00731,E00099,Training and best practice sharing,24.0
I000663,2025-03-19,Japan,APAC,Respiratory,1:1 Meeting,S00467,E00442,Advisory board discussion on unmet needs,42.0
I000664,2024-05-16,Germany,EMEA,Oncology,1:1 Meeting,S01513,E00075,Advisory board discussion on unmet needs,22.0
I000665,2024-08-19,Italy,EMEA,Vaccines,Advisory Board,S01204,E00419,Advisory board discussion on unmet needs,240.0
I000666,2024-03-08,IND,APAC,Vaccines,Group Meeting,S01621,E00613,Meeting,98.0
I000667,2024-09-05,JPN,APAC,Vaccines,Group Meeting,S01003,E00837,Congress meeting and follow-up,92.0
I000668,2025-03-07,DEU,EMEA,Oncology,1:1 Meeting,S00731,E00772,Market access discussion,
I000669,2025-05-01,DEU,EMEA,Specialty,Group Meeting,S00480,E00756,Speaker program educational session,30.0
I000670,2025-06-20,IT,EMEA,Respiratory,Speaker Program,S00242,E00744,Speaker program educational session,72.0
I000671,2024-05-27,United States,Americas,Vaccines,Group Meeting,S00326,E00486,Training and best practice sharing,
I000672,2024-03-06,United States of America,Americas,Specialty,Advisory Board,S00315,E00426,Congress meeting and follow-up,146.0
I000673,2025-01-04,CA,Americas,Respiratory,Group Meeting,S01200,E00338,Congress meeting and follow-up,83.0
I000674,2024-04-23,IT,EMEA,Respiratory,Group Meeting,S00912,E00286,,46.0
I000675,2024-04-20,France,EMEA,Respiratory,1:1 Meeting,S00187,E00896,Discussed topics,42.0
I000676,2024-02-04,Mexico,Americas,Oncology,Group Meeting,S01190,E00730,Advisory board discussion on unmet needs,46.0
I000677,2024-11-04,GB,EMEA,Respiratory,Group Meeting,S01114,E00906,Scientific exchange on clinical data,62.0
I000678,2025-03-03,MEX,Americas,Specialty,Speaker Program,S01005,E00871,Scientific exchange on clinical data,91.0
I000679,2024-08-20,Italy,EMEA,Oncology,Group Meeting,S01120,E00083,Training and best practice sharing,88.0
I000680,2025-03-15,JPN,APAC,Vaccines,Group Meeting,S01415,E00025,Market access discussion,75.0
I000681,2025-05-16,USA,Americas,Specialty,1:1 Meeting,S01650,E00101,,35.0
I000682,2024-10-15,Canada,Americas,Primary Care,1:1 Meeting,S00236,E00814,Scientific exchange on clinical data,24.0
I000683,2025-06-23,Mexico,Americas,Respiratory,1:1 Meeting,S00589,E00503,Speaker program educational session,33.0
I000684,2024-06-25,FRA,EMEA,Oncology,Speaker Program,S00891,E00479,Advisory board discussion on unmet needs,
I000685,2024-02-06,France,EMEA,Primary Care,Group Meeting,S00564,E00543,Training and best practice sharing,43.0
I000686,2025-04-27,Canada,Americas,Primary Care,1:1 Meeting,S00750,E00318,Business discussion,34.0
I000687,2024-06-16,ITA,EMEA,Specialty,1:1 Meeting,S01754,E00629,Discussed topics,6.0
I000688,2024-12-08,United States,Americas,Vaccines,Speaker Program,S01643,E00049,Congress meeting and follow-up,124.0
I000689,2024-11-05,Germany,EMEA,Primary Care,Congress/Conference,S01319,E00182,Advisory board discussion on unmet needs,126.0
I000690,2025-02-22,BRA,Americas,Vaccines,1:1 Meeting,S00497,E00159,Market access discussion,24.0
I000691,2025-03-19,IN,APAC,Primary Care,1:1 Meeting,S00325,E00022,Market access discussion,35.0
I000692,2024-03-25,DE,EMEA,Primary Care,Congress/Conference,S00516,E00085,Market access discussion,188.0
I000693,2025-05-03,Canada,Americas,Primary Care,Group Meeting,S01775,E00895,Speaker program educational session,47.0
I000694,2024-03-04,France,EMEA,Vaccines,1:1 Meeting,S00963,E00387,Training and best practice sharing,17.0
I000695,2024-12-08,JPN,APAC,Vaccines,1:1 Meeting,S01139,E00715,Advisory board discussion on unmet needs,2.0
I000696,2024-06-06,US,Americas,Primary Care,Speaker Program,S01407,E00655,Advisory board discussion on unmet needs,73.0
I000697,2025-05-05,United States of America,Americas,Respiratory,Advisory Board,S00646,E00905,Scientific exchange on clinical data,101.0
I000698,2024-11-08,BR,Americas,Oncology,Group Meeting,S01613,E00127,Market access discussion,44.0
I000699,2025-04-10,DEU,EMEA,Oncology,1:1 Meeting,S00463,E00041,Training and best practice sharing,28.0
I000700,2025-03-07,Brazil,Americas,Primary Care,Congress/Conference,S00196,E00473,Congress meeting and follow-up,49.0
I000701,2024-12-05,United Kingdom,EMEA,Specialty,Group Meeting,S01661,E00031,Training and best practice sharing,38.0
I000702,2024-09-01,Germany,EMEA,Oncology,1:1 Meeting,S01305,E00720,Market access discussion,42.0
I000703,2024-04-18,GB,EMEA,Specialty,1:1 Meeting,S01249,E00812,Training and best practice sharing,16.0
I000704,2024-10-22,USA,Americas,Primary Care,Advisory Board,S00814,E00543,Product information discussion (on-label),156.0
I000705,2024-04-21,CAN,Americas,Respiratory,1:1 Meeting,S00303,E00076,Meeting,28.0
I000706,2024-04-10,IN,APAC,Primary Care,Speaker Program,S01098,E00418,Meeting,56.0
I000707,2025-02-04,Italy,EMEA,Vaccines,1:1 Meeting,S00197,E00120,Advisory board discussion on unmet needs,20.0
I000708,2024-02-27,BR,Americas,Specialty,1:1 Meeting,S00815,E00906,Market access discussion,35.0
I000709,2025-05-12,CA,Americas,Specialty,Speaker Program,S00360,E00787,Congress meeting and follow-up,116.0
I000710,2024-03-15,MX,Americas,Oncology,1:1 Meeting,S00994,E00435,Congress meeting and follow-up,28.0
I000711,2024-06-16,IN,APAC,Vaccines,Speaker Program,S00623,E00918,Speaker program educational session,96.0
I000712,2024-08-12,GB,EMEA,Respiratory,Group Meeting,S01083,E00140,Scientific exchange on clinical data,38.0
I000713,2025-06-14,Brazil,Americas,Vaccines,1:1 Meeting,S00098,E00520,Speaker program educational session,38.0
I000714,2024-12-09,IND,APAC,Oncology,Congress/Conference,S01194,E00827,Market access discussion,209.0
I000715,2024-02-04,MX,Americas,Oncology,Group Meeting,S01346,E00304,Market access discussion,59.0
I000716,2025-03-04,US,Americas,Respiratory,1:1 Meeting,S01097,E00803,Speaker program educational session,30.0
I000717,2025-05-22,USA,Americas,Respiratory,Group Meeting,S01167,E00634,Scientific exchange on clinical data,64.0
I000718,2024-08-08,FR,EMEA,Specialty,Group Meeting,S00881,E00414,Scientific exchange on clinical data,39.0
I000719,2024-01-25,USA,Americas,Vaccines,1:1 Meeting,S00856,E00996,Congress meeting and follow-up,33.0
I000720,2024-02-11,Brazil,Americas,Specialty,1:1 Meeting,S01357,E00617,Market access discussion,32.0
I000721,2025-04-25,GB,EMEA,Primary Care,Group Meeting,S00706,E00984,Congress meeting and follow-up,42.0
I000722,2025-03-14,U.S.,Americas,Specialty,1:1 Meeting,S01563,E00368,Congress meeting and follow-up,23.0
I000723,2025-02-05,FRA,EMEA,Vaccines,Group Meeting,S00444,E00016,Advisory board discussion on unmet needs,70.0
I000724,2024-01-21,FR,EMEA,Primary Care,Congress/Conference,S01537,E00124,Advisory board discussion on unmet needs,42.0
I000725,2024-03-10,Great Britain,EMEA,Primary Care,1:1 Meeting,S00084,E00876,Scientific exchange on clinical data,22.0
I000726,2024-10-13,MX,Americas,Oncology,Speaker Program,S00113,E00120,Follow-up,96.0
I000727,2024-01-10,GB,EMEA,Vaccines,Speaker Program,S00136,E00385,Congress meeting and follow-up,43.0
I000728,2025-01-15,US,Americas,Oncology,Group Meeting,S01768,E00645,Market access discussion,61.0
I000729,2024-11-24,DEU,EMEA,Primary Care,1:1 Meeting,S01015,E00452,Product information discussion (on-label),13.0
I000730,2024-06-16,IT,EMEA,Oncology,1:1 Meeting,S01222,E00141,Market access discussion,45.0
I000731,2025-06-04,CA,Americas,Vaccines,Congress/Conference,S01158,E00717,Discussed topics,73.0
I000732,2024-07-27,U.S.,Americas,Specialty,Advisory Board,S00930,E00238,Advisory board discussion on unmet needs,115.0
I000733,2024-09-28,United States,Americas,Respiratory,Group Meeting,S00951,E00011,Scientific exchange on clinical data,73.0
I000734,2024-03-09,IT,EMEA,Specialty,Group Meeting,S00488,E00845,Congress meeting and follow-up,19.0
I000735,2024-09-03,United States,Americas,Specialty,1:1 Meeting,S01368,E00559,Training and best practice sharing,
I000736,2025-06-08,US,Americas,Oncology,1:1 Meeting,S00089,E00997,Catch-up,35.0
I000737,2024-11-25,United Kingdom,EMEA,Oncology,1:1 Meeting,S00222,E00950,Advisory board discussion on unmet needs,25.0
I000738,2024-03-07,U.S.,Americas,Specialty,1:1 Meeting,S01799,E00504,Advisory board discussion on unmet needs,26.0
I000739,2025-05-10,United States of America,Americas,Respiratory,1:1 Meeting,S01700,E00504,Training and best practice sharing,25.0
I000740,2024-04-26,DEU,EMEA,Vaccines,Group Meeting,S00363,E00557,Training and best practice sharing,
I000741,2024-09-23,U.S.,Americas,Respiratory,1:1 Meeting,S01304,E00439,Scientific exchange on clinical data,25.0
I000742,2024-06-12,Germany,EMEA,Oncology,1:1 Meeting,S01654,E00151,Advisory board discussion on unmet needs,26.0
I000743,2025-01-10,U.S.,Americas,Primary Care,1:1 Meeting,S00327,E00089,Meeting,10.0
I000744,2025-05-22,CAN,Americas,Primary Care,1:1 Meeting,S00308,E00751,Discussed topics,18.0
I000745,2024-03-13,ITA,EMEA,Oncology,Group Meeting,S00081,E00571,Congress meeting and follow-up,43.0
I000746,2025-05-01,Great Britain,EMEA,Specialty,Speaker Program,S00078,E00872,Market access discussion,124.0
I000747,2024-05-30,CAN,Americas,Respiratory,Group Meeting,S00514,E00520,Training and best practice sharing,27.0
I000748,2024-07-15,MX,Americas,Vaccines,1:1 Meeting,S00581,E00356,Scientific exchange on clinical data,15.0
I000749,2024-03-29,United States of America,Americas,Specialty,Advisory Board,S01115,E00412,,151.0
I000750,2024-07-01,Brazil,Americas,Oncology,Group Meeting,S01258,E00066,Product information discussion (on-label),41.0
I000751,2024-07-27,United Kingdom,EMEA,Respiratory,Group Meeting,S01036,E00510,Congress meeting and follow-up,100.0
I000752,2025-01-09,Japan,APAC,Respiratory,1:1 Meeting,S01074,E00001,Scientific exchange on clinical data,18.0
I000753,2024-04-08,IND,APAC,Primary Care,Group Meeting,S00800,E00391,Business discussion,99.0
I000754,2024-07-10,United States of America,Americas,Primary Care,Group Meeting,S00550,E00258,Advisory board discussion on unmet needs,40.0
I000755,2024-11-20,France,EMEA,Specialty,1:1 Meeting,S00273,E00700,Training and best practice sharing,24.0
I000756,2025-04-11,MEX,Americas,Respiratory,Congress/Conference,S00697,E00415,Congress meeting and follow-up,60.0
I000757,2025-01-01,CA,Americas,Oncology,Speaker Program,S00704,E00399,Training and best practice sharing,105.0
I000758,2025-05-06,BR,Americas,Primary Care,Speaker Program,S01763,E00963,Market access discussion,106.0
I000759,2025-06-30,CAN,Americas,Respiratory,1:1 Meeting,S01250,E00329,Scientific exchange on clinical data,26.0
I000760,2025-06-02,IND,APAC,Respiratory,Group Meeting,S00153,E00949,Advisory board discussion on unmet needs,67.0
I000761,2025-06-25,FR,EMEA,Specialty,1:1 Meeting,S00078,E00089,Product information discussion (on-label),24.0
I000762,2024-04-20,DE,EMEA,Specialty,Group Meeting,S00750,E00635,Congress meeting and follow-up,56.0
I000763,2024-08-19,Italy,EMEA,Primary Care,Speaker Program,S01272,E00273,Speaker program educational session,78.0
I000764,2024-09-29,USA,Americas,Primary Care,Speaker Program,S00785,E00631,Congress meeting and follow-up,168.0
I000765,2024-06-21,JP,APAC,Vaccines,1:1 Meeting,S00266,E00241,Advisory board discussion on unmet needs,24.0
I000766,2024-08-02,Mexico,Americas,Oncology,1:1 Meeting,S00665,E00885,Product information discussion (on-label),34.0
I000767,2024-05-13,US,Americas,Primary Care,1:1 Meeting,S01518,E00915,Speaker program educational session,18.0
I000768,2024-05-31,JP,APAC,Respiratory,1:1 Meeting,S01029,E00132,Market access discussion,42.0
I000769,2024-11-26,USA,Americas,Vaccines,Group Meeting,S00088,E00160,Advisory board discussion on unmet needs,38.0
I000770,2025-04-26,U.S.,Americas,Vaccines,Group Meeting,S01779,E00325,Follow-up,60.0
I000771,2024-10-10,MX,Americas,Specialty,1:1 Meeting,S00582,E00311,Congress meeting and follow-up,33.0
I000772,2024-03-18,United States of America,Americas,Specialty,1:1 Meeting,S01306,E00808,Scientific exchange on clinical data,33.0
I000773,2024-01-21,Canada,Americas,Specialty,Group Meeting,S00590,E00215,Market access discussion,37.0
I000774,2024-11-23,IN,APAC,Specialty,Group Meeting,S00259,E00205,Congress meeting and follow-up,75.0
I000775,2024-06-27,IN,APAC,Vaccines,1:1 Meeting,S00851,E00269,Congress meeting and follow-up,28.0
I000776,2024-02-28,IT,EMEA,Vaccines,1:1 Meeting,S00363,E00806,Speaker program educational session,33.0
I000777,2024-11-22,BR,Americas,Oncology,Speaker Program,S01170,E00965,Training and best practice sharing,102.0
I000778,2024-07-09,Italy,EMEA,Respiratory,Advisory Board,S00210,E00402,Market access discussion,134.0
I000779,2024-07-18,BR,Americas,Specialty,Advisory Board,S01613,E00735,Training and best practice sharing,107.0
I000780,2025-01-13,US,Americas,Specialty,1:1 Meeting,S01161,E00932,Market access discussion,38.0
I000781,2025-01-21,India,APAC,Respiratory,Speaker Program,S00621,E00242,Speaker program educational session,83.0
I000782,2024-08-17,JP,APAC,Respiratory,Advisory Board,S01139,E00963,Market access discussion,293.0
I000783,2024-06-20,DEU,EMEA,Oncology,1:1 Meeting,S00041,E00585,Product information discussion (on-label),35.0
I000784,2024-10-24,USA,Americas,Oncology,1:1 Meeting,S01737,E00882,Advisory board discussion on unmet needs,537.0
I000785,2025-04-28,IND,APAC,Respiratory,1:1 Meeting,S01080,E00933,Speaker program educational session,11.0
I000786,2024-07-27,CAN,Americas,Respiratory,Advisory Board,S00306,E00029,Product information discussion (on-label),224.0
I000787,2025-03-07,Great Britain,EMEA,Respiratory,Advisory Board,S00078,E00905,Market access discussion,203.0
I000788,2025-01-06,France,EMEA,Specialty,1:1 Meeting,S01479,E00722,Congress meeting and follow-up,33.0
I000789,2025-03-21,Japan,APAC,Vaccines,Advisory Board,S00570,E00310,Training and best practice sharing,131.0
I000790,2025-01-02,BRA,Americas,Primary Care,Group Meeting,S00334,E00977,Scientific exchange on clinical data,9.0
I000791,2024-09-09,MEX,Americas,Respiratory,Group Meeting,S01360,E00025,Congress meeting and follow-up,43.0
I000792,2024-02-19,UK,EMEA,Vaccines,1:1 Meeting,S00963,E00085,Advisory board discussion on unmet needs,25.0
I000793,2025-05-16,India,APAC,Vaccines,Advisory Board,S00242,E00888,Market access discussion,184.0
I000794,2024-09-03,MEX,Americas,Vaccines,Speaker Program,S00784,E00413,Scientific exchange on clinical data,
I000795,2025-01-21,FR,EMEA,Respiratory,Group Meeting,S00510,E00203,Advisory board discussion on unmet needs,80.0
I000796,2025-05-02,Germany,EMEA,Vaccines,1:1 Meeting,S00933,E00667,Training and best practice sharing,33.0
I000797,2024-12-17,USA,Americas,Primary Care,Speaker Program,S01144,E00700,Congress meeting and follow-up,87.0
I000798,2025-06-29,United States,Americas,Primary Care,1:1 Meeting,S00036,E00861,Speaker program educational session,31.0
I000799,2025-03-21,Japan,APAC,Vaccines,Group Meeting,S00440,E00733,Product information discussion (on-label),63.0
I000800,2024-12-14,Germany,EMEA,Oncology,Speaker Program,S00565,E00196,Speaker program educational session,37.0
I000801,2024-04-07,DE,EMEA,Vaccines,Advisory Board,S00154,E00910,Scientific exchange on clinical data,171.0
I000802,2024-01-14,IND,APAC,Oncology,Advisory Board,S01014,E00285,Scientific exchange on clinical data,100.0
I000803,2025-01-26,United States,Americas,Specialty,Speaker Program,S01762,E00289,Training and best practice sharing,70.0
I000804,2024-12-22,DEU,EMEA,Primary Care,Speaker Program,S00121,E00128,Congress meeting and follow-up,14.0
I000805,2024-04-03,Brazil,Americas,Oncology,Group Meeting,S00632,E00638,Speaker program educational session,25.0
I000806,2024-01-22,Canada,Americas,Primary Care,1:1 Meeting,S00218,E00141,Congress meeting and follow-up,11.0
I000807,2024-10-17,Japan,APAC,Respiratory,Speaker Program,S00425,E00028,Product information discussion (on-label),63.0
I000808,2025-03-17,BRA,Americas,Oncology,1:1 Meeting,S01115,E00014,Advisory board discussion on unmet needs,34.0
I000809,2025-05-17,US,Americas,Primary Care,1:1 Meeting,S00950,E00087,Product information discussion (on-label),30.0
I000810,2025-04-26,USA,Americas,Vaccines,Group Meeting,S00590,E00370,Product information discussion (on-label),94.0
I000811,2025-01-24,United States,Americas,Respiratory,1:1 Meeting,S00715,E00545,Congress meeting and follow-up,39.0
I000812,2024-03-09,DE,EMEA,Respiratory,Speaker Program,S00408,E00688,Training and best practice sharing,75.0
I000813,2025-03-23,CA,Americas,Oncology,Group Meeting,S00895,E00843,Advisory board discussion on unmet needs,50.0
I000814,2025-05-02,United States,Americas,Vaccines,Congress/Conference,S00826,E00425,Training and best practice sharing,113.0
I000815,2025-03-01,United States of America,Americas,Respiratory,1:1 Meeting,S00958,E00128,Advisory board discussion on unmet needs,22.0
I000816,2025-02-25,USA,Americas,Respiratory,Group Meeting,S01758,E00725,Market access discussion,
I000817,2024-09-07,United States of America,Americas,Respiratory,1:1 Meeting,S00078,E00828,Product information discussion (on-label),31.0
I000818,2024-04-06,Canada,Americas,Specialty,1:1 Meeting,S00407,E00475,Congress meeting and follow-up,26.0
I000819,2025-05-27,Italy,EMEA,Oncology,Congress/Conference,S00305,E00222,Advisory board discussion on unmet needs,121.0
I000820,2024-03-22,JP,APAC,Oncology,Advisory Board,S01510,E00706,Scientific exchange on clinical data,114.0
I000821,2024-10-09,JPN,APAC,Vaccines,Group Meeting,S00541,E00170,Advisory board discussion on unmet needs,90.0
I000822,2024-10-10,BRA,Americas,Respiratory,Group Meeting,S00217,E00092,Market access discussion,29.0
I000823,2024-04-15,DEU,EMEA,Respiratory,Congress/Conference,S01637,E00086,Congress meeting and follow-up,115.0
I000824,2024-01-18,ITA,EMEA,Specialty,Group Meeting,S00172,E01000,Congress meeting and follow-up,50.0
I000825,2024-04-22,BRA,Americas,Vaccines,Congress/Conference,S00818,E00916,Speaker program educational session,199.0
I000826,2025-03-01,CA,Americas,Respiratory,Congress/Conference,S01039,E00383,Speaker program educational session,94.0
I000827,2024-03-19,BRA,Americas,Oncology,1:1 Meeting,S01698,E00863,Product information discussion (on-label),37.0
I000828,2024-03-11,India,APAC,Specialty,1:1 Meeting,S01024,E00691,Congress meeting and follow-up,41.0
I000829,2024-09-04,Brazil,Americas,Oncology,1:1 Meeting,S01373,E00953,Meeting,36.0
I000830,2025-04-14,DEU,EMEA,Vaccines,Group Meeting,S00868,E00116,Advisory board discussion on unmet needs,20.0
I000831,2025-05-20,Great Britain,EMEA,Respiratory,1:1 Meeting,S00683,E00741,Training and best practice sharing,32.0
I000832,2024-02-21,United States of America,Americas,Vaccines,Group Meeting,S00864,E00719,Market access discussion,60.0
I000833,2024-12-28,IT,EMEA,Primary Care,1:1 Meeting,S00640,E00156,Advisory board discussion on unmet needs,32.0
I000834,2025-06-04,MX,Americas,Specialty,Group Meeting,S00833,E00282,Training and best practice sharing,23.0
I000835,2025-03-06,MEX,Americas,Respiratory,1:1 Meeting,S00467,E00629,Advisory board discussion on unmet needs,15.0
I000836,2024-07-16,ITA,EMEA,Respiratory,Speaker Program,S00046,E00639,Scientific exchange on clinical data,73.0
I000837,2024-05-07,Germany,EMEA,Respiratory,1:1 Meeting,S00335,E00841,Market access discussion,31.0
I000838,2024-03-23,FR,EMEA,Specialty,Speaker Program,S00522,E00329,Scientific exchange on clinical data,54.0
I000839,2024-10-12,GB,EMEA,Primary Care,Group Meeting,S01015,E00149,Training and best practice sharing,68.0
I000840,2024-05-05,Germany,EMEA,Respiratory,1:1 Meeting,S01731,E00065,Scientific exchange on clinical data,29.0
I000841,2025-02-16,IND,APAC,Respiratory,1:1 Meeting,S01543,E00560,Training and best practice sharing,32.0
I000842,2025-06-26,U.S.,Americas,Primary Care,Speaker Program,S00555,E00424,Congress meeting and follow-up,143.0
I000843,2024-06-06,IND,APAC,Primary Care,1:1 Meeting,S01263,E00680,Product information discussion (on-label),28.0
I000844,2024-09-29,Italy,EMEA,Respiratory,1:1 Meeting,S00640,E00706,Speaker program educational session,26.0
I000845,2024-10-20,U.S.,Americas,Respiratory,Speaker Program,S01227,E00696,Advisory board discussion on unmet needs,61.0
I000846,2024-04-19,Great Britain,EMEA,Vaccines,1:1 Meeting,S00145,E00486,Congress meeting and follow-up,24.0
I000847,2025-03-15,Germany,EMEA,Primary Care,Advisory Board,S01453,E00664,Scientific exchange on clinical data,199.0
I000848,2025-04-26,U.S.,Americas,Respiratory,1:1 Meeting,S01173,E00309,Scientific exchange on clinical data,20.0
I000849,2024-04-23,Canada,Americas,Primary Care,Group Meeting,S01517,E00883,Catch-up,70.0
I000850,2025-04-21,GB,EMEA,Primary Care,1:1 Meeting,S01772,E00373,Catch-up,25.0
I000851,2024-11-16,JP,APAC,Specialty,Advisory Board,S01038,E00825,Speaker program educational session,167.0
I000852,2024-03-01,Japan,APAC,Specialty,Group Meeting,S00690,E00718,Speaker program educational session,64.0
I000853,2024-02-23,U.S.,Americas,Oncology,Speaker Program,S00383,E00122,Product information discussion (on-label),90.0
I000854,,India,APAC,Oncology,1:1 Meeting,S00276,E00783,Meeting,
I000855,2024-06-19,U.S.,Americas,Respiratory,Group Meeting,S00515,E00547,,61.0
I000856,2024-04-17,Mexico,Americas,Oncology,1:1 Meeting,S01013,E00573,Speaker program educational session,32.0
I000857,2024-06-10,Canada,Americas,Primary Care,1:1 Meeting,S01472,E00419,Advisory board discussion on unmet needs,15.0
I000858,2024-01-16,United States of America,Americas,Respiratory,Advisory Board,S01507,E00778,Market access discussion,79.0
I000859,2024-11-22,United States of America,Americas,Respiratory,1:1 Meeting,S01678,E00651,Advisory board discussion on unmet needs,47.0
I000860,2025-03-09,IND,APAC,Specialty,1:1 Meeting,S01800,E00260,Catch-up,37.0
I000861,2024-05-04,FR,EMEA,Oncology,1:1 Meeting,S00299,E00891,Advisory board discussion on unmet needs,43.0
I000862,2024-05-29,DE,EMEA,Respiratory,1:1 Meeting,S01509,E00749,Scientific exchange on clinical data,27.0
I000863,2024-12-05,JP,APAC,Specialty,1:1 Meeting,S01322,E00657,Training and best practice sharing,21.0
I000864,2024-02-27,India,APAC,Vaccines,Group Meeting,S00725,E00732,Catch-up,67.0
I000865,2024-07-16,Germany,EMEA,Specialty,Speaker Program,S01247,E00812,Speaker program educational session,70.0
I000866,2024-04-06,FR,EMEA,Specialty,Group Meeting,S00025,E00037,Congress meeting and follow-up,73.0
I000867,2024-10-05,IT,EMEA,Respiratory,1:1 Meeting,S00138,E00863,Market access discussion,39.0
I000868,2024-08-06,DEU,EMEA,Vaccines,Group Meeting,S00431,E00840,Advisory board discussion on unmet needs,82.0
I000869,2024-07-03,U.S.,Americas,Primary Care,Advisory Board,S01221,E00127,Training and best practice sharing,182.0
I000870,2024-11-29,JP,APAC,Respiratory,1:1 Meeting,S01201,E00541,Scientific exchange on clinical data,49.0
I000871,2024-06-02,BRA,Americas,Specialty,Group Meeting,S00215,E00281,Training and best practice sharing,73.0
I000872,2025-02-16,CA,Americas,Respiratory,Group Meeting,S00781,E00728,Market access discussion,87.0
I000873,2025-06-29,USA,Americas,Specialty,Advisory Board,S01623,E00106,Scientific exchange on clinical data,277.0
I000874,2025-05-29,Canada,Americas,Respiratory,Advisory Board,S00354,E00530,Advisory board discussion on unmet needs,23.0
I000875,2024-11-09,United States,Americas,Vaccines,Speaker Program,S00472,E00180,Product information discussion (on-label),127.0
I000876,2024-01-01,United Kingdom,EMEA,Respiratory,Group Meeting,S01223,E00688,,70.0
I000877,2024-09-26,JPN,APAC,Specialty,1:1 Meeting,S01632,E00096,Speaker program educational session,35.0
I000878,2024-01-10,CA,Americas,Respiratory,1:1 Meeting,S00098,E00806,Market access discussion,32.0
I000879,2024-03-30,FR,EMEA,Respiratory,1:1 Meeting,S01386,E00810,Product information discussion (on-label),485.0
I000880,2024-07-27,United Kingdom,EMEA,Vaccines,1:1 Meeting,S01671,E00286,Scientific exchange on clinical data,33.0
I000881,2024-04-06,ITA,EMEA,Oncology,1:1 Meeting,S00189,E00076,Scientific exchange on clinical data,23.0
I000882,2024-02-25,Great Britain,EMEA,Specialty,Congress/Conference,S00004,E00828,Congress meeting and follow-up,90.0
I000883,2024-02-01,United States of America,Americas,Respiratory,Speaker Program,S01584,E00576,Advisory board discussion on unmet needs,124.0
I000884,2025-05-08,MEX,Americas,Oncology,Speaker Program,S01243,E00471,Congress meeting and follow-up,75.0
I000885,2024-07-05,US,Americas,Respiratory,Congress/Conference,S01353,E00657,Congress meeting and follow-up,97.0
I000886,2024-10-18,BR,Americas,Vaccines,1:1 Meeting,S00773,E00024,Product information discussion (on-label),
I000887,2024-04-23,BRA,Americas,Respiratory,1:1 Meeting,S01702,E00894,Scientific exchange on clinical data,26.0
I000888,2024-08-02,FRA,EMEA,Specialty,Congress/Conference,S01606,E00473,Product information discussion (on-label),153.0
I000889,2025-03-19,US,Americas,Specialty,1:1 Meeting,S00789,E00617,Market access discussion,26.0
I000890,2024-04-10,U.S.,Americas,Respiratory,1:1 Meeting,S00283,E00447,Congress meeting and follow-up,28.0
I000891,2024-06-24,United States,Americas,Primary Care,Group Meeting,S00751,E00273,Speaker program educational session,47.0
I000892,2025-03-04,FRA,EMEA,Respiratory,Speaker Program,S01731,E00592,Market access discussion,46.0
I000893,2024-12-09,U.S.,Americas,Oncology,Advisory Board,S01443,E00921,Training and best practice sharing,151.0
I000894,2024-08-16,CAN,Americas,Respiratory,Speaker Program,S01147,E00626,Business discussion,65.0
I000895,2024-05-09,CAN,Americas,Respiratory,Advisory Board,S01411,E00269,Product information discussion (on-label),89.0
I000896,2024-12-02,CAN,Americas,Primary Care,Speaker Program,S00135,E00061,Scientific exchange on clinical data,71.0
I000897,2024-09-29,ITA,EMEA,Vaccines,1:1 Meeting,S01729,E00475,Advisory board discussion on unmet needs,36.0
I000898,2024-05-31,Great Britain,EMEA,Primary Care,Advisory Board,S01674,E00883,Scientific exchange on clinical data,129.0
I000899,2024-09-30,MEX,Americas,Vaccines,Speaker Program,S00991,E00263,Congress meeting and follow-up,60.0
I000900,2024/03/22,IN,APAC,Primary Care,Advisory Board,S01323,E00145,Advisory board discussion on unmet needs,247.0
I000901,2025-06-12,France,EMEA,Respiratory,Advisory Board,S00968,E00785,Market access discussion,263.0
I000902,2024-05-11,Canada,Americas,Specialty,Group Meeting,S01661,E00552,Meeting,46.0
I000903,2024-12-03,FR,EMEA,Respiratory,1:1 Meeting,S00826,E00228,Training and best practice sharing,58.0
I000904,2024-04-16,IT,EMEA,Respiratory,Group Meeting,S01688,E00248,Meeting,61.0
I000905,2024-09-21,United States of America,Americas,Oncology,1:1 Meeting,S01205,E00562,Congress meeting and follow-up,29.0
I000906,2024-09-03,FRA,EMEA,Specialty,1:1 Meeting,S00467,E00392,Product information discussion (on-label),9.0
I000907,2025-06-14,US,Americas,Primary Care,Speaker Program,S01672,E00455,Speaker program educational session,89.0
I000908,2024-06-02,Canada,Americas,Specialty,Advisory Board,S00375,E00747,Training and best practice sharing,124.0
I000909,2024-06-02,BR,Americas,Primary Care,Group Meeting,S01365,E00615,Product information discussion (on-label),75.0
I000910,2025-04-24,United States,Americas,Vaccines,Speaker Program,S01650,E00303,Advisory board discussion on unmet needs,45.0
I000911,2024-05-10,Italy,EMEA,Respiratory,1:1 Meeting,S00479,E00323,Advisory board discussion on unmet needs,37.0
I000912,2024-09-29,IND,APAC,Specialty,1:1 Meeting,S00643,E00804,Follow-up,27.0
I000913,2024-06-25,GB,EMEA,Vaccines,1:1 Meeting,S00691,E00220,Training and best practice sharing,41.0
I000914,2024-02-18,IT,EMEA,Respiratory,1:1 Meeting,S00898,E00290,Advisory board discussion on unmet needs,20.0
I000915,2024-12-20,Mexico,Americas,Vaccines,Congress/Conference,S01451,E00761,Training and best practice sharing,
I000916,2025-02-11,US,Americas,Oncology,1:1 Meeting,S01388,E00637,Congress meeting and follow-up,41.0
I000917,2024-07-07,FRA,EMEA,Vaccines,Group Meeting,S00878,E00047,Discussed topics,52.0
I000918,2025-06-20,GB,EMEA,Specialty,Congress/Conference,S00690,E00902,Training and best practice sharing,188.0
I000919,2024-09-22,India,APAC,Primary Care,Speaker Program,S00741,E00398,,84.0
I000920,2024-07-18,Italy,EMEA,Oncology,Congress/Conference,S01689,E00561,Scientific exchange on clinical data,94.0
I000921,2024-06-05,CAN,Americas,Respiratory,1:1 Meeting,S01394,E00129,Speaker program educational session,53.0
I000922,2024-05-27,Canada,Americas,Primary Care,Group Meeting,S00043,E00003,Speaker program educational session,45.0
I000923,2024-12-01,U.S.,Americas,Primary Care,Group Meeting,S00150,E00506,Advisory board discussion on unmet needs,36.0
I000924,2024-03-30,Mexico,Americas,Specialty,1:1 Meeting,S01286,E00192,Advisory board discussion on unmet needs,36.0
I000925,2024-11-29,United States of America,Americas,Vaccines,1:1 Meeting,S01318,E00917,Market access discussion,
I000926,2024-10-27,MEX,Americas,Oncology,1:1 Meeting,S00498,E00015,Advisory board discussion on unmet needs,21.0
I000927,2025-03-11,CAN,Americas,Primary Care,Group Meeting,S00686,E00981,Congress meeting and follow-up,10.0
I000928,2025-05-28,Brazil,Americas,Respiratory,Group Meeting,S00180,E00176,Scientific exchange on clinical data,74.0
I000929,2025-02-01,ITA,EMEA,Specialty,Group Meeting,S01422,E00145,Product information discussion (on-label),47.0
I000930,2024-10-08,MX,Americas,Vaccines,Group Meeting,S00235,E00094,Scientific exchange on clinical data,79.0
I000931,2025-04-01,IND,APAC,Specialty,Speaker Program,S01629,E00623,Training and best practice sharing,46.0
I000932,2024-12-02,United Kingdom,EMEA,Vaccines,1:1 Meeting,S01159,E00097,Speaker program educational session,17.0
I000933,2024-09-10,India,APAC,Primary Care,1:1 Meeting,S00950,E00707,Congress meeting and follow-up,34.0
I000934,2024-10-02,Japan,APAC,Primary Care,Group Meeting,S00981,E00548,Catch-up,46.0
I000935,2024-07-01,BRA,Americas,Respiratory,1:1 Meeting,S00354,E00823,Market access discussion,39.0
I000936,2024-03-18,USA,Americas,Oncology,Speaker Program,S00111,E00182,Training and best practice sharing,113.0
I000937,2024-12-04,IND,APAC,Specialty,Speaker Program,S00182,E00285,Market access discussion,129.0
I000938,2024-05-13,USA,Americas,Oncology,Congress/Conference,S00738,E00592,Market access discussion,
I000939,2024-07-10,USA,Americas,Specialty,Congress/Conference,S00568,E00960,Product information discussion (on-label),135.0
I000940,2025-01-07,IN,APAC,Vaccines,Advisory Board,S01471,E00199,Speaker program educational session,248.0
I000941,2024-02-20,DE,EMEA,Specialty,Speaker Program,S01690,E00059,Product information discussion (on-label),97.0
I000942,2024-01-19,United Kingdom,EMEA,Vaccines,1:1 Meeting,S00460,E00136,Scientific exchange on clinical data,15.0
I000943,2024-03-24,Brazil,Americas,Oncology,Group Meeting,S00084,E00882,,71.0
I000944,2025-06-06,Great Britain,EMEA,Respiratory,Group Meeting,S00137,E00635,Advisory board discussion on unmet needs,68.0
I000945,2024-05-22,Brazil,Americas,Respiratory,Speaker Program,S00832,E00571,Product information discussion (on-label),51.0
I000946,2025-06-18,IT,EMEA,Oncology,Group Meeting,S00173,E00585,Speaker program educational session,54.0
I000947,2024-10-19,FR,EMEA,Vaccines,1:1 Meeting,S00884,E00401,Advisory board discussion on unmet needs,31.0
I000948,2024-05-28,USA,Americas,Respiratory,1:1 Meeting,S00930,E00195,Scientific exchange on clinical data,10.0
I000949,2024-09-23,DEU,EMEA,Oncology,1:1 Meeting,S01698,E00757,Advisory board discussion on unmet needs,34.0
I000950,2025-06-30,UK,EMEA,Vaccines,1:1 Meeting,S01010,E00972,Product information discussion (on-label),32.0
I000951,2025-06-09,IN,APAC,Vaccines,1:1 Meeting,S01170,E00700,Advisory board discussion on unmet needs,39.0
I000952,2024-12-29,CAN,Americas,Specialty,Group Meeting,S01366,E00059,Training and best practice sharing,37.0
I000953,2024-04-28,DE,EMEA,Vaccines,1:1 Meeting,S00750,E00869,Speaker program educational session,
I000954,2025-05-30,JP,APAC,Oncology,Group Meeting,S01155,E00692,Market access discussion,67.0
I000955,2025-01-31,IND,APAC,Primary Care,Congress/Conference,S00739,E00991,Product information discussion (on-label),163.0
I000956,2024-04-30,MEX,Americas,Respiratory,1:1 Meeting,S01653,E00066,Speaker program educational session,40.0
I000957,2024-05-11,IND,APAC,Vaccines,1:1 Meeting,S01718,E00960,Advisory board discussion on unmet needs,19.0
I000958,2024-01-12,US,Americas,Primary Care,1:1 Meeting,S00814,E00310,Product information discussion (on-label),32.0
I000959,2024-03-21,United States of America,Americas,Primary Care,Group Meeting,S01206,E00122,Market access discussion,42.0
I000960,2024-11-02,Mexico,Americas,Specialty,Group Meeting,S00323,E00964,Advisory board discussion on unmet needs,72.0
I000961,2024-09-23,BRA,Americas,Oncology,Advisory Board,S01578,E00469,Discussed topics,265.0
I000962,2024-01-02,USA,Americas,Respiratory,Group Meeting,S00343,E00146,Congress meeting and follow-up,94.0
I000963,2025-06-03,DEU,EMEA,Primary Care,Group Meeting,S00361,E00444,Market access discussion,45.0
I000964,2025-06-05,BR,Americas,Vaccines,1:1 Meeting,S01317,E00989,Discussed topics,25.0
I000965,2025-04-13,United Kingdom,EMEA,Specialty,Advisory Board,S00911,E00474,Advisory board discussion on unmet needs,147.0
I000966,2025-04-21,US,Americas,Vaccines,1:1 Meeting,S00096,E00948,Congress meeting and follow-up,35.0
I000967,2025-04-04,France,EMEA,Respiratory,1:1 Meeting,S00094,E00038,Advisory board discussion on unmet needs,42.0
I000968,2024/08/23,FRA,EMEA,Specialty,Speaker Program,S00055,E00619,Advisory board discussion on unmet needs,90.0
I000969,2024-11-01,JP,APAC,Vaccines,1:1 Meeting,S00337,E00931,Market access discussion,14.0
I000970,2025-02-13,United States of America,Americas,Vaccines,1:1 Meeting,S00382,E00590,Market access discussion,21.0
I000971,2025-02-25,FRA,EMEA,Specialty,Group Meeting,S00304,E00174,Congress meeting and follow-up,63.0
I000972,2024-03-26,Mexico,Americas,Specialty,Speaker Program,S00745,E00874,Training and best practice sharing,94.0
I000973,2025-01-09,Germany,EMEA,Oncology,Speaker Program,S00717,E00996,Product information discussion (on-label),71.0
I000974,2024-09-22,Italy,EMEA,Oncology,Group Meeting,S00248,E00783,,63.0
I000975,2024-04-29,USA,Americas,Vaccines,1:1 Meeting,S01732,E00976,Congress meeting and follow-up,30.0
I000976,2024-02-26,India,APAC,Oncology,1:1 Meeting,S01725,E00646,Training and best practice sharing,34.0
I000977,2025-01-16,FRA,EMEA,Primary Care,Speaker Program,S00430,E00994,Advisory board discussion on unmet needs,41.0
I000978,2024-01-18,USA,Americas,Vaccines,Group Meeting,S00599,E00260,Congress meeting and follow-up,4.0
I000979,2024-12-17,U.S.,Americas,Primary Care,1:1 Meeting,S00773,E00188,Market access discussion,37.0
I000980,2025-06-27,Germany,EMEA,Oncology,Group Meeting,S00502,E00069,Training and best practice sharing,48.0
I000981,2024-01-25,United Kingdom,EMEA,Vaccines,1:1 Meeting,S00646,E00235,Speaker program educational session,42.0
I000982,2025-06-13,DE,EMEA,Oncology,Speaker Program,S01354,E00059,Market access discussion,83.0
I000983,2024-08-16,IT,EMEA,Primary Care,Group Meeting,S01620,E00488,Market access discussion,58.0
I000984,2025-02-05,U.S.,Americas,Primary Care,Speaker Program,S01160,E00785,Business discussion,72.0
I000985,2024-03-28,MX,Americas,Specialty,1:1 Meeting,S00924,E00561,Training and best practice sharing,39.0
I000986,2024-11-04,USA,Americas,Specialty,1:1 Meeting,S00146,E00638,Advisory board discussion on unmet needs,32.0
I000987,2024-12-08,Mexico,Americas,Oncology,Group Meeting,S01271,E00414,Discussed topics,93.0
I000988,2024-02-11,United States,Americas,Oncology,Group Meeting,S00474,E00082,Product information discussion (on-label),76.0
I000989,2024-07-28,BRA,Americas,Primary Care,1:1 Meeting,S01087,E00548,Market access discussion,17.0
I000990,2024-10-05,IND,APAC,Primary Care,Advisory Board,S01235,E00094,Discussed topics,1.0
I000991,2024-09-07,IN,APAC,Specialty,Advisory Board,S00297,E00047,Meeting,119.0
I000992,2025-06-29,DE,EMEA,Primary Care,1:1 Meeting,S00935,E00819,Catch-up,17.0
I000993,2025-06-13,Italy,EMEA,Primary Care,1:1 Meeting,S01562,E00446,Speaker program educational session,32.0
I000994,2025-02-17,IT,EMEA,Specialty,1:1 Meeting,S00712,E00437,Catch-up,38.0
I000995,2024-06-30,India,APAC,Oncology,Advisory Board,S01206,E00757,Product information discussion (on-label),131.0
I000996,2024-03-30,United Kingdom,EMEA,Respiratory,1:1 Meeting,S00282,E00583,Congress meeting and follow-up,17.0
I000997,2024-09-06,United States of America,Americas,Primary Care,Speaker Program,S01084,E00165,Scientific exchange on clinical data,101.0
I000998,2024-04-17,Germany,EMEA,Respiratory,1:1 Meeting,S01147,E00861,Product information discussion (on-label),32.0
I000999,2025-04-29,FR,EMEA,Primary Care,Group Meeting,S01792,E00923,Training and best practice sharing,44.0
I001000,2024-10-08,IN,APAC,Oncology,1:1 Meeting,S01236,E00604,Speaker program educational session,31.0
I001001,2024-03-28,Germany,EMEA,Respiratory,Group Meeting,S01797,E00420,Congress meeting and follow-up,54.0
I001002,2024-09-10,United States of America,Americas,Primary Care,1:1 Meeting,S00263,E00620,Training and best practice sharing,29.0
I001003,2024-07-06,Mexico,Americas,Primary Care,Speaker Program,S00323,E00107,Scientific exchange on clinical data,75.0
I001004,2025-01-31,Great Britain,EMEA,Vaccines,1:1 Meeting,S00618,E00921,Product information discussion (on-label),34.0
I001005,2025-05-31,Japan,APAC,Specialty,Group Meeting,S00258,E00039,Speaker program educational session,72.0
I001006,2024-06-17,U.S.,Americas,Respiratory,Advisory Board,S00112,E00843,Training and best practice sharing,125.0
I001007,2024-12-31,France,EMEA,Oncology,Group Meeting,S01083,E00724,Training and best practice sharing,39.0
I001008,2024-02-09,MX,Americas,Oncology,Congress/Conference,S00162,E00945,Congress meeting and follow-up,93.0
I001009,2025-02-19,India,APAC,Oncology,1:1 Meeting,S00174,E00075,Speaker program educational session,39.0
I001010,2024-01-11,United Kingdom,EMEA,Specialty,Congress/Conference,S01518,E00139,Speaker program educational session,58.0
I001011,2024-01-26,United States,Americas,Specialty,1:1 Meeting,S01463,E00594,Training and best practice sharing,12.0
I001012,2024-08-06,U.S.,Americas,Primary Care,Group Meeting,S00289,E00583,Business discussion,53.0
I001013,2025-05-01,IT,EMEA,Primary Care,Speaker Program,S00540,E00193,Follow-up,77.0
I001014,2024-05-23,Canada,Americas,Specialty,Speaker Program,S01146,E00625,Speaker program educational session,80.0
I001015,2024-07-07,USA,Americas,Specialty,1:1 Meeting,S00314,E00639,Congress meeting and follow-up,
I001016,2024-10-26,DE,EMEA,Vaccines,Advisory Board,S00450,E00203,Market access discussion,242.0
I001017,2024-12-22,France,EMEA,Vaccines,1:1 Meeting,S00875,E00146,Advisory board discussion on unmet needs,3.0
I001018,2024-10-10,USA,Americas,Primary Care,Advisory Board,S00161,E00965,Speaker program educational session,188.0
I001019,2024-11-07,DEU,EMEA,Specialty,1:1 Meeting,S01623,E00135,Training and best practice sharing,27.0
I001020,2024-12-30,JPN,APAC,Vaccines,Speaker Program,S01470,E00167,Meeting,48.0
I001021,2025-01-02,IT,EMEA,Primary Care,1:1 Meeting,S01120,E00474,Market access discussion,50.0
I001022,2024-03-11,UK,EMEA,Oncology,Speaker Program,S01612,E00853,Meeting,56.0
I001023,2024-04-14,Mexico,Americas,Oncology,Speaker Program,S01388,E00481,Follow-up,108.0
I001024,2025-02-02,Japan,APAC,Respiratory,Group Meeting,S00703,E00395,Market access discussion,47.0
I001025,2024-08-08,BR,Americas,Specialty,1:1 Meeting,S01576,E00964,Scientific exchange on clinical data,14.0
I001026,2025-01-30,Canada,Americas,Vaccines,Advisory Board,S00710,E00705,Business discussion,130.0
I001027,2024-01-04,GB,EMEA,Oncology,1:1 Meeting,S00074,E00818,Congress meeting and follow-up,19.0
I001028,2025-02-23,USA,Americas,Primary Care,Group Meeting,S01566,E00113,Product information discussion (on-label),24.0
I001029,2024-04-10,DE,EMEA,Oncology,Advisory Board,S00044,E00370,Market access discussion,246.0
I001030,2025-05-24,MX,Americas,Oncology,Group Meeting,S00394,E00931,Advisory board discussion on unmet needs,56.0
I001031,2024-03-03,France,EMEA,Vaccines,1:1 Meeting,S01722,E00532,,16.0
I001032,2025-02-28,U.S.,Americas,Primary Care,1:1 Meeting,S00774,E00785,Advisory board discussion on unmet needs,39.0
I001033,2024-09-11,Brazil,Americas,Respiratory,1:1 Meeting,S00373,E00407,Market access discussion,47.0
I001034,2024-12-01,DE,EMEA,Oncology,Group Meeting,S00972,E00327,Product information discussion (on-label),52.0
I001035,2024-03-09,France,EMEA,Vaccines,Speaker Program,S01239,E00138,Congress meeting and follow-up,62.0
I001036,2025-01-02,FRA,EMEA,Oncology,Advisory Board,S00311,E00606,Product information discussion (on-label),90.0
I001037,2024-09-07,IN,APAC,Specialty,1:1 Meeting,S00353,E00847,Product information discussion (on-label),31.0
I001038,2024-06-18,India,APAC,Respiratory,1:1 Meeting,S01324,E00685,Market access discussion,23.0
I001039,2024-03-30,USA,Americas,Respiratory,1:1 Meeting,S01743,E00230,Training and best practice sharing,47.0
I001040,2024-05-29,JPN,APAC,Primary Care,Group Meeting,S01048,E00679,Product information discussion (on-label),81.0
I001041,2024-05-11,BR,Americas,Oncology,1:1 Meeting,S00018,E00107,Scientific exchange on clinical data,22.0
I001042,2024-07-17,JP,APAC,Vaccines,Speaker Program,S00796,E00182,Congress meeting and follow-up,142.0
I001043,2024-08-02,Brazil,Americas,Oncology,1:1 Meeting,S00578,E00969,Product information discussion (on-label),27.0
I001044,2025-01-01,France,EMEA,Specialty,Speaker Program,S00289,E00733,Scientific exchange on clinical data,93.0
I001045,2024-06-16,United States,Americas,Specialty,1:1 Meeting,S01090,E00223,Congress meeting and follow-up,31.0
I001046,2025-01-14,USA,Americas,Respiratory,1:1 Meeting,S01691,E00779,Market access discussion,9.0
I001047,2025-04-18,Brazil,Americas,Specialty,Speaker Program,S01126,E00021,Follow-up,132.0
I001048,2025-06-22,USA,Americas,Specialty,Group Meeting,S01105,E00345,Business discussion,67.0
I001049,2025-03-27,Germany,EMEA,Respiratory,Group Meeting,S01127,E00727,Training and best practice sharing,0.0
I001050,2025-02-23,India,APAC,Respiratory,Group Meeting,S00128,E00062,Training and best practice sharing,66.0
I001051,2024-08-01,Great Britain,EMEA,Specialty,Group Meeting,S00424,E00904,Advisory board discussion on unmet needs,76.0
I001052,2025-05-17,IT,EMEA,Vaccines,1:1 Meeting,S01301,E00117,Training and best practice sharing,34.0
I001053,2024-11-06,Brazil,Americas,Specialty,1:1 Meeting,S00625,E00989,Congress meeting and follow-up,605.0
I001054,2024-03-24,United Kingdom,EMEA,Respiratory,Speaker Program,S01379,E00554,Product information discussion (on-label),103.0
I001055,2024-07-25,Brazil,Americas,Primary Care,1:1 Meeting,S01566,E00754,Product information discussion (on-label),24.0
I001056,2024-05-24,Italy,EMEA,Primary Care,Group Meeting,S00343,E00007,Training and best practice sharing,79.0
I001057,2024-02-06,IND,APAC,Oncology,1:1 Meeting,S00840,E00120,Product information discussion (on-label),25.0
I001058,2025-02-05,IN,APAC,Respiratory,1:1 Meeting,S00717,E00677,Market access discussion,
I001059,2024-07-24,ITA,EMEA,Oncology,1:1 Meeting,S01565,E00175,Product information discussion (on-label),25.0
I001060,2024-01-19,BRA,Americas,Respiratory,Group Meeting,S00333,E00352,Scientific exchange on clinical data,44.0
I001061,2024-12-30,FR,EMEA,Specialty,1:1 Meeting,S01245,E00024,Product information discussion (on-label),27.0
I001062,2024-11-20,US,Americas,Oncology,1:1 Meeting,S00812,E00497,Market access discussion,414.0
I001063,2024-02-11,Mexico,Americas,Respiratory,Group Meeting,S00583,E00416,Congress meeting and follow-up,51.0
I001064,2025-01-28,IT,EMEA,Specialty,1:1 Meeting,S00939,E00532,Training and best practice sharing,28.0
I001065,2025-06-05,France,EMEA,Respiratory,1:1 Meeting,S00544,E00297,Training and best practice sharing,19.0
I001066,2024-03-25,France,EMEA,Specialty,Speaker Program,S00065,E00168,Congress meeting and follow-up,
I001067,2024-01-30,USA,Americas,Respiratory,Speaker Program,S01095,E00854,Discussed topics,74.0
I001068,2025-04-23,United Kingdom,EMEA,Vaccines,1:1 Meeting,S00625,E00683,Speaker program educational session,33.0
I001069,2025-03-20,Mexico,Americas,Oncology,Congress/Conference,S00485,E00015,,117.0
I001070,2024-05-26,IN,APAC,Oncology,Group Meeting,S00826,E00105,Scientific exchange on clinical data,75.0
I001071,2025-04-28,ITA,EMEA,Vaccines,1:1 Meeting,S01572,E00579,Speaker program educational session,19.0
I001072,2025-03-21,USA,Americas,Oncology,Group Meeting,S00040,E00670,Scientific exchange on clinical data,63.0
I001073,2024-08-08,IT,EMEA,Vaccines,Speaker Program,S00556,E00941,Scientific exchange on clinical data,92.0
I001074,2024-03-11,India,APAC,Oncology,1:1 Meeting,S00821,E00839,Training and best practice sharing,12.0
I001075,2024-08-06,FRA,EMEA,Primary Care,1:1 Meeting,S00894,E00894,Training and best practice sharing,37.0
I001076,2024-08-25,US,Americas,Specialty,Advisory Board,S01301,E00664,Product information discussion (on-label),
I001077,2025-01-06,Mexico,Americas,Primary Care,1:1 Meeting,S00457,E00616,Congress meeting and follow-up,11.0
I001078,2024-06-04,BRA,Americas,Vaccines,Congress/Conference,S00589,E00342,Congress meeting and follow-up,104.0
I001079,2025-05-31,DEU,EMEA,Specialty,1:1 Meeting,S00188,E00953,Training and best practice sharing,32.0
I001080,2024-02-26,CA,Americas,Oncology,Speaker Program,S01582,E00278,Speaker program educational session,55.0
I001081,2024-01-19,MEX,Americas,Specialty,Advisory Board,S01370,E00313,Scientific exchange on clinical data,186.0
I001082,2024-11-18,France,EMEA,Primary Care,1:1 Meeting,S00919,E00069,Speaker program educational session,23.0
I001083,2024-06-01,DEU,EMEA,Oncology,1:1 Meeting,S00966,E00236,Product information discussion (on-label),35.0
I001084,2024-02-24,IN,APAC,Primary Care,Speaker Program,S01617,E00865,Congress meeting and follow-up,0.0
I001085,2025-03-11,Germany,EMEA,Respiratory,Advisory Board,S00683,E00237,Advisory board discussion on unmet needs,294.0
I001086,2024-07-16,India,APAC,Specialty,Group Meeting,S01068,E00941,Congress meeting and follow-up,55.0
I001087,2025-01-05,JPN,APAC,Respiratory,Speaker Program,S01627,E00179,Product information discussion (on-label),
I001088,2024-07-19,United States of America,Americas,Specialty,Speaker Program,S01417,E00314,Advisory board discussion on unmet needs,50.0
I001089,2025-05-23,U.S.,Americas,Respiratory,1:1 Meeting,S00220,E00365,Product information discussion (on-label),30.0
I001090,2024-01-17,ITA,EMEA,Oncology,Congress/Conference,S01214,E00829,Training and best practice sharing,143.0
I001091,2024-10-09,Mexico,Americas,Primary Care,Group Meeting,S01289,E00813,Congress meeting and follow-up,52.0
I001092,2024-01-19,IND,APAC,Vaccines,Speaker Program,S01220,E00568,Training and best practice sharing,
I001093,2025-06-12,FRA,EMEA,Vaccines,1:1 Meeting,S01107,E00609,Speaker program educational session,34.0
I001094,2024-03-21,CA,Americas,Respiratory,1:1 Meeting,S01539,E00962,Product information discussion (on-label),26.0
I001095,2025-02-27,UK,EMEA,Oncology,1:1 Meeting,S01455,E00585,Training and best practice sharing,29.0
I001096,2024-10-11,US,Americas,Oncology,Group Meeting,S00948,E00749,Scientific exchange on clinical data,84.0
I001097,2024-07-14,BR,Americas,Specialty,1:1 Meeting,S01762,E00463,Congress meeting and follow-up,49.0
I001098,2024-05-25,Canada,Americas,Vaccines,Group Meeting,S01628,E00949,Product information discussion (on-label),68.0
I001099,2024-02-26,United States of America,Americas,Specialty,1:1 Meeting,S00430,E00541,Scientific exchange on clinical data,21.0
I001100,2024-12-09,CAN,Americas,Oncology,Group Meeting,S00164,E00282,Market access discussion,
I001101,2024-10-05,Great Britain,EMEA,Respiratory,1:1 Meeting,S00342,E00854,Congress meeting and follow-up,
I001102,2024-09-08,MX,Americas,Specialty,Group Meeting,S00766,E00092,Scientific exchange on clinical data,35.0
I001103,2024-09-21,CAN,Americas,Vaccines,Group Meeting,S01370,E00327,Scientific exchange on clinical data,
I001104,2025-02-22,USA,Americas,Specialty,Congress/Conference,S01091,E00129,Speaker program educational session,183.0
I001105,2024-07-29,IN,APAC,Vaccines,1:1 Meeting,S01414,E00544,Scientific exchange on clinical data,43.0
I001106,2025-03-08,USA,Americas,Specialty,1:1 Meeting,S01464,E00473,Training and best practice sharing,19.0
I001107,2024-04-18,Italy,EMEA,Oncology,Speaker Program,S00901,E00081,Advisory board discussion on unmet needs,35.0
I001108,2024-04-05,JPN,APAC,Vaccines,1:1 Meeting,S01284,E00342,Product information discussion (on-label),30.0
I001109,2024-04-12,CA,Americas,Oncology,1:1 Meeting,S00177,E00667,Congress meeting and follow-up,0.0
I001110,2024-01-27,JP,APAC,Vaccines,Speaker Program,S00595,E00253,Congress meeting and follow-up,
I001111,2025-06-13,BR,Americas,Oncology,Speaker Program,S00325,E00558,Speaker program educational session,116.0
I001112,2024-03-22,U.S.,Americas,Vaccines,1:1 Meeting,S00523,E00263,Business discussion,33.0
I001113,2025-03-03,CA,Americas,Primary Care,1:1 Meeting,S00420,E00343,Speaker program educational session,38.0
I001114,2024-06-10,CA,Americas,Vaccines,Advisory Board,S01148,E00560,Product information discussion (on-label),0.0
I001115,2025-02-05,USA,Americas,Respiratory,Group Meeting,S00540,E00649,Advisory board discussion on unmet needs,51.0
I001116,2025-01-27,CAN,Americas,Respiratory,1:1 Meeting,S01633,E00046,Market access discussion,23.0
I001117,2025-05-08,CA,Americas,Vaccines,1:1 Meeting,S00355,E00518,Training and best practice sharing,32.0
I001118,2025-01-23,Japan,APAC,Primary Care,Speaker Program,S01448,E00243,Advisory board discussion on unmet needs,59.0
I001119,2025-02-01,BR,Americas,Specialty,Speaker Program,S00871,E00826,Product information discussion (on-label),113.0
I001120,2025-04-12,JPN,APAC,Vaccines,Advisory Board,S00427,E00605,Congress meeting and follow-up,161.0
I001121,2025-02-12,India,APAC,Respiratory,Advisory Board,S00480,E00220,Scientific exchange on clinical data,145.0
I001122,2025-02-07,Mexico,Americas,Respiratory,Group Meeting,S00715,E00198,Discussed topics,43.0
I001123,2024-11-06,FRA,EMEA,Specialty,Congress/Conference,S00537,E00070,Congress meeting and follow-up,114.0
I001124,2024-01-01,FR,EMEA,Oncology,Speaker Program,S00550,E00777,Congress meeting and follow-up,73.0
I001125,2024-05-14,United States,Americas,Specialty,Speaker Program,S00761,E00800,Market access discussion,86.0
I001126,2024-05-12,CA,Americas,Specialty,Speaker Program,S00568,E00558,Advisory board discussion on unmet needs,27.0
I001127,2024-06-26,GB,EMEA,Respiratory,1:1 Meeting,S00376,E00182,Advisory board discussion on unmet needs,45.0
I001128,2025-04-07,Great Britain,EMEA,Specialty,Speaker Program,S00205,E00111,Congress meeting and follow-up,
I001129,2024-04-17,DEU,EMEA,Oncology,Speaker Program,S01119,E00409,Training and best practice sharing,126.0
I001130,2024-09-08,France,EMEA,Specialty,1:1 Meeting,S01644,E00425,Congress meeting and follow-up,40.0
I001131,2025-05-17,FR,EMEA,Oncology,1:1 Meeting,S00062,E00062,,27.0
I001132,2025-05-12,DEU,EMEA,Oncology,Speaker Program,S01542,E00798,Congress meeting and follow-up,89.0
I001133,2025-04-30,US,Americas,Respiratory,1:1 Meeting,S00155,E00671,Speaker program educational session,46.0
I001134,2024-11-21,IN,APAC,Vaccines,Congress/Conference,S00228,E00584,Scientific exchange on clinical data,82.0
I001135,2024-12-22,Germany,EMEA,Vaccines,Congress/Conference,S00297,E00845,Advisory board discussion on unmet needs,57.0
I001136,2024-08-01,United States,Americas,Oncology,Speaker Program,S00702,E00186,Market access discussion,83.0
I001137,2024-03-14,MEX,Americas,Primary Care,Group Meeting,S00914,E00817,Follow-up,28.0
I001138,2024-09-25,FRA,EMEA,Vaccines,Advisory Board,S00268,E00482,,174.0
I001139,2025-01-10,US,Americas,Primary Care,Group Meeting,S00736,E00599,Congress meeting and follow-up,
I001140,2024-11-20,CAN,Americas,Respiratory,1:1 Meeting,S01724,E00094,Market access discussion,39.0
I001141,2024-10-03,Japan,APAC,Oncology,Advisory Board,S01139,E00439,Advisory board discussion on unmet needs,198.0
I001142,2025-04-27,United Kingdom,EMEA,Respiratory,1:1 Meeting,S00639,E00468,Congress meeting and follow-up,29.0
I001143,2024-09-15,MEX,Americas,Oncology,1:1 Meeting,S01734,E00581,Market access discussion,
I001144,2024-11-05,CA,Americas,Specialty,1:1 Meeting,S01496,E00641,Congress meeting and follow-up,24.0
I001145,2025-04-23,Germany,EMEA,Vaccines,1:1 Meeting,S00241,E00230,Advisory board discussion on unmet needs,24.0
I001146,2025-04-05,USA,Americas,Specialty,Advisory Board,S01489,E00504,,76.0
I001147,2024-11-19,JPN,APAC,Vaccines,Speaker Program,S00038,E00562,Product information discussion (on-label),55.0
I001148,2024-08-28,United States,Americas,Vaccines,Speaker Program,S01068,E00586,Product information discussion (on-label),105.0
I001149,2024-12-20,MEX,Americas,Vaccines,1:1 Meeting,S01543,E00760,Product information discussion (on-label),22.0
I001150,2024-12-13,India,APAC,Respiratory,Group Meeting,S01516,E00734,Speaker program educational session,74.0
I001151,2024-06-19,CAN,Americas,Respiratory,1:1 Meeting,S00529,E00398,Congress meeting and follow-up,28.0
I001152,2024-04-16,DEU,EMEA,Oncology,Speaker Program,S00199,E00741,Scientific exchange on clinical data,124.0
I001153,2025-03-14,MX,Americas,Primary Care,1:1 Meeting,S00676,E00514,Scientific exchange on clinical data,32.0
I001154,2025-01-30,JPN,APAC,Vaccines,Speaker Program,S00417,E00332,Product information discussion (on-label),99.0
I001155,2024-03-24,MX,Americas,Primary Care,1:1 Meeting,S01442,E00280,Business discussion,31.0
I001156,2025-06-08,Great Britain,EMEA,Vaccines,Group Meeting,S01447,E00789,Market access discussion,40.0
I001157,2024-04-29,MEX,Americas,Primary Care,Congress/Conference,S00306,E00985,Scientific exchange on clinical data,24.0
I001158,2024-12-01,FR,EMEA,Specialty,1:1 Meeting,S01618,E00935,Advisory board discussion on unmet needs,20.0
I001159,2024-06-21,U.S.,Americas,Primary Care,Speaker Program,S01270,E00097,Scientific exchange on clinical data,146.0
I001160,2024-04-26,CAN,Americas,Specialty,Group Meeting,S00671,E00355,Scientific exchange on clinical data,63.0
I001161,2024-07-02,USA,Americas,Vaccines,1:1 Meeting,S00837,E00025,,48.0
I001162,2025-06-26,Germany,EMEA,Specialty,1:1 Meeting,S01285,E00438,Congress meeting and follow-up,
I001163,2024-08-24,BRA,Americas,Oncology,1:1 Meeting,S00666,E00230,Speaker program educational session,9.0
I001164,2025-03-22,United States,Americas,Primary Care,1:1 Meeting,S00296,E00451,Scientific exchange on clinical data,29.0
I001165,2025-02-19,France,EMEA,Vaccines,1:1 Meeting,S01473,E00762,Training and best practice sharing,25.0
I001166,2025-04-08,FRA,EMEA,Oncology,Speaker Program,S00840,E00548,Advisory board discussion on unmet needs,94.0
I001167,2025-01-30,Canada,Americas,Oncology,1:1 Meeting,S00008,E00522,Market access discussion,34.0
I001168,2024-03-31,GB,EMEA,Primary Care,Congress/Conference,S01273,E00901,Training and best practice sharing,150.0
I001169,2024-03-10,BR,Americas,Vaccines,1:1 Meeting,S01185,E00062,Scientific exchange on clinical data,
I001170,2024-11-30,BRA,Americas,Oncology,Congress/Conference,S00299,E00129,Speaker program educational session,107.0
I001171,2025-01-03,Japan,APAC,Respiratory,Speaker Program,S00227,E00155,Market access discussion,98.0
I001172,2024-02-21,France,EMEA,Respiratory,Group Meeting,S00036,E00994,Scientific exchange on clinical data,85.0
I001173,2024-10-15,India,APAC,Respiratory,1:1 Meeting,S00401,E00560,Catch-up,48.0
I001174,2024-06-14,FR,EMEA,Respiratory,Group Meeting,S01025,E00896,Speaker program educational session,7.0
I001175,2025-01-08,MX,Americas,Oncology,1:1 Meeting,S01774,E00793,Advisory board discussion on unmet needs,28.0
I001176,2025-04-23,FRA,EMEA,Primary Care,Speaker Program,S01488,E00191,Discussed topics,64.0
I001177,2024-10-26,ITA,EMEA,Specialty,1:1 Meeting,S00206,E00731,Advisory board discussion on unmet needs,24.0
I001178,2024-12-23,Germany,EMEA,Respiratory,1:1 Meeting,S01696,E00607,Speaker program educational session,
I001179,2024-06-11,DE,EMEA,Oncology,Group Meeting,S00493,E00110,Training and best practice sharing,124.0
I001180,2025-04-08,United States,Americas,Vaccines,Group Meeting,S01552,E00398,Market access discussion,29.0
I001181,2025-01-09,IND,APAC,Primary Care,Speaker Program,S01328,E00292,Speaker program educational session,56.0
I001182,2024-07-07,U.S.,Americas,Specialty,Congress/Conference,S00698,E00229,Advisory board discussion on unmet needs,112.0
I001183,2024-11-09,Brazil,Americas,Vaccines,1:1 Meeting,S01597,E00480,Product information discussion (on-label),16.0
I001184,2025-06-02,MX,Americas,Respiratory,Speaker Program,S01261,E00482,Training and best practice sharing,107.0
I001185,2025-03-01,Germany,EMEA,Oncology,Group Meeting,S01097,E00203,Congress meeting and follow-up,
I001186,2024-08-11,USA,Americas,Primary Care,1:1 Meeting,S01380,E00741,Congress meeting and follow-up,25.0
I001187,2024-06-02,India,APAC,Primary Care,Advisory Board,S01573,E00139,Scientific exchange on clinical data,354.0
I001188,2024-12-14,JP,APAC,Oncology,1:1 Meeting,S01564,E00392,Scientific exchange on clinical data,32.0
I001189,2024-06-30,India,APAC,Primary Care,Speaker Program,S01270,E00707,Market access discussion,45.0
I001190,2024-01-03,US,Americas,Vaccines,Group Meeting,S01718,E00417,Business discussion,85.0
I001191,2024-03-04,United States of America,Americas,Respiratory,Group Meeting,S01602,E00161,Congress meeting and follow-up,94.0
I001192,2025-03-17,United States,Americas,Respiratory,Group Meeting,S01031,E00068,Congress meeting and follow-up,83.0
I001193,2024-07-21,JPN,APAC,Primary Care,Group Meeting,S00096,E00151,Training and best practice sharing,76.0
I001194,2024-04-11,Canada,Americas,Primary Care,1:1 Meeting,S01627,E00251,Speaker program educational session,35.0
I001195,2024-02-15,United States of America,Americas,Vaccines,Group Meeting,S01559,E00283,Congress meeting and follow-up,75.0
I001196,2025-03-22,JP,APAC,Vaccines,1:1 Meeting,S00506,E00566,Congress meeting and follow-up,33.0
I001197,2024-10-17,Great Britain,EMEA,Primary Care,Group Meeting,S00275,E00240,Speaker program educational session,57.0
I001198,2024-02-20,GB,EMEA,Vaccines,Group Meeting,S01664,E00613,Training and best practice sharing,77.0
I001199,2024-07-28,JP,APAC,Oncology,Group Meeting,S00960,E00145,Scientific exchange on clinical data,62.0
I001200,2024-09-14,United States,Americas,Oncology,Group Meeting,S01546,E00668,Market access discussion,46.0
I001201,2024-07-06,BR,Americas,Primary Care,Congress/Conference,S01086,E00017,Meeting,90.0
I001202,2024-03-25,IN,APAC,Specialty,1:1 Meeting,S00332,E00577,Product information discussion (on-label),13.0
I001203,2024-02-18,USA,Americas,Respiratory,Group Meeting,S00094,E00460,Product information discussion (on-label),
I001204,2025-01-21,Brazil,Americas,Vaccines,Group Meeting,S01447,E00212,Product information discussion (on-label),54.0
I001205,2025-01-23,FR,EMEA,Specialty,Advisory Board,S01084,E00442,Market access discussion,266.0
I001206,2024-12-11,BR,Americas,Respiratory,Congress/Conference,S01212,E00696,Advisory board discussion on unmet needs,74.0
I001207,2024-08-17,JP,APAC,Respiratory,Congress/Conference,S01237,E00791,Speaker program educational session,105.0
I001208,2024-09-17,IT,EMEA,Primary Care,Group Meeting,S00644,E00197,Catch-up,56.0
I001209,2024-09-27,Brazil,Americas,Primary Care,1:1 Meeting,S00326,E00447,Training and best practice sharing,26.0
I001210,2025-02-24,UK,EMEA,Oncology,Advisory Board,S00825,E00768,Follow-up,186.0
I001211,2024-09-15,Brazil,Americas,Vaccines,Group Meeting,S01712,E00476,Product information discussion (on-label),22.0
I001212,2024-05-28,USA,Americas,Primary Care,Speaker Program,S01113,E00381,Advisory board discussion on unmet needs,19.0
I001213,2025-03-13,CAN,Americas,Oncology,Congress/Conference,S00017,E00213,Market access discussion,120.0
I001214,2024-12-23,Japan,APAC,Vaccines,Speaker Program,S00546,E00189,,144.0
I001215,2024-06-22,Brazil,Americas,Vaccines,Group Meeting,S01652,E00083,Meeting,56.0
I001216,2024-07-17,FR,EMEA,Specialty,Advisory Board,S00847,E00856,Training and best practice sharing,213.0
I001217,2025-04-30,US,Americas,Primary Care,Group Meeting,S00888,E00248,Market access discussion,71.0
I001218,2024-09-20,Germany,EMEA,Specialty,Group Meeting,S01262,E00747,Advisory board discussion on unmet needs,74.0
I001219,2024-02-27,United States,Americas,Specialty,Congress/Conference,S01011,E00185,Product information discussion (on-label),188.0
I001220,2024-09-27,France,EMEA,Respiratory,Group Meeting,S00122,E00129,Training and best practice sharing,87.0
I001221,2025-01-28,MEX,Americas,Primary Care,1:1 Meeting,S00421,E00603,Product information discussion (on-label),16.0
I001222,2024-03-24,United Kingdom,EMEA,Oncology,1:1 Meeting,S00006,E00429,Scientific exchange on clinical data,33.0
I001223,2024-12-30,IN,APAC,Vaccines,1:1 Meeting,S01726,E00865,Meeting,42.0
I001224,2025-02-15,UK,EMEA,Specialty,1:1 Meeting,S00573,E00266,Advisory board discussion on unmet needs,33.0
I001225,2025-03-07,Germany,EMEA,Specialty,Speaker Program,S00344,E00251,Training and best practice sharing,129.0
I001226,2024-08-12,United States of America,Americas,Specialty,Congress/Conference,S00581,E00337,Congress meeting and follow-up,
I001227,2025-05-19,Japan,APAC,Primary Care,1:1 Meeting,S00427,E00639,Training and best practice sharing,41.0
I001228,2024-08-03,MX,Americas,Specialty,Speaker Program,S01101,E00028,Scientific exchange on clinical data,36.0
I001229,2025-06-24,JPN,APAC,Vaccines,Speaker Program,S01188,E00059,Training and best practice sharing,113.0
I001230,2024-08-07,United States,Americas,Vaccines,Speaker Program,S00498,E00991,Speaker program educational session,134.0
I001231,2024-08-08,United Kingdom,EMEA,Oncology,Advisory Board,S01587,E00888,Congress meeting and follow-up,113.0
I001232,2024-10-09,MX,Americas,Specialty,1:1 Meeting,S00156,E00720,Product information discussion (on-label),36.0
I001233,2024-02-27,BRA,Americas,Specialty,1:1 Meeting,S01042,E00645,,34.0
I001234,2024-05-08,Italy,EMEA,Oncology,Group Meeting,S00469,E00028,Speaker program educational session,0.0
I001235,2025-03-01,DEU,EMEA,Specialty,Speaker Program,S00217,E00065,Business discussion,100.0
I001236,2024-11-21,Japan,APAC,Vaccines,1:1 Meeting,S00216,E00307,Congress meeting and follow-up,43.0
I001237,2025-05-20,DE,EMEA,Respiratory,Congress/Conference,S00767,E00710,Congress meeting and follow-up,164.0
I001238,2025-02-07,India,APAC,Primary Care,1:1 Meeting,S01106,E00811,Discussed topics,35.0
I001239,2024-04-12,Italy,EMEA,Oncology,Group Meeting,S00407,E00985,Congress meeting and follow-up,57.0
I001240,2024-07-27,FR,EMEA,Respiratory,Congress/Conference,S00340,E00349,Scientific exchange on clinical data,129.0
I001241,2024-04-26,IN,APAC,Primary Care,Group Meeting,S01087,E00197,Product information discussion (on-label),61.0
I001242,2025-05-09,US,Americas,Specialty,Speaker Program,S01041,E00273,Speaker program educational session,75.0
I001243,2024-02-15,IN,APAC,Vaccines,Group Meeting,S00803,E00173,Business discussion,45.0
I001244,2025-05-06,India,APAC,Oncology,Speaker Program,S00615,E00458,Advisory board discussion on unmet needs,111.0
I001245,2025-03-24,Great Britain,EMEA,Specialty,Group Meeting,S00504,E00945,,73.0
I001246,2024-08-30,IT,EMEA,Oncology,Speaker Program,S00840,E00409,Scientific exchange on clinical data,0.0
I001247,2024-07-25,Italy,EMEA,Specialty,Speaker Program,S01713,E00292,Business discussion,104.0
I001248,2024-04-24,Italy,EMEA,Specialty,1:1 Meeting,S00364,E00138,Advisory board discussion on unmet needs,20.0
I001249,2024-10-25,IND,APAC,Oncology,Congress/Conference,S01084,E00148,Scientific exchange on clinical data,113.0
I001250,2024-01-07,ITA,EMEA,Vaccines,1:1 Meeting,S00893,E00892,,43.0
I001251,2024-02-18,France,EMEA,Oncology,Speaker Program,S00556,E00434,Market access discussion,111.0
I001252,2025-03-30,JP,APAC,Vaccines,Speaker Program,S01624,E00633,Advisory board discussion on unmet needs,98.0
I001253,2024-10-02,FR,EMEA,Primary Care,Speaker Program,S01534,E00202,Speaker program educational session,110.0
I001254,2024-01-28,Great Britain,EMEA,Vaccines,1:1 Meeting,S01419,E00214,Training and best practice sharing,29.0
I001255,2024-11-28,JPN,APAC,Oncology,1:1 Meeting,S00697,E00103,Product information discussion (on-label),20.0
I001256,2024-04-21,U.S.,Americas,Primary Care,1:1 Meeting,S00085,E00904,Speaker program educational session,23.0
I001257,2024-11-05,United States,Americas,Primary Care,1:1 Meeting,S01600,E00344,Congress meeting and follow-up,38.0
I001258,2024-11-20,U.S.,Americas,Primary Care,Group Meeting,S00758,E00764,Scientific exchange on clinical data,21.0
I001259,2024-11-02,US,Americas,Respiratory,1:1 Meeting,S01447,E00273,Advisory board discussion on unmet needs,33.0
I001260,2025-01-06,India,APAC,Primary Care,1:1 Meeting,S00549,E00179,,20.0
I001261,2024-12-22,MX,Americas,Specialty,1:1 Meeting,S00160,E00269,Product information discussion (on-label),44.0
I001262,2025-06-17,DEU,EMEA,Respiratory,Congress/Conference,S01071,E00269,Congress meeting and follow-up,67.0
I001263,2024-03-06,Canada,Americas,Primary Care,Group Meeting,S00526,E00918,Advisory board discussion on unmet needs,84.0
I001264,2024-02-08,FR,EMEA,Primary Care,Group Meeting,S00179,E00532,Business discussion,84.0
I001265,2024-10-11,CA,Americas,Specialty,1:1 Meeting,S00226,E00012,Training and best practice sharing,
I001266,2024-12-01,U.S.,Americas,Specialty,1:1 Meeting,S01542,E00904,Product information discussion (on-label),
I001267,2024-07-06,Mexico,Americas,Specialty,Advisory Board,S00812,E00495,Market access discussion,
I001268,2024-04-10,Mexico,Americas,Specialty,Advisory Board,S00376,E00431,Training and best practice sharing,196.0
I001269,2025-05-28,JP,APAC,Oncology,1:1 Meeting,S01039,E00442,Training and best practice sharing,41.0
I001270,2024-02-28,JP,APAC,Respiratory,1:1 Meeting,S00624,E00697,Congress meeting and follow-up,42.0
I001271,2024-04-08,U.S.,Americas,Primary Care,Group Meeting,S01306,E00331,Advisory board discussion on unmet needs,50.0
I001272,2025-05-28,USA,Americas,Respiratory,1:1 Meeting,S01434,E00784,Product information discussion (on-label),26.0
I001273,2024-10-23,UK,EMEA,Vaccines,1:1 Meeting,S00334,E00592,Training and best practice sharing,31.0
I001274,2025-01-22,JPN,APAC,Respiratory,Group Meeting,S00165,E00690,Congress meeting and follow-up,61.0
I001275,2024-05-19,FRA,EMEA,Specialty,Group Meeting,S00478,E00475,Training and best practice sharing,28.0
I001276,2024-01-12,Germany,EMEA,Oncology,1:1 Meeting,S00324,E00031,Advisory board discussion on unmet needs,29.0
I001277,2025-01-23,IN,APAC,Specialty,Congress/Conference,S00620,E00704,Training and best practice sharing,
I001278,2024-04-09,IT,EMEA,Oncology,1:1 Meeting,S00131,E00632,Congress meeting and follow-up,36.0
I001279,2024-01-09,DEU,EMEA,Respiratory,Group Meeting,S00570,E00675,Market access discussion,50.0
I001280,2025-01-24,United States,Americas,Respiratory,Speaker Program,S00966,E00515,Speaker program educational session,58.0
I001281,2024-06-05,FRA,EMEA,Respiratory,1:1 Meeting,S01548,E00777,Training and best practice sharing,17.0
I001282,2025-03-16,IN,APAC,Respiratory,Speaker Program,S00004,E00205,Discussed topics,123.0
I001283,2024-06-20,India,APAC,Vaccines,1:1 Meeting,S00099,E00209,Training and best practice sharing,
I001284,2025-06-15,BRA,Americas,Oncology,Speaker Program,S00340,E00616,Training and best practice sharing,94.0
I001285,2024-04-21,FRA,EMEA,Vaccines,1:1 Meeting,S00040,E00469,Congress meeting and follow-up,38.0
I001286,2024-04-01,Brazil,Americas,Primary Care,Speaker Program,S00859,E00553,Product information discussion (on-label),0.0
I001287,2024-02-21,Japan,APAC,Oncology,1:1 Meeting,S00032,E00571,Product information discussion (on-label),
I001288,2024-08-23,CA,Americas,Oncology,Advisory Board,S00542,E00288,Advisory board discussion on unmet needs,234.0
I001289,2025-01-08,CAN,Americas,Oncology,Group Meeting,S00167,E00183,Advisory board discussion on unmet needs,61.0
I001290,2025-06-25,GB,EMEA,Specialty,1:1 Meeting,S00039,E00600,,28.0
I001291,2024-04-23,MX,Americas,Oncology,Group Meeting,S01443,E00061,Meeting,76.0
I001292,2024-09-09,US,Americas,Primary Care,Speaker Program,S00727,E00228,Discussed topics,71.0
I001293,2025-01-20,JP,APAC,Primary Care,1:1 Meeting,S00498,E00895,Congress meeting and follow-up,30.0
I001294,2025-06-20,UK,EMEA,Respiratory,1:1 Meeting,S01021,E00255,Advisory board discussion on unmet needs,31.0
I001295,2024-05-20,IT,EMEA,Oncology,1:1 Meeting,S00950,E00619,Advisory board discussion on unmet needs,34.0
I001296,2024-01-31,MX,Americas,Oncology,Congress/Conference,S01752,E00909,Advisory board discussion on unmet needs,81.0
I001297,2024-02-16,USA,Americas,Oncology,1:1 Meeting,S00264,E00012,Congress meeting and follow-up,29.0
I001298,2024-02-27,United States of America,Americas,Primary Care,1:1 Meeting,S01209,E00931,Market access discussion,38.0
I001299,2024-04-15,DE,EMEA,Primary Care,Group Meeting,S01505,E00489,Product information discussion (on-label),81.0
I001300,2025-01-17,UK,EMEA,Oncology,Speaker Program,S00249,E00253,Speaker program educational session,118.0
I001301,2024-06-10,United States,Americas,Specialty,1:1 Meeting,S01528,E00195,,23.0
I001302,2025-03-29,DE,EMEA,Vaccines,1:1 Meeting,S01349,E00716,Scientific exchange on clinical data,32.0
I001303,2025-01-31,IND,APAC,Specialty,Group Meeting,S01784,E00292,Advisory board discussion on unmet needs,62.0
I001304,2025-02-11,BR,Americas,Specialty,Group Meeting,S01728,E00557,Speaker program educational session,52.0
I001305,2024-07-16,France,EMEA,Specialty,1:1 Meeting,S00024,E00338,Advisory board discussion on unmet needs,34.0
I001306,2025-04-28,United States of America,Americas,Oncology,Congress/Conference,S00877,E00624,Congress meeting and follow-up,175.0
I001307,2025-03-25,CAN,Americas,Respiratory,Group Meeting,S01673,E00035,Scientific exchange on clinical data,67.0
I001308,2024-04-09,FRA,EMEA,Vaccines,1:1 Meeting,S00837,E00419,Advisory board discussion on unmet needs,27.0
I001309,2024-10-04,United Kingdom,EMEA,Primary Care,Group Meeting,S00014,E00318,Advisory board discussion on unmet needs,51.0
I001310,2025-05-05,IN,APAC,Oncology,1:1 Meeting,S00647,E00871,Market access discussion,11.0
I001311,2024-09-11,CAN,Americas,Primary Care,Speaker Program,S00859,E00089,Meeting,103.0
I001312,2024-11-24,GB,EMEA,Respiratory,Group Meeting,S01210,E00204,Market access discussion,36.0
I001313,2024-04-24,Great Britain,EMEA,Primary Care,1:1 Meeting,S00919,E00294,Product information discussion (on-label),687.0
I001314,2024-07-29,United Kingdom,EMEA,Specialty,1:1 Meeting,S00135,E00946,Scientific exchange on clinical data,24.0
I001315,2024-01-26,JPN,APAC,Vaccines,Congress/Conference,S01410,E00571,Market access discussion,162.0
I001316,2025-02-16,MX,Americas,Vaccines,1:1 Meeting,S00786,E00198,Speaker program educational session,2.0
I001317,2024-06-15,FR,EMEA,Vaccines,Group Meeting,S01655,E00098,Congress meeting and follow-up,46.0
I001318,2024-08-16,Germany,EMEA,Vaccines,Group Meeting,S00097,E00663,Follow-up,69.0
I001319,2025-01-01,India,APAC,Primary Care,Group Meeting,S00241,E00553,Training and best practice sharing,59.0
I001320,2025-06-07,US,Americas,Respiratory,Speaker Program,S00429,E00603,Scientific exchange on clinical data,95.0
I001321,2024-03-12,UK,EMEA,Respiratory,1:1 Meeting,S01402,E00972,Congress meeting and follow-up,36.0
I001322,2024-10-08,ITA,EMEA,Specialty,1:1 Meeting,S00693,E00093,Advisory board discussion on unmet needs,16.0
I001323,2024-05-12,Germany,EMEA,Oncology,Speaker Program,S00114,E00955,Congress meeting and follow-up,108.0
I001324,2024-01-18,JPN,APAC,Oncology,1:1 Meeting,S01036,E00738,Follow-up,25.0
I001325,2024-04-26,India,APAC,Respiratory,1:1 Meeting,S00190,E00554,Training and best practice sharing,14.0
I001326,2025-02-25,U.S.,Americas,Specialty,Group Meeting,S00776,E00103,Speaker program educational session,87.0
I001327,2025-01-03,DE,EMEA,Vaccines,Speaker Program,S01344,E00413,Advisory board discussion on unmet needs,115.0
I001328,2025-03-21,Germany,EMEA,Oncology,1:1 Meeting,S00975,E00489,Market access discussion,45.0
I001329,2024-07-04,UK,EMEA,Specialty,Group Meeting,S00403,E00082,Discussed topics,54.0
I001330,2025-06-21,MEX,Americas,Oncology,Group Meeting,S00996,E00824,Speaker program educational session,73.0
I001331,2024-04-08,ITA,EMEA,Vaccines,1:1 Meeting,S00028,E00142,Meeting,38.0
I001332,2025-03-30,UK,EMEA,Vaccines,Advisory Board,S00796,E00530,Scientific exchange on clinical data,196.0
I001333,2024-04-13,ITA,EMEA,Vaccines,1:1 Meeting,S00265,E00749,,32.0
I001334,2024-08-20,MX,Americas,Vaccines,Group Meeting,S01202,E00045,,43.0
I001335,2025-01-28,USA,Americas,Respiratory,1:1 Meeting,S00324,E00706,Market access discussion,22.0
I001336,2024-03-19,Great Britain,EMEA,Respiratory,1:1 Meeting,S00383,E00993,Advisory board discussion on unmet needs,37.0
I001337,2024-02-21,FRA,EMEA,Oncology,Congress/Conference,S01355,E00330,Scientific exchange on clinical data,150.0
I001338,2024-02-20,MEX,Americas,Respiratory,1:1 Meeting,S00585,E00948,Discussed topics,28.0
I001339,2024-07-04,Mexico,Americas,Primary Care,1:1 Meeting,S01085,E00217,Product information discussion (on-label),35.0
I001340,2025-03-18,MX,Americas,Primary Care,Speaker Program,S01011,E00632,Catch-up,7.0
I001341,2025-03-07,UK,EMEA,Primary Care,1:1 Meeting,S00063,E00459,,44.0
I001342,2024-07-28,FRA,EMEA,Vaccines,1:1 Meeting,S00748,E00028,Follow-up,39.0
I001343,2024-11-24,CA,Americas,Oncology,1:1 Meeting,S00193,E00324,Follow-up,35.0
I001344,2024-04-30,United States,Americas,Specialty,1:1 Meeting,S00630,E00453,Market access discussion,18.0
I001345,2025-03-27,IND,APAC,Primary Care,1:1 Meeting,S00958,E00598,Scientific exchange on clinical data,37.0
I001346,2024-01-29,IND,APAC,Respiratory,1:1 Meeting,S01523,E00960,Product information discussion (on-label),41.0
I001347,2025-06-07,Germany,EMEA,Primary Care,Group Meeting,S01014,E00271,Speaker program educational session,55.0
I001348,2024-06-21,JPN,APAC,Specialty,Congress/Conference,S01422,E00490,,95.0
I001349,2024-01-24,U.S.,Americas,Specialty,Speaker Program,S01236,E00369,Market access discussion,136.0
I001350,2025-05-17,Germany,EMEA,Specialty,Advisory Board,S01763,E00415,Speaker program educational session,135.0
I001351,2024-06-22,Japan,APAC,Oncology,1:1 Meeting,S01761,E00608,Congress meeting and follow-up,34.0
I001352,2024-12-16,Germany,EMEA,Respiratory,Group Meeting,S01335,E00145,Speaker program educational session,81.0
I001353,2024-10-25,United States of America,Americas,Respiratory,Advisory Board,S01559,E00818,Product information discussion (on-label),129.0
I001354,2024-03-04,MX,Americas,Specialty,Group Meeting,S00019,E00819,Training and best practice sharing,54.0
I001355,2024-08-02,United States,Americas,Oncology,Speaker Program,S00907,E00332,Advisory board discussion on unmet needs,99.0
I001356,2025-05-20,India,APAC,Oncology,Group Meeting,S00504,E00219,Market access discussion,58.0
I001357,2024-11-29,BR,Americas,Oncology,1:1 Meeting,S00418,E00962,Product information discussion (on-label),33.0
I001358,2025-01-27,India,APAC,Vaccines,Group Meeting,S00908,E00004,Speaker program educational session,41.0
I001359,2024-05-28,IN,APAC,Primary Care,Speaker Program,S00590,E00087,Market access discussion,77.0
I001360,2024-12-27,DE,EMEA,Oncology,1:1 Meeting,S01554,E00376,Scientific exchange on clinical data,43.0
I001361,2025-01-13,Great Britain,EMEA,Vaccines,Group Meeting,S00502,E00724,Training and best practice sharing,89.0
I001362,2024-12-21,UK,EMEA,Primary Care,Congress/Conference,S01493,E00073,Congress meeting and follow-up,99.0
I001363,2025-06-23,CAN,Americas,Respiratory,1:1 Meeting,S01534,E00589,Scientific exchange on clinical data,35.0
I001364,2024-09-04,Brazil,Americas,Vaccines,1:1 Meeting,S01271,E00911,Training and best practice sharing,35.0
I001365,2024-10-28,United Kingdom,EMEA,Oncology,1:1 Meeting,S00262,E00135,Advisory board discussion on unmet needs,34.0
I001366,2025-01-27,IN,APAC,Vaccines,1:1 Meeting,S00591,E00576,Advisory board discussion on unmet needs,
I001367,2024-03-25,IND,APAC,Specialty,Speaker Program,S00396,E00837,Speaker program educational session,93.0
I001368,2025-02-26,USA,Americas,Oncology,Group Meeting,S01529,E00517,Advisory board discussion on unmet needs,35.0
I001369,2024-06-22,DE,EMEA,Respiratory,1:1 Meeting,S01330,E00495,Product information discussion (on-label),30.0
I001370,2024-01-02,IN,APAC,Specialty,1:1 Meeting,S00524,E00590,Congress meeting and follow-up,27.0
I001371,2024-04-10,Italy,EMEA,Primary Care,1:1 Meeting,S01407,E00455,Market access discussion,8.0
I001372,2024-09-11,Great Britain,EMEA,Oncology,Speaker Program,S00809,E00824,Product information discussion (on-label),156.0
I001373,2024-11-12,United States of America,Americas,Vaccines,1:1 Meeting,S00730,E00923,Speaker program educational session,32.0
I001374,2025-01-20,Canada,Americas,Primary Care,1:1 Meeting,S01554,E00368,Product information discussion (on-label),24.0
I001375,2024-01-26,United States,Americas,Oncology,1:1 Meeting,S00692,E00534,Market access discussion,17.0
I001376,2025-05-27,IT,EMEA,Primary Care,Advisory Board,S00219,E00158,Discussed topics,176.0
I001377,2024-01-13,Canada,Americas,Vaccines,Speaker Program,S01737,E00854,Scientific exchange on clinical data,105.0
I001378,2025-01-05,GB,EMEA,Oncology,Group Meeting,S01496,E00066,Discussed topics,32.0
I001379,2024-10-17,USA,Americas,Specialty,1:1 Meeting,S00843,E00063,Discussed topics,21.0
I001380,2024-07-23,United States of America,Americas,Respiratory,Group Meeting,S00570,E00765,Product information discussion (on-label),60.0
I001381,2025-01-21,Brazil,Americas,Oncology,Group Meeting,S01682,E00917,Advisory board discussion on unmet needs,72.0
I001382,2024/03/09,DEU,EMEA,Oncology,1:1 Meeting,S01079,E00014,Training and best practice sharing,31.0
I001383,2025-04-16,BR,Americas,Respiratory,Congress/Conference,S00030,E00587,,146.0
I001384,2024-08-03,Mexico,Americas,Respiratory,Speaker Program,S01348,E00443,Training and best practice sharing,0.0
I001385,2024-07-30,Japan,APAC,Vaccines,1:1 Meeting,S01087,E00615,,20.0
I001386,2024-11-27,GB,EMEA,Specialty,Speaker Program,S00198,E00578,Product information discussion (on-label),93.0
I001387,2024-09-12,Canada,Americas,Vaccines,1:1 Meeting,S00137,E00526,Market access discussion,27.0
I001388,2024-06-20,BR,Americas,Specialty,Group Meeting,S00656,E00806,Speaker program educational session,51.0
I001389,2025-05-12,U.S.,Americas,Specialty,Speaker Program,S00880,E00032,Training and best practice sharing,90.0
I001390,2025-05-21,ITA,EMEA,Oncology,1:1 Meeting,S01058,E00215,Catch-up,28.0
I001391,2025-06-10,Germany,EMEA,Vaccines,1:1 Meeting,S01663,E00543,Advisory board discussion on unmet needs,36.0
I001392,2024-08-01,Great Britain,EMEA,Primary Care,Group Meeting,S01154,E00320,Advisory board discussion on unmet needs,33.0
I001393,2024-07-26,IND,APAC,Specialty,1:1 Meeting,S00244,E00462,Advisory board discussion on unmet needs,
I001394,2024-10-31,Great Britain,EMEA,Vaccines,Speaker Program,S01665,E00816,Market access discussion,102.0
I001395,2024-05-25,US,Americas,Respiratory,1:1 Meeting,S00955,E00458,Product information discussion (on-label),32.0
I001396,2024-02-29,DEU,EMEA,Respiratory,Speaker Program,S01677,E00900,Market access discussion,122.0
I001397,2024-11-06,U.S.,Americas,Respiratory,Speaker Program,S01012,E00617,Training and best practice sharing,52.0
I001398,2025-06-24,U.S.,Americas,Respiratory,Advisory Board,S00540,E00564,Scientific exchange on clinical data,164.0
I001399,2024-03-19,United States,Americas,Specialty,1:1 Meeting,S01396,E00112,Market access discussion,44.0
I001400,2025-02-04,Mexico,Americas,Respiratory,Speaker Program,S01162,E00663,Training and best practice sharing,90.0
I001401,2024-10-05,Japan,APAC,Vaccines,1:1 Meeting,S01001,E00008,Scientific exchange on clinical data,36.0
I001402,2025-02-01,BRA,Americas,Specialty,Advisory Board,S01597,E00151,Advisory board discussion on unmet needs,181.0
I001403,2024-06-06,BRA,Americas,Oncology,1:1 Meeting,S01245,E00924,Catch-up,29.0
I001404,2025-04-10,India,APAC,Respiratory,Group Meeting,S01772,E00231,Training and best practice sharing,85.0
I001405,2025-03-21,IN,APAC,Specialty,Group Meeting,S01348,E00921,Market access discussion,65.0
I001406,2025-06-13,IT,EMEA,Vaccines,1:1 Meeting,S01319,E00096,Congress meeting and follow-up,33.0
I001407,2024-03-13,DEU,EMEA,Primary Care,1:1 Meeting,S01043,E00551,Product information discussion (on-label),28.0
I001408,2024-01-17,Great Britain,EMEA,Vaccines,Group Meeting,S00465,E00664,Product information discussion (on-label),16.0
I001409,2025-06-14,Japan,APAC,Respiratory,1:1 Meeting,S01524,E00039,Congress meeting and follow-up,37.0
I001410,2025-06-29,Germany,EMEA,Primary Care,Group Meeting,S01286,E00274,Congress meeting and follow-up,46.0
I001411,2024-07-20,GB,EMEA,Specialty,Group Meeting,S00867,E00744,Follow-up,52.0
I001412,2025-02-03,BRA,Americas,Oncology,1:1 Meeting,S00427,E00890,Advisory board discussion on unmet needs,32.0
I001413,2024-08-05,IN,APAC,Oncology,Advisory Board,S01043,E00403,Discussed topics,167.0
I001414,2024-01-07,MX,Americas,Primary Care,1:1 Meeting,S01683,E00233,Speaker program educational session,16.0
I001415,2024-09-28,IN,APAC,Primary Care,1:1 Meeting,S01195,E00444,Speaker program educational session,26.0
I001416,2025-06-07,IND,APAC,Oncology,Speaker Program,S00251,E00354,Market access discussion,111.0
I001417,2024-01-21,CA,Americas,Respiratory,Speaker Program,S00131,E00453,Congress meeting and follow-up,0.0
I001418,2024-10-14,MEX,Americas,Vaccines,1:1 Meeting,S00588,E00913,Market access discussion,33.0
I001419,2024-05-13,UK,EMEA,Respiratory,Advisory Board,S01152,E00209,Advisory board discussion on unmet needs,279.0
I001420,2024-03-06,MEX,Americas,Primary Care,1:1 Meeting,S00495,E00995,Training and best practice sharing,27.0
I001421,2025-03-12,U.S.,Americas,Respiratory,1:1 Meeting,S01678,E00192,Scientific exchange on clinical data,29.0
I001422,2024-04-12,Canada,Americas,Oncology,1:1 Meeting,S00160,E00002,Advisory board discussion on unmet needs,26.0
I001423,2024-04-10,U.S.,Americas,Specialty,Speaker Program,S01432,E00226,Advisory board discussion on unmet needs,
I001424,2025-04-07,MX,Americas,Oncology,1:1 Meeting,S01265,E00759,Follow-up,21.0
I001425,2024-08-24,JP,APAC,Vaccines,1:1 Meeting,S00056,E00632,Meeting,26.0
I001426,2024-06-30,Italy,EMEA,Primary Care,Speaker Program,S01657,E00386,Advisory board discussion on unmet needs,103.0
I001427,2025-06-26,MEX,Americas,Primary Care,Group Meeting,S01317,E00391,Market access discussion,73.0
I001428,2024-09-29,Italy,EMEA,Primary Care,Group Meeting,S00612,E00623,Training and best practice sharing,54.0
I001429,2024-08-19,CA,Americas,Primary Care,1:1 Meeting,S01493,E00740,Speaker program educational session,25.0
I001430,2024-01-24,United Kingdom,EMEA,Oncology,1:1 Meeting,S00370,E00547,Advisory board discussion on unmet needs,
I001431,2024-04-18,Germany,EMEA,Primary Care,1:1 Meeting,S01498,E00757,Advisory board discussion on unmet needs,46.0
I001432,2024-07-05,United States of America,Americas,Respiratory,1:1 Meeting,S01059,E00478,Scientific exchange on clinical data,35.0
I001433,2024-10-14,France,EMEA,Specialty,1:1 Meeting,S01333,E00446,Speaker program educational session,29.0
I001434,2024-08-14,U.S.,Americas,Respiratory,1:1 Meeting,S00499,E00088,Speaker program educational session,39.0
I001435,2024-11-15,MEX,Americas,Specialty,1:1 Meeting,S01639,E00016,Congress meeting and follow-up,15.0
I001436,2024-08-22,BR,Americas,Oncology,1:1 Meeting,S00678,E00780,Scientific exchange on clinical data,31.0
I001437,2025-03-08,United Kingdom,EMEA,Specialty,Advisory Board,S01657,E00739,Scientific exchange on clinical data,183.0
I001438,2025-02-06,US,Americas,Vaccines,Advisory Board,S01029,E00443,,273.0
I001439,2025-01-30,United Kingdom,EMEA,Specialty,Speaker Program,S01518,E00098,Scientific exchange on clinical data,
I001440,2025-04-07,Germany,EMEA,Respiratory,1:1 Meeting,S00040,E00098,Market access discussion,39.0
I001441,2025-06-24,USA,Americas,Specialty,1:1 Meeting,S00065,E00328,Scientific exchange on clinical data,21.0
I001442,2024-05-09,India,APAC,Vaccines,Congress/Conference,S01514,E00629,Congress meeting and follow-up,123.0
I001443,2024-03-24,MEX,Americas,Specialty,Advisory Board,S00357,E00373,Advisory board discussion on unmet needs,167.0
I001444,2024-06-14,DE,EMEA,Oncology,1:1 Meeting,S00683,E00130,Speaker program educational session,20.0
I001445,2024-02-28,Japan,APAC,Specialty,1:1 Meeting,S01049,E00441,Congress meeting and follow-up,28.0
I001446,2025-05-18,Italy,EMEA,Oncology,1:1 Meeting,S00970,E00641,Market access discussion,44.0
I001447,2024-05-02,IN,APAC,Specialty,1:1 Meeting,S01710,E00793,Product information discussion (on-label),24.0
I001448,2024-09-30,MX,Americas,Vaccines,1:1 Meeting,S01565,E00919,Congress meeting and follow-up,33.0
I001449,2025-03-14,IT,EMEA,Vaccines,1:1 Meeting,S01604,E00379,Speaker program educational session,35.0
I001450,2024-03-18,CAN,Americas,Oncology,1:1 Meeting,S00651,E00683,Product information discussion (on-label),19.0
I001451,2025-02-15,UK,EMEA,Respiratory,1:1 Meeting,S00695,E00766,Product information discussion (on-label),19.0
I001452,2024-06-19,France,EMEA,Primary Care,1:1 Meeting,S00321,E00657,Market access discussion,36.0
I001453,2024-01-15,France,EMEA,Specialty,Congress/Conference,S00587,E00421,Scientific exchange on clinical data,125.0
I001454,2025-01-06,Italy,EMEA,Respiratory,Speaker Program,S01159,E00482,Congress meeting and follow-up,85.0
I001455,2025-04-24,Italy,EMEA,Primary Care,Group Meeting,S01380,E00970,Advisory board discussion on unmet needs,45.0
I001456,2024-09-16,United States,Americas,Vaccines,1:1 Meeting,S00427,E00486,,15.0
I001457,2025-06-04,Germany,EMEA,Respiratory,1:1 Meeting,S00988,E00982,Market access discussion,33.0
I001458,2024-08-30,US,Americas,Vaccines,Congress/Conference,S00816,E00803,Advisory board discussion on unmet needs,61.0
I001459,2025-05-26,United Kingdom,EMEA,Respiratory,Congress/Conference,S01297,E00169,Training and best practice sharing,75.0
I001460,2025-06-01,Brazil,Americas,Respiratory,Group Meeting,S01206,E00646,Congress meeting and follow-up,51.0
I001461,2024-08-01,CAN,Americas,Vaccines,Advisory Board,S00848,E00720,Product information discussion (on-label),63.0
I001462,2025-02-02,United States of America,Americas,Respiratory,Advisory Board,S00674,E00226,Speaker program educational session,229.0
I001463,2025-02-10,US,Americas,Oncology,Group Meeting,S00506,E00582,Advisory board discussion on unmet needs,
I001464,2024-08-09,CA,Americas,Specialty,1:1 Meeting,S01364,E00430,Congress meeting and follow-up,72.0
I001465,2024-06-04,United States,Americas,Respiratory,1:1 Meeting,S01416,E00272,Congress meeting and follow-up,15.0
I001466,2025-02-19,Canada,Americas,Respiratory,Speaker Program,S00821,E00011,Scientific exchange on clinical data,71.0
I001467,2024-11-21,United Kingdom,EMEA,Specialty,Group Meeting,S00080,E00155,Scientific exchange on clinical data,44.0
I001468,2024-08-16,IND,APAC,Vaccines,Group Meeting,S01234,E00041,Speaker program educational session,51.0
I001469,2024-10-06,Canada,Americas,Primary Care,1:1 Meeting,S00320,E00062,Congress meeting and follow-up,30.0
I001470,2024-04-25,Brazil,Americas,Respiratory,Speaker Program,S01114,E00392,Scientific exchange on clinical data,120.0
I001471,2024-02-11,DEU,EMEA,Specialty,Group Meeting,S00201,E00597,Speaker program educational session,42.0
I001472,2025-04-10,GB,EMEA,Specialty,Congress/Conference,S01067,E00569,Congress meeting and follow-up,68.0
I001473,2024-10-06,FR,EMEA,Oncology,Congress/Conference,S00154,E00792,Speaker program educational session,149.0
I001474,2024-11-04,Great Britain,EMEA,Specialty,1:1 Meeting,S00490,E00568,Congress meeting and follow-up,33.0
I001475,2025-03-31,US,Americas,Respiratory,Congress/Conference,S00347,E00256,Follow-up,107.0
I001476,2024-11-23,Germany,EMEA,Vaccines,1:1 Meeting,S01359,E00444,Training and best practice sharing,24.0
I001477,2024-04-12,Canada,Americas,Specialty,Group Meeting,S01018,E00758,Product information discussion (on-label),53.0
I001478,2024-10-19,CAN,Americas,Oncology,1:1 Meeting,S01224,E00722,Product information discussion (on-label),30.0
I001479,2024-01-07,MEX,Americas,Respiratory,Advisory Board,S00120,E00032,Product information discussion (on-label),123.0
I001480,2024-07-08,UK,EMEA,Specialty,1:1 Meeting,S01594,E00517,Market access discussion,36.0
I001481,2025-04-20,IT,EMEA,Specialty,Group Meeting,S00741,E00415,Market access discussion,61.0
I001482,2024-07-15,United Kingdom,EMEA,Primary Care,Speaker Program,S00456,E00006,Training and best practice sharing,19.0
I001483,2025-01-01,Japan,APAC,Respiratory,1:1 Meeting,S01655,E00106,Product information discussion (on-label),599.0
I001484,2025-01-14,IND,APAC,Vaccines,1:1 Meeting,S01099,E00145,Scientific exchange on clinical data,0.0
I001485,2025-04-15,United States of America,Americas,Specialty,Speaker Program,S00304,E00186,Speaker program educational session,
I001486,2024-02-27,United States,Americas,Respiratory,1:1 Meeting,S00609,E00033,Product information discussion (on-label),0.0
I001487,2025-06-04,DE,EMEA,Vaccines,1:1 Meeting,S00505,E00356,Speaker program educational session,36.0
I001488,2024-06-21,CAN,Americas,Specialty,Group Meeting,S01087,E00607,Scientific exchange on clinical data,89.0
I001489,2024-08-21,France,EMEA,Oncology,1:1 Meeting,S00084,E00614,Scientific exchange on clinical data,
I001490,2024-11-30,United Kingdom,EMEA,Vaccines,1:1 Meeting,S01776,E00730,Training and best practice sharing,31.0
I001491,2024-12-01,CAN,Americas,Primary Care,1:1 Meeting,S01139,E00420,Scientific exchange on clinical data,22.0
I001492,2024-11-19,Brazil,Americas,Respiratory,Group Meeting,S00458,E00024,Market access discussion,52.0
I001493,2024-05-26,IN,APAC,Specialty,1:1 Meeting,S01199,E00792,Market access discussion,46.0
I001494,2025-01-28,DE,EMEA,Specialty,Group Meeting,S00825,E00611,Speaker program educational session,83.0
I001495,2024-12-04,MX,Americas,Primary Care,1:1 Meeting,S00043,E00558,Catch-up,28.0
I001496,2024-04-14,MX,Americas,Vaccines,1:1 Meeting,S00736,E00916,Business discussion,31.0
I001497,2025-04-10,France,EMEA,Oncology,Advisory Board,S00927,E00775,Advisory board discussion on unmet needs,
I001498,2024-08-08,Canada,Americas,Oncology,1:1 Meeting,S00142,E00307,Scientific exchange on clinical data,42.0
I001499,2025-01-13,Brazil,Americas,Oncology,1:1 Meeting,S00330,E00656,Training and best practice sharing,36.0
I001500,2024-12-14,France,EMEA,Vaccines,1:1 Meeting,S01384,E00189,,27.0
I001501,2024-08-12,DE,EMEA,Oncology,1:1 Meeting,S00631,E00114,Scientific exchange on clinical data,36.0
I001502,2024-01-06,France,EMEA,Primary Care,Group Meeting,S01198,E00951,Scientific exchange on clinical data,87.0
I001503,2024-08-23,France,EMEA,Vaccines,Advisory Board,S01563,E00219,Speaker program educational session,267.0
I001504,2025-04-24,Great Britain,EMEA,Primary Care,1:1 Meeting,S01660,E00143,Advisory board discussion on unmet needs,31.0
I001505,2024-06-03,United States,Americas,Respiratory,1:1 Meeting,S00907,E00162,,28.0
I001506,2025-05-24,IT,EMEA,Respiratory,Group Meeting,S00363,E00927,Product information discussion (on-label),47.0
I001507,2024-10-24,United Kingdom,EMEA,Vaccines,1:1 Meeting,S00259,E00840,Congress meeting and follow-up,18.0
I001508,2025-02-22,FR,EMEA,Primary Care,Speaker Program,S00310,E00047,Market access discussion,
I001509,2024-07-17,India,APAC,Oncology,1:1 Meeting,S00174,E00619,Market access discussion,
I001510,2024-05-31,ITA,EMEA,Specialty,Group Meeting,S00772,E00733,Speaker program educational session,81.0
I001511,2024-10-28,France,EMEA,Oncology,1:1 Meeting,S01274,E00832,Market access discussion,30.0
I001512,2024-10-28,US,Americas,Specialty,Speaker Program,S00789,E00667,Speaker program educational session,84.0
I001513,2024-02-07,ITA,EMEA,Primary Care,Group Meeting,S00910,E00014,Advisory board discussion on unmet needs,63.0
I001514,2024-12-13,Great Britain,EMEA,Vaccines,1:1 Meeting,S01022,E00439,Market access discussion,59.0
I001515,2025-06-29,United States of America,Americas,Vaccines,Group Meeting,S00328,E00568,Product information discussion (on-label),88.0
I001516,2024-09-29,U.S.,Americas,Specialty,Advisory Board,S01383,E00117,Product information discussion (on-label),187.0
I001517,2024-06-09,IN,APAC,Specialty,1:1 Meeting,S00278,E00155,Scientific exchange on clinical data,51.0
I001518,2024-01-09,JP,APAC,Respiratory,Group Meeting,S01326,E00525,Training and best practice sharing,66.0
I001519,2025-03-19,USA,Americas,Vaccines,Speaker Program,S01529,E00251,Congress meeting and follow-up,98.0
I001520,2024-07-15,Great Britain,EMEA,Vaccines,Advisory Board,S00532,E00448,Congress meeting and follow-up,95.0
I001521,2024-04-24,JP,APAC,Respiratory,Group Meeting,S00212,E00503,Congress meeting and follow-up,123.0
I001522,2024-08-26,Great Britain,EMEA,Respiratory,Speaker Program,S00194,E00101,Speaker program educational session,
I001523,2024-10-28,IT,EMEA,Specialty,1:1 Meeting,S01774,E00813,Product information discussion (on-label),50.0
I001524,2024-08-20,FR,EMEA,Primary Care,Advisory Board,S01655,E00932,Training and best practice sharing,138.0
I001525,2024-07-13,Canada,Americas,Primary Care,1:1 Meeting,S01048,E00301,Speaker program educational session,38.0
I001526,2024-06-25,US,Americas,Oncology,1:1 Meeting,S00645,E00006,Product information discussion (on-label),34.0
I001527,2024-08-04,UK,EMEA,Specialty,Group Meeting,S00112,E00888,Product information discussion (on-label),66.0
I001528,2024-02-22,IN,APAC,Vaccines,1:1 Meeting,S01197,E00797,Advisory board discussion on unmet needs,48.0
I001529,2024-08-05,ITA,EMEA,Primary Care,Group Meeting,S00382,E00151,Training and best practice sharing,90.0
I001530,2024-09-09,IN,APAC,Vaccines,1:1 Meeting,S00707,E00996,Scientific exchange on clinical data,24.0
I001531,2024-06-28,India,APAC,Vaccines,1:1 Meeting,S00417,E00236,Market access discussion,41.0
I001532,2024-03-20,JP,APAC,Specialty,1:1 Meeting,S01498,E00902,Speaker program educational session,35.0
I001533,2024-01-22,Brazil,Americas,Oncology,Speaker Program,S00404,E00417,Training and best practice sharing,142.0
I001534,2024-04-02,US,Americas,Vaccines,Congress/Conference,S01626,E00846,Market access discussion,89.0
I001535,2024-07-10,BR,Americas,Primary Care,Speaker Program,S01674,E00260,Advisory board discussion on unmet needs,90.0
I001536,2024-08-18,India,APAC,Oncology,Speaker Program,S01618,E00522,Market access discussion,82.0
I001537,2024-08-27,IND,APAC,Oncology,Speaker Program,S00688,E00656,Congress meeting and follow-up,108.0
I001538,2024-12-19,CAN,Americas,Oncology,1:1 Meeting,S01465,E00854,Training and best practice sharing,29.0
I001539,2024-11-28,CA,Americas,Primary Care,Speaker Program,S01338,E00993,Product information discussion (on-label),511.0
I001540,2025-03-03,JPN,APAC,Respiratory,Group Meeting,S01451,E00658,Congress meeting and follow-up,63.0
I001541,2024-05-09,IND,APAC,Primary Care,Advisory Board,S00140,E00063,Congress meeting and follow-up,24.0
I001542,2024-10-10,Germany,EMEA,Primary Care,Advisory Board,S01300,E00671,Speaker program educational session,74.0
I001543,2024-08-10,U.S.,Americas,Respiratory,1:1 Meeting,S00212,E00945,Product information discussion (on-label),22.0
I001544,2024-05-19,MEX,Americas,Vaccines,Speaker Program,S01246,E00039,Congress meeting and follow-up,90.0
I001545,2024-12-22,IN,APAC,Specialty,1:1 Meeting,S00211,E00447,Training and best practice sharing,35.0
I001546,2024-09-26,U.S.,Americas,Respiratory,1:1 Meeting,S01693,E00852,Market access discussion,28.0
I001547,2024-11-28,United States,Americas,Vaccines,Group Meeting,S01772,E00029,Speaker program educational session,72.0
I001548,2024-08-27,MEX,Americas,Oncology,1:1 Meeting,S01446,E00154,Congress meeting and follow-up,47.0
I001549,2024-12-28,US,Americas,Specialty,1:1 Meeting,S01351,E00146,Scientific exchange on clinical data,40.0
I001550,2024-02-16,MEX,Americas,Primary Care,Group Meeting,S00877,E00562,,
I001551,2025-02-25,France,EMEA,Specialty,Group Meeting,S00947,E00184,Advisory board discussion on unmet needs,65.0
I001552,2024-04-28,IN,APAC,Vaccines,Speaker Program,S00258,E00896,Scientific exchange on clinical data,90.0
I001553,2025-01-16,JPN,APAC,Vaccines,1:1 Meeting,S01156,E00947,Training and best practice sharing,43.0
I001554,2024-10-15,UK,EMEA,Specialty,Congress/Conference,S01625,E00487,Training and best practice sharing,155.0
I001555,2024-12-02,France,EMEA,Oncology,1:1 Meeting,S00799,E00204,Advisory board discussion on unmet needs,
I001556,2025-02-10,IND,APAC,Primary Care,Speaker Program,S00605,E00692,Catch-up,89.0
I001557,2025-05-22,IN,APAC,Oncology,Speaker Program,S01268,E00855,Congress meeting and follow-up,103.0
I001558,2024-09-10,U.S.,Americas,Primary Care,1:1 Meeting,S00890,E00359,Congress meeting and follow-up,38.0
I001559,2025-04-21,Brazil,Americas,Specialty,Advisory Board,S01596,E00273,Training and best practice sharing,212.0
I001560,2024-07-26,Canada,Americas,Oncology,1:1 Meeting,S00747,E00201,Training and best practice sharing,30.0
I001561,2025-06-14,Japan,APAC,Specialty,Congress/Conference,S01441,E00014,Product information discussion (on-label),101.0
I001562,2024-06-29,France,EMEA,Respiratory,Speaker Program,S00674,E00039,Advisory board discussion on unmet needs,90.0
I001563,2025-03-19,BRA,Americas,Specialty,1:1 Meeting,S01148,E00586,Congress meeting and follow-up,26.0
I001564,2025-01-30,Great Britain,EMEA,Specialty,Advisory Board,S00592,E00520,Advisory board discussion on unmet needs,245.0
I001565,2024-04-12,BRA,Americas,Vaccines,Group Meeting,S00788,E00249,Product information discussion (on-label),60.0
I001566,2024-08-23,UK,EMEA,Specialty,Speaker Program,S00426,E00094,Product information discussion (on-label),140.0
I001567,2025-03-02,JP,APAC,Specialty,1:1 Meeting,S01104,E00342,Product information discussion (on-label),25.0
I001568,2024-06-30,U.S.,Americas,Vaccines,1:1 Meeting,S01505,E00692,Meeting,20.0
I001569,2024-09-05,JPN,APAC,Primary Care,Speaker Program,S00050,E00573,Scientific exchange on clinical data,65.0
I001570,2024-03-26,DEU,EMEA,Vaccines,Group Meeting,S01426,E00743,Advisory board discussion on unmet needs,78.0
I001571,2025-02-18,Japan,APAC,Specialty,Group Meeting,S00184,E00929,Congress meeting and follow-up,92.0
I001572,2024-05-12,Mexico,Americas,Respiratory,Speaker Program,S00008,E00829,Discussed topics,92.0
I001573,2024-11-09,FR,EMEA,Primary Care,Speaker Program,S01114,E00902,Follow-up,92.0
I001574,2024-02-15,India,APAC,Oncology,1:1 Meeting,S00182,E00249,Congress meeting and follow-up,18.0
I001575,2024-07-10,US,Americas,Specialty,1:1 Meeting,S00879,E00533,Training and best practice sharing,38.0
I001576,2024-11-29,Japan,APAC,Vaccines,Group Meeting,S01471,E00226,Meeting,34.0
I001577,2024-02-08,IND,APAC,Specialty,Speaker Program,S01256,E00444,Advisory board discussion on unmet needs,55.0
I001578,2024/02/23,Canada,Americas,Primary Care,Speaker Program,S00865,E00621,Scientific exchange on clinical data,151.0
I001579,2024-02-03,Italy,EMEA,Oncology,1:1 Meeting,S01414,E00888,Market access discussion,29.0
I001580,2024-04-27,Italy,EMEA,Specialty,1:1 Meeting,S01078,E00928,Training and best practice sharing,24.0
I001581,2024-07-30,BRA,Americas,Oncology,Speaker Program,S00326,E00189,Scientific exchange on clinical data,49.0
I001582,2024-06-06,United States of America,Americas,Oncology,Speaker Program,S00810,E00837,Market access discussion,63.0
I001583,2025-01-28,USA,Americas,Primary Care,1:1 Meeting,S00496,E00828,Product information discussion (on-label),49.0
I001584,2024-02-14,IT,EMEA,Respiratory,Group Meeting,S00779,E00304,Market access discussion,57.0
I001585,2024-04-17,USA,Americas,Vaccines,Group Meeting,S00596,E00128,Product information discussion (on-label),32.0
I001586,2024-06-25,MX,Americas,Specialty,1:1 Meeting,S01768,E00361,Scientific exchange on clinical data,21.0
I001587,2024-08-15,Brazil,Americas,Vaccines,Speaker Program,S01335,E00370,Congress meeting and follow-up,61.0
I001588,2024-09-23,Brazil,Americas,Oncology,1:1 Meeting,S01007,E00358,Training and best practice sharing,37.0
I001589,2025-01-13,USA,Americas,Vaccines,Group Meeting,S00308,E00349,Scientific exchange on clinical data,103.0
I001590,2024-12-22,Mexico,Americas,Vaccines,1:1 Meeting,S01318,E00616,Product information discussion (on-label),36.0
I001591,2024-07-22,India,APAC,Vaccines,1:1 Meeting,S00086,E00014,Training and best practice sharing,32.0
I001592,2024-06-29,United Kingdom,EMEA,Oncology,Speaker Program,S01438,E00825,Market access discussion,58.0
I001593,2025-05-13,IN,APAC,Primary Care,1:1 Meeting,S01602,E00707,Market access discussion,34.0
I001594,2024-07-18,UK,EMEA,Oncology,Advisory Board,S01476,E00390,Speaker program educational session,174.0
I001595,2024-08-27,DEU,EMEA,Vaccines,1:1 Meeting,S01343,E00440,Training and best practice sharing,28.0
I001596,2024-10-21,IN,APAC,Primary Care,1:1 Meeting,S01611,E00304,Market access discussion,35.0
I001597,2025-05-26,IN,APAC,Oncology,Group Meeting,S00443,E00445,Scientific exchange on clinical data,75.0
I001598,2024-05-17,BRA,Americas,Respiratory,1:1 Meeting,S01041,E00923,Training and best practice sharing,46.0
I001599,2024-05-08,DEU,EMEA,Primary Care,1:1 Meeting,S01785,E00999,Scientific exchange on clinical data,18.0
I001600,2025-06-19,Japan,APAC,Primary Care,Group Meeting,S00740,E00739,Market access discussion,15.0
I001601,2024-11-06,Brazil,Americas,Primary Care,Speaker Program,S01553,E00618,Market access discussion,69.0
I001602,2024-08-12,United Kingdom,EMEA,Respiratory,1:1 Meeting,S01301,E00808,Discussed topics,36.0
I001603,2024-01-11,Italy,EMEA,Primary Care,1:1 Meeting,S00720,E00113,Speaker program educational session,30.0
I001604,2025-03-27,IND,APAC,Respiratory,Speaker Program,S00430,E00352,Training and best practice sharing,81.0
I001605,2024-08-07,India,APAC,Specialty,Group Meeting,S01271,E00880,Scientific exchange on clinical data,52.0
I001606,2024-03-20,IND,APAC,Respiratory,Speaker Program,S01780,E00171,Congress meeting and follow-up,94.0
I001607,2024-12-18,IT,EMEA,Specialty,Group Meeting,S00705,E00114,Congress meeting and follow-up,68.0
I001608,2024-05-07,France,EMEA,Primary Care,Congress/Conference,S00532,E00648,Market access discussion,139.0
I001609,2025-06-26,FR,EMEA,Vaccines,1:1 Meeting,S00624,E00353,Market access discussion,25.0
I001610,2024-01-29,United States,Americas,Specialty,1:1 Meeting,S00221,E00426,Training and best practice sharing,24.0
I001611,2024-01-16,IN,APAC,Oncology,1:1 Meeting,S00867,E00737,Scientific exchange on clinical data,36.0
I001612,2025-02-08,USA,Americas,Primary Care,1:1 Meeting,S01047,E01000,Scientific exchange on clinical data,32.0
I001613,2025-06-14,US,Americas,Oncology,Advisory Board,S01619,E00865,Catch-up,166.0
I001614,2024-08-16,France,EMEA,Primary Care,Group Meeting,S01683,E00605,Market access discussion,46.0
I001615,2024-10-23,IN,APAC,Vaccines,Congress/Conference,S01558,E00221,Congress meeting and follow-up,153.0
I001616,2024-12-24,BRA,Americas,Vaccines,1:1 Meeting,S01332,E00156,Speaker program educational session,17.0
I001617,2024-11-19,United States of America,Americas,Specialty,Group Meeting,S00487,E00110,Product information discussion (on-label),70.0
I001618,2024-06-13,Mexico,Americas,Vaccines,Group Meeting,S00600,E00605,Congress meeting and follow-up,48.0
I001619,2025-03-30,IND,APAC,Specialty,1:1 Meeting,S01260,E00382,Training and best practice sharing,17.0
I001620,2024-01-10,BR,Americas,Vaccines,1:1 Meeting,S00220,E00329,Product information discussion (on-label),37.0
I001621,2024-04-01,United Kingdom,EMEA,Primary Care,Group Meeting,S00926,E00219,Congress meeting and follow-up,42.0
I001622,2024/12/05,IN,APAC,Oncology,Advisory Board,S01267,E00160,Scientific exchange on clinical data,250.0
I001623,2024-02-21,DEU,EMEA,Oncology,1:1 Meeting,S00992,E00117,,34.0
I001624,2025-05-23,France,EMEA,Respiratory,Group Meeting,S01722,E00747,,23.0
I001625,2024-06-01,United States,Americas,Oncology,Group Meeting,S01067,E00250,Speaker program educational session,
I001626,2024-01-06,USA,Americas,Primary Care,1:1 Meeting,S00927,E00780,Congress meeting and follow-up,20.0
I001627,2025-05-14,Germany,EMEA,Oncology,1:1 Meeting,S00610,E00641,Congress meeting and follow-up,33.0
I001628,2025-04-12,U.S.,Americas,Specialty,Group Meeting,S01362,E00136,Advisory board discussion on unmet needs,43.0
I001629,2024-06-09,United States of America,Americas,Respiratory,1:1 Meeting,S00305,E00003,Advisory board discussion on unmet needs,32.0
I001630,2024-12-05,IND,APAC,Vaccines,Group Meeting,S01377,E00397,,50.0
I001631,2025-02-16,MX,Americas,Vaccines,1:1 Meeting,S01437,E00491,Congress meeting and follow-up,40.0
I001632,2025-04-17,IN,APAC,Oncology,1:1 Meeting,S00095,E00044,Training and best practice sharing,9.0
I001633,2024-10-01,GB,EMEA,Oncology,Speaker Program,S00495,E00276,Congress meeting and follow-up,
I001634,2024-04-22,US,Americas,Specialty,1:1 Meeting,S01084,E00381,Congress meeting and follow-up,23.0
I001635,2024-03-31,FR,EMEA,Primary Care,1:1 Meeting,S00968,E00146,Advisory board discussion on unmet needs,19.0
I001636,2025-02-14,USA,Americas,Oncology,1:1 Meeting,S01402,E00831,Advisory board discussion on unmet needs,40.0
I001637,2025-01-11,MX,Americas,Oncology,Speaker Program,S01520,E00412,Scientific exchange on clinical data,31.0
I001638,2024-11-14,DEU,EMEA,Vaccines,Advisory Board,S01733,E00873,Follow-up,152.0
I001639,2025-01-03,Canada,Americas,Primary Care,1:1 Meeting,S00141,E00310,Advisory board discussion on unmet needs,21.0
I001640,2025-04-06,FRA,EMEA,Vaccines,Speaker Program,S00937,E00427,Speaker program educational session,119.0
I001641,2024-01-12,DE,EMEA,Respiratory,1:1 Meeting,S01090,E00755,Training and best practice sharing,32.0
I001642,2025-02-04,IT,EMEA,Respiratory,1:1 Meeting,S01046,E00925,,28.0
I001643,2024-06-25,MEX,Americas,Oncology,1:1 Meeting,S01313,E00234,Congress meeting and follow-up,36.0
I001644,2025-03-23,CA,Americas,Respiratory,Speaker Program,S01319,E00172,Scientific exchange on clinical data,92.0
I001645,2024-07-21,United States,Americas,Specialty,1:1 Meeting,S00168,E00557,Congress meeting and follow-up,2.0
I001646,2024-11-25,MEX,Americas,Oncology,1:1 Meeting,S01583,E00969,Product information discussion (on-label),51.0
I001647,2024-12-28,Japan,APAC,Respiratory,1:1 Meeting,S01706,E00591,Scientific exchange on clinical data,23.0
I001648,2024-06-03,United States of America,Americas,Vaccines,Speaker Program,S01119,E00875,Scientific exchange on clinical data,108.0
I001649,2024-07-04,India,APAC,Vaccines,1:1 Meeting,S01009,E00217,Product information discussion (on-label),23.0
I001650,2024-11-16,CA,Americas,Specialty,Group Meeting,S00345,E00611,Advisory board discussion on unmet needs,62.0
I001651,2025-01-24,United States of America,Americas,Respiratory,1:1 Meeting,S00841,E00224,Advisory board discussion on unmet needs,51.0
I001652,2024-05-04,IN,APAC,Respiratory,Speaker Program,S01087,E00971,Scientific exchange on clinical data,102.0
I001653,2024-03-19,Canada,Americas,Primary Care,Advisory Board,S01400,E00713,Product information discussion (on-label),292.0
I001654,2024-06-24,U.S.,Americas,Respiratory,Group Meeting,S00675,E00275,Training and best practice sharing,
I001655,2024-09-09,IND,APAC,Respiratory,1:1 Meeting,S00606,E00381,Training and best practice sharing,42.0
I001656,2024-07-11,MX,Americas,Respiratory,1:1 Meeting,S01702,E00127,Market access discussion,36.0
I001657,2024-11-11,JP,APAC,Primary Care,Speaker Program,S01657,E00279,Scientific exchange on clinical data,83.0
I001658,2025-03-30,Great Britain,EMEA,Oncology,Group Meeting,S00218,E00839,Scientific exchange on clinical data,47.0
I001659,2024-10-18,Germany,EMEA,Respiratory,1:1 Meeting,S00529,E00101,Scientific exchange on clinical data,34.0
I001660,2024-05-25,JPN,APAC,Respiratory,Advisory Board,S01581,E00821,Congress meeting and follow-up,125.0
I001661,2025-02-28,ITA,EMEA,Primary Care,1:1 Meeting,S01615,E00594,Congress meeting and follow-up,15.0
I001662,2024-05-07,MEX,Americas,Specialty,1:1 Meeting,S00944,E00496,Scientific exchange on clinical data,42.0
I001663,2024-10-13,USA,Americas,Specialty,Advisory Board,S01274,E00482,Scientific exchange on clinical data,
I001664,2025-01-20,IND,APAC,Vaccines,1:1 Meeting,S00370,E00313,Speaker program educational session,31.0
I001665,2024-08-17,Brazil,Americas,Specialty,Group Meeting,S00126,E00422,Speaker program educational session,70.0
I001666,2024-07-16,United Kingdom,EMEA,Vaccines,1:1 Meeting,S00635,E00298,Speaker program educational session,15.0
I001667,2024-11-18,United States,Americas,Primary Care,Advisory Board,S01714,E00773,Market access discussion,179.0
I001668,2024-05-17,US,Americas,Respiratory,1:1 Meeting,S00134,E00345,Scientific exchange on clinical data,20.0
I001669,2025-02-25,United States,Americas,Respiratory,1:1 Meeting,S00134,E00919,Speaker program educational session,38.0
I001670,2024-03-11,IN,APAC,Respiratory,Speaker Program,S01689,E00184,Scientific exchange on clinical data,103.0
I001671,2025-01-06,IT,EMEA,Respiratory,1:1 Meeting,S01535,E00592,Product information discussion (on-label),14.0
I001672,2024-03-24,Italy,EMEA,Oncology,1:1 Meeting,S01588,E00172,Speaker program educational session,9.0
I001673,2024-02-12,IND,APAC,Respiratory,Group Meeting,S00393,E00624,Speaker program educational session,42.0
I001674,2024-05-12,IND,APAC,Specialty,1:1 Meeting,S00776,E00435,Advisory board discussion on unmet needs,18.0
I001675,2025-01-29,BRA,Americas,Respiratory,Advisory Board,S00488,E00264,Product information discussion (on-label),53.0
I001676,2025-04-11,DEU,EMEA,Vaccines,1:1 Meeting,S01590,E00828,Advisory board discussion on unmet needs,38.0
I001677,2024-07-31,CAN,Americas,Respiratory,1:1 Meeting,S00043,E00461,Speaker program educational session,34.0
I001678,2024-03-28,IN,APAC,Respiratory,Group Meeting,S00765,E00624,Scientific exchange on clinical data,66.0
I001679,2024-11-19,JP,APAC,Respiratory,Group Meeting,S00865,E00291,Product information discussion (on-label),85.0
I001680,2024-03-22,Brazil,Americas,Respiratory,1:1 Meeting,S00010,E00039,Congress meeting and follow-up,21.0
I001681,2024-10-12,CAN,Americas,Primary Care,Group Meeting,S01251,E00661,Congress meeting and follow-up,78.0
I001682,2024-10-18,Germany,EMEA,Vaccines,1:1 Meeting,S00219,E00469,Training and best practice sharing,
I001683,2025-03-28,U.S.,Americas,Primary Care,1:1 Meeting,S00169,E00083,Market access discussion,50.0
I001684,2025-03-13,United States,Americas,Oncology,1:1 Meeting,S00735,E00429,Discussed topics,43.0
I001685,2025-06-21,IN,APAC,Oncology,1:1 Meeting,S00600,E00268,Advisory board discussion on unmet needs,33.0
I001686,2024-06-11,IN,APAC,Oncology,1:1 Meeting,S00672,E00020,Scientific exchange on clinical data,35.0
I001687,2025-06-24,ITA,EMEA,Respiratory,Group Meeting,S00470,E00497,Speaker program educational session,29.0
I001688,2025-01-21,IT,EMEA,Oncology,Group Meeting,S01100,E00602,Scientific exchange on clinical data,33.0
I001689,2024-05-17,United States,Americas,Specialty,1:1 Meeting,S01785,E00723,Training and best practice sharing,23.0
I001690,2025-03-06,IN,APAC,Specialty,1:1 Meeting,S00589,E00587,Market access discussion,36.0
I001691,2025-02-19,BR,Americas,Specialty,Speaker Program,S01721,E00087,Congress meeting and follow-up,140.0
I001692,2025-01-05,U.S.,Americas,Respiratory,1:1 Meeting,S00004,E00778,Training and best practice sharing,34.0
I001693,2025-01-19,Brazil,Americas,Respiratory,1:1 Meeting,S00973,E00050,Follow-up,41.0
I001694,2024-05-09,DEU,EMEA,Primary Care,Advisory Board,S01219,E00265,Advisory board discussion on unmet needs,146.0
I001695,2025-01-10,USA,Americas,Specialty,Advisory Board,S00760,E00451,Scientific exchange on clinical data,136.0
I001696,2025-01-27,Great Britain,EMEA,Oncology,1:1 Meeting,S01775,E00366,Advisory board discussion on unmet needs,44.0
I001697,2025-06-17,IT,EMEA,Primary Care,1:1 Meeting,S01044,E00629,Product information discussion (on-label),43.0
I001698,2024-12-05,Canada,Americas,Primary Care,1:1 Meeting,S01402,E00294,Advisory board discussion on unmet needs,28.0
I001699,2024-12-21,IT,EMEA,Oncology,Group Meeting,S01799,E00846,Product information discussion (on-label),45.0
I001700,2024-04-14,DE,EMEA,Primary Care,Group Meeting,S00047,E00982,Product information discussion (on-label),35.0
I001701,2024-05-29,United States,Americas,Primary Care,Group Meeting,S01570,E00213,Business discussion,50.0
I001702,2024-06-15,MX,Americas,Primary Care,Group Meeting,S01631,E00419,Speaker program educational session,53.0
I001703,2024-02-17,DE,EMEA,Primary Care,1:1 Meeting,S00866,E00375,Advisory board discussion on unmet needs,14.0
I001704,2025-03-28,CA,Americas,Vaccines,Group Meeting,S00076,E00267,Business discussion,52.0
I001705,2025-01-05,Mexico,Americas,Primary Care,Group Meeting,S00160,E00081,Product information discussion (on-label),100.0
I001706,2024-08-01,US,Americas,Vaccines,1:1 Meeting,S00652,E00515,Product information discussion (on-label),14.0
I001707,2024-11-23,BR,Americas,Oncology,Group Meeting,S01046,E00659,Catch-up,56.0
I001708,2024-03-22,ITA,EMEA,Oncology,1:1 Meeting,S00302,E00726,Speaker program educational session,44.0
I001709,2024-12-28,Italy,EMEA,Respiratory,1:1 Meeting,S00139,E00283,Follow-up,27.0
I001710,2024-02-06,Brazil,Americas,Primary Care,Group Meeting,S00647,E00285,Advisory board discussion on unmet needs,71.0
I001711,2025-02-05,France,EMEA,Specialty,Group Meeting,S01090,E00398,Advisory board discussion on unmet needs,56.0
I001712,2024-06-24,Germany,EMEA,Respiratory,1:1 Meeting,S00535,E00467,Congress meeting and follow-up,40.0
I001713,2025-06-28,U.S.,Americas,Specialty,Group Meeting,S00463,E00802,Congress meeting and follow-up,75.0
I001714,2025-06-30,IT,EMEA,Oncology,1:1 Meeting,S00196,E00209,,36.0
I001715,2025-01-28,BR,Americas,Specialty,1:1 Meeting,S00857,E00791,Congress meeting and follow-up,13.0
I001716,2024-11-15,IND,APAC,Vaccines,1:1 Meeting,S01234,E00336,Congress meeting and follow-up,22.0
I001717,2024-08-02,JP,APAC,Vaccines,Group Meeting,S01135,E00385,Scientific exchange on clinical data,85.0
I001718,2024-06-10,JPN,APAC,Specialty,Advisory Board,S00421,E00966,Congress meeting and follow-up,168.0
I001719,2024/07/09,Japan,APAC,Vaccines,Congress/Conference,S01092,E00067,Congress meeting and follow-up,89.0
I001720,2024-08-12,FRA,EMEA,Specialty,Speaker Program,S01246,E00898,Training and best practice sharing,88.0
I001721,2024-10-13,India,APAC,Vaccines,Speaker Program,S01055,E00322,Speaker program educational session,91.0
I001722,2025-03-17,US,Americas,Vaccines,1:1 Meeting,S01314,E00365,Scientific exchange on clinical data,34.0
I001723,2024-01-14,FRA,EMEA,Oncology,1:1 Meeting,S00181,E00688,Product information discussion (on-label),55.0
I001724,2025-06-03,FRA,EMEA,Primary Care,1:1 Meeting,S00834,E00760,Speaker program educational session,34.0
I001725,2024-01-28,IN,APAC,Specialty,1:1 Meeting,S00202,E00145,Advisory board discussion on unmet needs,43.0
I001726,2025-03-01,IND,APAC,Respiratory,Group Meeting,S01646,E00106,Market access discussion,68.0
I001727,2024-04-10,United States,Americas,Vaccines,Group Meeting,S01721,E00871,Advisory board discussion on unmet needs,65.0
I001728,2024-04-15,ITA,EMEA,Specialty,1:1 Meeting,S01032,E00948,Market access discussion,29.0
I001729,2024-10-03,Japan,APAC,Respiratory,1:1 Meeting,S00782,E00978,Training and best practice sharing,9.0
I001730,2024-11-12,India,APAC,Vaccines,1:1 Meeting,S00472,E00143,Speaker program educational session,30.0
I001731,2024-05-17,MX,Americas,Oncology,Speaker Program,S00413,E00162,Training and best practice sharing,96.0
I001732,2024-11-12,IND,APAC,Specialty,Advisory Board,S00392,E00570,Speaker program educational session,248.0
I001733,2024-09-22,JP,APAC,Primary Care,1:1 Meeting,S01049,E00906,Market access discussion,21.0
I001734,2025-05-27,U.S.,Americas,Oncology,Speaker Program,S01132,E00030,Meeting,39.0
I001735,2024-05-12,DEU,EMEA,Oncology,1:1 Meeting,S01244,E00990,Market access discussion,
I001736,2025-06-18,Mexico,Americas,Primary Care,1:1 Meeting,S01409,E00266,Speaker program educational session,27.0
I001737,2025-05-10,Germany,EMEA,Respiratory,1:1 Meeting,S01042,E00949,Congress meeting and follow-up,26.0
I001738,2024-04-08,USA,Americas,Oncology,1:1 Meeting,S00108,E00427,Scientific exchange on clinical data,26.0
I001739,2024-11-12,Mexico,Americas,Vaccines,Group Meeting,S00988,E00851,Training and best practice sharing,88.0
I001740,2025-05-09,Germany,EMEA,Vaccines,Advisory Board,S00249,E00779,Training and best practice sharing,160.0
I001741,2025-04-01,Mexico,Americas,Respiratory,1:1 Meeting,S00151,E00604,Scientific exchange on clinical data,10.0
I001742,2024-11-10,FR,EMEA,Specialty,1:1 Meeting,S01206,E00368,Scientific exchange on clinical data,21.0
I001743,,IND,APAC,Specialty,1:1 Meeting,S00807,E00506,Product information discussion (on-label),0.0
I001744,2024-05-09,IND,APAC,Oncology,Group Meeting,S00680,E00390,Market access discussion,51.0
I001745,2024-10-19,India,APAC,Specialty,1:1 Meeting,S00338,E00735,Advisory board discussion on unmet needs,640.0
I001746,2025-01-21,United States of America,Americas,Respiratory,1:1 Meeting,S00875,E00549,Product information discussion (on-label),22.0
I001747,2024-09-21,US,Americas,Oncology,1:1 Meeting,S01642,E00565,Training and best practice sharing,35.0
I001748,2024-02-12,USA,Americas,Specialty,1:1 Meeting,S00411,E00084,Speaker program educational session,35.0
I001749,2024-10-04,CA,Americas,Respiratory,1:1 Meeting,S01101,E00726,Meeting,36.0
I001750,2025-06-27,IN,APAC,Specialty,1:1 Meeting,S00662,E00779,Product information discussion (on-label),24.0
I001751,2024-04-15,DE,EMEA,Respiratory,1:1 Meeting,S01613,E00326,Scientific exchange on clinical data,38.0
I001752,2025-06-10,Brazil,Americas,Oncology,Advisory Board,S01480,E00009,Congress meeting and follow-up,151.0
I001753,2024-02-22,GB,EMEA,Oncology,Group Meeting,S01715,E00039,Advisory board discussion on unmet needs,69.0
I001754,2024-11-20,United States,Americas,Respiratory,1:1 Meeting,S01109,E00811,Product information discussion (on-label),28.0
I001755,2024-04-23,Mexico,Americas,Respiratory,Group Meeting,S00893,E00671,Scientific exchange on clinical data,41.0
I001756,2024-05-18,U.S.,Americas,Primary Care,1:1 Meeting,S00148,E00859,Training and best practice sharing,27.0
I001757,2024-10-25,Italy,EMEA,Oncology,Speaker Program,S00709,E00335,Advisory board discussion on unmet needs,
I001758,2024-03-08,IN,APAC,Oncology,1:1 Meeting,S00548,E00954,Advisory board discussion on unmet needs,16.0
I001759,2025-03-20,IN,APAC,Oncology,Group Meeting,S01747,E00813,Market access discussion,45.0
I001760,2024-12-24,ITA,EMEA,Specialty,Group Meeting,S00747,E00756,Speaker program educational session,63.0
I001761,2024-05-24,Great Britain,EMEA,Specialty,1:1 Meeting,S01764,E00021,Scientific exchange on clinical data,39.0
I001762,2025-04-21,United States of America,Americas,Primary Care,Advisory Board,S01244,E00380,Scientific exchange on clinical data,281.0
I001763,2025-02-17,Japan,APAC,Vaccines,Group Meeting,S01701,E00352,Scientific exchange on clinical data,33.0
I001764,2024-12-10,Brazil,Americas,Primary Care,1:1 Meeting,S00314,E00587,Training and best practice sharing,23.0
I001765,2025-06-14,IND,APAC,Oncology,Group Meeting,S01270,E00555,Market access discussion,48.0
I001766,2024-01-23,BRA,Americas,Oncology,1:1 Meeting,S00718,E00389,Meeting,
I001767,2024-02-16,DEU,EMEA,Specialty,1:1 Meeting,S00627,E00228,Speaker program educational session,17.0
I001768,2024-05-23,United States,Americas,Specialty,Group Meeting,S01700,E00597,Market access discussion,51.0
I001769,2025-02-22,FR,EMEA,Primary Care,1:1 Meeting,S00956,E00128,Market access discussion,46.0
I001770,2025-02-19,GB,EMEA,Primary Care,1:1 Meeting,S00539,E00247,Product information discussion (on-label),24.0
I001771,2025-04-26,Canada,Americas,Oncology,Congress/Conference,S00690,E00411,Market access discussion,111.0
I001772,2024-08-17,IT,EMEA,Primary Care,Group Meeting,S00767,E00479,Congress meeting and follow-up,83.0
I001773,2024-04-05,FR,EMEA,Vaccines,Group Meeting,S01381,E00768,Speaker program educational session,99.0
I001774,2025-02-24,Canada,Americas,Vaccines,1:1 Meeting,S00825,E00046,Market access discussion,28.0
I001775,2024-04-14,IT,EMEA,Specialty,Advisory Board,S01508,E00671,Product information discussion (on-label),252.0
I001776,2024-09-26,Japan,APAC,Oncology,1:1 Meeting,S00197,E00261,Training and best practice sharing,31.0
I001777,2025-01-30,CA,Americas,Vaccines,1:1 Meeting,S01462,E00328,Speaker program educational session,19.0
I001778,2025-03-25,United States,Americas,Oncology,Speaker Program,S01247,E00845,Scientific exchange on clinical data,77.0
I001779,2024-11-26,Japan,APAC,Oncology,Group Meeting,S00785,E00472,Product information discussion (on-label),79.0
I001780,2024-09-30,CAN,Americas,Primary Care,1:1 Meeting,S00201,E00408,Training and best practice sharing,29.0
I001781,2024-01-20,MEX,Americas,Respiratory,1:1 Meeting,S00823,E00694,Advisory board discussion on unmet needs,28.0
I001782,2024-11-05,Japan,APAC,Respiratory,1:1 Meeting,S00094,E00501,Training and best practice sharing,4.0
I001783,2024-01-31,DE,EMEA,Primary Care,Group Meeting,S01543,E00199,Training and best practice sharing,43.0
I001784,2024-09-09,India,APAC,Respiratory,Advisory Board,S00830,E00872,Congress meeting and follow-up,68.0
I001785,2024-01-19,CAN,Americas,Primary Care,1:1 Meeting,S00046,E00201,Business discussion,33.0
I001786,2024-01-03,IN,APAC,Primary Care,Group Meeting,S00895,E00864,Follow-up,80.0
I001787,2024-08-23,United States of America,Americas,Oncology,Advisory Board,S01494,E00483,Advisory board discussion on unmet needs,206.0
I001788,2024-05-18,Italy,EMEA,Respiratory,Speaker Program,S01660,E00130,Speaker program educational session,101.0
I001789,2024-10-02,FRA,EMEA,Specialty,Group Meeting,S00170,E00946,Advisory board discussion on unmet needs,45.0
I001790,2024-01-04,UK,EMEA,Oncology,Congress/Conference,S01554,E00327,Speaker program educational session,79.0
I001791,2024-02-16,IT,EMEA,Primary Care,1:1 Meeting,S00157,E00113,Training and best practice sharing,33.0
I001792,2024-07-31,United States of America,Americas,Oncology,Group Meeting,S00385,E00524,Training and best practice sharing,65.0
I001793,2025-03-11,United States,Americas,Respiratory,Advisory Board,S01716,E00975,Speaker program educational session,305.0
I001794,2024-07-23,Germany,EMEA,Specialty,Speaker Program,S00153,E00268,Scientific exchange on clinical data,125.0
I001795,2025-01-15,U.S.,Americas,Specialty,1:1 Meeting,S00798,E00012,Speaker program educational session,47.0
I001796,2024-03-17,United States of America,Americas,Respiratory,Speaker Program,S00864,E00678,Product information discussion (on-label),55.0
I001797,2025-02-13,ITA,EMEA,Oncology,1:1 Meeting,S00989,E00706,Advisory board discussion on unmet needs,23.0
I001798,2025-04-20,BRA,Americas,Respiratory,1:1 Meeting,S00102,E00673,Advisory board discussion on unmet needs,27.0
I001799,2024-10-01,US,Americas,Primary Care,1:1 Meeting,S01630,E00411,Scientific exchange on clinical data,29.0
I001800,2024-03-17,IN,APAC,Specialty,1:1 Meeting,S00042,E00397,Discussed topics,23.0
I001801,2025-03-17,India,APAC,Specialty,1:1 Meeting,S00689,E00834,Scientific exchange on clinical data,9.0
I001802,2025-01-16,India,APAC,Primary Care,1:1 Meeting,S00205,E00193,Scientific exchange on clinical data,42.0
I001803,2024-05-21,U.S.,Americas,Primary Care,Group Meeting,S00138,E00613,Speaker program educational session,53.0
I001804,2024-12-17,JPN,APAC,Specialty,Speaker Program,S00868,E00586,Speaker program educational session,93.0
I001805,2025-06-28,United States,Americas,Respiratory,Advisory Board,S01583,E00377,Training and best practice sharing,146.0
I001806,2024-10-29,US,Americas,Primary Care,1:1 Meeting,S01646,E00335,Congress meeting and follow-up,34.0
I001807,2025-03-25,US,Americas,Specialty,Group Meeting,S00624,E00049,Advisory board discussion on unmet needs,66.0
I001808,2024-01-03,FR,EMEA,Respiratory,1:1 Meeting,S01160,E00593,Product information discussion (on-label),27.0
I001809,2024-09-24,US,Americas,Oncology,1:1 Meeting,S00394,E00034,Speaker program educational session,33.0
I001810,2024-02-28,UK,EMEA,Oncology,Speaker Program,S00191,E00987,Congress meeting and follow-up,115.0
I001811,2024-06-25,Germany,EMEA,Oncology,1:1 Meeting,S00237,E00775,Market access discussion,30.0
I001812,2024-11-02,USA,Americas,Primary Care,Advisory Board,S00665,E00965,Product information discussion (on-label),182.0
I001813,2024-09-02,GB,EMEA,Oncology,Group Meeting,S00092,E00234,Market access discussion,71.0
I001814,2025-06-10,GB,EMEA,Oncology,Group Meeting,S00541,E00890,Congress meeting and follow-up,57.0
I001815,2024-09-11,India,APAC,Oncology,Group Meeting,S00445,E00864,Meeting,96.0
I001816,2025-04-07,Brazil,Americas,Oncology,1:1 Meeting,S01739,E00598,Training and best practice sharing,22.0
I001817,2024-07-17,U.S.,Americas,Vaccines,1:1 Meeting,S01180,E00485,Speaker program educational session,49.0
I001818,2024-09-05,USA,Americas,Respiratory,Group Meeting,S00311,E00171,,81.0
I001819,2024-09-02,MEX,Americas,Respiratory,1:1 Meeting,S01404,E00390,Product information discussion (on-label),21.0
I001820,2024-03-28,MX,Americas,Oncology,Speaker Program,S01064,E00136,Training and best practice sharing,73.0
I001821,2024-11-08,Great Britain,EMEA,Oncology,1:1 Meeting,S00960,E00042,Advisory board discussion on unmet needs,31.0
I001822,2024-02-02,BR,Americas,Specialty,Group Meeting,S01655,E00778,Catch-up,103.0
I001823,2024-03-13,USA,Americas,Respiratory,1:1 Meeting,S00354,E00192,Advisory board discussion on unmet needs,24.0
I001824,2024-02-24,DEU,EMEA,Specialty,Speaker Program,S00294,E00221,Training and best practice sharing,116.0
I001825,2024-03-01,Great Britain,EMEA,Oncology,1:1 Meeting,S00530,E00725,Advisory board discussion on unmet needs,17.0
I001826,2024-06-24,MX,Americas,Oncology,1:1 Meeting,S00288,E00614,Training and best practice sharing,28.0
I001827,2024-11-12,United Kingdom,EMEA,Primary Care,Advisory Board,S01696,E00570,Scientific exchange on clinical data,130.0
I001828,2024-04-11,DE,EMEA,Primary Care,1:1 Meeting,S00637,E00927,Product information discussion (on-label),21.0
I001829,2024-11-05,Canada,Americas,Primary Care,1:1 Meeting,S00062,E00492,Product information discussion (on-label),31.0
I001830,2024-12-26,India,APAC,Vaccines,Advisory Board,S01209,E00974,Scientific exchange on clinical data,225.0
I001831,2024-12-03,IND,APAC,Primary Care,1:1 Meeting,S00850,E00945,Training and best practice sharing,27.0
I001832,2024-11-16,JP,APAC,Specialty,Group Meeting,S01064,E00509,Training and best practice sharing,74.0
I001833,2024-05-12,Japan,APAC,Specialty,1:1 Meeting,S00232,E00486,Scientific exchange on clinical data,22.0
I001834,2024-12-14,Mexico,Americas,Respiratory,Speaker Program,S00010,E00020,Speaker program educational session,128.0
I001835,2024-09-27,CA,Americas,Specialty,1:1 Meeting,S01497,E00721,Speaker program educational session,490.0
I001836,2024-11-24,U.S.,Americas,Primary Care,1:1 Meeting,S01269,E00141,Product information discussion (on-label),23.0
I001837,2024/05/01,FRA,EMEA,Vaccines,Group Meeting,S00729,E00176,Training and best practice sharing,67.0
I001838,2024-01-23,IT,EMEA,Oncology,1:1 Meeting,S01571,E00350,Scientific exchange on clinical data,18.0
I001839,2024-10-05,BR,Americas,Oncology,Speaker Program,S00488,E00706,Business discussion,82.0
I001840,2025-02-05,FRA,EMEA,Respiratory,Speaker Program,S00276,E00411,Market access discussion,100.0
I001841,2024-07-09,BRA,Americas,Vaccines,1:1 Meeting,S01480,E00110,Market access discussion,34.0
I001842,2024-10-26,USA,Americas,Vaccines,1:1 Meeting,S00095,E00123,Advisory board discussion on unmet needs,38.0
I001843,2024-07-14,Canada,Americas,Oncology,Group Meeting,S01703,E00276,Congress meeting and follow-up,37.0
I001844,2025-06-05,France,EMEA,Primary Care,Group Meeting,S01661,E00128,Scientific exchange on clinical data,52.0
I001845,2024-12-21,CA,Americas,Oncology,1:1 Meeting,S00942,E00310,Advisory board discussion on unmet needs,47.0
I001846,2024-12-29,Great Britain,EMEA,Respiratory,1:1 Meeting,S00790,E00134,Scientific exchange on clinical data,47.0
I001847,2025-02-05,IN,APAC,Specialty,Group Meeting,S01323,E00445,Speaker program educational session,51.0
I001848,2025-02-08,US,Americas,Primary Care,Group Meeting,S01276,E00919,Speaker program educational session,73.0
I001849,2024-01-11,UK,EMEA,Primary Care,Advisory Board,S01062,E00888,Scientific exchange on clinical data,118.0
I001850,2025-05-25,Germany,EMEA,Respiratory,1:1 Meeting,S01313,E00304,Market access discussion,34.0
I001851,2024-03-29,MEX,Americas,Vaccines,1:1 Meeting,S00859,E00716,Advisory board discussion on unmet needs,40.0
I001852,2024-01-14,Japan,APAC,Specialty,Speaker Program,S00536,E00609,Scientific exchange on clinical data,111.0
I001853,2024-09-13,India,APAC,Primary Care,Group Meeting,S01290,E00998,Scientific exchange on clinical data,56.0
I001854,2025-01-23,Japan,APAC,Specialty,Group Meeting,S00812,E00319,Congress meeting and follow-up,37.0
I001855,2025-04-27,GB,EMEA,Vaccines,1:1 Meeting,S00258,E00941,Market access discussion,11.0
I001856,2025-03-09,U.S.,Americas,Respiratory,1:1 Meeting,S00497,E00855,Market access discussion,27.0
I001857,2024-05-23,JP,APAC,Vaccines,Congress/Conference,S00511,E00884,Advisory board discussion on unmet needs,93.0
I001858,2024-09-13,India,APAC,Specialty,1:1 Meeting,S00022,E00044,Market access discussion,37.0
I001859,2024-12-11,IT,EMEA,Oncology,1:1 Meeting,S01771,E00861,Training and best practice sharing,51.0
I001860,2024-09-26,France,EMEA,Vaccines,Group Meeting,S00582,E00181,Market access discussion,64.0
I001861,2024-08-08,IN,APAC,Oncology,Congress/Conference,S01662,E00884,Advisory board discussion on unmet needs,131.0
I001862,2024-03-12,MX,Americas,Primary Care,1:1 Meeting,S00435,E00758,Speaker program educational session,19.0
I001863,2025-02-21,Mexico,Americas,Specialty,1:1 Meeting,S00406,E00255,Scientific exchange on clinical data,31.0
I001864,2025-05-11,DE,EMEA,Specialty,1:1 Meeting,S01717,E00696,Training and best practice sharing,29.0
I001865,2024-11-23,JP,APAC,Primary Care,Speaker Program,S01168,E00552,Follow-up,152.0
I001866,2025-03-22,GB,EMEA,Oncology,Speaker Program,S00510,E00842,Speaker program educational session,
I001867,2025-01-07,MEX,Americas,Oncology,Speaker Program,S01204,E00979,Advisory board discussion on unmet needs,47.0
I001868,2025-01-18,IND,APAC,Primary Care,1:1 Meeting,S00146,E00081,Advisory board discussion on unmet needs,30.0
I001869,2024-12-11,JP,APAC,Vaccines,Congress/Conference,S01579,E00530,Speaker program educational session,84.0
I001870,2024-07-12,IN,APAC,Specialty,Group Meeting,S00636,E00626,Training and best practice sharing,85.0
I001871,2025-01-14,IN,APAC,Primary Care,1:1 Meeting,S00249,E00916,Market access discussion,30.0
I001872,2024-01-11,IT,EMEA,Vaccines,Group Meeting,S00882,E00124,Training and best practice sharing,50.0
I001873,2024-07-05,United Kingdom,EMEA,Oncology,Advisory Board,S00270,E00010,Business discussion,487.0
I001874,2024-01-28,FRA,EMEA,Respiratory,1:1 Meeting,S01026,E00829,Scientific exchange on clinical data,32.0
I001875,2024-01-17,DE,EMEA,Oncology,Speaker Program,S01035,E00044,Meeting,87.0
I001876,2024-08-16,IN,APAC,Vaccines,Group Meeting,S01229,E00153,Congress meeting and follow-up,56.0
I001877,2024-07-28,JP,APAC,Oncology,1:1 Meeting,S00791,E00961,Market access discussion,16.0
I001878,2024-04-13,United States of America,Americas,Primary Care,Congress/Conference,S01221,E00047,Product information discussion (on-label),157.0
I001879,2024-07-22,JPN,APAC,Oncology,1:1 Meeting,S01074,E00036,Scientific exchange on clinical data,14.0
I001880,2024-01-31,United States,Americas,Primary Care,1:1 Meeting,S01295,E00198,Advisory board discussion on unmet needs,37.0
I001881,2024-05-14,CAN,Americas,Specialty,Speaker Program,S00820,E00619,Congress meeting and follow-up,83.0
I001882,2024-06-06,DE,EMEA,Primary Care,1:1 Meeting,S00419,E00422,Scientific exchange on clinical data,40.0
I001883,2024-03-07,Brazil,Americas,Oncology,1:1 Meeting,S00141,E00890,Speaker program educational session,16.0
I001884,2024-04-10,FRA,EMEA,Respiratory,Group Meeting,S01682,E00412,Scientific exchange on clinical data,52.0
I001885,2024-02-25,Italy,EMEA,Respiratory,Congress/Conference,S00034,E00738,Speaker program educational session,73.0
I001886,2025-01-15,DEU,EMEA,Oncology,1:1 Meeting,S00988,E00814,Congress meeting and follow-up,17.0
I001887,2024-04-01,JP,APAC,Oncology,Speaker Program,S00580,E00561,Market access discussion,98.0
I001888,2024-06-16,CAN,Americas,Primary Care,1:1 Meeting,S00049,E00674,Business discussion,25.0
I001889,2025-03-10,UK,EMEA,Specialty,1:1 Meeting,S01016,E00412,Product information discussion (on-label),24.0
I001890,2025-06-11,US,Americas,Primary Care,Advisory Board,S00451,E00791,Speaker program educational session,19.0
I001891,2024-10-04,IN,APAC,Specialty,Congress/Conference,S01008,E00709,Market access discussion,80.0
I001892,2025-04-10,Italy,EMEA,Oncology,Speaker Program,S01269,E00509,Advisory board discussion on unmet needs,52.0
I001893,2024-01-30,BR,Americas,Primary Care,1:1 Meeting,S00115,E00005,Speaker program educational session,29.0
I001894,2024-08-21,IND,APAC,Oncology,Group Meeting,S00210,E00189,Training and best practice sharing,33.0
I001895,2024-11-08,United Kingdom,EMEA,Specialty,Group Meeting,S01039,E00904,Market access discussion,78.0
I001896,2024-12-16,UK,EMEA,Specialty,1:1 Meeting,S01000,E00540,Congress meeting and follow-up,37.0
I001897,2024-06-28,Italy,EMEA,Primary Care,Speaker Program,S00801,E00627,Speaker program educational session,94.0
I001898,2024-04-05,United States,Americas,Primary Care,1:1 Meeting,S00306,E00258,Catch-up,24.0
I001899,2025-05-24,FRA,EMEA,Vaccines,Advisory Board,S00151,E00858,Product information discussion (on-label),311.0
I001900,2025-03-11,MX,Americas,Vaccines,Group Meeting,S01614,E00125,,38.0
I001901,2024-03-23,CA,Americas,Vaccines,Group Meeting,S01163,E00854,Congress meeting and follow-up,53.0
I001902,2024-04-16,GB,EMEA,Oncology,Congress/Conference,S01386,E00614,Market access discussion,142.0
I001903,2025-01-16,United States of America,Americas,Vaccines,Advisory Board,S00161,E00288,Training and best practice sharing,58.0
I001904,2025-04-12,IND,APAC,Primary Care,Speaker Program,S00701,E00944,Product information discussion (on-label),77.0
I001905,2025-06-21,US,Americas,Primary Care,1:1 Meeting,S01029,E00370,Catch-up,29.0
I001906,2024-03-13,IN,APAC,Respiratory,1:1 Meeting,S00436,E00071,Product information discussion (on-label),41.0
I001907,2024-11-04,U.S.,Americas,Specialty,1:1 Meeting,S01355,E00484,Advisory board discussion on unmet needs,28.0
I001908,2024-07-04,Germany,EMEA,Respiratory,1:1 Meeting,S01257,E00944,Congress meeting and follow-up,41.0
I001909,2024-09-09,IT,EMEA,Respiratory,1:1 Meeting,S00381,E00836,Scientific exchange on clinical data,40.0
I001910,2024-05-28,Japan,APAC,Oncology,1:1 Meeting,S00134,E00720,Advisory board discussion on unmet needs,29.0
I001911,2024-05-01,US,Americas,Respiratory,1:1 Meeting,S01319,E00341,Scientific exchange on clinical data,29.0
I001912,2024-06-04,United States of America,Americas,Primary Care,1:1 Meeting,S01068,E00410,Market access discussion,20.0
I001913,2024-08-25,MX,Americas,Respiratory,Advisory Board,S00143,E00479,Scientific exchange on clinical data,135.0
I001914,2024-09-29,JPN,APAC,Vaccines,Group Meeting,S00911,E00498,Congress meeting and follow-up,73.0
I001915,2024-02-13,U.S.,Americas,Specialty,Group Meeting,S00076,E00455,Congress meeting and follow-up,51.0
I001916,2024-11-25,Great Britain,EMEA,Vaccines,1:1 Meeting,S00049,E00175,Training and best practice sharing,21.0
I001917,2025-02-12,Italy,EMEA,Specialty,Advisory Board,S01364,E00678,Speaker program educational session,190.0
I001918,2024-03-29,DEU,EMEA,Vaccines,1:1 Meeting,S01393,E00028,Training and best practice sharing,37.0
I001919,2025-03-08,IND,APAC,Respiratory,1:1 Meeting,S00788,E00642,Market access discussion,33.0
I001920,2025-06-22,Great Britain,EMEA,Specialty,Speaker Program,S00931,E00222,Advisory board discussion on unmet needs,83.0
I001921,2024-05-25,IND,APAC,Specialty,Group Meeting,S00402,E00812,Training and best practice sharing,32.0
I001922,2025-05-17,Germany,EMEA,Respiratory,Speaker Program,S00982,E00675,Scientific exchange on clinical data,90.0
I001923,2024-09-27,DEU,EMEA,Specialty,Group Meeting,S01567,E00494,Speaker program educational session,40.0
I001924,2024-11-29,United States of America,Americas,Specialty,Group Meeting,S00948,E00623,Scientific exchange on clinical data,52.0
I001925,2024-06-17,Mexico,Americas,Specialty,Congress/Conference,S00760,E00769,Market access discussion,116.0
I001926,2024-07-17,USA,Americas,Primary Care,1:1 Meeting,S01287,E00662,Market access discussion,10.0
I001927,2024-07-29,BRA,Americas,Vaccines,Group Meeting,S00810,E00408,Congress meeting and follow-up,86.0
I001928,2025-04-16,United States,Americas,Vaccines,1:1 Meeting,S00356,E00399,Training and best practice sharing,24.0
I001929,2025-04-26,United States of America,Americas,Primary Care,1:1 Meeting,S00851,E00073,Training and best practice sharing,24.0
I001930,2024-10-22,U.S.,Americas,Vaccines,Group Meeting,S00003,E00049,Congress meeting and follow-up,44.0
I001931,2024-01-06,UK,EMEA,Respiratory,Speaker Program,S01394,E00704,Product information discussion (on-label),100.0
I001932,2024-07-21,U.S.,Americas,Primary Care,1:1 Meeting,S01084,E00128,Advisory board discussion on unmet needs,19.0
I001933,2024-11-20,UK,EMEA,Primary Care,Congress/Conference,S01485,E00430,Congress meeting and follow-up,131.0
I001934,2024-02-16,USA,Americas,Specialty,Group Meeting,S01078,E00745,Market access discussion,62.0
I001935,2024-01-13,United Kingdom,EMEA,Specialty,Advisory Board,S00537,E00783,Advisory board discussion on unmet needs,154.0
I001936,2024-12-07,ITA,EMEA,Oncology,1:1 Meeting,S00031,E00857,Discussed topics,22.0
I001937,2024-08-08,United States of America,Americas,Primary Care,Speaker Program,S01093,E00153,Scientific exchange on clinical data,86.0
I001938,2024-07-26,DE,EMEA,Respiratory,1:1 Meeting,S01733,E00640,Advisory board discussion on unmet needs,36.0
I001939,2024-05-03,JPN,APAC,Primary Care,1:1 Meeting,S01066,E00286,Training and best practice sharing,36.0
I001940,2024-02-29,ITA,EMEA,Vaccines,Group Meeting,S00238,E00077,Scientific exchange on clinical data,52.0
I001941,2025-03-17,U.S.,Americas,Respiratory,1:1 Meeting,S00175,E00862,Market access discussion,46.0
I001942,2024-06-13,IND,APAC,Specialty,Group Meeting,S01087,E00491,Market access discussion,77.0
I001943,2024-03-31,India,APAC,Oncology,Congress/Conference,S00959,E00173,,236.0
I001944,2024-03-05,U.S.,Americas,Respiratory,1:1 Meeting,S01097,E00816,Congress meeting and follow-up,0.0
I001945,2025-05-30,Japan,APAC,Oncology,Congress/Conference,S01632,E00585,Speaker program educational session,138.0
I001946,2024-03-14,MX,Americas,Specialty,Advisory Board,S00925,E00276,Product information discussion (on-label),163.0
I001947,2024-07-05,US,Americas,Respiratory,1:1 Meeting,S00728,E00403,Speaker program educational session,23.0
I001948,2024-08-27,IND,APAC,Specialty,Advisory Board,S00063,E00816,Market access discussion,184.0
I001949,2025-06-16,United States,Americas,Specialty,1:1 Meeting,S01306,E00573,Advisory board discussion on unmet needs,12.0
I001950,2024-03-10,UK,EMEA,Respiratory,1:1 Meeting,S00171,E00176,Speaker program educational session,26.0
I001951,2025-01-19,United States,Americas,Oncology,Speaker Program,S00132,E00632,Speaker program educational session,75.0
I001952,2025-03-06,IT,EMEA,Specialty,1:1 Meeting,S01430,E00441,Discussed topics,17.0
I001953,2024-11-20,FR,EMEA,Vaccines,1:1 Meeting,S00040,E00019,Speaker program educational session,
I001954,2024-02-29,IN,APAC,Specialty,1:1 Meeting,S00355,E00213,Advisory board discussion on unmet needs,24.0
I001955,2025-01-31,U.S.,Americas,Respiratory,Advisory Board,S01445,E00927,Speaker program educational session,216.0
I001956,2024-02-07,FRA,EMEA,Specialty,1:1 Meeting,S00891,E00786,Scientific exchange on clinical data,44.0
I001957,2024-01-25,Italy,EMEA,Vaccines,1:1 Meeting,S01607,E00437,Scientific exchange on clinical data,16.0
I001958,2024-06-06,DEU,EMEA,Primary Care,Group Meeting,S00132,E00966,Scientific exchange on clinical data,70.0
I001959,2025-03-08,Germany,EMEA,Primary Care,1:1 Meeting,S00205,E00338,Product information discussion (on-label),9.0
I001960,2025-03-24,BRA,Americas,Respiratory,Speaker Program,S00197,E00122,Training and best practice sharing,
I001961,2024-09-13,CAN,Americas,Oncology,Speaker Program,S01473,E00792,Advisory board discussion on unmet needs,88.0
I001962,2025-02-16,US,Americas,Respiratory,Congress/Conference,S00665,E00516,Speaker program educational session,68.0
I001963,2025-03-09,India,APAC,Primary Care,1:1 Meeting,S00829,E00179,Scientific exchange on clinical data,20.0
I001964,2024-12-31,United States of America,Americas,Primary Care,Group Meeting,S01674,E00333,Market access discussion,67.0
I001965,2025-02-23,United States of America,Americas,Vaccines,Advisory Board,S00912,E00283,Speaker program educational session,273.0
I001966,2025-03-19,UK,EMEA,Respiratory,Speaker Program,S01555,E00608,Training and best practice sharing,55.0
I001967,2025-03-09,US,Americas,Specialty,1:1 Meeting,S01439,E00337,Advisory board discussion on unmet needs,24.0
I001968,2024-06-26,MEX,Americas,Oncology,1:1 Meeting,S01016,E00614,Product information discussion (on-label),38.0
I001969,2024-10-19,DE,EMEA,Primary Care,Group Meeting,S00958,E00422,Market access discussion,60.0
I001970,2024-05-18,USA,Americas,Respiratory,Congress/Conference,S01739,E00366,Business discussion,141.0
I001971,2024-09-03,United States,Americas,Specialty,Advisory Board,S01453,E00535,Speaker program educational session,
I001972,2024-03-05,United States,Americas,Respiratory,1:1 Meeting,S01058,E00601,Speaker program educational session,33.0
I001973,2024-03-28,IND,APAC,Specialty,Group Meeting,S01172,E00619,Advisory board discussion on unmet needs,27.0
I001974,2025-06-22,GB,EMEA,Primary Care,1:1 Meeting,S00100,E00935,Market access discussion,59.0
I001975,2024-08-01,GB,EMEA,Specialty,1:1 Meeting,S01503,E00659,Market access discussion,37.0
I001976,2024-08-06,JPN,APAC,Respiratory,1:1 Meeting,S01427,E00249,Product information discussion (on-label),21.0
I001977,2024-01-12,DEU,EMEA,Respiratory,Congress/Conference,S01741,E00802,Product information discussion (on-label),60.0
I001978,2024-08-24,IND,APAC,Primary Care,1:1 Meeting,S01741,E00987,Product information discussion (on-label),33.0
I001979,2024-06-29,JPN,APAC,Primary Care,1:1 Meeting,S00476,E00305,Product information discussion (on-label),30.0
I001980,2025-01-17,Germany,EMEA,Primary Care,1:1 Meeting,S01056,E00215,Training and best practice sharing,17.0
I001981,2024-01-17,BR,Americas,Respiratory,1:1 Meeting,S01173,E00990,Advisory board discussion on unmet needs,11.0
I001982,2025-04-30,FRA,EMEA,Respiratory,Speaker Program,S00977,E00539,Product information discussion (on-label),92.0
I001983,2025-02-09,Germany,EMEA,Oncology,1:1 Meeting,S00201,E00826,Market access discussion,41.0
I001984,2025-06-30,FRA,EMEA,Vaccines,1:1 Meeting,S00006,E00504,Advisory board discussion on unmet needs,37.0
I001985,2024-12-01,FRA,EMEA,Vaccines,Advisory Board,S00388,E00419,Market access discussion,100.0
I001986,2024-05-26,US,Americas,Vaccines,Group Meeting,S00284,E00953,Advisory board discussion on unmet needs,63.0
I001987,2024-05-01,Japan,APAC,Primary Care,1:1 Meeting,S00320,E00269,Speaker program educational session,35.0
I001988,2025-01-09,France,EMEA,Respiratory,1:1 Meeting,S00069,E00600,Scientific exchange on clinical data,21.0
I001989,2024-03-03,U.S.,Americas,Oncology,Speaker Program,S00516,E00076,Speaker program educational session,77.0
I001990,2025-03-02,JPN,APAC,Vaccines,Group Meeting,S00221,E00565,Advisory board discussion on unmet needs,98.0
I001991,2025-02-24,JPN,APAC,Vaccines,Group Meeting,S00666,E00031,Advisory board discussion on unmet needs,73.0
I001992,2025-04-05,IN,APAC,Vaccines,1:1 Meeting,S00607,E00291,Meeting,21.0
I001993,2025-04-03,JPN,APAC,Primary Care,1:1 Meeting,S00105,E00130,Catch-up,41.0
I001994,2025-03-02,MX,Americas,Primary Care,Group Meeting,S00444,E00238,Market access discussion,90.0
I001995,2024-06-18,India,APAC,Oncology,Speaker Program,S01065,E00183,Market access discussion,56.0
I001996,2025-04-16,CAN,Americas,Oncology,Group Meeting,S01153,E00018,Speaker program educational session,41.0
I001997,2024-07-13,United States,Americas,Vaccines,1:1 Meeting,S01241,E00039,Scientific exchange on clinical data,16.0
I001998,2024-01-07,U.S.,Americas,Vaccines,Advisory Board,S01738,E00214,Advisory board discussion on unmet needs,134.0
I001999,2024-06-26,United States of America,Americas,Vaccines,1:1 Meeting,S00397,E00703,Training and best practice sharing,14.0
I002000,2025-04-06,U.S.,Americas,Oncology,Group Meeting,S01249,E00151,Advisory board discussion on unmet needs,76.0
I002001,2024-03-20,United States,Americas,Vaccines,Group Meeting,S00258,E00906,Advisory board discussion on unmet needs,59.0
I002002,2025-01-25,France,EMEA,Respiratory,1:1 Meeting,S01006,E00753,Advisory board discussion on unmet needs,29.0
I002003,2024-05-05,US,Americas,Respiratory,Group Meeting,S01531,E00761,Congress meeting and follow-up,89.0
I002004,2025-04-08,DEU,EMEA,Oncology,1:1 Meeting,S01188,E00332,Discussed topics,51.0
I002005,2024-05-02,UK,EMEA,Oncology,Group Meeting,S00544,E00451,Advisory board discussion on unmet needs,79.0
I002006,2024-01-23,BR,Americas,Oncology,1:1 Meeting,S00962,E00507,Discussed topics,
I002007,2024-08-22,Brazil,Americas,Oncology,Group Meeting,S00109,E00445,Advisory board discussion on unmet needs,73.0
I002008,2024-08-03,IT,EMEA,Vaccines,Group Meeting,S00280,E00525,Market access discussion,36.0
I002009,2024-07-01,DEU,EMEA,Oncology,Speaker Program,S00700,E00201,Speaker program educational session,28.0
I002010,2024-09-13,ITA,EMEA,Respiratory,Speaker Program,S00413,E00077,Product information discussion (on-label),61.0
I002011,2025-06-16,GB,EMEA,Vaccines,Speaker Program,S01194,E00537,Speaker program educational session,124.0
I002012,2024-06-19,DE,EMEA,Primary Care,1:1 Meeting,S00554,E00086,Congress meeting and follow-up,18.0
I002013,2024-03-07,Mexico,Americas,Respiratory,1:1 Meeting,S01439,E00122,Product information discussion (on-label),20.0
I002014,2024-03-08,FRA,EMEA,Vaccines,1:1 Meeting,S01329,E00106,Follow-up,36.0
I002015,2025-05-20,Mexico,Americas,Oncology,1:1 Meeting,S00928,E00717,Speaker program educational session,20.0
I002016,2024-09-16,United States,Americas,Respiratory,Group Meeting,S00105,E00693,Scientific exchange on clinical data,68.0
I002017,2024-07-02,Italy,EMEA,Specialty,1:1 Meeting,S00592,E00579,Market access discussion,19.0
I002018,2025-05-15,US,Americas,Specialty,1:1 Meeting,S00964,E00374,Market access discussion,37.0
I002019,2024-07-04,IN,APAC,Respiratory,1:1 Meeting,S01219,E00888,Advisory board discussion on unmet needs,28.0
I002020,2024-10-11,India,APAC,Respiratory,Group Meeting,S00529,E00686,Speaker program educational session,64.0
I002021,2025-02-20,ITA,EMEA,Vaccines,Congress/Conference,S01612,E00697,Product information discussion (on-label),108.0
I002022,2025-02-20,JPN,APAC,Oncology,Group Meeting,S01631,E00770,Product information discussion (on-label),91.0
I002023,2024-06-24,IND,APAC,Oncology,Group Meeting,S00010,E00858,Product information discussion (on-label),70.0
I002024,2025-03-27,USA,Americas,Primary Care,1:1 Meeting,S01261,E00741,Scientific exchange on clinical data,48.0
I002025,2024-10-03,CAN,Americas,Primary Care,1:1 Meeting,S00351,E00291,Scientific exchange on clinical data,25.0
I002026,2024-10-08,Mexico,Americas,Specialty,Advisory Board,S00766,E00784,Scientific exchange on clinical data,209.0
I002027,2024-02-10,IND,APAC,Vaccines,Group Meeting,S01062,E00381,Market access discussion,101.0
I002028,2024-09-23,MEX,Americas,Primary Care,1:1 Meeting,S01677,E00170,Market access discussion,25.0
I002029,2025-06-24,BR,Americas,Specialty,1:1 Meeting,S01420,E00960,Advisory board discussion on unmet needs,15.0
I002030,2024-05-26,DEU,EMEA,Primary Care,1:1 Meeting,S01015,E00679,Training and best practice sharing,24.0
I002031,2024-11-29,BRA,Americas,Oncology,Group Meeting,S01123,E00886,Training and best practice sharing,50.0
I002032,,DEU,EMEA,Respiratory,1:1 Meeting,S00625,E00396,Scientific exchange on clinical data,0.0
I002033,2024-05-23,GB,EMEA,Oncology,Congress/Conference,S00370,E00083,Scientific exchange on clinical data,164.0
I002034,2025-01-30,JP,APAC,Respiratory,Group Meeting,S00371,E00434,Congress meeting and follow-up,63.0
I002035,2024-02-24,Mexico,Americas,Respiratory,1:1 Meeting,S00964,E00339,Speaker program educational session,35.0
I002036,2024-11-20,DEU,EMEA,Vaccines,Group Meeting,S00279,E00740,Scientific exchange on clinical data,78.0
I002037,2024-03-20,IT,EMEA,Oncology,1:1 Meeting,S00132,E00716,Scientific exchange on clinical data,30.0
I002038,2025-04-16,United Kingdom,EMEA,Respiratory,1:1 Meeting,S00604,E00491,Scientific exchange on clinical data,26.0
I002039,2024-03-14,CAN,Americas,Oncology,1:1 Meeting,S00824,E00140,Training and best practice sharing,27.0
I002040,2025-03-08,IT,EMEA,Respiratory,Advisory Board,S00062,E00888,Advisory board discussion on unmet needs,181.0
I002041,2025-02-15,DE,EMEA,Vaccines,Advisory Board,S00902,E00984,Product information discussion (on-label),193.0
I002042,2024-09-04,India,APAC,Specialty,1:1 Meeting,S00936,E00894,Scientific exchange on clinical data,25.0
I002043,2024-04-29,DE,EMEA,Vaccines,1:1 Meeting,S01736,E00191,Catch-up,43.0
I002044,2025-04-14,India,APAC,Primary Care,1:1 Meeting,S01765,E00523,Market access discussion,34.0
I002045,2025-05-07,BRA,Americas,Vaccines,Speaker Program,S01751,E00565,Market access discussion,115.0
I002046,2024-11-07,Italy,EMEA,Respiratory,Speaker Program,S00648,E00855,Congress meeting and follow-up,30.0
I002047,2024-11-04,Mexico,Americas,Specialty,Congress/Conference,S01722,E00546,Advisory board discussion on unmet needs,
I002048,2024-05-11,UK,EMEA,Specialty,Group Meeting,S01107,E00569,Advisory board discussion on unmet needs,36.0
I002049,2024-04-30,Great Britain,EMEA,Specialty,Group Meeting,S00782,E00536,Market access discussion,63.0
I002050,2024-02-08,USA,Americas,Respiratory,1:1 Meeting,S01593,E00347,Scientific exchange on clinical data,18.0
I002051,2025-05-26,USA,Americas,Oncology,1:1 Meeting,S00464,E00852,Follow-up,37.0
I002052,2025-06-11,Great Britain,EMEA,Primary Care,1:1 Meeting,S00711,E00833,Product information discussion (on-label),31.0
I002053,2025-05-17,United States of America,Americas,Specialty,Group Meeting,S01744,E00860,Meeting,15.0
I002054,2024-02-11,FR,EMEA,Respiratory,1:1 Meeting,S00125,E00965,Advisory board discussion on unmet needs,28.0
I002055,2024-01-12,JP,APAC,Oncology,Group Meeting,S00047,E00320,Advisory board discussion on unmet needs,
I002056,2024-04-24,FR,EMEA,Oncology,1:1 Meeting,S01488,E00809,Product information discussion (on-label),37.0
I002057,2024-08-05,U.S.,Americas,Oncology,1:1 Meeting,S01143,E00551,Training and best practice sharing,60.0
I002058,2025-04-16,GB,EMEA,Oncology,Advisory Board,S00801,E00862,Meeting,197.0
I002059,2025-01-21,IND,APAC,Oncology,1:1 Meeting,S00468,E00213,Advisory board discussion on unmet needs,19.0
I002060,2025-04-01,FR,EMEA,Respiratory,1:1 Meeting,S01413,E00449,Market access discussion,39.0
I002061,2024-01-21,Mexico,Americas,Respiratory,1:1 Meeting,S00572,E00982,Discussed topics,26.0
I002062,2024-07-21,United States of America,Americas,Specialty,Congress/Conference,S00097,E00231,Advisory board discussion on unmet needs,103.0
I002063,2025-02-20,Brazil,Americas,Oncology,Speaker Program,S00459,E00254,Congress meeting and follow-up,105.0
I002064,2024-06-15,USA,Americas,Vaccines,Congress/Conference,S00750,E00839,Product information discussion (on-label),155.0
I002065,2025-01-18,IN,APAC,Oncology,1:1 Meeting,S01048,E00786,Product information discussion (on-label),18.0
I002066,2025-06-04,BR,Americas,Respiratory,1:1 Meeting,S00606,E00362,,11.0
I002067,2025-04-17,FR,EMEA,Specialty,1:1 Meeting,S00793,E00138,Speaker program educational session,33.0
I002068,2024-01-20,United Kingdom,EMEA,Respiratory,Advisory Board,S00707,E00965,Speaker program educational session,208.0
I002069,2025-05-04,CAN,Americas,Respiratory,1:1 Meeting,S01026,E00168,Scientific exchange on clinical data,13.0
I002070,2024-12-15,USA,Americas,Primary Care,Group Meeting,S00767,E00504,Scientific exchange on clinical data,54.0
I002071,2024-03-24,BRA,Americas,Oncology,Group Meeting,S00537,E00475,Scientific exchange on clinical data,65.0
I002072,2024-06-02,FRA,EMEA,Specialty,Speaker Program,S00188,E00805,Market access discussion,93.0
I002073,2025-03-15,DEU,EMEA,Oncology,Advisory Board,S01319,E00856,Market access discussion,151.0
I002074,2025-02-24,Great Britain,EMEA,Primary Care,Group Meeting,S01352,E00169,Business discussion,103.0
I002075,2025-05-07,MEX,Americas,Primary Care,Speaker Program,S01640,E00933,Scientific exchange on clinical data,104.0
I002076,2024-01-04,USA,Americas,Vaccines,Advisory Board,S00620,E00759,Speaker program educational session,303.0
I002077,2025-04-16,Germany,EMEA,Respiratory,1:1 Meeting,S00361,E00914,Speaker program educational session,30.0
I002078,2024-01-31,JP,APAC,Specialty,Speaker Program,S00339,E00635,Advisory board discussion on unmet needs,81.0
I002079,2025-01-15,MX,Americas,Primary Care,1:1 Meeting,S00334,E00633,Market access discussion,28.0
I002080,2024-07-02,India,APAC,Primary Care,Group Meeting,S00324,E00193,Scientific exchange on clinical data,52.0
I002081,2025-06-28,IND,APAC,Specialty,1:1 Meeting,S01151,E00745,Training and best practice sharing,33.0
I002082,2025-03-02,ITA,EMEA,Vaccines,Congress/Conference,S01458,E00902,Follow-up,69.0
I002083,2024-02-28,USA,Americas,Vaccines,Group Meeting,S01625,E00782,Follow-up,81.0
I002084,2024-10-04,U.S.,Americas,Specialty,1:1 Meeting,S01637,E00270,Discussed topics,42.0
I002085,2024-09-21,FRA,EMEA,Oncology,1:1 Meeting,S01539,E00721,Scientific exchange on clinical data,42.0
I002086,2024-01-08,Germany,EMEA,Oncology,Speaker Program,S00402,E00679,Training and best practice sharing,122.0
I002087,2024-07-26,FR,EMEA,Oncology,Congress/Conference,S00064,E00978,Advisory board discussion on unmet needs,126.0
I002088,2025-05-27,UK,EMEA,Vaccines,Speaker Program,S01217,E00623,Product information discussion (on-label),145.0
I002089,2024-07-22,United Kingdom,EMEA,Specialty,Congress/Conference,S00508,E00224,Speaker program educational session,138.0
I002090,2025-03-18,Japan,APAC,Respiratory,1:1 Meeting,S00135,E00281,Speaker program educational session,25.0
I002091,2024-12-04,JPN,APAC,Oncology,1:1 Meeting,S01095,E00797,Congress meeting and follow-up,25.0
I002092,2024-01-25,USA,Americas,Oncology,1:1 Meeting,S01500,E00006,Speaker program educational session,42.0
I002093,2025-05-20,IN,APAC,Respiratory,Congress/Conference,S01522,E00281,Scientific exchange on clinical data,159.0
I002094,2024-12-03,JP,APAC,Specialty,Group Meeting,S01064,E00883,Advisory board discussion on unmet needs,34.0
I002095,2024-04-04,US,Americas,Respiratory,Group Meeting,S00395,E00149,Product information discussion (on-label),
I002096,2024-08-18,Brazil,Americas,Oncology,1:1 Meeting,S01638,E00281,Product information discussion (on-label),36.0
I002097,2025-05-09,United States of America,Americas,Oncology,Advisory Board,S00937,E00341,Scientific exchange on clinical data,109.0
I002098,2025-03-12,FRA,EMEA,Respiratory,Speaker Program,S01535,E00795,Scientific exchange on clinical data,70.0
I002099,2025-01-02,DE,EMEA,Oncology,Group Meeting,S00149,E00425,Training and best practice sharing,55.0
I002100,2025-06-24,US,Americas,Respiratory,1:1 Meeting,S00819,E00767,Speaker program educational session,38.0
I002101,2024-05-23,UK,EMEA,Specialty,Group Meeting,S01026,E00994,Training and best practice sharing,46.0
I002102,2024-02-02,BR,Americas,Vaccines,Congress/Conference,S01653,E00028,Speaker program educational session,131.0
I002103,2025-01-11,UK,EMEA,Primary Care,1:1 Meeting,S01614,E00435,Congress meeting and follow-up,
I002104,2025-01-27,U.S.,Americas,Specialty,Congress/Conference,S01071,E00386,Scientific exchange on clinical data,182.0
I002105,2025-05-03,IND,APAC,Specialty,1:1 Meeting,S01087,E00238,Speaker program educational session,20.0
I002106,2024-06-21,Brazil,Americas,Respiratory,Advisory Board,S00061,E00800,Speaker program educational session,165.0
I002107,2024-01-17,US,Americas,Oncology,Group Meeting,S01620,E00266,Training and best practice sharing,81.0
I002108,2024-07-15,MEX,Americas,Specialty,Group Meeting,S00971,E00833,Congress meeting and follow-up,61.0
I002109,2024-01-23,Mexico,Americas,Vaccines,1:1 Meeting,S00372,E00609,Congress meeting and follow-up,31.0
I002110,2024-05-17,United Kingdom,EMEA,Oncology,Group Meeting,S01430,E00993,Scientific exchange on clinical data,37.0
I002111,2025-04-17,Italy,EMEA,Vaccines,1:1 Meeting,S00916,E00210,Training and best practice sharing,17.0
I002112,2024-07-19,DEU,EMEA,Vaccines,Group Meeting,S01458,E00218,Congress meeting and follow-up,47.0
I002113,2024-09-14,US,Americas,Vaccines,Speaker Program,S00912,E00014,Congress meeting and follow-up,95.0
I002114,2024-02-28,Italy,EMEA,Vaccines,Group Meeting,S00491,E00042,Speaker program educational session,79.0
I002115,2025-04-09,IND,APAC,Primary Care,Speaker Program,S01446,E00913,Training and best practice sharing,87.0
I002116,2024-04-04,Germany,EMEA,Specialty,1:1 Meeting,S01382,E00548,Congress meeting and follow-up,29.0
I002117,2024-05-04,IN,APAC,Vaccines,Group Meeting,S00850,E00907,Scientific exchange on clinical data,64.0
I002118,2025-04-15,BRA,Americas,Specialty,Group Meeting,S01493,E00067,Market access discussion,55.0
I002119,2025-05-25,DEU,EMEA,Vaccines,1:1 Meeting,S01182,E00124,Speaker program educational session,30.0
I002120,2024-09-18,IN,APAC,Vaccines,Congress/Conference,S01754,E00517,Advisory board discussion on unmet needs,184.0
I002121,2024-03-29,UK,EMEA,Oncology,Advisory Board,S01499,E00833,Speaker program educational session,161.0
I002122,2024-11-28,Germany,EMEA,Oncology,Congress/Conference,S01146,E00691,Discussed topics,169.0
I002123,2024-03-17,India,APAC,Primary Care,Advisory Board,S00685,E00954,Training and best practice sharing,146.0
I002124,2024-07-18,JPN,APAC,Oncology,1:1 Meeting,S01200,E00062,Discussed topics,19.0
I002125,2025-03-02,UK,EMEA,Respiratory,Congress/Conference,S01698,E00585,Training and best practice sharing,120.0
I002126,2025-06-05,CA,Americas,Vaccines,Group Meeting,S00387,E00700,Training and best practice sharing,66.0
I002127,2025-02-18,United States of America,Americas,Specialty,1:1 Meeting,S01591,E00063,Market access discussion,10.0
I002128,2025-05-02,DE,EMEA,Vaccines,1:1 Meeting,S01722,E00814,Advisory board discussion on unmet needs,32.0
I002129,2024-05-10,MX,Americas,Oncology,1:1 Meeting,S00624,E00554,Speaker program educational session,33.0
I002130,2024-01-15,JPN,APAC,Primary Care,Group Meeting,S00809,E00325,Scientific exchange on clinical data,34.0
I002131,2024-08-19,US,Americas,Vaccines,1:1 Meeting,S01201,E00278,Scientific exchange on clinical data,
I002132,2024-11-26,JP,APAC,Specialty,Speaker Program,S00896,E00999,Follow-up,144.0
I002133,2025-03-02,IN,APAC,Primary Care,1:1 Meeting,S00761,E00976,Scientific exchange on clinical data,18.0
I002134,2025-03-24,JP,APAC,Primary Care,Group Meeting,S00081,E00751,Market access discussion,37.0
I002135,2025-02-16,IT,EMEA,Oncology,1:1 Meeting,S00257,E00351,Scientific exchange on clinical data,36.0
I002136,2024-05-22,UK,EMEA,Specialty,1:1 Meeting,S01571,E00418,Advisory board discussion on unmet needs,14.0
I002137,2024-12-30,USA,Americas,Primary Care,1:1 Meeting,S00327,E00792,Training and best practice sharing,18.0
I002138,2024-03-24,BRA,Americas,Specialty,Advisory Board,S01538,E00594,Training and best practice sharing,262.0
I002139,2024-03-17,India,APAC,Vaccines,Speaker Program,S01420,E00599,Advisory board discussion on unmet needs,47.0
I002140,2025-03-27,DE,EMEA,Specialty,Advisory Board,S01560,E00202,Advisory board discussion on unmet needs,264.0
I002141,2025-05-01,ITA,EMEA,Vaccines,Speaker Program,S01323,E00499,Product information discussion (on-label),
I002142,2025-04-22,JPN,APAC,Primary Care,Group Meeting,S01408,E00694,Scientific exchange on clinical data,49.0
I002143,2024-08-10,IND,APAC,Primary Care,1:1 Meeting,S01446,E00366,Product information discussion (on-label),27.0
I002144,2025-05-17,JPN,APAC,Oncology,1:1 Meeting,S00323,E00446,Product information discussion (on-label),23.0
I002145,2024-11-11,Italy,EMEA,Respiratory,1:1 Meeting,S00419,E00270,Training and best practice sharing,36.0
I002146,2024-06-13,Mexico,Americas,Respiratory,Group Meeting,S00960,E00936,Scientific exchange on clinical data,25.0
I002147,2024-10-05,DEU,EMEA,Vaccines,1:1 Meeting,S00767,E00776,Training and best practice sharing,32.0
I002148,2024-11-01,IN,APAC,Specialty,1:1 Meeting,S00812,E00447,Market access discussion,29.0
I002149,2024-05-03,India,APAC,Specialty,Congress/Conference,S01013,E00428,Congress meeting and follow-up,136.0
I002150,2024-02-17,Mexico,Americas,Primary Care,Group Meeting,S00183,E00912,Training and best practice sharing,65.0
I002151,2024-07-01,United States of America,Americas,Primary Care,1:1 Meeting,S01556,E00411,Product information discussion (on-label),44.0
I002152,2024-03-26,DEU,EMEA,Primary Care,Group Meeting,S00592,E00008,Product information discussion (on-label),56.0
I002153,2025-03-31,IND,APAC,Specialty,Speaker Program,S00120,E00526,Scientific exchange on clinical data,40.0
I002154,2025-04-13,JP,APAC,Oncology,Congress/Conference,S00779,E00688,Product information discussion (on-label),72.0
I002155,2025-02-06,DE,EMEA,Specialty,Speaker Program,S01495,E00210,Scientific exchange on clinical data,71.0
I002156,2025-04-29,U.S.,Americas,Vaccines,1:1 Meeting,S00069,E00618,,32.0
I002157,2024-02-25,DE,EMEA,Specialty,1:1 Meeting,S00624,E00947,Market access discussion,20.0
I002158,2025-03-09,Brazil,Americas,Respiratory,1:1 Meeting,S00573,E00094,,41.0
I002159,2025-03-25,BR,Americas,Oncology,1:1 Meeting,S01580,E00725,Speaker program educational session,35.0
I002160,2025-02-23,JPN,APAC,Primary Care,1:1 Meeting,S01177,E00856,Advisory board discussion on unmet needs,22.0
I002161,2024-09-05,GB,EMEA,Primary Care,Speaker Program,S01173,E00031,Congress meeting and follow-up,131.0
I002162,2024-09-11,India,APAC,Oncology,Speaker Program,S01083,E00945,Training and best practice sharing,82.0
I002163,2025-04-20,MEX,Americas,Oncology,1:1 Meeting,S01268,E00220,Follow-up,58.0
I002164,2024-06-22,IN,APAC,Oncology,1:1 Meeting,S01643,E00623,Training and best practice sharing,38.0
I002165,2025-04-14,Brazil,Americas,Respiratory,1:1 Meeting,S00230,E00192,Congress meeting and follow-up,31.0
I002166,2024-12-03,Brazil,Americas,Vaccines,Advisory Board,S01778,E00318,Congress meeting and follow-up,209.0
I002167,2025-06-10,Brazil,Americas,Primary Care,1:1 Meeting,S00942,E00441,Product information discussion (on-label),31.0
I002168,2024-07-06,U.S.,Americas,Primary Care,Speaker Program,S01546,E00244,Speaker program educational session,65.0
I002169,2025-06-12,IN,APAC,Vaccines,1:1 Meeting,S01309,E00046,Advisory board discussion on unmet needs,45.0
I002170,2025-05-13,United States,Americas,Respiratory,1:1 Meeting,S01465,E00678,,31.0
I002171,2025-03-16,US,Americas,Primary Care,Group Meeting,S00987,E00198,Scientific exchange on clinical data,31.0
I002172,2025-03-13,JP,APAC,Oncology,Speaker Program,S01110,E00095,Training and best practice sharing,128.0
I002173,2025-06-24,MEX,Americas,Respiratory,Speaker Program,S00822,E00641,Congress meeting and follow-up,76.0
I002174,2025-05-31,JPN,APAC,Specialty,Group Meeting,S01181,E00422,Scientific exchange on clinical data,76.0
I002175,2025-05-17,US,Americas,Primary Care,1:1 Meeting,S00303,E00612,Training and best practice sharing,37.0
I002176,2024-05-20,US,Americas,Vaccines,1:1 Meeting,S00172,E00158,Follow-up,44.0
I002177,2024-05-17,United States,Americas,Specialty,Speaker Program,S01785,E00965,Follow-up,
I002178,2024-10-07,Canada,Americas,Oncology,1:1 Meeting,S01070,E00570,Product information discussion (on-label),29.0
I002179,2025-03-06,IN,APAC,Specialty,Group Meeting,S01616,E01000,Product information discussion (on-label),59.0
I002180,2024-07-29,Canada,Americas,Oncology,1:1 Meeting,S01380,E00096,Scientific exchange on clinical data,37.0
I002181,2024-10-28,India,APAC,Specialty,Group Meeting,S01456,E00661,Advisory board discussion on unmet needs,87.0
I002182,2025-03-19,FR,EMEA,Respiratory,Group Meeting,S01041,E00788,Advisory board discussion on unmet needs,106.0
I002183,2024-02-02,JPN,APAC,Primary Care,1:1 Meeting,S01137,E00674,,49.0
I002184,2024-11-03,India,APAC,Vaccines,1:1 Meeting,S00829,E00881,Scientific exchange on clinical data,20.0
I002185,2024-03-10,GB,EMEA,Oncology,Speaker Program,S00251,E00415,,103.0
I002186,2025-04-25,IND,APAC,Oncology,Group Meeting,S01795,E00555,Scientific exchange on clinical data,77.0
I002187,2024-05-23,GB,EMEA,Primary Care,1:1 Meeting,S00667,E00270,Congress meeting and follow-up,
I002188,2024-06-23,GB,EMEA,Respiratory,Speaker Program,S01696,E00135,Congress meeting and follow-up,133.0
I002189,2024-11-20,MX,Americas,Vaccines,1:1 Meeting,S00291,E00623,Scientific exchange on clinical data,33.0
I002190,2024-01-18,BRA,Americas,Oncology,Group Meeting,S00367,E00324,Product information discussion (on-label),48.0
I002191,,U.S.,Americas,Respiratory,Group Meeting,S00400,E00046,Congress meeting and follow-up,50.0
I002192,2025-02-05,United States of America,Americas,Primary Care,1:1 Meeting,S00769,E00912,Market access discussion,
I002193,2024-08-12,JPN,APAC,Oncology,Speaker Program,S01554,E00400,Training and best practice sharing,22.0
I002194,2024-02-28,Brazil,Americas,Primary Care,Group Meeting,S00820,E00898,Product information discussion (on-label),46.0
I002195,2024-12-18,IT,EMEA,Oncology,Speaker Program,S01020,E00764,Meeting,
I002196,2024-07-09,Canada,Americas,Specialty,Speaker Program,S00303,E00331,Training and best practice sharing,96.0
I002197,2025-06-13,United States,Americas,Primary Care,Group Meeting,S01071,E00858,Scientific exchange on clinical data,32.0
I002198,2024-09-01,FR,EMEA,Specialty,Speaker Program,S00738,E00930,Market access discussion,34.0
I002199,2024-03-16,ITA,EMEA,Oncology,Speaker Program,S01255,E00984,Advisory board discussion on unmet needs,84.0
I002200,2024-04-30,US,Americas,Respiratory,Speaker Program,S00301,E00944,Market access discussion,103.0
I002201,2024-01-25,UK,EMEA,Vaccines,1:1 Meeting,S00064,E00827,Market access discussion,19.0
I002202,2025-05-16,India,APAC,Oncology,Group Meeting,S00987,E00606,Follow-up,54.0
I002203,2024-06-14,Italy,EMEA,Respiratory,Speaker Program,S00190,E00223,Congress meeting and follow-up,155.0
I002204,2024-03-26,IND,APAC,Vaccines,Group Meeting,S01161,E00393,Product information discussion (on-label),67.0
I002205,2024-11-15,Japan,APAC,Oncology,Group Meeting,S01392,E00341,Training and best practice sharing,80.0
I002206,2024-11-13,ITA,EMEA,Primary Care,1:1 Meeting,S01092,E00148,Speaker program educational session,26.0
I002207,2024-09-06,United States,Americas,Primary Care,Advisory Board,S00240,E00070,,139.0
I002208,2024-09-12,CA,Americas,Primary Care,1:1 Meeting,S00472,E00568,Speaker program educational session,34.0
I002209,2024-11-02,Italy,EMEA,Oncology,1:1 Meeting,S01091,E00132,Training and best practice sharing,16.0
I002210,2024-02-29,IND,APAC,Specialty,Speaker Program,S00968,E00321,Product information discussion (on-label),113.0
I002211,2024-10-22,United States,Americas,Primary Care,Group Meeting,S01453,E00140,Speaker program educational session,36.0
I002212,2024-08-21,DEU,EMEA,Primary Care,Advisory Board,S01302,E00839,Speaker program educational session,182.0
I002213,2025-01-02,Italy,EMEA,Primary Care,1:1 Meeting,S00945,E00320,Training and best practice sharing,48.0
I002214,2025-05-05,IN,APAC,Primary Care,Advisory Board,S01677,E00249,Product information discussion (on-label),117.0
I002215,2025-05-17,United States of America,Americas,Vaccines,Group Meeting,S01529,E00211,Product information discussion (on-label),48.0
I002216,2025-04-01,IND,APAC,Respiratory,Group Meeting,S01284,E00071,Congress meeting and follow-up,36.0
I002217,2024-05-14,CA,Americas,Specialty,Speaker Program,S01173,E00605,Advisory board discussion on unmet needs,133.0
I002218,2024-02-10,Great Britain,EMEA,Respiratory,Group Meeting,S00432,E00220,Speaker program educational session,70.0
I002219,2024-10-22,U.S.,Americas,Oncology,Advisory Board,S00241,E00320,Training and best practice sharing,185.0
I002220,2024-04-19,France,EMEA,Oncology,Group Meeting,S01017,E00262,Training and best practice sharing,0.0
I002221,2024-08-08,United States of America,Americas,Oncology,1:1 Meeting,S01469,E00143,Advisory board discussion on unmet needs,17.0
I002222,2024-01-04,U.S.,Americas,Respiratory,Group Meeting,S00436,E00880,Congress meeting and follow-up,93.0
I002223,2024-08-31,U.S.,Americas,Primary Care,1:1 Meeting,S00442,E00614,Speaker program educational session,46.0
I002224,2025-04-18,Mexico,Americas,Vaccines,Group Meeting,S00822,E00676,Advisory board discussion on unmet needs,49.0
I002225,2024-01-17,DEU,EMEA,Primary Care,Advisory Board,S00697,E00534,Scientific exchange on clinical data,356.0
I002226,2024-07-23,France,EMEA,Oncology,1:1 Meeting,S00316,E00991,Product information discussion (on-label),35.0
I002227,2025-05-16,BR,Americas,Vaccines,1:1 Meeting,S01455,E00744,Scientific exchange on clinical data,22.0
I002228,2024-05-25,IND,APAC,Respiratory,1:1 Meeting,S00741,E00756,Speaker program educational session,45.0
I002229,2024-04-10,DE,EMEA,Respiratory,Group Meeting,S00214,E00214,Congress meeting and follow-up,37.0
I002230,2024-06-11,IT,EMEA,Oncology,1:1 Meeting,S00976,E00500,Advisory board discussion on unmet needs,26.0
I002231,2024-06-21,US,Americas,Primary Care,Congress/Conference,S00150,E00599,Discussed topics,170.0
I002232,2025-01-15,United States,Americas,Oncology,Group Meeting,S00394,E00206,Scientific exchange on clinical data,59.0
I002233,2025-06-16,US,Americas,Vaccines,Speaker Program,S01249,E00109,Market access discussion,
I002234,2024-11-02,BR,Americas,Specialty,Group Meeting,S00536,E00600,Product information discussion (on-label),80.0
I002235,2024-12-04,JP,APAC,Primary Care,Group Meeting,S01442,E00621,Congress meeting and follow-up,77.0
I002236,2024-08-30,CA,Americas,Oncology,Advisory Board,S01355,E00945,Market access discussion,140.0
I002237,2025-02-12,USA,Americas,Vaccines,1:1 Meeting,S00808,E00122,Speaker program educational session,36.0
I002238,2024-05-18,US,Americas,Respiratory,Group Meeting,S01163,E00580,Product information discussion (on-label),82.0
I002239,2024-07-13,France,EMEA,Oncology,1:1 Meeting,S00322,E00787,Speaker program educational session,49.0
I002240,2024-04-05,GB,EMEA,Oncology,1:1 Meeting,S00422,E00641,Discussed topics,22.0
I002241,2025-02-16,ITA,EMEA,Respiratory,1:1 Meeting,S01777,E00657,Congress meeting and follow-up,16.0
I002242,2024-12-14,BR,Americas,Primary Care,1:1 Meeting,S00981,E00883,Market access discussion,2.0
I002243,2025-04-25,DE,EMEA,Oncology,Speaker Program,S00784,E00206,Training and best practice sharing,103.0
I002244,2024-02-20,MX,Americas,Primary Care,Group Meeting,S01062,E00456,Market access discussion,58.0
I002245,2024-03-21,IND,APAC,Primary Care,1:1 Meeting,S01287,E00829,Speaker program educational session,36.0
I002246,2025-04-25,IND,APAC,Primary Care,Speaker Program,S00747,E00248,Speaker program educational session,75.0
I002247,2025-04-12,BRA,Americas,Oncology,1:1 Meeting,S00465,E00658,Training and best practice sharing,
I002248,2025-03-14,UK,EMEA,Vaccines,Group Meeting,S00988,E00538,Speaker program educational session,0.0
I002249,2025-06-14,United States,Americas,Respiratory,Speaker Program,S00834,E00616,Speaker program educational session,173.0
I002250,2025-04-08,BRA,Americas,Oncology,Advisory Board,S01645,E00897,Advisory board discussion on unmet needs,199.0
I002251,2024-10-06,DEU,EMEA,Vaccines,1:1 Meeting,S00094,E00822,Congress meeting and follow-up,44.0
I002252,2024-04-14,ITA,EMEA,Specialty,Group Meeting,S00809,E00479,Product information discussion (on-label),31.0
I002253,2025-03-08,USA,Americas,Specialty,Group Meeting,S00280,E00926,Scientific exchange on clinical data,73.0
I002254,2025-04-07,JPN,APAC,Respiratory,1:1 Meeting,S01671,E00072,Scientific exchange on clinical data,41.0
I002255,2025-01-01,United States of America,Americas,Respiratory,1:1 Meeting,S00803,E00307,Market access discussion,51.0
I002256,2025-04-22,U.S.,Americas,Specialty,Group Meeting,S00045,E00438,Market access discussion,67.0
I002257,2024-07-08,Brazil,Americas,Specialty,Group Meeting,S00047,E00969,Advisory board discussion on unmet needs,52.0
I002258,2025-02-26,JPN,APAC,Vaccines,Group Meeting,S01763,E00541,Market access discussion,75.0
I002259,2024-05-12,Mexico,Americas,Vaccines,Congress/Conference,S01229,E00187,Congress meeting and follow-up,147.0
I002260,2024-10-19,Brazil,Americas,Primary Care,1:1 Meeting,S01321,E00603,Advisory board discussion on unmet needs,31.0
I002261,2024-04-24,BR,Americas,Respiratory,1:1 Meeting,S00685,E00939,Training and best practice sharing,
I002262,2024-10-23,GB,EMEA,Primary Care,Speaker Program,S00062,E00839,Advisory board discussion on unmet needs,
I002263,2024-12-27,IT,EMEA,Primary Care,1:1 Meeting,S00402,E00825,Advisory board discussion on unmet needs,38.0
I002264,2024-07-15,IN,APAC,Vaccines,Group Meeting,S01798,E00269,Advisory board discussion on unmet needs,46.0
I002265,2024-08-08,MEX,Americas,Respiratory,Advisory Board,S01359,E00805,Product information discussion (on-label),159.0
I002266,2025-06-27,FRA,EMEA,Respiratory,1:1 Meeting,S00547,E00971,Congress meeting and follow-up,
I002267,2025-04-12,MX,Americas,Vaccines,Advisory Board,S00382,E00996,Training and best practice sharing,52.0
I002268,2024-03-01,United States of America,Americas,Respiratory,1:1 Meeting,S00111,E00128,Advisory board discussion on unmet needs,27.0
I002269,2025-03-13,IN,APAC,Oncology,1:1 Meeting,S00449,E00022,Training and best practice sharing,20.0
I002270,2025-04-14,Germany,EMEA,Vaccines,Congress/Conference,S00061,E00451,Training and best practice sharing,136.0
I002271,2025-05-28,IN,APAC,Specialty,Group Meeting,S00053,E00121,Congress meeting and follow-up,71.0
I002272,2024-12-01,United States of America,Americas,Primary Care,Speaker Program,S00161,E00681,Training and best practice sharing,
I002273,2025-03-10,US,Americas,Vaccines,1:1 Meeting,S01791,E00128,Speaker program educational session,39.0
I002274,2024-07-30,IND,APAC,Specialty,Group Meeting,S00736,E00455,Training and best practice sharing,57.0
I002275,2025-04-10,USA,Americas,Primary Care,1:1 Meeting,S00671,E00243,Product information discussion (on-label),23.0
I002276,2024-06-02,JP,APAC,Specialty,1:1 Meeting,S00563,E00873,Advisory board discussion on unmet needs,32.0
I002277,2024-09-05,IND,APAC,Oncology,Group Meeting,S01605,E00539,Advisory board discussion on unmet needs,46.0
I002278,2024-10-02,US,Americas,Oncology,Group Meeting,S01746,E00851,Product information discussion (on-label),57.0
I002279,2025-05-28,US,Americas,Primary Care,1:1 Meeting,S00577,E00600,Congress meeting and follow-up,29.0
I002280,2025-05-19,DEU,EMEA,Primary Care,Speaker Program,S00681,E00028,Training and best practice sharing,90.0
I002281,2024-08-28,JP,APAC,Specialty,1:1 Meeting,S00682,E00521,Market access discussion,16.0
I002282,2024-05-07,JPN,APAC,Primary Care,1:1 Meeting,S01713,E00463,Advisory board discussion on unmet needs,36.0
I002283,2025-05-17,United States,Americas,Specialty,1:1 Meeting,S00304,E00872,Product information discussion (on-label),39.0
I002284,2025-05-16,BR,Americas,Primary Care,Group Meeting,S00746,E00615,Product information discussion (on-label),46.0
I002285,2025-05-06,CA,Americas,Vaccines,1:1 Meeting,S00272,E00203,Scientific exchange on clinical data,29.0
I002286,2025-02-19,Mexico,Americas,Primary Care,Group Meeting,S00346,E00796,Product information discussion (on-label),80.0
I002287,2024-05-27,UK,EMEA,Specialty,1:1 Meeting,S01392,E00495,Speaker program educational session,17.0
I002288,2024-06-10,DE,EMEA,Oncology,Group Meeting,S01305,E00839,Advisory board discussion on unmet needs,107.0
I002289,2024-03-01,FR,EMEA,Primary Care,Group Meeting,S00745,E00946,Market access discussion,72.0
I002290,2025-04-10,JP,APAC,Oncology,1:1 Meeting,S01763,E00783,Speaker program educational session,35.0
I002291,2024-08-30,CAN,Americas,Respiratory,Speaker Program,S01030,E00428,Speaker program educational session,76.0
I002292,2025-06-16,BRA,Americas,Primary Care,Group Meeting,S00192,E00641,Product information discussion (on-label),53.0
I002293,2025-05-08,IND,APAC,Specialty,Group Meeting,S01369,E00697,Congress meeting and follow-up,44.0
I002294,2025-06-05,India,APAC,Vaccines,Speaker Program,S00762,E00810,Training and best practice sharing,117.0
I002295,2024-01-12,U.S.,Americas,Primary Care,Speaker Program,S01252,E00726,Congress meeting and follow-up,88.0
I002296,2024-04-23,Mexico,Americas,Specialty,Group Meeting,S01364,E00686,Market access discussion,46.0
I002297,2024-01-26,MX,Americas,Respiratory,Advisory Board,S00609,E00291,Training and best practice sharing,152.0
I002298,2024-03-02,DEU,EMEA,Primary Care,Group Meeting,S01648,E00139,Advisory board discussion on unmet needs,97.0
I002299,2024-08-16,Japan,APAC,Oncology,1:1 Meeting,S00570,E00153,Catch-up,28.0
I002300,2024-02-01,JPN,APAC,Specialty,Group Meeting,S01228,E00841,Congress meeting and follow-up,56.0
I002301,2024-01-12,MX,Americas,Oncology,Group Meeting,S00620,E00280,Scientific exchange on clinical data,85.0
I002302,2025-03-10,IT,EMEA,Respiratory,Advisory Board,S01625,E00583,Training and best practice sharing,221.0
I002303,2024-05-15,IND,APAC,Specialty,1:1 Meeting,S00021,E00965,Training and best practice sharing,28.0
I002304,2025-04-20,JPN,APAC,Primary Care,Group Meeting,S01207,E00398,Business discussion,26.0
I002305,2024-11-19,United States of America,Americas,Specialty,1:1 Meeting,S01620,E00150,Advisory board discussion on unmet needs,29.0
I002306,2024-02-18,Brazil,Americas,Specialty,Group Meeting,S00464,E00479,Product information discussion (on-label),52.0
I002307,2025-06-11,DE,EMEA,Oncology,1:1 Meeting,S00617,E00724,Scientific exchange on clinical data,52.0
I002308,2024-12-19,FR,EMEA,Oncology,1:1 Meeting,S00667,E00692,Training and best practice sharing,13.0
I002309,2024-03-15,BRA,Americas,Respiratory,1:1 Meeting,S00111,E00908,Market access discussion,46.0
I002310,2024-11-14,IT,EMEA,Primary Care,Congress/Conference,S00541,E00220,Catch-up,95.0
I002311,2024-03-27,FRA,EMEA,Primary Care,Group Meeting,S00364,E00044,Product information discussion (on-label),69.0
I002312,2024-02-11,United States,Americas,Primary Care,Speaker Program,S00512,E00334,Market access discussion,35.0
I002313,2024-04-02,Japan,APAC,Oncology,1:1 Meeting,S00208,E00242,Business discussion,28.0
I002314,2024-09-21,United Kingdom,EMEA,Specialty,1:1 Meeting,S01026,E00889,Advisory board discussion on unmet needs,34.0
I002315,2024-10-18,JPN,APAC,Specialty,Advisory Board,S01123,E00099,Congress meeting and follow-up,0.0
I002316,2024-04-06,GB,EMEA,Vaccines,Speaker Program,S00310,E00130,Market access discussion,120.0
I002317,2024-04-04,Mexico,Americas,Oncology,1:1 Meeting,S01226,E00022,Congress meeting and follow-up,
I002318,2024-03-17,CAN,Americas,Primary Care,Advisory Board,S01032,E00842,Product information discussion (on-label),214.0
I002319,2024-07-26,IND,APAC,Vaccines,Advisory Board,S00877,E00079,Scientific exchange on clinical data,201.0
I002320,2025-02-13,Brazil,Americas,Primary Care,Group Meeting,S00412,E00843,Advisory board discussion on unmet needs,28.0
I002321,2024-11-26,USA,Americas,Specialty,1:1 Meeting,S00510,E00820,Scientific exchange on clinical data,36.0
I002322,2024-03-14,IT,EMEA,Oncology,Congress/Conference,S00696,E00523,Speaker program educational session,109.0
I002323,2024-09-10,CA,Americas,Vaccines,1:1 Meeting,S00830,E00645,,26.0
I002324,2024-11-27,United Kingdom,EMEA,Oncology,1:1 Meeting,S00086,E00437,Advisory board discussion on unmet needs,25.0
I002325,2025-02-01,UK,EMEA,Oncology,Group Meeting,S01227,E00208,Congress meeting and follow-up,70.0
I002326,2025-03-30,United States,Americas,Primary Care,1:1 Meeting,S00578,E00752,Speaker program educational session,28.0
I002327,2024-04-24,Great Britain,EMEA,Respiratory,1:1 Meeting,S00298,E00882,Product information discussion (on-label),
I002328,2024-09-01,IND,APAC,Primary Care,1:1 Meeting,S01402,E00339,Business discussion,26.0
I002329,2025-06-09,GB,EMEA,Primary Care,Group Meeting,S01115,E00517,Speaker program educational session,
I002330,2024-02-11,IND,APAC,Specialty,Congress/Conference,S00416,E00783,Speaker program educational session,103.0
I002331,2025-04-09,UK,EMEA,Vaccines,1:1 Meeting,S01107,E00922,Product information discussion (on-label),8.0
I002332,2024-03-06,United States of America,Americas,Oncology,Speaker Program,S01530,E00277,Training and best practice sharing,83.0
I002333,2024-06-15,United Kingdom,EMEA,Specialty,Group Meeting,S01286,E00840,Congress meeting and follow-up,79.0
I002334,2025-02-12,Brazil,Americas,Respiratory,1:1 Meeting,S00076,E00364,Training and best practice sharing,24.0
I002335,2024-04-21,Japan,APAC,Vaccines,Congress/Conference,S01405,E00356,Congress meeting and follow-up,156.0
I002336,2024-02-08,DE,EMEA,Vaccines,1:1 Meeting,S00434,E00911,Training and best practice sharing,
I002337,2024-04-14,USA,Americas,Primary Care,1:1 Meeting,S01642,E00645,Market access discussion,29.0
I002338,2025-02-17,Canada,Americas,Primary Care,1:1 Meeting,S01360,E00510,Meeting,28.0
I002339,2025-03-04,Brazil,Americas,Primary Care,1:1 Meeting,S01337,E00965,,37.0
I002340,2024-11-02,CAN,Americas,Oncology,Group Meeting,S01678,E00983,Market access discussion,49.0
I002341,2024-12-19,Great Britain,EMEA,Specialty,1:1 Meeting,S00007,E00602,Discussed topics,35.0
I002342,2025-05-31,United States of America,Americas,Specialty,Congress/Conference,S01024,E00707,Training and best practice sharing,
I002343,2025-03-21,Brazil,Americas,Oncology,Group Meeting,S01608,E00051,Congress meeting and follow-up,91.0
I002344,2024-05-12,US,Americas,Primary Care,1:1 Meeting,S01344,E00792,Catch-up,19.0
I002345,2025-03-18,Canada,Americas,Primary Care,1:1 Meeting,S01635,E00577,Speaker program educational session,34.0
I002346,2025-02-14,CAN,Americas,Primary Care,1:1 Meeting,S01753,E00950,Speaker program educational session,28.0
I002347,2024-05-17,MX,Americas,Primary Care,Speaker Program,S01016,E00366,Congress meeting and follow-up,82.0
I002348,2024-11-02,United States of America,Americas,Respiratory,Speaker Program,S00268,E00749,Speaker program educational session,121.0
I002349,2024-09-22,DEU,EMEA,Respiratory,Group Meeting,S01366,E00695,Speaker program educational session,70.0
I002350,2025-01-12,MEX,Americas,Vaccines,Speaker Program,S00297,E00792,Speaker program educational session,85.0
I002351,2025-03-29,United States,Americas,Oncology,Group Meeting,S00230,E00592,Speaker program educational session,70.0
I002352,2025-01-01,DEU,EMEA,Vaccines,Advisory Board,S01137,E00490,Congress meeting and follow-up,165.0
I002353,2024-03-29,JPN,APAC,Primary Care,Advisory Board,S00675,E00864,Market access discussion,228.0
I002354,2024-05-11,CA,Americas,Primary Care,1:1 Meeting,S00254,E00117,Advisory board discussion on unmet needs,17.0
I002355,2025-01-10,United States,Americas,Specialty,1:1 Meeting,S00339,E00820,Congress meeting and follow-up,29.0
I002356,2024-02-03,JP,APAC,Respiratory,1:1 Meeting,S01405,E00739,Scientific exchange on clinical data,49.0
I002357,2024-06-19,IN,APAC,Oncology,Group Meeting,S01600,E00866,Market access discussion,75.0
I002358,2024-01-19,IN,APAC,Specialty,1:1 Meeting,S01030,E00948,Training and best practice sharing,49.0
I002359,2024-08-13,U.S.,Americas,Respiratory,1:1 Meeting,S00071,E00751,Market access discussion,48.0
I002360,2024-06-23,United States of America,Americas,Respiratory,Advisory Board,S00409,E00591,Scientific exchange on clinical data,175.0
I002361,2024-08-09,FRA,EMEA,Vaccines,1:1 Meeting,S01555,E00279,Training and best practice sharing,24.0
I002362,2025-02-06,United States,Americas,Primary Care,Speaker Program,S00997,E00799,Training and best practice sharing,85.0
I002363,2024-11-13,Canada,Americas,Vaccines,Speaker Program,S01075,E00819,Congress meeting and follow-up,47.0
I002364,2025-06-23,Canada,Americas,Respiratory,Advisory Board,S00919,E00995,Market access discussion,162.0
I002365,2024-10-08,FRA,EMEA,Oncology,Speaker Program,S00387,E00307,Training and best practice sharing,30.0
I002366,2024-01-08,US,Americas,Specialty,1:1 Meeting,S00685,E00931,Scientific exchange on clinical data,28.0
I002367,2025-05-05,IN,APAC,Oncology,1:1 Meeting,S01425,E00174,Training and best practice sharing,21.0
I002368,2025-06-12,DE,EMEA,Primary Care,Advisory Board,S00789,E00393,Training and best practice sharing,150.0
I002369,2024-09-09,IN,APAC,Vaccines,1:1 Meeting,S01631,E00811,Catch-up,16.0
I002370,2024-11-11,United States,Americas,Specialty,1:1 Meeting,S00153,E00266,Follow-up,17.0
I002371,2024-09-29,BR,Americas,Oncology,Speaker Program,S01054,E00043,Congress meeting and follow-up,67.0
I002372,2025-04-08,Germany,EMEA,Specialty,Advisory Board,S00404,E00446,Congress meeting and follow-up,
I002373,2025-02-19,FRA,EMEA,Oncology,1:1 Meeting,S00655,E00566,Product information discussion (on-label),22.0
I002374,2025-06-30,US,Americas,Primary Care,Speaker Program,S01645,E00312,Market access discussion,93.0
I002375,2024-01-18,US,Americas,Respiratory,Group Meeting,S00554,E00516,Training and best practice sharing,
I002376,2024-12-11,India,APAC,Oncology,Group Meeting,S01191,E00195,Scientific exchange on clinical data,40.0
I002377,2024-12-31,Great Britain,EMEA,Vaccines,Speaker Program,S00619,E00912,Market access discussion,109.0
I002378,2024-08-04,IT,EMEA,Respiratory,1:1 Meeting,S00152,E00708,Advisory board discussion on unmet needs,29.0
I002379,2024-02-03,UK,EMEA,Primary Care,Congress/Conference,S00209,E00936,Speaker program educational session,128.0
I002380,2024-03-20,IND,APAC,Respiratory,1:1 Meeting,S00195,E00101,Speaker program educational session,32.0
I002381,2025-02-16,JP,APAC,Specialty,1:1 Meeting,S01113,E00257,Market access discussion,8.0
I002382,2024-10-08,IT,EMEA,Oncology,1:1 Meeting,S00168,E00645,Advisory board discussion on unmet needs,
I002383,2024-04-21,USA,Americas,Respiratory,1:1 Meeting,S01639,E00041,Congress meeting and follow-up,
I002384,2025-05-23,IND,APAC,Respiratory,Group Meeting,S01011,E00656,Speaker program educational session,63.0
I002385,2025-06-29,India,APAC,Oncology,1:1 Meeting,S00275,E00077,Market access discussion,37.0
I002386,2024-08-21,UK,EMEA,Vaccines,Group Meeting,S00759,E00875,Market access discussion,17.0
I002387,2024-02-28,Germany,EMEA,Oncology,Group Meeting,S00282,E00353,Discussed topics,64.0
I002388,2025-01-24,Mexico,Americas,Oncology,Congress/Conference,S00890,E00771,Speaker program educational session,78.0
I002389,2024-06-28,MX,Americas,Vaccines,Group Meeting,S00347,E00815,Market access discussion,55.0
I002390,2024-04-30,MX,Americas,Oncology,1:1 Meeting,S00980,E00906,Advisory board discussion on unmet needs,15.0
I002391,2024-09-12,Japan,APAC,Specialty,Speaker Program,S01258,E00617,Market access discussion,93.0
I002392,2024-02-28,India,APAC,Specialty,1:1 Meeting,S00640,E00725,Training and best practice sharing,
I002393,2024-03-09,BR,Americas,Primary Care,Speaker Program,S01144,E00565,Congress meeting and follow-up,129.0
I002394,2024-11-13,United States of America,Americas,Primary Care,1:1 Meeting,S01034,E00427,Scientific exchange on clinical data,39.0
I002395,2025-02-02,FR,EMEA,Respiratory,Group Meeting,S00527,E00566,Speaker program educational session,36.0
I002396,2025-04-29,United States,Americas,Specialty,1:1 Meeting,S01521,E00336,Market access discussion,36.0
I002397,2025-03-22,CA,Americas,Vaccines,Speaker Program,S00842,E00510,Product information discussion (on-label),130.0
I002398,2025-02-15,IN,APAC,Vaccines,Congress/Conference,S00687,E00752,Advisory board discussion on unmet needs,99.0
I002399,2025-05-22,USA,Americas,Oncology,Group Meeting,S01612,E00830,Training and best practice sharing,
I002400,2025-02-23,India,APAC,Respiratory,Speaker Program,S01057,E00083,Market access discussion,110.0
I002401,2024-06-02,FR,EMEA,Primary Care,1:1 Meeting,S01520,E00699,Scientific exchange on clinical data,26.0
I002402,2025-01-07,India,APAC,Respiratory,1:1 Meeting,S01552,E00878,Training and best practice sharing,21.0
I002403,2024-06-07,CAN,Americas,Vaccines,Group Meeting,S01096,E00516,Training and best practice sharing,79.0
I002404,2024-07-29,GB,EMEA,Vaccines,Speaker Program,S01668,E00951,Speaker program educational session,
I002405,2025-03-22,India,APAC,Vaccines,Group Meeting,S00265,E00070,Business discussion,94.0
I002406,2024-12-22,BRA,Americas,Oncology,Speaker Program,S01300,E00564,Training and best practice sharing,137.0
I002407,2024-10-30,MX,Americas,Oncology,Group Meeting,S01750,E00012,Speaker program educational session,
I002408,2024-01-29,Germany,EMEA,Specialty,1:1 Meeting,S00266,E00107,Speaker program educational session,44.0
I002409,2024-04-02,U.S.,Americas,Primary Care,Speaker Program,S00250,E00241,Advisory board discussion on unmet needs,143.0
I002410,2024-07-02,JPN,APAC,Specialty,1:1 Meeting,S00262,E00696,Market access discussion,31.0
I002411,2024-04-04,United States of America,Americas,Oncology,Group Meeting,S00158,E00728,Congress meeting and follow-up,66.0
I002412,2024-09-21,UK,EMEA,Oncology,1:1 Meeting,S00976,E00754,Product information discussion (on-label),19.0
I002413,2024-01-19,JP,APAC,Respiratory,1:1 Meeting,S01092,E00995,Scientific exchange on clinical data,39.0
I002414,2024-05-18,DEU,EMEA,Primary Care,1:1 Meeting,S01203,E00259,Training and best practice sharing,11.0
I002415,2025-06-08,JPN,APAC,Specialty,1:1 Meeting,S01103,E00569,Product information discussion (on-label),28.0
I002416,2025-06-15,India,APAC,Specialty,1:1 Meeting,S01629,E00110,Advisory board discussion on unmet needs,39.0
I002417,2024-04-01,Japan,APAC,Respiratory,1:1 Meeting,S00489,E00678,Speaker program educational session,30.0
I002418,2024-05-19,Mexico,Americas,Oncology,Speaker Program,S01155,E00324,Product information discussion (on-label),61.0
I002419,2024-06-26,US,Americas,Vaccines,Group Meeting,S01301,E00077,Scientific exchange on clinical data,70.0
I002420,2024-05-16,FRA,EMEA,Primary Care,Group Meeting,S01548,E00225,Product information discussion (on-label),71.0
I002421,2024-07-08,IND,APAC,Oncology,1:1 Meeting,S01431,E00991,Advisory board discussion on unmet needs,20.0
I002422,2024-09-13,United States of America,Americas,Vaccines,Group Meeting,S00065,E00759,,74.0
I002423,2024-08-30,FR,EMEA,Vaccines,Congress/Conference,S01603,E00178,Congress meeting and follow-up,82.0
I002424,2024-12-08,U.S.,Americas,Vaccines,Congress/Conference,S00637,E00566,Speaker program educational session,44.0
I002425,2025-01-13,United States,Americas,Primary Care,1:1 Meeting,S01020,E00061,,13.0
I002426,2024-11-06,Brazil,Americas,Oncology,Group Meeting,S00473,E00249,Speaker program educational session,
I002427,2025-04-19,BRA,Americas,Specialty,1:1 Meeting,S00771,E00676,Market access discussion,35.0
I002428,,JPN,APAC,Vaccines,Group Meeting,S01309,E00795,Training and best practice sharing,17.0
I002429,2025-01-07,Mexico,Americas,Respiratory,Congress/Conference,S01175,E00147,Speaker program educational session,114.0
I002430,2025-05-06,U.S.,Americas,Specialty,Speaker Program,S01048,E00437,Speaker program educational session,93.0
I002431,2024-02-09,Japan,APAC,Vaccines,1:1 Meeting,S00256,E00171,Scientific exchange on clinical data,47.0
I002432,2025-02-01,GB,EMEA,Oncology,1:1 Meeting,S01493,E00864,Scientific exchange on clinical data,27.0
I002433,2024-06-18,Germany,EMEA,Specialty,1:1 Meeting,S01793,E00665,Scientific exchange on clinical data,27.0
I002434,2025-04-03,Mexico,Americas,Vaccines,1:1 Meeting,S00057,E00389,Advisory board discussion on unmet needs,45.0
I002435,2025-06-12,France,EMEA,Specialty,Speaker Program,S01383,E00317,Market access discussion,136.0
I002436,2025-04-08,IND,APAC,Primary Care,Group Meeting,S01148,E00272,Product information discussion (on-label),55.0
I002437,2024-09-03,FR,EMEA,Respiratory,1:1 Meeting,S01252,E00319,Speaker program educational session,35.0
I002438,2024-04-25,FRA,EMEA,Oncology,Group Meeting,S01798,E00325,Congress meeting and follow-up,58.0
I002439,2024-09-12,United States of America,Americas,Respiratory,1:1 Meeting,S01746,E00673,Speaker program educational session,36.0
I002440,2024-08-22,Germany,EMEA,Primary Care,1:1 Meeting,S01421,E00212,Advisory board discussion on unmet needs,35.0
I002441,2024-06-29,France,EMEA,Oncology,1:1 Meeting,S01788,E00510,Market access discussion,52.0
I002442,2024-01-24,FR,EMEA,Primary Care,Group Meeting,S00734,E00186,Speaker program educational session,11.0
I002443,2025-04-17,MEX,Americas,Primary Care,Group Meeting,S00503,E00035,Product information discussion (on-label),90.0
I002444,2024-12-13,CAN,Americas,Oncology,1:1 Meeting,S00890,E00129,Advisory board discussion on unmet needs,39.0
I002445,2024-06-14,DE,EMEA,Respiratory,1:1 Meeting,S01335,E00887,,
I002446,2024-08-08,United States of America,Americas,Specialty,Group Meeting,S00519,E00830,Catch-up,58.0
I002447,2024-11-03,United Kingdom,EMEA,Specialty,Speaker Program,S01295,E00762,Advisory board discussion on unmet needs,118.0
I002448,2025-04-10,IND,APAC,Primary Care,Advisory Board,S01405,E00404,Advisory board discussion on unmet needs,279.0
I002449,2024-04-08,JP,APAC,Primary Care,Advisory Board,S01300,E00612,Product information discussion (on-label),63.0
I002450,2024-08-14,US,Americas,Specialty,1:1 Meeting,S01611,E00872,Speaker program educational session,27.0
I002451,2025-02-26,MX,Americas,Primary Care,Group Meeting,S00726,E00863,Advisory board discussion on unmet needs,70.0
I002452,2024-02-14,IND,APAC,Primary Care,1:1 Meeting,S01768,E00675,Training and best practice sharing,1.0
I002453,2025-04-16,DE,EMEA,Vaccines,Speaker Program,S01229,E00989,Scientific exchange on clinical data,118.0
I002454,2024-04-01,IND,APAC,Primary Care,Congress/Conference,S00570,E00746,Congress meeting and follow-up,137.0
I002455,2024-01-22,U.S.,Americas,Vaccines,Congress/Conference,S00718,E00007,Congress meeting and follow-up,85.0
I002456,2024-05-14,JP,APAC,Primary Care,1:1 Meeting,S00694,E00602,Advisory board discussion on unmet needs,31.0
I002457,2024-10-06,BR,Americas,Primary Care,Advisory Board,S01280,E00216,Market access discussion,222.0
I002458,2024-08-08,United States,Americas,Specialty,Group Meeting,S01066,E00987,Training and best practice sharing,80.0
I002459,2024-10-30,United States of America,Americas,Specialty,1:1 Meeting,S01003,E00452,Speaker program educational session,29.0
I002460,2024-06-18,IT,EMEA,Respiratory,1:1 Meeting,S00784,E00995,Speaker program educational session,36.0
I002461,2025-01-09,DE,EMEA,Vaccines,1:1 Meeting,S00009,E00574,Market access discussion,41.0
I002462,2025-05-14,USA,Americas,Respiratory,Advisory Board,S00478,E00479,Congress meeting and follow-up,329.0
I002463,2025-01-25,GB,EMEA,Primary Care,Congress/Conference,S01520,E00319,Market access discussion,90.0
I002464,2025-05-06,MEX,Americas,Vaccines,1:1 Meeting,S00844,E00558,Scientific exchange on clinical data,397.0
I002465,2025-01-19,BRA,Americas,Specialty,Congress/Conference,S00249,E00535,Congress meeting and follow-up,150.0
I002466,2024-11-03,FR,EMEA,Oncology,Group Meeting,S00270,E00241,Congress meeting and follow-up,76.0
I002467,2024-09-08,Canada,Americas,Vaccines,1:1 Meeting,S00913,E00809,Congress meeting and follow-up,20.0
I002468,2024-05-10,Japan,APAC,Vaccines,Group Meeting,S00580,E00962,Speaker program educational session,49.0
I002469,2024-01-26,CAN,Americas,Vaccines,1:1 Meeting,S01281,E00560,Speaker program educational session,22.0
I002470,2024-01-05,France,EMEA,Vaccines,1:1 Meeting,S01178,E00772,Product information discussion (on-label),26.0
I002471,2024-06-08,ITA,EMEA,Respiratory,1:1 Meeting,S00806,E00132,Scientific exchange on clinical data,29.0
I002472,2025-06-23,USA,Americas,Primary Care,Group Meeting,S00463,E00667,Meeting,23.0
I002473,2025-01-21,U.S.,Americas,Oncology,1:1 Meeting,S00397,E00952,Scientific exchange on clinical data,42.0
I002474,2024-07-25,IT,EMEA,Vaccines,1:1 Meeting,S01391,E00574,Training and best practice sharing,20.0
I002475,2024-11-13,MX,Americas,Oncology,1:1 Meeting,S00155,E00981,Product information discussion (on-label),12.0
I002476,2024-02-13,Germany,EMEA,Vaccines,1:1 Meeting,S01280,E00242,Product information discussion (on-label),33.0
I002477,2024-05-21,CA,Americas,Primary Care,1:1 Meeting,S01800,E00864,Congress meeting and follow-up,36.0
I002478,2024-06-25,CAN,Americas,Oncology,1:1 Meeting,S00554,E00451,Speaker program educational session,0.0
I002479,2025-01-17,UK,EMEA,Primary Care,1:1 Meeting,S01188,E00183,Scientific exchange on clinical data,33.0
I002480,2025-03-15,India,APAC,Specialty,1:1 Meeting,S00427,E00988,Product information discussion (on-label),32.0
I002481,2024-02-25,USA,Americas,Specialty,Speaker Program,S01132,E00800,Congress meeting and follow-up,64.0
I002482,2024-03-28,US,Americas,Primary Care,Advisory Board,S01589,E00398,Scientific exchange on clinical data,219.0
I002483,2024-01-08,UK,EMEA,Respiratory,Advisory Board,S01339,E00621,Speaker program educational session,
I002484,2025-05-11,Great Britain,EMEA,Oncology,1:1 Meeting,S00388,E00129,Congress meeting and follow-up,41.0
I002485,2025-05-17,GB,EMEA,Oncology,Group Meeting,S00057,E00755,Product information discussion (on-label),
I002486,2024-11-04,JP,APAC,Specialty,Group Meeting,S00065,E00053,Product information discussion (on-label),62.0
I002487,2024-08-18,USA,Americas,Respiratory,1:1 Meeting,S01353,E00746,Market access discussion,39.0
I002488,2024-04-24,Great Britain,EMEA,Primary Care,Group Meeting,S01450,E00502,Speaker program educational session,27.0
I002489,2025-01-24,ITA,EMEA,Respiratory,Speaker Program,S01558,E00553,Speaker program educational session,98.0
I002490,2024-10-04,USA,Americas,Vaccines,Group Meeting,S01238,E00516,Congress meeting and follow-up,70.0
I002491,2024-12-18,United States,Americas,Specialty,1:1 Meeting,S01199,E00855,Speaker program educational session,24.0
I002492,2025-06-24,U.S.,Americas,Vaccines,Advisory Board,S00284,E00678,Training and best practice sharing,207.0
I002493,2025-04-14,CA,Americas,Oncology,Speaker Program,S01700,E00848,Product information discussion (on-label),58.0
I002494,2024-01-24,FR,EMEA,Respiratory,1:1 Meeting,S00473,E00591,Speaker program educational session,29.0
I002495,2024-01-15,BR,Americas,Oncology,Group Meeting,S00819,E00955,Speaker program educational session,58.0
I002496,2024-11-22,US,Americas,Primary Care,Speaker Program,S01025,E00688,Speaker program educational session,89.0
I002497,2025-04-29,Canada,Americas,Vaccines,1:1 Meeting,S00128,E00295,Congress meeting and follow-up,25.0
I002498,2024-03-08,BRA,Americas,Primary Care,Group Meeting,S00291,E00171,Scientific exchange on clinical data,0.0
I002499,2024-12-09,USA,Americas,Respiratory,1:1 Meeting,S01392,E00238,Catch-up,16.0
I002500,2024-09-15,France,EMEA,Oncology,Advisory Board,S00077,E00252,Business discussion,193.0
I002501,2024-11-02,CA,Americas,Specialty,Advisory Board,S00041,E00919,,109.0
I002502,2024-09-02,Germany,EMEA,Respiratory,1:1 Meeting,S01072,E00511,Product information discussion (on-label),19.0
I002503,2024-07-05,DEU,EMEA,Oncology,1:1 Meeting,S00519,E00355,Catch-up,26.0
I002504,2025-02-09,USA,Americas,Respiratory,1:1 Meeting,S00183,E00673,Congress meeting and follow-up,32.0
I002505,2025-02-11,IN,APAC,Specialty,Group Meeting,S01112,E00730,Market access discussion,41.0
I002506,2024-06-26,IND,APAC,Specialty,1:1 Meeting,S01398,E00397,Scientific exchange on clinical data,23.0
I002507,2024-06-18,ITA,EMEA,Primary Care,Group Meeting,S01235,E00314,Product information discussion (on-label),49.0
I002508,2024-04-08,CAN,Americas,Primary Care,Speaker Program,S01076,E00881,Product information discussion (on-label),8.0
I002509,2025-06-10,United Kingdom,EMEA,Vaccines,Speaker Program,S01798,E00005,Scientific exchange on clinical data,84.0
I002510,2024-04-28,India,APAC,Respiratory,1:1 Meeting,S01476,E00759,Market access discussion,
I002511,2025-04-13,UK,EMEA,Vaccines,Group Meeting,S01642,E00375,Market access discussion,44.0
I002512,2025-05-04,UK,EMEA,Primary Care,1:1 Meeting,S00375,E00155,Training and best practice sharing,33.0
I002513,2024-01-08,CA,Americas,Primary Care,Speaker Program,S00319,E00295,Congress meeting and follow-up,136.0
I002514,2024-05-28,USA,Americas,Vaccines,1:1 Meeting,S00643,E00321,Market access discussion,26.0
I002515,2025-05-02,USA,Americas,Primary Care,1:1 Meeting,S00389,E00772,Discussed topics,14.0
I002516,2024-10-19,CA,Americas,Respiratory,Speaker Program,S01197,E00656,Meeting,36.0
I002517,2024-07-03,Canada,Americas,Specialty,Speaker Program,S01270,E00013,Speaker program educational session,80.0
I002518,2025-02-01,CA,Americas,Specialty,Group Meeting,S01002,E00487,Product information discussion (on-label),53.0
I002519,2024-11-19,U.S.,Americas,Primary Care,1:1 Meeting,S00462,E00346,Scientific exchange on clinical data,40.0
I002520,2025-04-30,IT,EMEA,Vaccines,1:1 Meeting,S01400,E00253,Congress meeting and follow-up,35.0
I002521,2024-03-28,IND,APAC,Specialty,Congress/Conference,S00709,E00061,Advisory board discussion on unmet needs,75.0
I002522,2024-02-21,U.S.,Americas,Specialty,1:1 Meeting,S01751,E00759,Speaker program educational session,47.0
I002523,2025-01-30,USA,Americas,Respiratory,Speaker Program,S00270,E00618,Market access discussion,86.0
I002524,2024-10-03,Canada,Americas,Primary Care,1:1 Meeting,S01162,E00714,Speaker program educational session,33.0
I002525,2024-09-27,JP,APAC,Vaccines,1:1 Meeting,S01380,E00192,Market access discussion,47.0
I002526,2025-06-10,Mexico,Americas,Vaccines,Speaker Program,S00566,E00855,Speaker program educational session,62.0
I002527,2024-08-21,India,APAC,Respiratory,Group Meeting,S00857,E00603,,89.0
I002528,2024-04-02,BR,Americas,Specialty,Speaker Program,S00905,E00408,Training and best practice sharing,105.0
I002529,2024-11-04,CAN,Americas,Primary Care,1:1 Meeting,S00218,E00058,,34.0
I002530,2024-04-29,US,Americas,Vaccines,1:1 Meeting,S00434,E00650,Product information discussion (on-label),29.0
I002531,2024-02-12,DE,EMEA,Primary Care,1:1 Meeting,S00247,E00491,Advisory board discussion on unmet needs,38.0
I002532,2024-07-15,IN,APAC,Specialty,Advisory Board,S00588,E00840,Training and best practice sharing,185.0
I002533,2024-09-11,Canada,Americas,Vaccines,1:1 Meeting,S01534,E00421,Speaker program educational session,22.0
I002534,2025-05-16,JP,APAC,Respiratory,1:1 Meeting,S01614,E00747,Market access discussion,14.0
I002535,2024-09-11,Great Britain,EMEA,Oncology,1:1 Meeting,S00844,E00013,Advisory board discussion on unmet needs,36.0
I002536,2024-05-28,India,APAC,Specialty,Advisory Board,S01727,E00405,Congress meeting and follow-up,153.0
I002537,2024-10-25,FR,EMEA,Primary Care,1:1 Meeting,S00983,E00940,Advisory board discussion on unmet needs,42.0
I002538,2025-01-27,Italy,EMEA,Primary Care,Speaker Program,S00295,E00959,Scientific exchange on clinical data,49.0
I002539,2024-07-30,JPN,APAC,Specialty,Speaker Program,S01146,E00147,Advisory board discussion on unmet needs,73.0
I002540,2024-05-10,USA,Americas,Specialty,Speaker Program,S01307,E00379,Speaker program educational session,76.0
I002541,2024-11-24,Mexico,Americas,Vaccines,1:1 Meeting,S00886,E00694,Congress meeting and follow-up,26.0
I002542,2024-04-14,IN,APAC,Primary Care,Group Meeting,S00826,E00469,Advisory board discussion on unmet needs,66.0
I002543,2024-01-15,Italy,EMEA,Oncology,1:1 Meeting,S00633,E00705,Discussed topics,39.0
I002544,2024-09-15,BRA,Americas,Respiratory,Speaker Program,S01398,E00762,Advisory board discussion on unmet needs,104.0
I002545,2024-09-16,IT,EMEA,Respiratory,1:1 Meeting,S00378,E00387,Training and best practice sharing,47.0
I002546,2024-11-26,India,APAC,Specialty,1:1 Meeting,S01295,E00969,Market access discussion,41.0
I002547,2024-06-13,BR,Americas,Vaccines,Group Meeting,S00554,E00479,Speaker program educational session,56.0
I002548,2024-03-05,ITA,EMEA,Vaccines,Speaker Program,S00206,E00960,Scientific exchange on clinical data,71.0
I002549,2025-01-21,IT,EMEA,Respiratory,Group Meeting,S00791,E00776,Congress meeting and follow-up,59.0
I002550,2024-01-30,CA,Americas,Respiratory,Group Meeting,S00522,E00911,Market access discussion,57.0
I002551,2024-09-22,USA,Americas,Oncology,1:1 Meeting,S00664,E00428,Discussed topics,29.0
I002552,2025-02-02,India,APAC,Specialty,Group Meeting,S01116,E00254,Product information discussion (on-label),82.0
I002553,2024-04-14,JPN,APAC,Specialty,1:1 Meeting,S01012,E00617,Scientific exchange on clinical data,17.0
I002554,2024-02-16,UK,EMEA,Specialty,Congress/Conference,S00057,E00079,Scientific exchange on clinical data,118.0
I002555,2024-11-09,MX,Americas,Primary Care,Speaker Program,S00150,E00951,Advisory board discussion on unmet needs,83.0
I002556,2025-04-30,Japan,APAC,Respiratory,1:1 Meeting,S00163,E00172,Product information discussion (on-label),38.0
I002557,2025-02-13,Great Britain,EMEA,Specialty,1:1 Meeting,S01238,E00019,Product information discussion (on-label),30.0
I002558,2025-06-29,GB,EMEA,Vaccines,Speaker Program,S00012,E00707,Product information discussion (on-label),47.0
I002559,2024-04-05,Great Britain,EMEA,Specialty,Group Meeting,S00357,E00962,Training and best practice sharing,74.0
I002560,2024-08-18,United States of America,Americas,Vaccines,1:1 Meeting,S01473,E00505,Scientific exchange on clinical data,25.0
I002561,2024-10-01,BRA,Americas,Specialty,1:1 Meeting,S01092,E00991,Follow-up,13.0
I002562,2025-04-21,India,APAC,Vaccines,Group Meeting,S01117,E00956,Advisory board discussion on unmet needs,55.0
I002563,2025-02-20,US,Americas,Vaccines,Speaker Program,S01764,E00615,Follow-up,102.0
I002564,2024-05-07,United States of America,Americas,Oncology,1:1 Meeting,S00740,E00152,Scientific exchange on clinical data,30.0
I002565,2025-01-28,FR,EMEA,Primary Care,Speaker Program,S01526,E00221,Training and best practice sharing,121.0
I002566,2024-03-30,Brazil,Americas,Vaccines,Group Meeting,S00960,E00814,Scientific exchange on clinical data,60.0
I002567,2024-10-06,FR,EMEA,Respiratory,1:1 Meeting,S00526,E00773,Scientific exchange on clinical data,12.0
I002568,2024-01-13,United States,Americas,Primary Care,Advisory Board,S01756,E00024,Congress meeting and follow-up,145.0
I002569,2025-04-01,U.S.,Americas,Primary Care,Speaker Program,S00661,E00815,Speaker program educational session,15.0
I002570,2024-10-19,ITA,EMEA,Specialty,Group Meeting,S01033,E00257,Follow-up,
I002571,2024-01-01,Italy,EMEA,Primary Care,1:1 Meeting,S01702,E00042,Scientific exchange on clinical data,20.0
I002572,2025-01-29,Italy,EMEA,Oncology,1:1 Meeting,S00907,E00249,Discussed topics,37.0
I002573,2024-02-13,United States,Americas,Vaccines,Speaker Program,S00323,E00065,Product information discussion (on-label),45.0
I002574,2024-03-18,GB,EMEA,Respiratory,Speaker Program,S00061,E00184,Market access discussion,75.0
I002575,2024-08-13,Great Britain,EMEA,Oncology,Group Meeting,S01473,E00091,Training and best practice sharing,42.0
I002576,2025-03-23,United Kingdom,EMEA,Respiratory,1:1 Meeting,S00400,E00646,Training and best practice sharing,7.0
I002577,2025-04-18,FR,EMEA,Primary Care,1:1 Meeting,S00165,E00963,Scientific exchange on clinical data,9.0
I002578,2024-07-05,Great Britain,EMEA,Primary Care,1:1 Meeting,S01024,E00815,Meeting,14.0
I002579,2024-08-30,IN,APAC,Vaccines,1:1 Meeting,S01164,E00157,Catch-up,50.0
I002580,2025-06-24,JPN,APAC,Vaccines,Speaker Program,S00313,E00682,Advisory board discussion on unmet needs,147.0
I002581,2024-03-27,UK,EMEA,Oncology,1:1 Meeting,S00279,E00331,Market access discussion,37.0
I002582,2025-06-23,Mexico,Americas,Respiratory,1:1 Meeting,S00972,E00803,Advisory board discussion on unmet needs,23.0
I002583,2024-01-26,DEU,EMEA,Primary Care,1:1 Meeting,S01402,E00643,Congress meeting and follow-up,29.0
I002584,2024-11-17,Italy,EMEA,Oncology,Advisory Board,S01242,E00820,Advisory board discussion on unmet needs,109.0
I002585,2024-05-14,MX,Americas,Specialty,1:1 Meeting,S01555,E00403,Congress meeting and follow-up,29.0
I002586,2025-06-14,India,APAC,Oncology,Speaker Program,S00319,E00485,Training and best practice sharing,49.0
I002587,2024-06-04,Canada,Americas,Specialty,Speaker Program,S00214,E00421,Market access discussion,80.0
I002588,2024-01-20,IT,EMEA,Specialty,Advisory Board,S01412,E00352,Training and best practice sharing,112.0
I002589,2024-09-25,US,Americas,Specialty,Advisory Board,S00941,E00033,Market access discussion,149.0
I002590,2025-02-04,DEU,EMEA,Primary Care,Congress/Conference,S00173,E00080,Congress meeting and follow-up,139.0
I002591,2024-11-01,DE,EMEA,Vaccines,1:1 Meeting,S01089,E00736,Congress meeting and follow-up,11.0
I002592,2024-04-10,United States of America,Americas,Respiratory,Speaker Program,S00836,E00280,Product information discussion (on-label),115.0
I002593,2024-12-18,MX,Americas,Respiratory,Congress/Conference,S00356,E00260,Congress meeting and follow-up,198.0
I002594,2024-05-09,ITA,EMEA,Respiratory,Group Meeting,S00738,E00246,Speaker program educational session,42.0
I002595,2024-06-04,United States of America,Americas,Respiratory,Advisory Board,S00570,E00492,Speaker program educational session,333.0
I002596,2025-03-30,United States of America,Americas,Primary Care,Group Meeting,S00157,E00027,Advisory board discussion on unmet needs,69.0
I002597,2024-11-27,IN,APAC,Oncology,Congress/Conference,S00632,E00211,Market access discussion,151.0
I002598,2024-04-11,ITA,EMEA,Respiratory,1:1 Meeting,S01486,E00028,Product information discussion (on-label),31.0
I002599,2025-04-25,U.S.,Americas,Specialty,Group Meeting,S01630,E00066,Product information discussion (on-label),60.0
I002600,2024-11-30,United States,Americas,Primary Care,1:1 Meeting,S00717,E00596,Follow-up,0.0
I002601,2024-03-26,United States of America,Americas,Primary Care,Group Meeting,S00384,E00933,Product information discussion (on-label),63.0
I002602,2024-12-29,CA,Americas,Specialty,Speaker Program,S00354,E00062,Congress meeting and follow-up,80.0
I002603,2024-02-29,United States,Americas,Oncology,1:1 Meeting,S01563,E00390,Speaker program educational session,38.0
I002604,2025-06-28,IND,APAC,Primary Care,Speaker Program,S01717,E00277,Product information discussion (on-label),106.0
I002605,2024-02-13,GB,EMEA,Oncology,Speaker Program,S00725,E00593,Congress meeting and follow-up,112.0
I002606,2024-10-18,Brazil,Americas,Primary Care,1:1 Meeting,S01429,E00448,Congress meeting and follow-up,33.0
I002607,2024-10-12,United States,Americas,Primary Care,1:1 Meeting,S01178,E00481,Product information discussion (on-label),34.0
I002608,2024-04-30,Brazil,Americas,Vaccines,Speaker Program,S01202,E00224,Training and best practice sharing,110.0
I002609,2024-07-06,MEX,Americas,Specialty,1:1 Meeting,S01656,E00445,Market access discussion,17.0
I002610,2025-03-31,CA,Americas,Oncology,Group Meeting,S01751,E00633,,54.0
I002611,2025-03-23,FRA,EMEA,Vaccines,Group Meeting,S00179,E00059,Product information discussion (on-label),1.0
I002612,2024-02-12,DEU,EMEA,Vaccines,1:1 Meeting,S01795,E00804,Meeting,19.0
I002613,2025-06-03,IND,APAC,Primary Care,1:1 Meeting,S00493,E00345,Training and best practice sharing,12.0
I002614,2025-06-18,FR,EMEA,Oncology,Group Meeting,S00855,E00944,Advisory board discussion on unmet needs,47.0
I002615,2024-10-28,MX,Americas,Primary Care,Group Meeting,S01536,E00159,Market access discussion,46.0
I002616,2024-04-24,ITA,EMEA,Respiratory,Group Meeting,S00106,E00085,Training and best practice sharing,57.0
I002617,2025-04-04,GB,EMEA,Respiratory,1:1 Meeting,S01405,E00780,Congress meeting and follow-up,17.0
I002618,2024-11-20,India,APAC,Respiratory,Congress/Conference,S01155,E00632,Speaker program educational session,120.0
I002619,2024-06-23,US,Americas,Primary Care,Group Meeting,S00702,E00585,Market access discussion,81.0
I002620,2025-05-16,DE,EMEA,Respiratory,1:1 Meeting,S01449,E00207,Speaker program educational session,38.0
I002621,2024-11-29,Italy,EMEA,Primary Care,Speaker Program,S00890,E00766,Product information discussion (on-label),76.0
I002622,2025-02-23,DE,EMEA,Oncology,Speaker Program,S01080,E00614,Market access discussion,123.0
I002623,2025-02-12,CA,Americas,Specialty,1:1 Meeting,S01417,E00520,Business discussion,46.0
I002624,2024-08-09,US,Americas,Specialty,Advisory Board,S01697,E00756,Speaker program educational session,145.0
I002625,2025-06-16,DEU,EMEA,Oncology,Speaker Program,S00371,E00694,Congress meeting and follow-up,70.0
I002626,2024-08-22,U.S.,Americas,Vaccines,Speaker Program,S00493,E00953,Product information discussion (on-label),114.0
I002627,2025-02-08,DEU,EMEA,Oncology,1:1 Meeting,S00935,E00387,Advisory board discussion on unmet needs,26.0
I002628,2024-02-16,United States of America,Americas,Primary Care,Group Meeting,S01426,E00257,Scientific exchange on clinical data,66.0
I002629,2024-07-31,Germany,EMEA,Primary Care,1:1 Meeting,S00482,E00843,Advisory board discussion on unmet needs,29.0
I002630,2024-12-07,DE,EMEA,Vaccines,1:1 Meeting,S01342,E00533,Catch-up,
I002631,2025-06-07,United States of America,Americas,Oncology,Speaker Program,S00902,E00289,Speaker program educational session,148.0
I002632,2024-05-23,BRA,Americas,Specialty,Speaker Program,S00861,E00983,Advisory board discussion on unmet needs,100.0
I002633,2024-09-17,Brazil,Americas,Vaccines,Speaker Program,S00578,E00055,Advisory board discussion on unmet needs,113.0
I002634,2025-03-22,DEU,EMEA,Primary Care,1:1 Meeting,S00423,E00465,Speaker program educational session,22.0
I002635,2024-08-09,MEX,Americas,Vaccines,1:1 Meeting,S01695,E00736,Scientific exchange on clinical data,25.0
I002636,2025-06-24,FR,EMEA,Respiratory,Speaker Program,S01448,E00718,Speaker program educational session,115.0
I002637,2024-01-19,DEU,EMEA,Primary Care,Speaker Program,S01689,E00599,Training and best practice sharing,0.0
I002638,2025-02-22,BRA,Americas,Oncology,1:1 Meeting,S00677,E00262,Training and best practice sharing,29.0
I002639,2024-11-04,FR,EMEA,Vaccines,Speaker Program,S01403,E00309,Training and best practice sharing,79.0
I002640,2025-06-11,U.S.,Americas,Primary Care,Group Meeting,S01522,E00132,Market access discussion,43.0
I002641,2024-09-29,GB,EMEA,Vaccines,Group Meeting,S01015,E00248,Product information discussion (on-label),
I002642,2024-09-12,U.S.,Americas,Oncology,1:1 Meeting,S00262,E00822,Speaker program educational session,31.0
I002643,2024-06-28,FRA,EMEA,Specialty,Group Meeting,S01458,E00944,Product information discussion (on-label),0.0
I002644,2024-02-27,FR,EMEA,Vaccines,Congress/Conference,S01393,E00054,Speaker program educational session,123.0
I002645,2024-04-02,United States of America,Americas,Primary Care,1:1 Meeting,S00852,E00694,Speaker program educational session,29.0
I002646,2024-12-29,Germany,EMEA,Specialty,1:1 Meeting,S00835,E00655,Product information discussion (on-label),46.0
I002647,2025-01-08,DE,EMEA,Respiratory,1:1 Meeting,S00385,E00192,Speaker program educational session,39.0
I002648,2024-01-14,U.S.,Americas,Specialty,Speaker Program,S00298,E00657,Speaker program educational session,105.0
I002649,2024-05-12,MX,Americas,Respiratory,1:1 Meeting,S00987,E00585,Advisory board discussion on unmet needs,17.0
I002650,2024-07-26,CA,Americas,Vaccines,1:1 Meeting,S01014,E00643,Advisory board discussion on unmet needs,30.0
I002651,2024-07-17,Japan,APAC,Vaccines,1:1 Meeting,S00273,E00241,Market access discussion,0.0
I002652,2024-03-18,BRA,Americas,Specialty,Congress/Conference,S01543,E00621,Market access discussion,106.0
I002653,2024-06-20,France,EMEA,Primary Care,Advisory Board,S00796,E00005,Speaker program educational session,261.0
I002654,2025-02-23,IN,APAC,Primary Care,1:1 Meeting,S00766,E00401,Training and best practice sharing,40.0
I002655,2024-01-07,Great Britain,EMEA,Vaccines,Advisory Board,S01525,E00164,Congress meeting and follow-up,64.0
I002656,2025-06-19,FRA,EMEA,Oncology,Advisory Board,S01626,E00333,Scientific exchange on clinical data,236.0
I002657,2024-03-10,IND,APAC,Specialty,Speaker Program,S00498,E00855,Market access discussion,562.0
I002658,2024-10-14,France,EMEA,Oncology,Congress/Conference,S01355,E00069,Scientific exchange on clinical data,149.0
I002659,2024-02-14,IN,APAC,Specialty,1:1 Meeting,S00161,E00478,Product information discussion (on-label),42.0
I002660,2024-11-04,DE,EMEA,Respiratory,1:1 Meeting,S00359,E00520,Congress meeting and follow-up,31.0
I002661,2025-03-10,U.S.,Americas,Specialty,Congress/Conference,S01007,E00626,Scientific exchange on clinical data,187.0
I002662,2024-11-13,FRA,EMEA,Primary Care,1:1 Meeting,S00406,E00683,Speaker program educational session,23.0
I002663,2024-09-30,IT,EMEA,Primary Care,1:1 Meeting,S01701,E00101,Market access discussion,58.0
I002664,2024-09-01,ITA,EMEA,Oncology,1:1 Meeting,S00935,E00809,Speaker program educational session,31.0
I002665,2024-06-17,France,EMEA,Respiratory,1:1 Meeting,S01026,E00365,Congress meeting and follow-up,41.0
I002666,2025-04-22,Great Britain,EMEA,Vaccines,1:1 Meeting,S00567,E00602,Product information discussion (on-label),32.0
I002667,2024-05-04,United Kingdom,EMEA,Oncology,1:1 Meeting,S00710,E00141,Training and best practice sharing,32.0
I002668,2024-09-10,GB,EMEA,Primary Care,1:1 Meeting,S01451,E00952,Congress meeting and follow-up,31.0
I002669,2024-04-30,MX,Americas,Primary Care,Advisory Board,S01746,E00763,Training and best practice sharing,147.0
I002670,2024-12-07,United States of America,Americas,Specialty,Group Meeting,S01098,E00865,Scientific exchange on clinical data,
I002671,2024-01-13,GB,EMEA,Primary Care,1:1 Meeting,S01476,E00410,Market access discussion,18.0
I002672,2024-04-28,CA,Americas,Respiratory,Group Meeting,S00786,E00827,Market access discussion,58.0
I002673,2025-06-14,ITA,EMEA,Respiratory,Group Meeting,S01375,E00236,Catch-up,41.0
I002674,2024-02-15,United States of America,Americas,Specialty,Group Meeting,S01459,E00220,Training and best practice sharing,64.0
I002675,2025-05-22,Italy,EMEA,Oncology,1:1 Meeting,S00451,E00454,Training and best practice sharing,46.0
I002676,2025-01-15,CA,Americas,Oncology,1:1 Meeting,S00990,E00001,Catch-up,9.0
I002677,2024-06-05,BRA,Americas,Primary Care,Group Meeting,S01734,E00199,Training and best practice sharing,
I002678,2024-11-28,DE,EMEA,Oncology,Advisory Board,S01223,E00006,Congress meeting and follow-up,165.0
I002679,2024-04-23,India,APAC,Specialty,Group Meeting,S00103,E00774,Training and best practice sharing,36.0
I002680,2024-11-29,Canada,Americas,Specialty,Congress/Conference,S01641,E00181,Product information discussion (on-label),57.0
I002681,2024-04-22,IN,APAC,Respiratory,1:1 Meeting,S00106,E00314,Speaker program educational session,30.0
I002682,2025-01-10,JP,APAC,Vaccines,Speaker Program,S00145,E00939,Follow-up,116.0
I002683,2025-01-24,DEU,EMEA,Oncology,Group Meeting,S01453,E00238,Training and best practice sharing,37.0
I002684,2024-11-15,India,APAC,Vaccines,1:1 Meeting,S00566,E00108,Product information discussion (on-label),41.0
I002685,2024-07-14,United States,Americas,Specialty,Congress/Conference,S00718,E00301,Market access discussion,70.0
I002686,2025-06-27,US,Americas,Respiratory,1:1 Meeting,S00403,E00774,Advisory board discussion on unmet needs,26.0
I002687,2024-08-18,USA,Americas,Specialty,1:1 Meeting,S00919,E00637,Training and best practice sharing,
I002688,2024-07-18,MEX,Americas,Oncology,1:1 Meeting,S00959,E00399,Training and best practice sharing,56.0
I002689,2024-01-21,CAN,Americas,Vaccines,Group Meeting,S01600,E00972,Product information discussion (on-label),56.0
I002690,2025-03-09,BRA,Americas,Primary Care,1:1 Meeting,S01337,E00200,Market access discussion,35.0
I002691,2025-01-05,DE,EMEA,Respiratory,Group Meeting,S01678,E00459,Advisory board discussion on unmet needs,82.0
I002692,2024-10-11,United States,Americas,Primary Care,1:1 Meeting,S01129,E00334,Catch-up,30.0
I002693,2024-05-19,FRA,EMEA,Oncology,1:1 Meeting,S00927,E00506,Market access discussion,33.0
I002694,2024-09-14,US,Americas,Vaccines,Group Meeting,S00121,E00944,Product information discussion (on-label),60.0
I002695,2024-12-25,BRA,Americas,Specialty,Advisory Board,S01713,E00014,Scientific exchange on clinical data,274.0
I002696,2024-04-04,U.S.,Americas,Respiratory,1:1 Meeting,S00359,E00388,Product information discussion (on-label),36.0
I002697,2024-10-19,BR,Americas,Primary Care,1:1 Meeting,S00195,E00712,Speaker program educational session,30.0
I002698,2024-03-27,CAN,Americas,Primary Care,1:1 Meeting,S01687,E00531,Market access discussion,52.0
I002699,2025-05-05,MX,Americas,Vaccines,1:1 Meeting,S01672,E00534,Speaker program educational session,15.0
I002700,2024-08-13,United Kingdom,EMEA,Specialty,1:1 Meeting,S00706,E00077,Scientific exchange on clinical data,24.0
I002701,2024-10-20,IN,APAC,Respiratory,Speaker Program,S01247,E00558,Advisory board discussion on unmet needs,140.0
I002702,2024-02-09,IN,APAC,Specialty,Group Meeting,S00656,E00522,Market access discussion,85.0
I002703,2025-06-03,DE,EMEA,Specialty,Group Meeting,S01593,E00554,Advisory board discussion on unmet needs,27.0
I002704,2025-04-07,Brazil,Americas,Primary Care,Speaker Program,S01769,E00902,Market access discussion,60.0
I002705,2024-08-15,MX,Americas,Vaccines,Group Meeting,S00415,E00824,Advisory board discussion on unmet needs,81.0
I002706,2024-01-22,US,Americas,Respiratory,Group Meeting,S00799,E00792,Congress meeting and follow-up,53.0
I002707,2024-12-08,BR,Americas,Specialty,Congress/Conference,S00442,E00648,Speaker program educational session,152.0
I002708,2024-05-12,JP,APAC,Specialty,1:1 Meeting,S00197,E00585,Advisory board discussion on unmet needs,25.0
I002709,2024-12-16,US,Americas,Specialty,Congress/Conference,S01438,E00229,Training and best practice sharing,
I002710,2025-04-08,Germany,EMEA,Respiratory,Advisory Board,S01500,E00098,Training and best practice sharing,197.0
I002711,2024-12-08,France,EMEA,Respiratory,Group Meeting,S00490,E00088,,652.0
I002712,2025-05-23,BR,Americas,Oncology,1:1 Meeting,S00669,E00684,Training and best practice sharing,29.0
I002713,2024-08-13,FR,EMEA,Vaccines,1:1 Meeting,S01625,E00516,Training and best practice sharing,40.0
I002714,2025-05-16,United States,Americas,Oncology,Speaker Program,S01106,E00418,Speaker program educational session,102.0
I002715,2025-06-10,IND,APAC,Respiratory,Group Meeting,S01103,E00180,Advisory board discussion on unmet needs,1.0
I002716,2024-09-06,IN,APAC,Oncology,1:1 Meeting,S01793,E00681,Training and best practice sharing,41.0
I002717,2025-02-12,US,Americas,Oncology,Speaker Program,S00808,E00991,Market access discussion,
I002718,2024-05-16,Mexico,Americas,Respiratory,Group Meeting,S00582,E00802,Product information discussion (on-label),72.0
I002719,2025-05-10,DE,EMEA,Specialty,Group Meeting,S01393,E00036,Product information discussion (on-label),45.0
I002720,2024-11-16,IT,EMEA,Specialty,1:1 Meeting,S00744,E00858,Speaker program educational session,31.0
I002721,2025-06-15,U.S.,Americas,Respiratory,1:1 Meeting,S01565,E00858,Scientific exchange on clinical data,611.0
I002722,2024-03-17,IN,APAC,Vaccines,Advisory Board,S00798,E00913,Speaker program educational session,
I002723,2025-01-26,U.S.,Americas,Respiratory,Speaker Program,S01686,E00737,Scientific exchange on clinical data,127.0
I002724,2024-08-04,Mexico,Americas,Primary Care,1:1 Meeting,S00964,E00895,Meeting,21.0
I002725,2025-01-10,United Kingdom,EMEA,Primary Care,Speaker Program,S00434,E00793,,115.0
I002726,2024-01-12,JPN,APAC,Vaccines,1:1 Meeting,S01549,E00176,Scientific exchange on clinical data,51.0
I002727,2025-03-10,CA,Americas,Vaccines,Group Meeting,S00889,E00456,Advisory board discussion on unmet needs,28.0
I002728,2025-05-23,JPN,APAC,Primary Care,1:1 Meeting,S01558,E00325,Training and best practice sharing,35.0
I002729,2024-05-11,USA,Americas,Respiratory,Speaker Program,S00012,E00841,Speaker program educational session,30.0
I002730,2024-06-16,USA,Americas,Respiratory,Group Meeting,S01393,E00363,Scientific exchange on clinical data,55.0
I002731,2025-01-31,ITA,EMEA,Oncology,Speaker Program,S00094,E00872,Advisory board discussion on unmet needs,71.0
I002732,2025-04-04,United States of America,Americas,Respiratory,1:1 Meeting,S00111,E00253,Follow-up,30.0
I002733,2024-03-01,IT,EMEA,Specialty,Group Meeting,S00491,E00575,Market access discussion,77.0
I002734,2024-01-17,India,APAC,Primary Care,Advisory Board,S01221,E00599,Market access discussion,208.0
I002735,2025-05-10,Germany,EMEA,Vaccines,1:1 Meeting,S01312,E00261,Advisory board discussion on unmet needs,37.0
I002736,2024-11-10,Brazil,Americas,Vaccines,1:1 Meeting,S00118,E00773,Scientific exchange on clinical data,11.0
I002737,2024-03-09,UK,EMEA,Vaccines,1:1 Meeting,S00433,E00478,Speaker program educational session,12.0
I002738,2024-05-24,MEX,Americas,Vaccines,1:1 Meeting,S00993,E00963,Speaker program educational session,
I002739,2025-01-19,Great Britain,EMEA,Primary Care,Group Meeting,S01086,E00406,Training and best practice sharing,55.0
I002740,2025-06-01,Italy,EMEA,Vaccines,1:1 Meeting,S00449,E00404,Product information discussion (on-label),28.0
I002741,2024-12-15,United States of America,Americas,Vaccines,1:1 Meeting,S00396,E00447,Training and best practice sharing,31.0
I002742,2024-02-20,IND,APAC,Respiratory,1:1 Meeting,S00010,E00314,Advisory board discussion on unmet needs,26.0
I002743,2025-02-06,France,EMEA,Oncology,1:1 Meeting,S01413,E00941,Advisory board discussion on unmet needs,29.0
I002744,2024-02-11,IT,EMEA,Oncology,1:1 Meeting,S00143,E00471,Meeting,41.0
I002745,2024-02-26,GB,EMEA,Specialty,1:1 Meeting,S01056,E00236,Speaker program educational session,44.0
I002746,2024-03-02,US,Americas,Oncology,Speaker Program,S01339,E00551,Product information discussion (on-label),91.0
I002747,2024-09-19,IN,APAC,Vaccines,Speaker Program,S00521,E00635,Speaker program educational session,59.0
I002748,2025-06-14,DEU,EMEA,Oncology,Group Meeting,S00076,E00283,Product information discussion (on-label),
I002749,2024-11-12,FRA,EMEA,Oncology,Congress/Conference,S00689,E00589,Scientific exchange on clinical data,193.0
I002750,2025-04-08,Germany,EMEA,Primary Care,1:1 Meeting,S00823,E00555,Business discussion,26.0
I002751,2024-09-02,India,APAC,Oncology,Congress/Conference,S00643,E00440,Market access discussion,139.0
I002752,2025-06-05,Great Britain,EMEA,Respiratory,1:1 Meeting,S01037,E00468,Congress meeting and follow-up,37.0
I002753,2024-09-20,FRA,EMEA,Oncology,Advisory Board,S00841,E00254,Speaker program educational session,
I002754,2024-06-20,UK,EMEA,Oncology,1:1 Meeting,S00227,E00964,Training and best practice sharing,11.0
I002755,2024-09-21,UK,EMEA,Respiratory,Group Meeting,S00341,E00870,Speaker program educational session,58.0
I002756,2025-04-20,DE,EMEA,Respiratory,Speaker Program,S00829,E00027,Congress meeting and follow-up,77.0
I002757,2024-12-21,U.S.,Americas,Specialty,Speaker Program,S01628,E00285,Speaker program educational session,68.0
I002758,2025-04-06,United States,Americas,Vaccines,1:1 Meeting,S01275,E00855,Market access discussion,26.0
I002759,2024-06-16,US,Americas,Primary Care,Speaker Program,S00911,E00379,Scientific exchange on clinical data,108.0
I002760,2025-02-10,CA,Americas,Vaccines,1:1 Meeting,S01244,E00498,Congress meeting and follow-up,31.0
I002761,2024-02-15,IN,APAC,Primary Care,Speaker Program,S00423,E00761,Market access discussion,102.0
I002762,2025-04-20,US,Americas,Respiratory,1:1 Meeting,S00400,E00832,Product information discussion (on-label),35.0
I002763,2024-01-16,BRA,Americas,Oncology,Group Meeting,S01439,E00963,Scientific exchange on clinical data,68.0
I002764,2025-05-16,FRA,EMEA,Respiratory,Group Meeting,S00293,E00364,Product information discussion (on-label),51.0
I002765,2024-05-20,France,EMEA,Oncology,Speaker Program,S01301,E00110,Advisory board discussion on unmet needs,83.0
I002766,2025-03-22,U.S.,Americas,Vaccines,Advisory Board,S00204,E00419,Training and best practice sharing,218.0
I002767,2024-10-16,US,Americas,Specialty,Group Meeting,S01179,E00724,,62.0
I002768,2025-03-02,U.S.,Americas,Oncology,Speaker Program,S01476,E00623,Scientific exchange on clinical data,35.0
I002769,2025-01-05,Brazil,Americas,Specialty,Congress/Conference,S00344,E00869,Scientific exchange on clinical data,177.0
I002770,2025-03-07,MEX,Americas,Primary Care,1:1 Meeting,S00863,E00280,Product information discussion (on-label),22.0
I002771,2024-09-24,USA,Americas,Vaccines,1:1 Meeting,S00893,E00636,Market access discussion,38.0
I002772,2025-01-11,ITA,EMEA,Vaccines,Advisory Board,S00061,E00719,Advisory board discussion on unmet needs,238.0
I002773,2024-12-23,USA,Americas,Oncology,1:1 Meeting,S00892,E00416,Market access discussion,
I002774,2024-10-29,India,APAC,Vaccines,1:1 Meeting,S00844,E00579,Congress meeting and follow-up,26.0
I002775,2025-01-23,BR,Americas,Vaccines,1:1 Meeting,S00139,E00246,Advisory board discussion on unmet needs,40.0
I002776,2025-03-19,Japan,APAC,Oncology,Group Meeting,S01551,E00958,Speaker program educational session,67.0
I002777,2024-12-17,FR,EMEA,Vaccines,1:1 Meeting,S01506,E00357,Advisory board discussion on unmet needs,
I002778,2024-05-03,United States of America,Americas,Oncology,1:1 Meeting,S01634,E00274,Congress meeting and follow-up,25.0
I002779,2024-10-03,MEX,Americas,Specialty,Congress/Conference,S00652,E00575,Scientific exchange on clinical data,199.0
I002780,2025-04-13,United States of America,Americas,Primary Care,Speaker Program,S00179,E00495,Speaker program educational session,86.0
I002781,2024-02-26,DE,EMEA,Respiratory,Advisory Board,S00686,E00224,Training and best practice sharing,254.0
I002782,2024-12-16,BR,Americas,Vaccines,1:1 Meeting,S01279,E00505,Training and best practice sharing,10.0
I002783,2024-04-08,IN,APAC,Vaccines,1:1 Meeting,S01434,E00824,Advisory board discussion on unmet needs,27.0
I002784,2025-05-28,Great Britain,EMEA,Oncology,Speaker Program,S01386,E00523,Scientific exchange on clinical data,82.0
I002785,2025-02-04,US,Americas,Respiratory,1:1 Meeting,S00090,E00793,Product information discussion (on-label),26.0
I002786,2024-09-03,Mexico,Americas,Vaccines,Group Meeting,S00823,E00528,Business discussion,88.0
I002787,2025-03-09,France,EMEA,Respiratory,Group Meeting,S01246,E00894,Congress meeting and follow-up,112.0
I002788,2024-11-16,USA,Americas,Primary Care,Group Meeting,S00052,E00349,Scientific exchange on clinical data,96.0
I002789,2024-03-02,France,EMEA,Respiratory,Group Meeting,S01347,E00443,Scientific exchange on clinical data,
I002790,2024-10-29,U.S.,Americas,Oncology,1:1 Meeting,S00857,E00023,Speaker program educational session,17.0
I002791,2024-09-09,UK,EMEA,Primary Care,Speaker Program,S00236,E00153,Advisory board discussion on unmet needs,155.0
I002792,2024-06-08,USA,Americas,Primary Care,1:1 Meeting,S01687,E00574,Congress meeting and follow-up,25.0
I002793,2024-06-14,ITA,EMEA,Respiratory,Speaker Program,S00502,E00230,Market access discussion,87.0
I002794,2025-03-18,GB,EMEA,Vaccines,Group Meeting,S00801,E00363,Scientific exchange on clinical data,70.0
I002795,2024-01-17,Great Britain,EMEA,Primary Care,Advisory Board,S01027,E00584,Speaker program educational session,300.0
I002796,2025-03-05,United States of America,Americas,Respiratory,Group Meeting,S00390,E00814,Follow-up,67.0
I002797,2024-11-03,GB,EMEA,Oncology,Advisory Board,S00382,E00424,Training and best practice sharing,213.0
I002798,2024-06-02,Brazil,Americas,Primary Care,1:1 Meeting,S00243,E00517,Advisory board discussion on unmet needs,14.0
I002799,2024-08-29,BRA,Americas,Primary Care,1:1 Meeting,S01671,E00948,Speaker program educational session,24.0
I002800,2024-12-25,USA,Americas,Specialty,Speaker Program,S01254,E00393,Congress meeting and follow-up,127.0
I002801,2024-02-29,Canada,Americas,Oncology,1:1 Meeting,S00285,E00246,Advisory board discussion on unmet needs,54.0
I002802,2025-01-04,Mexico,Americas,Respiratory,Group Meeting,S01442,E00771,Congress meeting and follow-up,77.0
I002803,2025-06-16,US,Americas,Specialty,Group Meeting,S00037,E00091,Follow-up,47.0
I002804,2025-03-21,United Kingdom,EMEA,Vaccines,Speaker Program,S00792,E00677,Market access discussion,138.0
I002805,2024-08-16,CA,Americas,Primary Care,1:1 Meeting,S01273,E00075,Scientific exchange on clinical data,41.0
I002806,2024-08-23,Great Britain,EMEA,Oncology,Congress/Conference,S01755,E00587,Market access discussion,24.0
I002807,2024-06-10,India,APAC,Specialty,Group Meeting,S01460,E00949,Follow-up,59.0
I002808,2024-06-21,IND,APAC,Respiratory,Speaker Program,S00037,E00812,Congress meeting and follow-up,54.0
I002809,2024-09-17,DE,EMEA,Primary Care,Speaker Program,S00665,E00217,Speaker program educational session,55.0
I002810,2024-06-10,BR,Americas,Specialty,1:1 Meeting,S00517,E00371,Training and best practice sharing,21.0
I002811,2024-07-19,U.S.,Americas,Vaccines,Congress/Conference,S00578,E00539,Congress meeting and follow-up,72.0
I002812,2024-04-02,IN,APAC,Respiratory,1:1 Meeting,S01705,E00518,Training and best practice sharing,23.0
I002813,2024-02-11,FRA,EMEA,Respiratory,Group Meeting,S00506,E00378,Scientific exchange on clinical data,54.0
I002814,2024-03-05,India,APAC,Specialty,1:1 Meeting,S00364,E00539,Speaker program educational session,32.0
I002815,2024-12-30,Great Britain,EMEA,Oncology,1:1 Meeting,S00594,E00422,Scientific exchange on clinical data,19.0
I002816,2024-01-24,DEU,EMEA,Oncology,Group Meeting,S00161,E00895,Market access discussion,40.0
I002817,2025-06-23,United States of America,Americas,Vaccines,Speaker Program,S01148,E00344,Market access discussion,108.0
I002818,2024-01-20,DE,EMEA,Specialty,1:1 Meeting,S01170,E00433,Product information discussion (on-label),43.0
I002819,2024-01-03,France,EMEA,Respiratory,Congress/Conference,S01798,E00506,Market access discussion,214.0
I002820,2025-03-07,United States of America,Americas,Respiratory,Group Meeting,S00253,E00024,Product information discussion (on-label),84.0
I002821,2024-05-15,United States of America,Americas,Specialty,1:1 Meeting,S00660,E00501,Training and best practice sharing,25.0
I002822,2024-07-27,IN,APAC,Oncology,Speaker Program,S01429,E00804,Meeting,76.0
I002823,2024-02-03,BR,Americas,Oncology,Group Meeting,S00559,E00161,Market access discussion,64.0
I002824,2025-06-08,Italy,EMEA,Specialty,1:1 Meeting,S01672,E00529,Scientific exchange on clinical data,29.0
I002825,2024-03-29,IND,APAC,Vaccines,Advisory Board,S00445,E00886,Product information discussion (on-label),172.0
I002826,2025-06-05,IT,EMEA,Oncology,1:1 Meeting,S00436,E00257,Training and best practice sharing,43.0
I002827,2024-10-10,France,EMEA,Specialty,1:1 Meeting,S00019,E00307,Product information discussion (on-label),14.0
I002828,2024-09-04,IN,APAC,Specialty,Group Meeting,S00062,E00979,Scientific exchange on clinical data,58.0
I002829,2024-11-13,CAN,Americas,Oncology,Group Meeting,S00845,E00619,Training and best practice sharing,61.0
I002830,2024-12-16,United States,Americas,Vaccines,Group Meeting,S00349,E00297,Advisory board discussion on unmet needs,64.0
I002831,2024-05-22,DE,EMEA,Primary Care,Group Meeting,S00793,E00953,Speaker program educational session,104.0
I002832,2025-01-03,IND,APAC,Oncology,1:1 Meeting,S00656,E00747,Market access discussion,17.0
I002833,2025-05-15,IN,APAC,Respiratory,1:1 Meeting,S00945,E00862,Scientific exchange on clinical data,35.0
I002834,2024-03-26,U.S.,Americas,Respiratory,1:1 Meeting,S01616,E00623,Congress meeting and follow-up,21.0
I002835,2025-04-04,FR,EMEA,Primary Care,Advisory Board,S01189,E00889,Speaker program educational session,200.0
I002836,2025-01-31,DE,EMEA,Vaccines,Speaker Program,S00807,E00206,Speaker program educational session,40.0
I002837,2024-12-20,DEU,EMEA,Oncology,1:1 Meeting,S01783,E00759,Meeting,43.0
I002838,2025-06-19,USA,Americas,Specialty,Group Meeting,S00746,E00784,Product information discussion (on-label),95.0
I002839,2024-10-17,MX,Americas,Primary Care,Congress/Conference,S00989,E00945,Market access discussion,156.0
I002840,2024-01-11,BRA,Americas,Vaccines,1:1 Meeting,S00611,E00530,Advisory board discussion on unmet needs,
I002841,2024-09-12,ITA,EMEA,Respiratory,Congress/Conference,S00667,E00300,Scientific exchange on clinical data,180.0
I002842,2024-12-27,DE,EMEA,Vaccines,Advisory Board,S00264,E00401,Advisory board discussion on unmet needs,135.0
I002843,2024-09-15,JPN,APAC,Respiratory,1:1 Meeting,S00737,E00512,Congress meeting and follow-up,47.0
I002844,2025-02-27,IND,APAC,Primary Care,Speaker Program,S01210,E00362,Speaker program educational session,79.0
I002845,2024-05-13,U.S.,Americas,Specialty,1:1 Meeting,S00741,E00905,Training and best practice sharing,14.0
I002846,2024-10-03,United States of America,Americas,Specialty,Group Meeting,S01121,E00797,Speaker program educational session,84.0
I002847,2024-08-23,UK,EMEA,Respiratory,1:1 Meeting,S00213,E00384,Product information discussion (on-label),43.0
I002848,2024-02-04,Italy,EMEA,Primary Care,Group Meeting,S01022,E00273,Advisory board discussion on unmet needs,37.0
I002849,2024-08-01,U.S.,Americas,Vaccines,Group Meeting,S00252,E00564,Congress meeting and follow-up,
I002850,2024-06-07,IND,APAC,Primary Care,Group Meeting,S01531,E00694,,
I002851,2024-04-19,MEX,Americas,Oncology,1:1 Meeting,S01008,E00824,Product information discussion (on-label),32.0
I002852,2024-12-12,MX,Americas,Oncology,1:1 Meeting,S01700,E00394,Advisory board discussion on unmet needs,11.0
I002853,2024-10-05,IT,EMEA,Respiratory,1:1 Meeting,S00469,E00204,Training and best practice sharing,21.0
I002854,2025-03-06,Great Britain,EMEA,Specialty,1:1 Meeting,S01262,E00948,Congress meeting and follow-up,389.0
I002855,2024-04-24,DE,EMEA,Primary Care,Speaker Program,S00338,E00119,Catch-up,67.0
I002856,2025-06-22,U.S.,Americas,Oncology,Group Meeting,S01314,E00578,Product information discussion (on-label),86.0
I002857,2024-12-25,ITA,EMEA,Respiratory,1:1 Meeting,S01519,E00959,Speaker program educational session,28.0
I002858,2024-01-15,DEU,EMEA,Oncology,1:1 Meeting,S01258,E00452,Congress meeting and follow-up,18.0
I002859,2024-09-15,IN,APAC,Primary Care,1:1 Meeting,S00502,E00116,Training and best practice sharing,19.0
I002860,2024-05-07,USA,Americas,Oncology,Advisory Board,S01157,E00328,Advisory board discussion on unmet needs,146.0
I002861,2025-06-06,United States of America,Americas,Specialty,1:1 Meeting,S01056,E00467,Congress meeting and follow-up,35.0
I002862,2025-05-20,JPN,APAC,Respiratory,1:1 Meeting,S00765,E00505,Market access discussion,30.0
I002863,2025-06-09,US,Americas,Vaccines,Group Meeting,S00663,E00604,Product information discussion (on-label),74.0
I002864,2025-01-25,DE,EMEA,Primary Care,Group Meeting,S00138,E00586,Training and best practice sharing,37.0
I002865,2025-01-17,US,Americas,Specialty,Advisory Board,S00480,E00253,Speaker program educational session,95.0
I002866,2024-12-14,Great Britain,EMEA,Specialty,Group Meeting,S00755,E00628,,78.0
I002867,2025-04-28,CA,Americas,Specialty,1:1 Meeting,S01496,E00721,Product information discussion (on-label),
I002868,2024-02-17,IND,APAC,Respiratory,1:1 Meeting,S01131,E00150,Product information discussion (on-label),31.0
I002869,2024-01-10,CAN,Americas,Oncology,Advisory Board,S01314,E00833,Scientific exchange on clinical data,206.0
I002870,2024-01-04,MX,Americas,Oncology,1:1 Meeting,S00668,E00953,Meeting,40.0
I002871,2024-02-13,IND,APAC,Oncology,1:1 Meeting,S01231,E00410,Training and best practice sharing,53.0
I002872,2024-04-23,U.S.,Americas,Oncology,1:1 Meeting,S01456,E00187,Advisory board discussion on unmet needs,23.0
I002873,2025-01-31,DEU,EMEA,Primary Care,1:1 Meeting,S01374,E00081,Speaker program educational session,48.0
I002874,2024-10-03,United Kingdom,EMEA,Oncology,Speaker Program,S01642,E00653,Training and best practice sharing,161.0
I002875,2025-04-08,CA,Americas,Respiratory,1:1 Meeting,S01014,E00338,Speaker program educational session,32.0
I002876,2024-10-30,FR,EMEA,Oncology,Speaker Program,S01069,E00223,Market access discussion,
I002877,2025-04-28,USA,Americas,Specialty,Group Meeting,S00838,E00621,Speaker program educational session,42.0
I002878,2024-09-04,Mexico,Americas,Vaccines,Group Meeting,S00376,E00496,Training and best practice sharing,34.0
I002879,2024-04-10,United States,Americas,Respiratory,Speaker Program,S00173,E00229,Market access discussion,
I002880,2024-11-17,United Kingdom,EMEA,Respiratory,1:1 Meeting,S00442,E00035,Training and best practice sharing,23.0
I002881,2025-01-30,IT,EMEA,Specialty,Advisory Board,S00809,E00436,Speaker program educational session,163.0
I002882,2024-10-19,MEX,Americas,Oncology,Group Meeting,S01506,E00936,Catch-up,79.0
I002883,2024-10-20,United States,Americas,Vaccines,1:1 Meeting,S00367,E00337,Congress meeting and follow-up,34.0
I002884,2024-06-28,India,APAC,Primary Care,Group Meeting,S01083,E00459,Training and best practice sharing,96.0
I002885,2024-08-22,USA,Americas,Vaccines,Speaker Program,S00234,E00017,Training and best practice sharing,74.0
I002886,2025-03-18,U.S.,Americas,Oncology,Speaker Program,S01375,E00122,Speaker program educational session,127.0
I002887,2025-06-22,US,Americas,Primary Care,Speaker Program,S00565,E00452,Speaker program educational session,
I002888,2024-09-28,U.S.,Americas,Respiratory,1:1 Meeting,S00267,E00642,Scientific exchange on clinical data,15.0
I002889,2024-01-05,FRA,EMEA,Primary Care,1:1 Meeting,S00681,E00448,Congress meeting and follow-up,16.0
I002890,2024-04-24,DEU,EMEA,Oncology,Advisory Board,S00446,E00414,Training and best practice sharing,161.0
I002891,2024-09-19,US,Americas,Vaccines,1:1 Meeting,S00453,E00242,Market access discussion,17.0
I002892,2025-02-20,IN,APAC,Respiratory,1:1 Meeting,S01455,E00417,Market access discussion,14.0
I002893,2024-10-11,DEU,EMEA,Respiratory,Speaker Program,S01437,E00997,Market access discussion,79.0
I002894,2024-08-08,USA,Americas,Primary Care,Speaker Program,S00021,E00704,Congress meeting and follow-up,59.0
I002895,2025-03-19,United States,Americas,Vaccines,Congress/Conference,S01027,E00992,Congress meeting and follow-up,203.0
I002896,2025-03-18,DE,EMEA,Respiratory,1:1 Meeting,S01235,E00112,Speaker program educational session,25.0
I002897,2024-05-16,IT,EMEA,Specialty,1:1 Meeting,S00475,E00115,Product information discussion (on-label),33.0
I002898,2024-05-23,Italy,EMEA,Specialty,Group Meeting,S01197,E00364,Product information discussion (on-label),78.0
I002899,,MX,Americas,Respiratory,1:1 Meeting,S01264,E00803,Training and best practice sharing,26.0
I002900,2024-09-13,United States,Americas,Oncology,Speaker Program,S00569,E00177,Training and best practice sharing,64.0
I002901,2024-06-04,UK,EMEA,Primary Care,Speaker Program,S00543,E00269,Speaker program educational session,93.0
I002902,2024-01-25,Mexico,Americas,Oncology,Group Meeting,S00586,E00746,Training and best practice sharing,99.0
I002903,2025-06-19,Canada,Americas,Oncology,1:1 Meeting,S00521,E00610,Training and best practice sharing,30.0
I002904,2024-03-06,IT,EMEA,Respiratory,1:1 Meeting,S00667,E00754,Scientific exchange on clinical data,10.0
I002905,2024-04-15,Germany,EMEA,Vaccines,1:1 Meeting,S00536,E00866,Scientific exchange on clinical data,44.0
I002906,2024-06-16,DEU,EMEA,Primary Care,1:1 Meeting,S00790,E00089,Training and best practice sharing,34.0
I002907,2024-02-11,DEU,EMEA,Vaccines,Group Meeting,S00738,E00353,Advisory board discussion on unmet needs,57.0
I002908,2024-02-12,FRA,EMEA,Specialty,Group Meeting,S00695,E00007,Meeting,56.0
I002909,2024-04-19,Canada,Americas,Vaccines,1:1 Meeting,S00965,E00074,Advisory board discussion on unmet needs,24.0
I002910,2025-06-02,BR,Americas,Vaccines,Group Meeting,S00509,E00156,Product information discussion (on-label),62.0
I002911,2024-12-01,GB,EMEA,Oncology,1:1 Meeting,S00890,E00904,Congress meeting and follow-up,27.0
I002912,2024-07-31,JPN,APAC,Respiratory,Congress/Conference,S01312,E00724,Speaker program educational session,48.0
I002913,2024-06-29,U.S.,Americas,Vaccines,Advisory Board,S01002,E00355,Training and best practice sharing,283.0
I002914,2024-09-04,Brazil,Americas,Respiratory,Congress/Conference,S00010,E00932,Market access discussion,145.0
I002915,2024-08-01,United States,Americas,Vaccines,1:1 Meeting,S01461,E00729,Speaker program educational session,40.0
I002916,2025-05-30,United Kingdom,EMEA,Respiratory,1:1 Meeting,S00454,E00194,Market access discussion,21.0
I002917,2024-03-28,United States of America,Americas,Oncology,1:1 Meeting,S01675,E00012,Training and best practice sharing,4.0
I002918,2024-03-21,BRA,Americas,Respiratory,1:1 Meeting,S00749,E00978,Advisory board discussion on unmet needs,36.0
I002919,2024-05-17,United Kingdom,EMEA,Primary Care,1:1 Meeting,S00533,E00829,Catch-up,27.0
I002920,2024-08-17,Brazil,Americas,Specialty,Advisory Board,S00779,E00362,Market access discussion,172.0
I002921,2025-04-04,France,EMEA,Oncology,1:1 Meeting,S01240,E00135,Congress meeting and follow-up,34.0
I002922,2025-06-24,GB,EMEA,Oncology,Congress/Conference,S00204,E00966,Scientific exchange on clinical data,
I002923,2025-04-21,United States of America,Americas,Primary Care,Group Meeting,S01730,E00629,Market access discussion,86.0
I002924,2024-12-23,United States of America,Americas,Respiratory,Congress/Conference,S00979,E00658,Speaker program educational session,147.0
I002925,2024-05-12,DE,EMEA,Respiratory,Speaker Program,S00802,E00571,Product information discussion (on-label),106.0
I002926,2025-06-27,Canada,Americas,Vaccines,1:1 Meeting,S00929,E00085,Scientific exchange on clinical data,16.0
I002927,2024-10-31,US,Americas,Vaccines,1:1 Meeting,S01619,E00757,Market access discussion,22.0
I002928,2025-01-23,BR,Americas,Respiratory,Group Meeting,S01338,E00460,Scientific exchange on clinical data,61.0
I002929,2025-03-19,DE,EMEA,Vaccines,Group Meeting,S00357,E00157,Market access discussion,72.0
I002930,2025-01-02,DE,EMEA,Vaccines,1:1 Meeting,S01374,E00874,Product information discussion (on-label),20.0
I002931,2024-12-07,FRA,EMEA,Vaccines,1:1 Meeting,S00823,E00807,Catch-up,20.0
I002932,2025-01-08,US,Americas,Primary Care,Group Meeting,S00444,E00410,Speaker program educational session,75.0
I002933,2024-04-21,India,APAC,Primary Care,Group Meeting,S00689,E00558,Product information discussion (on-label),
I002934,2024-01-13,IND,APAC,Vaccines,Group Meeting,S00237,E00455,Training and best practice sharing,31.0
I002935,2024-10-29,India,APAC,Vaccines,1:1 Meeting,S00430,E00243,,43.0
I002936,2024-06-29,USA,Americas,Oncology,Speaker Program,S01266,E00694,Training and best practice sharing,154.0
I002937,2025-06-09,Canada,Americas,Oncology,Speaker Program,S01162,E00213,Product information discussion (on-label),73.0
I002938,2024-06-16,Germany,EMEA,Oncology,Speaker Program,S00108,E00926,Business discussion,30.0
I002939,2024-08-01,Mexico,Americas,Respiratory,1:1 Meeting,S00953,E00944,Market access discussion,26.0
I002940,2024-09-09,MEX,Americas,Respiratory,Group Meeting,S00024,E00006,Training and best practice sharing,52.0
I002941,2024-02-29,FRA,EMEA,Oncology,Congress/Conference,S00748,E00613,Speaker program educational session,160.0
I002942,2024-10-15,CA,Americas,Specialty,1:1 Meeting,S01652,E00951,Scientific exchange on clinical data,35.0
I002943,2025-06-26,IND,APAC,Vaccines,Speaker Program,S01191,E00172,Scientific exchange on clinical data,96.0
I002944,2024-05-11,U.S.,Americas,Oncology,Speaker Program,S00691,E00197,Congress meeting and follow-up,71.0
I002945,2024-11-19,IND,APAC,Primary Care,Speaker Program,S00250,E00324,Training and best practice sharing,37.0
I002946,2024-01-30,JP,APAC,Vaccines,1:1 Meeting,S01493,E00568,Scientific exchange on clinical data,26.0
I002947,2024-10-27,United States,Americas,Primary Care,Speaker Program,S00600,E00719,Product information discussion (on-label),90.0
I002948,2025-06-18,Great Britain,EMEA,Specialty,1:1 Meeting,S01518,E00482,Scientific exchange on clinical data,39.0
I002949,2024-01-16,Mexico,Americas,Primary Care,Group Meeting,S00651,E00671,,100.0
I002950,2025-03-21,IND,APAC,Vaccines,Congress/Conference,S00826,E00905,Scientific exchange on clinical data,105.0
I002951,2025-05-17,USA,Americas,Specialty,1:1 Meeting,S01756,E00093,,38.0
I002952,2025-01-23,CAN,Americas,Oncology,1:1 Meeting,S00733,E00978,Market access discussion,
I002953,2024-09-19,CA,Americas,Primary Care,1:1 Meeting,S00266,E00800,Training and best practice sharing,26.0
I002954,2024-10-27,United States,Americas,Oncology,Group Meeting,S00422,E00278,Training and best practice sharing,73.0
I002955,2025-01-12,Germany,EMEA,Oncology,1:1 Meeting,S00598,E00675,Advisory board discussion on unmet needs,26.0
I002956,2024-09-22,IND,APAC,Primary Care,Speaker Program,S00151,E00816,Discussed topics,70.0
I002957,2024-11-24,JP,APAC,Vaccines,1:1 Meeting,S00693,E00629,Advisory board discussion on unmet needs,30.0
I002958,2024-08-26,DE,EMEA,Primary Care,1:1 Meeting,S01560,E00948,Training and best practice sharing,6.0
I002959,2024-10-27,USA,Americas,Primary Care,1:1 Meeting,S00590,E00106,Market access discussion,35.0
I002960,2025-03-28,IND,APAC,Primary Care,1:1 Meeting,S01522,E00907,Catch-up,18.0
I002961,2025-03-08,United States of America,Americas,Oncology,1:1 Meeting,S01181,E00856,Discussed topics,0.0
I002962,2024-10-21,Germany,EMEA,Vaccines,1:1 Meeting,S01425,E00690,Speaker program educational session,28.0
I002963,2024-04-27,DEU,EMEA,Specialty,1:1 Meeting,S01341,E00850,Product information discussion (on-label),30.0
I002964,2024-01-12,IT,EMEA,Primary Care,Speaker Program,S00744,E00857,Training and best practice sharing,42.0
I002965,2024-07-27,CA,Americas,Respiratory,Advisory Board,S00038,E00085,Congress meeting and follow-up,137.0
I002966,2025-06-02,IND,APAC,Respiratory,1:1 Meeting,S01157,E00022,Meeting,6.0
I002967,2024-03-18,United States of America,Americas,Vaccines,1:1 Meeting,S00916,E00748,Market access discussion,
I002968,2024-03-17,IND,APAC,Specialty,1:1 Meeting,S00873,E00963,Training and best practice sharing,38.0
I002969,2024-02-17,Canada,Americas,Oncology,Speaker Program,S01000,E00526,Market access discussion,
I002970,2024-07-27,ITA,EMEA,Specialty,Speaker Program,S00252,E00154,Congress meeting and follow-up,75.0
I002971,2025-03-20,US,Americas,Specialty,Advisory Board,S00167,E00190,Follow-up,171.0
I002972,2024-10-30,CA,Americas,Oncology,Speaker Program,S00359,E00706,Speaker program educational session,47.0
I002973,2025-04-09,IN,APAC,Oncology,Advisory Board,S00413,E00324,Training and best practice sharing,135.0
I002974,2025-03-03,India,APAC,Vaccines,1:1 Meeting,S00380,E00036,Market access discussion,21.0
I002975,2024-12-24,India,APAC,Respiratory,1:1 Meeting,S00702,E00052,Training and best practice sharing,24.0
I002976,2024-07-22,CAN,Americas,Vaccines,Group Meeting,S01177,E00373,Congress meeting and follow-up,77.0
I002977,2024-06-04,Mexico,Americas,Oncology,1:1 Meeting,S01606,E00187,Congress meeting and follow-up,25.0
I002978,2024-02-27,Italy,EMEA,Vaccines,Speaker Program,S00305,E00088,Advisory board discussion on unmet needs,56.0
I002979,2024-09-10,United States of America,Americas,Oncology,1:1 Meeting,S00764,E00969,Congress meeting and follow-up,25.0
I002980,2024-03-15,United Kingdom,EMEA,Primary Care,Group Meeting,S01796,E00107,Training and best practice sharing,48.0
I002981,2024-10-15,MX,Americas,Specialty,1:1 Meeting,S00659,E00908,Training and best practice sharing,51.0
I002982,2024-10-30,Germany,EMEA,Vaccines,Advisory Board,S00025,E00540,Product information discussion (on-label),123.0
I002983,2024-08-08,Germany,EMEA,Vaccines,1:1 Meeting,S01517,E00568,Discussed topics,24.0
I002984,2025-01-09,ITA,EMEA,Respiratory,Advisory Board,S00920,E00863,Training and best practice sharing,112.0
I002985,2024-08-07,United States,Americas,Oncology,1:1 Meeting,S01332,E00449,Training and best practice sharing,8.0
I002986,2024-07-09,India,APAC,Respiratory,1:1 Meeting,S00347,E00314,,
I002987,2025-01-23,United Kingdom,EMEA,Primary Care,1:1 Meeting,S01040,E00532,Market access discussion,36.0
I002988,2024-02-16,IN,APAC,Specialty,1:1 Meeting,S01528,E00238,Congress meeting and follow-up,29.0
I002989,2024-03-05,Mexico,Americas,Respiratory,Group Meeting,S00698,E00528,Product information discussion (on-label),89.0
I002990,2024-04-02,FRA,EMEA,Specialty,Advisory Board,S00069,E00457,Scientific exchange on clinical data,262.0
I002991,2025-03-01,IND,APAC,Specialty,Group Meeting,S00478,E00093,Scientific exchange on clinical data,61.0
I002992,2025-03-09,FRA,EMEA,Specialty,Speaker Program,S00502,E00502,Advisory board discussion on unmet needs,33.0
I002993,2024-12-06,United States,Americas,Oncology,Speaker Program,S00441,E00498,Congress meeting and follow-up,
I002994,2025-04-18,GB,EMEA,Primary Care,Congress/Conference,S00760,E00530,Training and best practice sharing,140.0
I002995,2025-02-13,USA,Americas,Oncology,1:1 Meeting,S00980,E00250,Catch-up,29.0
I002996,2024-09-27,MX,Americas,Respiratory,Speaker Program,S01468,E00913,Scientific exchange on clinical data,121.0
I002997,2024-04-23,CA,Americas,Vaccines,1:1 Meeting,S00977,E00562,Market access discussion,
I002998,2025-05-16,US,Americas,Respiratory,Speaker Program,S01238,E00772,Market access discussion,58.0
I002999,2024-12-27,Italy,EMEA,Oncology,Congress/Conference,S01524,E00714,Speaker program educational session,160.0
I003000,2024-01-10,CA,Americas,Primary Care,Speaker Program,S01303,E00371,Market access discussion,117.0
I003001,2024-07-04,JPN,APAC,Primary Care,Speaker Program,S01612,E00179,Congress meeting and follow-up,86.0
I003002,2024-06-19,DEU,EMEA,Vaccines,Speaker Program,S00528,E00885,Congress meeting and follow-up,
I003003,2024-07-31,Brazil,Americas,Respiratory,Speaker Program,S00522,E00803,Scientific exchange on clinical data,81.0
I003004,2024-01-27,US,Americas,Primary Care,Speaker Program,S00600,E00731,Congress meeting and follow-up,54.0
I003005,2024-03-08,IN,APAC,Respiratory,Group Meeting,S00719,E00175,Congress meeting and follow-up,84.0
I003006,2024-03-14,Italy,EMEA,Specialty,1:1 Meeting,S00865,E00062,Speaker program educational session,
I003007,2024-09-18,CA,Americas,Vaccines,Speaker Program,S00219,E00812,Congress meeting and follow-up,69.0
I003008,2024-08-24,MX,Americas,Respiratory,Speaker Program,S00493,E00112,Scientific exchange on clinical data,136.0
I003009,2024-12-31,United States,Americas,Oncology,1:1 Meeting,S00986,E00973,Advisory board discussion on unmet needs,30.0
I003010,2024-10-16,IN,APAC,Specialty,Group Meeting,S00321,E00718,Meeting,78.0
I003011,2024-03-01,USA,Americas,Respiratory,Advisory Board,S00600,E00285,Congress meeting and follow-up,247.0
I003012,2024-01-08,Germany,EMEA,Primary Care,Speaker Program,S01361,E00556,Training and best practice sharing,75.0
I003013,2025-01-03,Great Britain,EMEA,Specialty,1:1 Meeting,S01528,E00700,Market access discussion,4.0
I003014,2025-01-09,India,APAC,Primary Care,Congress/Conference,S00190,E00735,Congress meeting and follow-up,85.0
I003015,2024-01-27,GB,EMEA,Respiratory,1:1 Meeting,S00788,E00348,Training and best practice sharing,34.0
I003016,2025-01-14,MX,Americas,Respiratory,1:1 Meeting,S00038,E00660,Market access discussion,31.0
I003017,2024-10-03,JPN,APAC,Respiratory,1:1 Meeting,S00422,E00464,Scientific exchange on clinical data,27.0
I003018,2024-04-30,Brazil,Americas,Oncology,Speaker Program,S01103,E00586,Market access discussion,33.0
I003019,2025-06-08,IND,APAC,Vaccines,1:1 Meeting,S01232,E00195,Congress meeting and follow-up,41.0
I003020,2024-12-02,DE,EMEA,Oncology,1:1 Meeting,S01187,E00509,Training and best practice sharing,8.0
I003021,2025-01-13,MX,Americas,Vaccines,1:1 Meeting,S01733,E00669,Market access discussion,34.0
I003022,2024-03-06,BR,Americas,Primary Care,Group Meeting,S01608,E00457,Scientific exchange on clinical data,78.0
I003023,2025-04-02,GB,EMEA,Oncology,Congress/Conference,S00114,E00139,Speaker program educational session,118.0
I003024,2024-06-26,DE,EMEA,Primary Care,Speaker Program,S01702,E00804,Speaker program educational session,79.0
I003025,2024-10-06,CA,Americas,Specialty,1:1 Meeting,S00548,E00957,Market access discussion,36.0
I003026,2024-07-12,CAN,Americas,Oncology,Advisory Board,S01696,E00347,,
I003027,2024-05-28,UK,EMEA,Specialty,Group Meeting,S01405,E00461,Market access discussion,84.0
I003028,2024-01-29,Brazil,Americas,Respiratory,1:1 Meeting,S01040,E00902,Speaker program educational session,26.0
I003029,2024-08-08,IN,APAC,Oncology,Group Meeting,S00047,E00241,Follow-up,46.0
I003030,2025-01-26,India,APAC,Primary Care,1:1 Meeting,S00354,E00657,Advisory board discussion on unmet needs,20.0
I003031,2024-03-16,US,Americas,Oncology,1:1 Meeting,S00816,E00822,Product information discussion (on-label),21.0
I003032,2024-04-26,United States,Americas,Oncology,Speaker Program,S00590,E00578,Product information discussion (on-label),66.0
I003033,,United Kingdom,EMEA,Oncology,Group Meeting,S00703,E00622,Catch-up,73.0
I003034,2024-10-21,BRA,Americas,Respiratory,Speaker Program,S00110,E00490,Training and best practice sharing,92.0
I003035,2025-03-26,MX,Americas,Specialty,Advisory Board,S01579,E00492,Market access discussion,195.0
I003036,2024-02-05,IND,APAC,Vaccines,1:1 Meeting,S00185,E00714,Scientific exchange on clinical data,43.0
I003037,2025-05-21,US,Americas,Primary Care,1:1 Meeting,S00539,E00041,Congress meeting and follow-up,42.0
I003038,2025-05-11,Italy,EMEA,Primary Care,1:1 Meeting,S00197,E00085,Training and best practice sharing,12.0
I003039,2024-07-24,CAN,Americas,Respiratory,Congress/Conference,S00886,E00697,Speaker program educational session,114.0
I003040,2025-04-14,IN,APAC,Oncology,1:1 Meeting,S01765,E00693,Speaker program educational session,23.0
I003041,2025-04-11,IN,APAC,Specialty,1:1 Meeting,S01127,E00646,Market access discussion,49.0
I003042,2024-11-28,Brazil,Americas,Specialty,1:1 Meeting,S00163,E00465,Training and best practice sharing,25.0
I003043,2025-05-21,U.S.,Americas,Oncology,1:1 Meeting,S00299,E00285,Congress meeting and follow-up,26.0
I003044,2025-01-10,US,Americas,Respiratory,Group Meeting,S01562,E00725,Congress meeting and follow-up,36.0
I003045,2024-05-09,Great Britain,EMEA,Vaccines,Group Meeting,S01752,E00540,Product information discussion (on-label),16.0
I003046,2025-01-31,Great Britain,EMEA,Vaccines,Speaker Program,S00037,E00454,Training and best practice sharing,92.0
I003047,2024-12-02,FRA,EMEA,Primary Care,Speaker Program,S00649,E00498,Business discussion,15.0
I003048,2024-06-23,UK,EMEA,Oncology,Group Meeting,S01161,E00071,Advisory board discussion on unmet needs,38.0
I003049,2025-01-19,Italy,EMEA,Oncology,1:1 Meeting,S00205,E00299,Discussed topics,8.0
I003050,2024-11-01,Great Britain,EMEA,Vaccines,Speaker Program,S00234,E00737,Scientific exchange on clinical data,52.0
I003051,2024-11-29,United States,Americas,Vaccines,Group Meeting,S01467,E00068,Product information discussion (on-label),91.0
I003052,2025-03-27,JPN,APAC,Specialty,Speaker Program,S00213,E00723,Product information discussion (on-label),22.0
I003053,2025-05-09,BRA,Americas,Vaccines,Speaker Program,S01792,E00006,Advisory board discussion on unmet needs,68.0
I003054,2024-02-21,IN,APAC,Specialty,Group Meeting,S00327,E00973,Business discussion,
I003055,2025-01-10,FRA,EMEA,Respiratory,1:1 Meeting,S00826,E00055,Speaker program educational session,23.0
I003056,2024-03-26,India,APAC,Primary Care,Group Meeting,S00171,E00066,Speaker program educational session,
I003057,2025-04-08,United Kingdom,EMEA,Specialty,Group Meeting,S01450,E00116,Training and best practice sharing,59.0
I003058,2024-01-10,Great Britain,EMEA,Specialty,1:1 Meeting,S01230,E00800,Training and best practice sharing,29.0
I003059,2025-06-13,MX,Americas,Oncology,Speaker Program,S00671,E00263,Product information discussion (on-label),109.0
I003060,2024-06-26,United States,Americas,Primary Care,1:1 Meeting,S00535,E00776,Congress meeting and follow-up,17.0
I003061,2024-01-06,JPN,APAC,Oncology,1:1 Meeting,S00529,E00901,Training and best practice sharing,22.0
I003062,2024-12-21,MX,Americas,Vaccines,1:1 Meeting,S00756,E00988,Training and best practice sharing,20.0
I003063,2025-01-29,US,Americas,Specialty,1:1 Meeting,S01512,E00562,Market access discussion,25.0
I003064,2024-11-25,United Kingdom,EMEA,Primary Care,Group Meeting,S01279,E00997,,66.0
I003065,2024-02-19,IN,APAC,Vaccines,Speaker Program,S01678,E00127,Advisory board discussion on unmet needs,67.0
I003066,2025-01-12,United Kingdom,EMEA,Oncology,Speaker Program,S00293,E00261,Advisory board discussion on unmet needs,116.0
I003067,2025-06-21,ITA,EMEA,Oncology,1:1 Meeting,S00161,E00450,Advisory board discussion on unmet needs,27.0
I003068,2024-03-15,BR,Americas,Specialty,1:1 Meeting,S01333,E00806,Meeting,27.0
I003069,2024-01-03,JPN,APAC,Primary Care,Speaker Program,S01632,E00507,Training and best practice sharing,74.0
I003070,2024-10-01,India,APAC,Vaccines,Speaker Program,S00920,E00935,Speaker program educational session,117.0
I003071,2025-06-13,Brazil,Americas,Oncology,Group Meeting,S00988,E00819,Market access discussion,61.0
I003072,2024-11-24,MX,Americas,Specialty,1:1 Meeting,S01770,E00121,Scientific exchange on clinical data,48.0
I003073,2024-09-11,CAN,Americas,Primary Care,1:1 Meeting,S01096,E00228,Training and best practice sharing,44.0
I003074,2024-11-19,IN,APAC,Vaccines,Speaker Program,S01578,E00047,Product information discussion (on-label),72.0
I003075,2024-07-22,MEX,Americas,Respiratory,Congress/Conference,S01105,E00030,Training and best practice sharing,138.0
I003076,2024-12-01,DE,EMEA,Vaccines,Group Meeting,S01761,E00573,Training and best practice sharing,77.0
I003077,2024-10-24,United Kingdom,EMEA,Specialty,Group Meeting,S01506,E00670,Speaker program educational session,87.0
I003078,2025-01-17,FRA,EMEA,Oncology,1:1 Meeting,S00776,E00772,Training and best practice sharing,17.0
I003079,2024-07-17,United Kingdom,EMEA,Specialty,1:1 Meeting,S00112,E00136,Advisory board discussion on unmet needs,34.0
I003080,2024-08-14,IND,APAC,Specialty,1:1 Meeting,S00566,E00369,Discussed topics,40.0
I003081,2025-03-26,Italy,EMEA,Oncology,Group Meeting,S01685,E00982,Training and best practice sharing,44.0
I003082,2025-04-02,India,APAC,Primary Care,Group Meeting,S01546,E00058,Speaker program educational session,41.0
I003083,2024-09-13,Great Britain,EMEA,Respiratory,Advisory Board,S00056,E00775,Training and best practice sharing,0.0
I003084,2024-07-19,U.S.,Americas,Respiratory,1:1 Meeting,S01747,E00975,Training and best practice sharing,23.0
I003085,2024-02-28,Italy,EMEA,Vaccines,1:1 Meeting,S00958,E00905,Congress meeting and follow-up,36.0
I003086,2024-05-13,Germany,EMEA,Vaccines,Speaker Program,S01342,E00543,Scientific exchange on clinical data,51.0
I003087,2024-12-20,IN,APAC,Vaccines,1:1 Meeting,S01292,E00815,Speaker program educational session,43.0
I003088,2024-10-16,FRA,EMEA,Specialty,Group Meeting,S01041,E00794,Follow-up,0.0
I003089,2024-05-26,FR,EMEA,Vaccines,1:1 Meeting,S00706,E00323,Speaker program educational session,43.0
I003090,2025-02-01,GB,EMEA,Vaccines,Advisory Board,S00322,E00259,Market access discussion,367.0
I003091,2024-04-12,United States,Americas,Primary Care,Speaker Program,S01773,E00638,,87.0
I003092,2024-07-27,GB,EMEA,Vaccines,Speaker Program,S01461,E00959,Meeting,75.0
I003093,2025-03-03,U.S.,Americas,Oncology,1:1 Meeting,S01716,E00218,Advisory board discussion on unmet needs,29.0
I003094,2024-12-13,Mexico,Americas,Respiratory,1:1 Meeting,S00464,E00524,Market access discussion,
I003095,2024-02-19,Mexico,Americas,Oncology,Congress/Conference,S00752,E00423,Training and best practice sharing,110.0
I003096,2024-01-27,DE,EMEA,Specialty,1:1 Meeting,S00609,E00631,Congress meeting and follow-up,31.0
I003097,2024-09-29,ITA,EMEA,Primary Care,Group Meeting,S00883,E00305,Market access discussion,61.0
I003098,2025-04-24,Canada,Americas,Respiratory,Congress/Conference,S00574,E00382,Discussed topics,114.0
I003099,2025-06-27,UK,EMEA,Oncology,1:1 Meeting,S01618,E00669,Product information discussion (on-label),31.0
I003100,2024-06-14,Germany,EMEA,Vaccines,Speaker Program,S00017,E00288,Congress meeting and follow-up,35.0
I003101,2024-11-11,United States,Americas,Respiratory,1:1 Meeting,S01574,E00149,Scientific exchange on clinical data,32.0
I003102,2024-03-03,Japan,APAC,Specialty,Group Meeting,S01119,E00939,Training and best practice sharing,72.0
I003103,2025-04-27,IT,EMEA,Specialty,1:1 Meeting,S00977,E00752,Scientific exchange on clinical data,26.0
I003104,2025-04-06,United States,Americas,Vaccines,Group Meeting,S01587,E00539,Congress meeting and follow-up,54.0
I003105,2024-08-04,Mexico,Americas,Respiratory,1:1 Meeting,S00604,E00476,Market access discussion,44.0
I003106,2024-08-21,USA,Americas,Respiratory,1:1 Meeting,S01281,E00898,Product information discussion (on-label),33.0
I003107,2024-05-20,BRA,Americas,Vaccines,Group Meeting,S01116,E00971,Product information discussion (on-label),60.0
I003108,2025-05-18,IN,APAC,Respiratory,Speaker Program,S00327,E00499,Congress meeting and follow-up,99.0
I003109,2024-05-21,FR,EMEA,Vaccines,1:1 Meeting,S01590,E00077,Market access discussion,37.0
I003110,2024-03-11,CA,Americas,Oncology,Speaker Program,S00253,E00043,Congress meeting and follow-up,78.0
I003111,2024-03-30,GB,EMEA,Primary Care,Advisory Board,S01087,E00467,Congress meeting and follow-up,91.0
I003112,2024-12-14,ITA,EMEA,Primary Care,1:1 Meeting,S01418,E00469,Advisory board discussion on unmet needs,16.0
I003113,2024-09-02,IND,APAC,Oncology,1:1 Meeting,S01532,E00745,Congress meeting and follow-up,29.0
I003114,2024-04-25,FRA,EMEA,Vaccines,1:1 Meeting,S01485,E00570,Market access discussion,0.0
I003115,2025-03-10,CA,Americas,Specialty,1:1 Meeting,S00260,E00429,Business discussion,57.0
I003116,2024-01-16,BRA,Americas,Vaccines,Advisory Board,S01504,E00451,Scientific exchange on clinical data,71.0
I003117,2024-02-25,France,EMEA,Specialty,1:1 Meeting,S01217,E00617,Product information discussion (on-label),38.0
I003118,2025-05-31,IT,EMEA,Vaccines,1:1 Meeting,S01770,E00632,Scientific exchange on clinical data,
I003119,2024-10-04,BRA,Americas,Oncology,Advisory Board,S00028,E00783,Advisory board discussion on unmet needs,161.0
I003120,2024-03-26,IN,APAC,Respiratory,1:1 Meeting,S01726,E00438,Speaker program educational session,34.0
I003121,2024-11-15,MEX,Americas,Oncology,1:1 Meeting,S00358,E00625,Market access discussion,33.0
I003122,2024-06-22,Germany,EMEA,Oncology,1:1 Meeting,S00203,E00322,Market access discussion,33.0
I003123,2025-05-15,Mexico,Americas,Respiratory,1:1 Meeting,S00485,E00631,Congress meeting and follow-up,41.0
I003124,2025-01-07,FR,EMEA,Primary Care,1:1 Meeting,S01027,E00758,Scientific exchange on clinical data,36.0
I003125,2024-03-21,ITA,EMEA,Primary Care,1:1 Meeting,S00107,E00573,Meeting,32.0
I003126,2024-03-11,US,Americas,Specialty,1:1 Meeting,S01284,E00375,Catch-up,0.0
I003127,2024-03-11,United Kingdom,EMEA,Vaccines,1:1 Meeting,S00889,E00078,Scientific exchange on clinical data,29.0
I003128,2025-05-19,IT,EMEA,Primary Care,Group Meeting,S01215,E00894,Scientific exchange on clinical data,83.0
I003129,2024-08-31,United Kingdom,EMEA,Primary Care,Group Meeting,S00267,E00671,Market access discussion,31.0
I003130,2024-11-28,UK,EMEA,Primary Care,Advisory Board,S01463,E00134,Product information discussion (on-label),255.0
I003131,2025-01-31,United States,Americas,Specialty,Speaker Program,S00844,E00407,Scientific exchange on clinical data,72.0
I003132,2025-06-13,IN,APAC,Oncology,Group Meeting,S00135,E00886,Scientific exchange on clinical data,42.0
I003133,2024-03-23,US,Americas,Vaccines,1:1 Meeting,S00361,E00152,Speaker program educational session,17.0
I003134,2025-04-05,JP,APAC,Oncology,1:1 Meeting,S00883,E00690,Speaker program educational session,33.0
I003135,2024-08-02,IND,APAC,Primary Care,Speaker Program,S00843,E00016,Market access discussion,84.0
I003136,2024-12-09,MEX,Americas,Oncology,1:1 Meeting,S01228,E00655,Advisory board discussion on unmet needs,24.0
I003137,2024-07-12,United States,Americas,Primary Care,Group Meeting,S00336,E00986,Training and best practice sharing,86.0
I003138,2024-04-11,IT,EMEA,Primary Care,Group Meeting,S00042,E00933,Product information discussion (on-label),66.0
I003139,2024-11-20,FR,EMEA,Primary Care,Advisory Board,S01589,E00735,Congress meeting and follow-up,224.0
I003140,2024-05-20,IN,APAC,Primary Care,Group Meeting,S00111,E00303,Market access discussion,40.0
I003141,2025-04-18,India,APAC,Respiratory,1:1 Meeting,S01612,E00889,Scientific exchange on clinical data,21.0
I003142,2024-03-27,Italy,EMEA,Vaccines,Speaker Program,S01222,E00587,Advisory board discussion on unmet needs,72.0
I003143,2024-10-30,USA,Americas,Primary Care,Speaker Program,S00264,E00515,Training and best practice sharing,75.0
I003144,2025-02-14,DEU,EMEA,Respiratory,Speaker Program,S00702,E00659,Training and best practice sharing,97.0
I003145,2024/10/10,DE,EMEA,Primary Care,1:1 Meeting,S00719,E00914,Advisory board discussion on unmet needs,38.0
I003146,2024-03-17,DEU,EMEA,Oncology,1:1 Meeting,S01053,E00791,Advisory board discussion on unmet needs,36.0
I003147,2025-06-23,India,APAC,Specialty,1:1 Meeting,S00922,E00553,Scientific exchange on clinical data,34.0
I003148,2024-01-09,CAN,Americas,Vaccines,Speaker Program,S00335,E00076,Advisory board discussion on unmet needs,109.0
I003149,2024-06-23,Brazil,Americas,Primary Care,Advisory Board,S01574,E00508,Product information discussion (on-label),23.0
I003150,2024-05-01,France,EMEA,Vaccines,1:1 Meeting,S01274,E00380,Product information discussion (on-label),22.0
I003151,2024-07-03,IT,EMEA,Specialty,Congress/Conference,S01462,E00673,Product information discussion (on-label),131.0
I003152,2024-11-05,MEX,Americas,Vaccines,Advisory Board,S01006,E00042,Advisory board discussion on unmet needs,174.0
I003153,2025-01-06,BRA,Americas,Primary Care,Speaker Program,S01335,E00196,Congress meeting and follow-up,110.0
I003154,2025-03-31,FRA,EMEA,Primary Care,1:1 Meeting,S01775,E00696,Speaker program educational session,27.0
I003155,2024-09-05,GB,EMEA,Specialty,1:1 Meeting,S00819,E00828,Speaker program educational session,25.0
I003156,2024-04-17,USA,Americas,Primary Care,1:1 Meeting,S01641,E00557,Speaker program educational session,22.0
I003157,2024-09-29,CA,Americas,Vaccines,Congress/Conference,S00914,E00588,Speaker program educational session,151.0
I003158,2024-10-30,United Kingdom,EMEA,Vaccines,1:1 Meeting,S00867,E00768,Business discussion,27.0
I003159,2024-07-23,JP,APAC,Specialty,1:1 Meeting,S00869,E00316,Congress meeting and follow-up,32.0
I003160,2024-09-09,United States of America,Americas,Vaccines,1:1 Meeting,S01304,E00129,Catch-up,40.0
I003161,2025-03-16,IND,APAC,Primary Care,Group Meeting,S01016,E00855,Product information discussion (on-label),41.0
I003162,2024-12-19,USA,Americas,Oncology,1:1 Meeting,S01726,E00813,Congress meeting and follow-up,30.0
I003163,2024-01-01,United States of America,Americas,Primary Care,Speaker Program,S00533,E00778,Product information discussion (on-label),69.0
I003164,2024-01-30,U.S.,Americas,Vaccines,1:1 Meeting,S01334,E00307,Congress meeting and follow-up,26.0
I003165,2025-04-17,IN,APAC,Primary Care,Congress/Conference,S01177,E00995,Market access discussion,152.0
I003166,2024-12-02,USA,Americas,Respiratory,Congress/Conference,S01468,E00849,Meeting,135.0
I003167,2024-10-06,India,APAC,Oncology,1:1 Meeting,S00012,E00663,Speaker program educational session,16.0
I003168,2024-11-30,JPN,APAC,Specialty,Speaker Program,S01089,E00445,Speaker program educational session,120.0
I003169,2024-11-07,ITA,EMEA,Oncology,Congress/Conference,S00159,E00635,Scientific exchange on clinical data,69.0
I003170,2025-01-20,FR,EMEA,Primary Care,Advisory Board,S00004,E00788,Product information discussion (on-label),124.0
I003171,2024-09-05,BRA,Americas,Oncology,Group Meeting,S01733,E00789,Market access discussion,103.0
I003172,2024-02-16,Brazil,Americas,Primary Care,Speaker Program,S00121,E00346,Training and best practice sharing,0.0
I003173,2025-01-10,Germany,EMEA,Respiratory,Group Meeting,S01787,E00437,Scientific exchange on clinical data,86.0
I003174,2025-03-20,GB,EMEA,Primary Care,Advisory Board,S01716,E00919,Training and best practice sharing,130.0
I003175,2024-10-23,United States of America,Americas,Respiratory,Speaker Program,S01006,E00727,Advisory board discussion on unmet needs,105.0
I003176,2024-03-06,Japan,APAC,Oncology,Speaker Program,S01777,E00058,Product information discussion (on-label),44.0
I003177,2025-02-25,IT,EMEA,Oncology,Speaker Program,S01181,E00061,Training and best practice sharing,132.0
I003178,2024-11-12,MX,Americas,Specialty,Speaker Program,S01179,E00292,Scientific exchange on clinical data,65.0
I003179,2024-03-15,IN,APAC,Vaccines,Group Meeting,S00307,E00620,Product information discussion (on-label),
I003180,2024-01-15,IND,APAC,Oncology,Group Meeting,S01105,E00521,Congress meeting and follow-up,65.0
I003181,2024-08-18,India,APAC,Respiratory,1:1 Meeting,S00363,E00458,Scientific exchange on clinical data,36.0
I003182,2024-12-19,Mexico,Americas,Oncology,Speaker Program,S00665,E00264,Follow-up,105.0
I003183,2024-02-04,ITA,EMEA,Specialty,Group Meeting,S00180,E00068,Scientific exchange on clinical data,28.0
I003184,2025-04-15,United States,Americas,Respiratory,Advisory Board,S00602,E00771,Training and best practice sharing,81.0
I003185,2025-06-14,India,APAC,Oncology,Speaker Program,S01623,E00334,Training and best practice sharing,126.0
I003186,2024-12-13,IT,EMEA,Respiratory,1:1 Meeting,S00483,E00481,Training and best practice sharing,12.0
I003187,2024-05-26,US,Americas,Vaccines,1:1 Meeting,S00781,E00827,Scientific exchange on clinical data,16.0
I003188,2025-05-08,Germany,EMEA,Primary Care,Speaker Program,S00711,E00699,Congress meeting and follow-up,106.0
I003189,2024-09-12,BRA,Americas,Respiratory,Group Meeting,S01773,E00721,Training and best practice sharing,48.0
I003190,2025-02-22,United States,Americas,Respiratory,1:1 Meeting,S00873,E00981,Training and best practice sharing,27.0
I003191,2024-12-15,Italy,EMEA,Oncology,Group Meeting,S00797,E00099,Speaker program educational session,59.0
I003192,2024-01-14,ITA,EMEA,Oncology,Speaker Program,S00062,E00351,,110.0
I003193,2025-04-29,India,APAC,Oncology,Group Meeting,S01208,E00999,Scientific exchange on clinical data,77.0
I003194,2024-02-06,US,Americas,Vaccines,Group Meeting,S01065,E00886,Advisory board discussion on unmet needs,36.0
I003195,2024-01-14,India,APAC,Oncology,1:1 Meeting,S01322,E00983,Congress meeting and follow-up,34.0
I003196,2024-03-23,Canada,Americas,Vaccines,1:1 Meeting,S00078,E00085,Speaker program educational session,28.0
I003197,2024-01-22,CAN,Americas,Oncology,Group Meeting,S00996,E00715,Market access discussion,66.0
I003198,2024-09-23,United States of America,Americas,Respiratory,1:1 Meeting,S00739,E00760,Advisory board discussion on unmet needs,31.0
I003199,2025-01-29,India,APAC,Vaccines,Speaker Program,S01328,E00879,Speaker program educational session,136.0
I003200,2024-09-01,Germany,EMEA,Respiratory,Group Meeting,S00743,E00378,,17.0
I003201,2024-01-21,MX,Americas,Specialty,Speaker Program,S00655,E00919,Advisory board discussion on unmet needs,92.0
I003202,2024-01-08,India,APAC,Vaccines,Group Meeting,S01166,E00358,Product information discussion (on-label),68.0
I003203,2025-03-19,BR,Americas,Specialty,1:1 Meeting,S00026,E00431,Congress meeting and follow-up,33.0
I003204,2025-02-09,JPN,APAC,Specialty,1:1 Meeting,S00600,E00043,Speaker program educational session,38.0
I003205,2024-08-07,ITA,EMEA,Specialty,1:1 Meeting,S01777,E00751,Market access discussion,23.0
I003206,2024-10-12,CAN,Americas,Specialty,1:1 Meeting,S01073,E00062,Advisory board discussion on unmet needs,19.0
I003207,2024-01-08,India,APAC,Oncology,Congress/Conference,S00765,E00870,Product information discussion (on-label),129.0
I003208,2024-11-16,Great Britain,EMEA,Vaccines,Group Meeting,S01791,E00293,Training and best practice sharing,60.0
I003209,2024-12-11,DE,EMEA,Oncology,Speaker Program,S00901,E00605,Market access discussion,72.0
I003210,2024-10-28,DEU,EMEA,Specialty,1:1 Meeting,S01195,E00564,Training and best practice sharing,53.0
I003211,2024-07-18,GB,EMEA,Oncology,Group Meeting,S00677,E00464,Training and best practice sharing,55.0
I003212,2024-11-02,JP,APAC,Primary Care,Speaker Program,S01283,E00336,Follow-up,87.0
I003213,2024-01-04,Great Britain,EMEA,Primary Care,Group Meeting,S00270,E00603,Product information discussion (on-label),53.0
I003214,2024-10-02,United States of America,Americas,Oncology,1:1 Meeting,S01634,E00668,Catch-up,49.0
I003215,2024-05-31,U.S.,Americas,Specialty,1:1 Meeting,S00145,E00391,Speaker program educational session,25.0
I003216,2024-11-05,BRA,Americas,Oncology,Group Meeting,S00217,E00769,Catch-up,41.0
I003217,2025-01-23,CAN,Americas,Oncology,Group Meeting,S00648,E00642,Follow-up,29.0
I003218,2024-06-21,BR,Americas,Respiratory,1:1 Meeting,S01626,E00843,Training and best practice sharing,0.0
I003219,2024-09-28,Japan,APAC,Respiratory,Speaker Program,S00008,E00472,Market access discussion,125.0
I003220,2025-05-17,JP,APAC,Oncology,1:1 Meeting,S01040,E00666,Training and best practice sharing,38.0
I003221,2024-05-26,United States of America,Americas,Vaccines,Group Meeting,S00356,E00442,Product information discussion (on-label),54.0
I003222,2025-03-14,JP,APAC,Specialty,Group Meeting,S00149,E00733,Advisory board discussion on unmet needs,46.0
I003223,2024-09-19,India,APAC,Vaccines,Group Meeting,S00961,E00584,Training and best practice sharing,88.0
I003224,2024-01-24,MEX,Americas,Respiratory,Group Meeting,S00068,E00068,Congress meeting and follow-up,104.0
I003225,2024-09-27,United Kingdom,EMEA,Vaccines,Speaker Program,S00792,E00366,Advisory board discussion on unmet needs,75.0
I003226,2024-03-21,United States of America,Americas,Oncology,1:1 Meeting,S00918,E00806,Product information discussion (on-label),45.0
I003227,2024-09-30,MX,Americas,Vaccines,Group Meeting,S01092,E00326,Meeting,31.0
I003228,2024-10-14,United States,Americas,Oncology,Speaker Program,S00812,E00092,Scientific exchange on clinical data,
I003229,2024-05-03,CAN,Americas,Vaccines,1:1 Meeting,S01350,E00860,Advisory board discussion on unmet needs,34.0
I003230,2024-06-28,IND,APAC,Vaccines,Advisory Board,S00920,E00978,Training and best practice sharing,179.0
I003231,2024-04-06,FR,EMEA,Vaccines,Group Meeting,S01548,E00284,Product information discussion (on-label),26.0
I003232,2025-05-11,Brazil,Americas,Oncology,Speaker Program,S01296,E00761,Scientific exchange on clinical data,72.0
I003233,2025-04-28,India,APAC,Primary Care,Advisory Board,S00424,E00372,Speaker program educational session,191.0
I003234,2024-11-08,France,EMEA,Respiratory,1:1 Meeting,S00245,E00497,Meeting,30.0
I003235,2024-05-27,India,APAC,Vaccines,1:1 Meeting,S00908,E00208,Training and best practice sharing,22.0
I003236,2024-04-14,BR,Americas,Vaccines,1:1 Meeting,S00413,E00347,Congress meeting and follow-up,21.0
I003237,2024-08-09,Germany,EMEA,Respiratory,Congress/Conference,S00742,E00493,,116.0
I003238,2024-03-18,United States,Americas,Respiratory,1:1 Meeting,S00803,E00146,Product information discussion (on-label),
I003239,2024-11-17,DE,EMEA,Primary Care,Speaker Program,S01701,E00801,Speaker program educational session,64.0
I003240,2025-02-27,Brazil,Americas,Primary Care,1:1 Meeting,S01522,E00295,,32.0
I003241,2025-04-20,United States,Americas,Vaccines,1:1 Meeting,S00713,E00108,Scientific exchange on clinical data,33.0
I003242,2025-01-17,GB,EMEA,Primary Care,Speaker Program,S00704,E00123,Product information discussion (on-label),108.0
I003243,2025-06-08,JPN,APAC,Primary Care,1:1 Meeting,S00802,E00664,Speaker program educational session,32.0
I003244,2024-02-25,Mexico,Americas,Oncology,1:1 Meeting,S01102,E00901,Training and best practice sharing,27.0
I003245,2024-08-17,U.S.,Americas,Vaccines,Advisory Board,S01139,E00498,Speaker program educational session,125.0
I003246,2024-07-02,IT,EMEA,Primary Care,Speaker Program,S00597,E00805,Market access discussion,151.0
I003247,2025-02-28,CAN,Americas,Primary Care,Advisory Board,S01769,E00304,Scientific exchange on clinical data,
I003248,2024-09-16,IN,APAC,Vaccines,Congress/Conference,S01473,E00597,Speaker program educational session,113.0
I003249,2025-03-16,India,APAC,Respiratory,Advisory Board,S00846,E00645,Advisory board discussion on unmet needs,200.0
I003250,2025-03-15,IN,APAC,Vaccines,1:1 Meeting,S00882,E00681,Product information discussion (on-label),21.0
I003251,2025-06-02,United States,Americas,Oncology,Speaker Program,S00356,E00372,Scientific exchange on clinical data,88.0
I003252,2024-07-01,Brazil,Americas,Specialty,Congress/Conference,S01119,E00029,Speaker program educational session,98.0
I003253,2024-06-20,ITA,EMEA,Oncology,1:1 Meeting,S00719,E00790,Congress meeting and follow-up,23.0
I003254,2025-06-22,IND,APAC,Respiratory,1:1 Meeting,S00212,E00027,Training and best practice sharing,27.0
I003255,2024-04-29,IN,APAC,Primary Care,1:1 Meeting,S00224,E00140,Speaker program educational session,26.0
I003256,2025-06-13,Italy,EMEA,Oncology,1:1 Meeting,S00729,E00392,Scientific exchange on clinical data,40.0
I003257,2024-10-21,India,APAC,Primary Care,Advisory Board,S01697,E00989,Congress meeting and follow-up,129.0
I003258,2024-02-21,BR,Americas,Vaccines,Speaker Program,S01067,E00353,Market access discussion,60.0
I003259,2024-03-12,IND,APAC,Specialty,Speaker Program,S00381,E00962,Training and best practice sharing,37.0
I003260,2025-06-30,Japan,APAC,Vaccines,Group Meeting,S01153,E00811,Advisory board discussion on unmet needs,65.0
I003261,2025-02-04,GB,EMEA,Primary Care,Advisory Board,S00887,E00501,Scientific exchange on clinical data,171.0
I003262,2025-04-10,US,Americas,Oncology,1:1 Meeting,S00951,E00811,Business discussion,18.0
I003263,2025-01-13,US,Americas,Oncology,Group Meeting,S01186,E00470,Training and best practice sharing,60.0
I003264,2024-03-19,USA,Americas,Oncology,1:1 Meeting,S00239,E00911,Congress meeting and follow-up,28.0
I003265,2025-01-19,USA,Americas,Primary Care,Group Meeting,S00764,E00424,Advisory board discussion on unmet needs,82.0
I003266,2024-01-25,IND,APAC,Specialty,Speaker Program,S00975,E00224,Advisory board discussion on unmet needs,85.0
I003267,2025-03-25,India,APAC,Respiratory,1:1 Meeting,S00083,E00335,Speaker program educational session,2.0
I003268,2025-03-12,FRA,EMEA,Vaccines,Group Meeting,S00814,E00531,Product information discussion (on-label),42.0
I003269,2025-06-10,Mexico,Americas,Oncology,Speaker Program,S00726,E00830,Advisory board discussion on unmet needs,76.0
I003270,2024-04-13,GB,EMEA,Oncology,Group Meeting,S00905,E00257,Follow-up,91.0
I003271,2024-02-08,United States,Americas,Vaccines,Advisory Board,S01761,E00691,Product information discussion (on-label),77.0
I003272,2025-01-08,IN,APAC,Primary Care,1:1 Meeting,S00350,E00026,Training and best practice sharing,32.0
I003273,2024-08-19,France,EMEA,Primary Care,Group Meeting,S00663,E00955,Advisory board discussion on unmet needs,41.0
I003274,2024-02-16,JPN,APAC,Respiratory,1:1 Meeting,S01214,E00181,Discussed topics,25.0
I003275,2024-02-05,Great Britain,EMEA,Primary Care,Advisory Board,S00399,E00047,Scientific exchange on clinical data,177.0
I003276,2025-06-08,USA,Americas,Respiratory,Congress/Conference,S01389,E00812,Training and best practice sharing,109.0
I003277,2024-05-25,DEU,EMEA,Oncology,Group Meeting,S00379,E00570,Market access discussion,60.0
I003278,2025-06-03,BRA,Americas,Oncology,Group Meeting,S00161,E00269,Advisory board discussion on unmet needs,51.0
I003279,2024-06-29,India,APAC,Respiratory,Group Meeting,S00015,E00313,Congress meeting and follow-up,
I003280,2024-04-08,DE,EMEA,Vaccines,1:1 Meeting,S00823,E00294,Congress meeting and follow-up,19.0
I003281,2025-01-06,MEX,Americas,Vaccines,Advisory Board,S00479,E00949,Product information discussion (on-label),165.0
I003282,2024-06-17,U.S.,Americas,Vaccines,1:1 Meeting,S00426,E00675,Advisory board discussion on unmet needs,41.0
I003283,2024-05-18,Brazil,Americas,Oncology,Speaker Program,S00489,E00251,Product information discussion (on-label),131.0
I003284,2024-09-09,BRA,Americas,Primary Care,1:1 Meeting,S00030,E00484,,38.0
I003285,2025-03-11,United States of America,Americas,Respiratory,Speaker Program,S00985,E00550,Market access discussion,95.0
I003286,2024-03-17,FRA,EMEA,Respiratory,Advisory Board,S01550,E00060,Training and best practice sharing,117.0
I003287,2024-03-02,USA,Americas,Oncology,1:1 Meeting,S00512,E00608,Advisory board discussion on unmet needs,35.0
I003288,2024-06-09,USA,Americas,Specialty,1:1 Meeting,S01668,E00524,Market access discussion,43.0
I003289,2025-06-24,DE,EMEA,Vaccines,Group Meeting,S00797,E00511,Scientific exchange on clinical data,65.0
I003290,2024-05-10,IND,APAC,Vaccines,Group Meeting,S01150,E00909,Training and best practice sharing,47.0
I003291,2024-12-22,DEU,EMEA,Oncology,Speaker Program,S01124,E00458,Congress meeting and follow-up,91.0
I003292,2024-08-20,Italy,EMEA,Vaccines,1:1 Meeting,S00454,E00823,Market access discussion,26.0
I003293,2025-01-03,India,APAC,Primary Care,1:1 Meeting,S01446,E00246,Training and best practice sharing,23.0
I003294,2024-04-17,IN,APAC,Respiratory,1:1 Meeting,S01320,E00225,Advisory board discussion on unmet needs,35.0
I003295,2024-10-02,Italy,EMEA,Vaccines,Group Meeting,S01039,E00279,Congress meeting and follow-up,16.0
I003296,2024-06-23,IN,APAC,Primary Care,Congress/Conference,S01035,E00240,Market access discussion,126.0
I003297,2024-05-02,France,EMEA,Respiratory,Group Meeting,S00390,E00777,Speaker program educational session,
I003298,2025-03-03,FRA,EMEA,Oncology,1:1 Meeting,S00128,E00160,Training and best practice sharing,29.0
I003299,2024-03-23,MX,Americas,Vaccines,Group Meeting,S01555,E00112,Training and best practice sharing,39.0
I003300,2024-10-07,United States of America,Americas,Respiratory,Congress/Conference,S01488,E00980,Product information discussion (on-label),43.0
I003301,2025-01-25,CA,Americas,Respiratory,Group Meeting,S00653,E00327,Congress meeting and follow-up,29.0
I003302,2024-04-16,GB,EMEA,Vaccines,Group Meeting,S01737,E00743,Advisory board discussion on unmet needs,64.0
I003303,2024-09-18,US,Americas,Oncology,Group Meeting,S01205,E00298,Speaker program educational session,36.0
I003304,2024-07-20,France,EMEA,Primary Care,1:1 Meeting,S00435,E00650,Product information discussion (on-label),
I003305,2024-06-03,JPN,APAC,Oncology,Speaker Program,S00691,E00323,Speaker program educational session,56.0
I003306,2024-09-01,Italy,EMEA,Vaccines,Group Meeting,S00778,E00848,Market access discussion,77.0
I003307,2024-10-26,Italy,EMEA,Oncology,Speaker Program,S01420,E00169,Congress meeting and follow-up,110.0
I003308,2025-01-20,FR,EMEA,Specialty,Group Meeting,S01800,E00837,Training and best practice sharing,56.0
I003309,2024-11-07,Italy,EMEA,Vaccines,1:1 Meeting,S00391,E00275,Training and best practice sharing,
I003310,2025-06-08,JPN,APAC,Primary Care,1:1 Meeting,S01206,E00976,Training and best practice sharing,20.0
I003311,2024-01-16,Japan,APAC,Vaccines,1:1 Meeting,S01552,E00328,Advisory board discussion on unmet needs,34.0
I003312,2024-11-21,CAN,Americas,Respiratory,1:1 Meeting,S00684,E00108,Advisory board discussion on unmet needs,31.0
I003313,2024-05-27,United States,Americas,Specialty,Speaker Program,S01521,E00916,Speaker program educational session,88.0
I003314,2024-04-14,IN,APAC,Vaccines,Group Meeting,S00563,E00871,Scientific exchange on clinical data,47.0
I003315,2025-04-18,US,Americas,Oncology,1:1 Meeting,S01745,E00874,Follow-up,24.0
I003316,2024-08-07,IT,EMEA,Respiratory,Congress/Conference,S00906,E00715,Speaker program educational session,41.0
I003317,2025-03-17,Brazil,Americas,Oncology,Congress/Conference,S00997,E00621,Advisory board discussion on unmet needs,217.0
I003318,2025-02-08,Germany,EMEA,Respiratory,1:1 Meeting,S00447,E00480,Congress meeting and follow-up,26.0
I003319,2025/05/27,USA,Americas,Respiratory,1:1 Meeting,S00541,E00687,Speaker program educational session,33.0
I003320,2024-12-02,MX,Americas,Respiratory,Speaker Program,S01722,E00603,Product information discussion (on-label),131.0
I003321,2024-01-26,Japan,APAC,Respiratory,1:1 Meeting,S01037,E00619,Product information discussion (on-label),28.0
I003322,2024-01-23,Mexico,Americas,Vaccines,Congress/Conference,S00609,E00126,Congress meeting and follow-up,80.0
I003323,2024-11-05,IND,APAC,Primary Care,1:1 Meeting,S00572,E00191,Market access discussion,31.0
I003324,2024-09-23,Italy,EMEA,Vaccines,1:1 Meeting,S00518,E00472,Product information discussion (on-label),24.0
I003325,2024-11-28,Great Britain,EMEA,Specialty,1:1 Meeting,S00518,E00391,Scientific exchange on clinical data,10.0
I003326,2024-09-03,BRA,Americas,Respiratory,1:1 Meeting,S00236,E00693,Product information discussion (on-label),40.0
I003327,2024-02-05,BR,Americas,Vaccines,Speaker Program,S01180,E00670,Speaker program educational session,52.0
I003328,2024-09-27,United Kingdom,EMEA,Oncology,1:1 Meeting,S00624,E00792,Product information discussion (on-label),31.0
I003329,2025-05-25,BRA,Americas,Specialty,1:1 Meeting,S01498,E00451,Advisory board discussion on unmet needs,39.0
I003330,2024-12-03,IT,EMEA,Respiratory,Speaker Program,S00022,E00961,Training and best practice sharing,60.0
I003331,2024-11-02,FR,EMEA,Respiratory,Advisory Board,S00813,E00376,Meeting,197.0
I003332,2025-05-06,DEU,EMEA,Specialty,Group Meeting,S01154,E00666,Advisory board discussion on unmet needs,56.0
I003333,2024-01-09,IND,APAC,Vaccines,1:1 Meeting,S01770,E00544,Scientific exchange on clinical data,36.0
I003334,2024-04-17,Mexico,Americas,Vaccines,1:1 Meeting,S01759,E00395,Congress meeting and follow-up,28.0
I003335,2024-09-01,United States,Americas,Vaccines,1:1 Meeting,S01796,E00224,Scientific exchange on clinical data,20.0
I003336,2024-02-18,Canada,Americas,Oncology,1:1 Meeting,S01413,E00274,Training and best practice sharing,36.0
I003337,2025-04-06,Brazil,Americas,Respiratory,Group Meeting,S00405,E00824,Congress meeting and follow-up,46.0
I003338,2024-12-11,USA,Americas,Respiratory,1:1 Meeting,S01632,E00329,Market access discussion,22.0
I003339,2024-07-11,UK,EMEA,Primary Care,Speaker Program,S00849,E00289,Catch-up,88.0
I003340,2024-05-25,India,APAC,Primary Care,Group Meeting,S00435,E00262,Speaker program educational session,26.0
I003341,2025-04-22,United States,Americas,Vaccines,Advisory Board,S01556,E00555,Speaker program educational session,80.0
I003342,2024-10-12,US,Americas,Respiratory,Congress/Conference,S01544,E00526,Speaker program educational session,171.0
I003343,2024-04-20,CAN,Americas,Primary Care,Group Meeting,S01312,E00269,Advisory board discussion on unmet needs,44.0
I003344,2024-11-09,IND,APAC,Oncology,Group Meeting,S01325,E00003,Training and best practice sharing,26.0
I003345,2024-10-23,DEU,EMEA,Oncology,Group Meeting,S01735,E00075,Speaker program educational session,69.0
I003346,2025-05-11,GB,EMEA,Primary Care,Speaker Program,S01432,E00898,Meeting,65.0
I003347,2024-01-16,JPN,APAC,Oncology,Group Meeting,S00160,E00135,Scientific exchange on clinical data,76.0
I003348,2024-09-26,FR,EMEA,Respiratory,1:1 Meeting,S01310,E00451,Congress meeting and follow-up,
I003349,2024-10-13,DEU,EMEA,Respiratory,Group Meeting,S00556,E00914,,
I003350,2024-02-24,Canada,Americas,Specialty,Speaker Program,S00727,E00957,Training and best practice sharing,76.0
I003351,2025-01-13,Mexico,Americas,Vaccines,Advisory Board,S00557,E00650,Advisory board discussion on unmet needs,168.0
I003352,2025-06-20,United States of America,Americas,Primary Care,1:1 Meeting,S01575,E00727,Training and best practice sharing,46.0
I003353,2024-04-11,France,EMEA,Oncology,1:1 Meeting,S01632,E00354,Training and best practice sharing,42.0
I003354,2025-02-25,MX,Americas,Primary Care,Advisory Board,S00061,E00593,Training and best practice sharing,223.0
I003355,2025-04-22,MEX,Americas,Specialty,Group Meeting,S01085,E00963,Market access discussion,47.0
I003356,2024-10-17,DEU,EMEA,Oncology,1:1 Meeting,S00025,E00699,Market access discussion,31.0
I003357,2025-05-02,BR,Americas,Oncology,Group Meeting,S01301,E00709,Product information discussion (on-label),27.0
I003358,2025-01-28,IN,APAC,Oncology,1:1 Meeting,S00008,E00918,Market access discussion,18.0
I003359,2025-03-16,Brazil,Americas,Primary Care,Speaker Program,S01188,E00566,Market access discussion,
I003360,2025-02-03,DE,EMEA,Respiratory,Group Meeting,S00948,E00295,Congress meeting and follow-up,34.0
I003361,2024-04-01,United States,Americas,Specialty,Speaker Program,S00611,E00645,Catch-up,91.0
I003362,2024-09-27,MX,Americas,Vaccines,Group Meeting,S01337,E00640,Follow-up,467.0
I003363,2024-04-08,Great Britain,EMEA,Respiratory,1:1 Meeting,S01330,E00074,Product information discussion (on-label),30.0
I003364,2024-04-24,ITA,EMEA,Oncology,1:1 Meeting,S00136,E00030,Product information discussion (on-label),16.0
I003365,2025-01-30,IND,APAC,Respiratory,Advisory Board,S01403,E00923,Catch-up,
I003366,2025-06-16,DEU,EMEA,Vaccines,1:1 Meeting,S01165,E00958,Catch-up,50.0
I003367,2024-01-15,India,APAC,Specialty,Congress/Conference,S01127,E00387,Scientific exchange on clinical data,106.0
I003368,2024-07-31,DE,EMEA,Primary Care,1:1 Meeting,S01515,E00259,Catch-up,
I003369,2024-01-05,CA,Americas,Specialty,1:1 Meeting,S00929,E00542,Scientific exchange on clinical data,44.0
I003370,2024-05-28,United States,Americas,Respiratory,Speaker Program,S01354,E00264,Market access discussion,89.0
I003371,2025-05-06,BR,Americas,Primary Care,Group Meeting,S00556,E00477,Speaker program educational session,106.0
I003372,2024-05-31,IT,EMEA,Vaccines,Group Meeting,S01650,E00750,Congress meeting and follow-up,61.0
I003373,2024-08-11,JPN,APAC,Respiratory,Congress/Conference,S01707,E00997,Training and best practice sharing,57.0
I003374,2024-08-28,UK,EMEA,Oncology,1:1 Meeting,S01106,E00734,Business discussion,46.0
I003375,2024-12-16,U.S.,Americas,Specialty,Speaker Program,S01254,E00838,Business discussion,98.0
I003376,2024-02-12,France,EMEA,Primary Care,1:1 Meeting,S00415,E00832,Scientific exchange on clinical data,43.0
I003377,2025-04-10,Brazil,Americas,Primary Care,Speaker Program,S00965,E00875,Meeting,97.0
I003378,2025-06-15,BRA,Americas,Specialty,Congress/Conference,S00462,E00702,Meeting,111.0
I003379,2025-04-05,CA,Americas,Vaccines,1:1 Meeting,S01416,E00528,Speaker program educational session,21.0
I003380,2024-10-06,FRA,EMEA,Specialty,Speaker Program,S00653,E00698,Advisory board discussion on unmet needs,59.0
I003381,2024-02-05,Italy,EMEA,Vaccines,Speaker Program,S01088,E00922,Product information discussion (on-label),23.0
I003382,2024-01-23,United Kingdom,EMEA,Specialty,Speaker Program,S00312,E00955,Scientific exchange on clinical data,120.0
I003383,2024-03-31,CA,Americas,Respiratory,1:1 Meeting,S01321,E00444,Product information discussion (on-label),11.0
I003384,2024-08-15,Great Britain,EMEA,Primary Care,1:1 Meeting,S01166,E00344,Speaker program educational session,32.0
I003385,2024-07-20,MX,Americas,Respiratory,1:1 Meeting,S01007,E00735,Scientific exchange on clinical data,41.0
I003386,2024-02-07,United States of America,Americas,Specialty,Congress/Conference,S01333,E00256,,
I003387,2025-05-14,FRA,EMEA,Vaccines,1:1 Meeting,S01631,E00662,Congress meeting and follow-up,36.0
I003388,2025-05-31,India,APAC,Specialty,Speaker Program,S00119,E00667,Product information discussion (on-label),104.0
I003389,2024-03-08,FR,EMEA,Respiratory,Congress/Conference,S00706,E00704,Training and best practice sharing,101.0
I003390,2024-06-10,U.S.,Americas,Respiratory,1:1 Meeting,S01586,E00018,Market access discussion,52.0
I003391,2024-08-01,ITA,EMEA,Specialty,Speaker Program,S01180,E00548,Advisory board discussion on unmet needs,46.0
I003392,2025-02-26,Germany,EMEA,Specialty,1:1 Meeting,S01081,E00063,Training and best practice sharing,20.0
I003393,2025-06-21,DE,EMEA,Specialty,1:1 Meeting,S01437,E00267,Congress meeting and follow-up,8.0
I003394,2024-08-17,DE,EMEA,Respiratory,1:1 Meeting,S01024,E00309,Market access discussion,23.0
I003395,2024-02-28,United States of America,Americas,Specialty,1:1 Meeting,S00688,E00107,Meeting,39.0
I003396,2025-04-17,JPN,APAC,Oncology,Speaker Program,S00977,E00928,Scientific exchange on clinical data,58.0
I003397,2025-03-05,Great Britain,EMEA,Oncology,Congress/Conference,S00457,E00273,Market access discussion,0.0
I003398,2024-05-25,ITA,EMEA,Specialty,Group Meeting,S00265,E00311,Training and best practice sharing,59.0
I003399,2025-06-07,U.S.,Americas,Oncology,1:1 Meeting,S00945,E00107,Speaker program educational session,12.0
I003400,2025-02-16,U.S.,Americas,Primary Care,Speaker Program,S00048,E00363,Scientific exchange on clinical data,81.0
I003401,2024-07-09,France,EMEA,Oncology,1:1 Meeting,S00236,E00232,Product information discussion (on-label),65.0
I003402,2024-03-13,United States of America,Americas,Respiratory,1:1 Meeting,S00362,E00653,Speaker program educational session,37.0
I003403,2024-06-15,MX,Americas,Oncology,Group Meeting,S01359,E00194,Market access discussion,100.0
I003404,2024-04-20,Italy,EMEA,Primary Care,Speaker Program,S01321,E00785,Training and best practice sharing,96.0
I003405,2025-06-14,MEX,Americas,Vaccines,1:1 Meeting,S01697,E00591,Speaker program educational session,57.0
I003406,2024-06-23,United States of America,Americas,Vaccines,Speaker Program,S00973,E00076,Speaker program educational session,117.0
I003407,2024-10-28,CA,Americas,Specialty,Group Meeting,S01233,E00005,Congress meeting and follow-up,53.0
I003408,2024-11-05,United States,Americas,Respiratory,Speaker Program,S00394,E00030,Advisory board discussion on unmet needs,98.0
I003409,2025-05-21,Great Britain,EMEA,Primary Care,Group Meeting,S01240,E00633,Discussed topics,54.0
I003410,2025-03-07,DE,EMEA,Specialty,Group Meeting,S01311,E00327,Advisory board discussion on unmet needs,73.0
I003411,2025-05-14,FRA,EMEA,Specialty,Congress/Conference,S00090,E00014,Scientific exchange on clinical data,157.0
I003412,2025-06-02,BRA,Americas,Vaccines,1:1 Meeting,S00001,E00001,Product information discussion (on-label),38.0
I003413,2024-03-09,BRA,Americas,Specialty,Group Meeting,S01343,E00868,Product information discussion (on-label),28.0
I003414,2024-10-24,United States,Americas,Oncology,1:1 Meeting,S00349,E00963,Market access discussion,41.0
I003415,2024-02-20,France,EMEA,Vaccines,1:1 Meeting,S01428,E00070,Follow-up,33.0
I003416,2025-05-20,India,APAC,Specialty,Group Meeting,S01423,E00609,Advisory board discussion on unmet needs,38.0
I003417,2024-09-12,FRA,EMEA,Specialty,1:1 Meeting,S00800,E00206,Market access discussion,27.0
I003418,2024-10-05,FR,EMEA,Respiratory,Speaker Program,S01249,E00145,Training and best practice sharing,141.0
I003419,2024-02-28,Brazil,Americas,Specialty,Group Meeting,S01331,E00227,Scientific exchange on clinical data,46.0
I003420,2025-05-03,IND,APAC,Vaccines,1:1 Meeting,S01137,E00500,Scientific exchange on clinical data,36.0
I003421,2025-02-10,MEX,Americas,Vaccines,Congress/Conference,S01793,E00693,Congress meeting and follow-up,146.0
I003422,2024-03-03,United States of America,Americas,Vaccines,Advisory Board,S01221,E00800,Speaker program educational session,202.0
I003423,2024-07-02,U.S.,Americas,Vaccines,1:1 Meeting,S01262,E00982,Congress meeting and follow-up,37.0
I003424,2024-06-25,DEU,EMEA,Primary Care,Speaker Program,S00091,E00591,Product information discussion (on-label),70.0
I003425,2025-03-04,Great Britain,EMEA,Oncology,1:1 Meeting,S00044,E00849,Scientific exchange on clinical data,
I003426,2024-01-09,DE,EMEA,Specialty,Congress/Conference,S01347,E00681,Congress meeting and follow-up,87.0
I003427,2024-08-23,Canada,Americas,Primary Care,Group Meeting,S00864,E00513,,52.0
I003428,2024-01-28,FR,EMEA,Respiratory,Speaker Program,S01599,E00217,Market access discussion,105.0
I003429,2024-01-27,JP,APAC,Vaccines,Speaker Program,S00707,E00119,Advisory board discussion on unmet needs,84.0
I003430,2024-01-30,JP,APAC,Vaccines,1:1 Meeting,S00737,E00829,Congress meeting and follow-up,40.0
I003431,2025-04-10,BRA,Americas,Specialty,Congress/Conference,S00112,E00967,,113.0
I003432,2024-01-30,United States,Americas,Vaccines,Speaker Program,S01415,E00850,Market access discussion,124.0
I003433,2024-02-07,Japan,APAC,Specialty,Speaker Program,S00316,E00161,Speaker program educational session,116.0
I003434,2024-06-28,CA,Americas,Oncology,Congress/Conference,S01587,E00669,Product information discussion (on-label),153.0
I003435,2024-04-21,FR,EMEA,Primary Care,1:1 Meeting,S01142,E00332,Product information discussion (on-label),23.0
I003436,2025-05-13,Canada,Americas,Respiratory,1:1 Meeting,S00344,E00674,Scientific exchange on clinical data,41.0
I003437,2024-05-25,FRA,EMEA,Primary Care,1:1 Meeting,S00543,E00349,Advisory board discussion on unmet needs,20.0
I003438,2024-06-14,IN,APAC,Respiratory,1:1 Meeting,S00933,E00007,Speaker program educational session,58.0
I003439,2024-07-21,Germany,EMEA,Specialty,1:1 Meeting,S00876,E00618,Congress meeting and follow-up,18.0
I003440,2024-09-11,USA,Americas,Oncology,Group Meeting,S00746,E00671,Congress meeting and follow-up,35.0
I003441,2024-01-23,Germany,EMEA,Specialty,1:1 Meeting,S01262,E00684,Scientific exchange on clinical data,14.0
I003442,2025-05-25,India,APAC,Oncology,1:1 Meeting,S01606,E00472,Congress meeting and follow-up,29.0
I003443,2024-12-31,UK,EMEA,Respiratory,1:1 Meeting,S00318,E00450,Speaker program educational session,45.0
I003444,2024-08-06,CAN,Americas,Primary Care,Group Meeting,S00800,E00714,Scientific exchange on clinical data,20.0
I003445,2025-04-19,United States,Americas,Respiratory,1:1 Meeting,S01649,E00471,Congress meeting and follow-up,30.0
I003446,2024-01-27,JP,APAC,Oncology,1:1 Meeting,S00333,E00744,Market access discussion,47.0
I003447,2024-08-10,US,Americas,Vaccines,Speaker Program,S00860,E00021,Discussed topics,114.0
I003448,2024-03-19,Canada,Americas,Respiratory,1:1 Meeting,S01562,E00992,Training and best practice sharing,34.0
I003449,2025-06-27,ITA,EMEA,Vaccines,Advisory Board,S01016,E00531,Market access discussion,244.0
I003450,2024-10-20,United Kingdom,EMEA,Vaccines,Speaker Program,S00484,E00784,Advisory board discussion on unmet needs,102.0
I003451,2024-05-15,CA,Americas,Specialty,1:1 Meeting,S00654,E00857,Training and best practice sharing,22.0
I003452,2024-02-15,Japan,APAC,Primary Care,Speaker Program,S01605,E00290,Market access discussion,61.0
I003453,2024-08-23,US,Americas,Primary Care,1:1 Meeting,S00069,E00133,Catch-up,31.0
I003454,2024-06-09,DE,EMEA,Specialty,1:1 Meeting,S00851,E00003,Advisory board discussion on unmet needs,28.0
I003455,2025-03-03,Italy,EMEA,Vaccines,Group Meeting,S01308,E00184,Follow-up,59.0
I003456,2024-02-21,FRA,EMEA,Vaccines,1:1 Meeting,S01311,E00980,Advisory board discussion on unmet needs,32.0
I003457,2024-02-14,Italy,EMEA,Respiratory,1:1 Meeting,S00540,E00748,Scientific exchange on clinical data,16.0
I003458,2025-01-14,UK,EMEA,Specialty,1:1 Meeting,S01342,E00482,Market access discussion,
I003459,2025-04-22,US,Americas,Oncology,Group Meeting,S00238,E00232,Congress meeting and follow-up,72.0
I003460,2025-02-22,GB,EMEA,Specialty,Advisory Board,S00106,E00519,Market access discussion,260.0
I003461,2024-07-19,FR,EMEA,Primary Care,1:1 Meeting,S01043,E00380,Advisory board discussion on unmet needs,34.0
I003462,2024-10-12,France,EMEA,Oncology,1:1 Meeting,S00087,E00045,Training and best practice sharing,38.0
I003463,2024-09-14,Great Britain,EMEA,Vaccines,1:1 Meeting,S01505,E00993,Scientific exchange on clinical data,
I003464,2025-05-04,United Kingdom,EMEA,Primary Care,Speaker Program,S00932,E00827,Training and best practice sharing,69.0
I003465,2025-05-12,IN,APAC,Primary Care,1:1 Meeting,S00813,E00889,Advisory board discussion on unmet needs,28.0
I003466,2024-02-01,U.S.,Americas,Primary Care,Advisory Board,S00126,E00409,Catch-up,205.0
I003467,2024-02-12,GB,EMEA,Vaccines,Group Meeting,S00505,E00391,Training and best practice sharing,78.0
I003468,2024-09-26,Canada,Americas,Specialty,Group Meeting,S01713,E00158,Congress meeting and follow-up,67.0
I003469,2025-02-16,Germany,EMEA,Specialty,1:1 Meeting,S00676,E00306,,26.0
I003470,2024-02-06,IND,APAC,Vaccines,Speaker Program,S00198,E00196,Market access discussion,105.0
I003471,2024-04-01,DE,EMEA,Vaccines,1:1 Meeting,S01713,E00501,Advisory board discussion on unmet needs,38.0
I003472,2025-01-06,US,Americas,Oncology,Congress/Conference,S00377,E00603,Product information discussion (on-label),120.0
I003473,2025-06-13,United States,Americas,Respiratory,Group Meeting,S01763,E00611,Scientific exchange on clinical data,50.0
I003474,2024-06-15,Mexico,Americas,Vaccines,1:1 Meeting,S00082,E00612,Advisory board discussion on unmet needs,18.0
I003475,2024-03-30,UK,EMEA,Primary Care,1:1 Meeting,S01720,E00742,Advisory board discussion on unmet needs,38.0
I003476,2024-09-27,France,EMEA,Respiratory,1:1 Meeting,S01172,E00482,Advisory board discussion on unmet needs,32.0
I003477,2024-09-19,CAN,Americas,Specialty,Speaker Program,S00886,E00171,Training and best practice sharing,121.0
I003478,2025-06-07,India,APAC,Vaccines,Advisory Board,S00667,E00181,Follow-up,208.0
I003479,2024-11-07,JP,APAC,Primary Care,Group Meeting,S01676,E00872,Scientific exchange on clinical data,94.0
I003480,2024-04-10,Canada,Americas,Specialty,1:1 Meeting,S00318,E00258,Training and best practice sharing,33.0
I003481,2024-01-16,Mexico,Americas,Specialty,Group Meeting,S01429,E00660,Congress meeting and follow-up,30.0
I003482,2024-12-13,IND,APAC,Oncology,1:1 Meeting,S00722,E00946,Training and best practice sharing,15.0
I003483,2024-09-05,Brazil,Americas,Respiratory,1:1 Meeting,S01193,E00374,Scientific exchange on clinical data,46.0
I003484,2024-06-17,Mexico,Americas,Primary Care,1:1 Meeting,S00988,E00371,Training and best practice sharing,26.0
I003485,2025-02-23,DE,EMEA,Specialty,Speaker Program,S00988,E00005,Training and best practice sharing,105.0
I003486,2024-08-08,ITA,EMEA,Oncology,1:1 Meeting,S01473,E00646,Advisory board discussion on unmet needs,13.0
I003487,2025-05-27,Italy,EMEA,Primary Care,Speaker Program,S01307,E00790,Training and best practice sharing,111.0
I003488,2024-01-28,India,APAC,Primary Care,Group Meeting,S01388,E00700,Market access discussion,59.0
I003489,2024-06-15,IN,APAC,Vaccines,Group Meeting,S01791,E00377,Advisory board discussion on unmet needs,66.0
I003490,2024-12-22,Italy,EMEA,Respiratory,Speaker Program,S01326,E00957,Product information discussion (on-label),
I003491,2024-04-20,DE,EMEA,Oncology,Group Meeting,S00350,E00862,,57.0
I003492,2024-08-21,DE,EMEA,Specialty,Speaker Program,S00836,E00650,Follow-up,112.0
I003493,2024-01-24,United States,Americas,Primary Care,Advisory Board,S00246,E00045,Advisory board discussion on unmet needs,309.0
I003494,2024-12-11,IND,APAC,Primary Care,Advisory Board,S00160,E00766,Training and best practice sharing,72.0
I003495,2025-01-12,Italy,EMEA,Oncology,1:1 Meeting,S00127,E00446,Congress meeting and follow-up,52.0
I003496,2024-07-20,United States of America,Americas,Vaccines,1:1 Meeting,S00163,E00753,Training and best practice sharing,
I003497,2024-09-04,Japan,APAC,Primary Care,1:1 Meeting,S01312,E00305,Market access discussion,28.0
I003498,2024-08-27,US,Americas,Primary Care,1:1 Meeting,S01693,E00056,Advisory board discussion on unmet needs,22.0
I003499,2024-01-27,United Kingdom,EMEA,Specialty,Congress/Conference,S00581,E00583,Speaker program educational session,106.0
I003500,2024-07-17,US,Americas,Vaccines,1:1 Meeting,S00563,E00702,Scientific exchange on clinical data,31.0
I003501,2024-04-01,IN,APAC,Respiratory,1:1 Meeting,S00649,E00040,Speaker program educational session,33.0
I003502,2024-10-22,USA,Americas,Respiratory,Advisory Board,S00148,E00341,Product information discussion (on-label),239.0
I003503,2025-03-29,U.S.,Americas,Specialty,1:1 Meeting,S00236,E00108,Advisory board discussion on unmet needs,36.0
I003504,2024-12-07,United Kingdom,EMEA,Primary Care,Advisory Board,S00758,E00632,Product information discussion (on-label),177.0
I003505,2025-04-09,India,APAC,Oncology,Advisory Board,S00651,E00357,Scientific exchange on clinical data,
I003506,2025-03-04,IT,EMEA,Primary Care,Group Meeting,S01118,E00664,Scientific exchange on clinical data,42.0
I003507,2024-09-12,IND,APAC,Vaccines,Group Meeting,S00878,E00691,Product information discussion (on-label),53.0
I003508,2024-10-30,US,Americas,Respiratory,Group Meeting,S01256,E00589,Training and best practice sharing,50.0
I003509,2024-09-01,JPN,APAC,Vaccines,Group Meeting,S01252,E00700,Market access discussion,96.0
I003510,2024-08-04,US,Americas,Specialty,1:1 Meeting,S00917,E00879,Speaker program educational session,28.0
I003511,2025-05-30,DEU,EMEA,Specialty,1:1 Meeting,S00678,E00841,Advisory board discussion on unmet needs,27.0
I003512,2024-01-17,Italy,EMEA,Respiratory,Group Meeting,S01721,E00448,Business discussion,32.0
I003513,2024-02-17,Mexico,Americas,Specialty,1:1 Meeting,S00960,E00152,Product information discussion (on-label),41.0
I003514,2024-12-31,India,APAC,Oncology,1:1 Meeting,S00137,E00012,Scientific exchange on clinical data,25.0
I003515,2024-06-10,IND,APAC,Vaccines,Group Meeting,S01764,E00908,Congress meeting and follow-up,50.0
I003516,2025-03-06,USA,Americas,Specialty,Group Meeting,S00790,E00086,Training and best practice sharing,65.0
I003517,2025-05-03,MX,Americas,Primary Care,Group Meeting,S01392,E00144,Congress meeting and follow-up,41.0
I003518,2024-03-22,Canada,Americas,Oncology,Group Meeting,S00180,E00872,Scientific exchange on clinical data,
I003519,2024-07-11,IND,APAC,Oncology,1:1 Meeting,S00991,E00222,Training and best practice sharing,37.0
I003520,2025-03-20,MEX,Americas,Primary Care,Speaker Program,S00801,E00720,Speaker program educational session,75.0
I003521,2024-07-11,IND,APAC,Vaccines,1:1 Meeting,S00100,E00696,Advisory board discussion on unmet needs,
I003522,2024-05-23,IND,APAC,Respiratory,Group Meeting,S00720,E01000,Scientific exchange on clinical data,36.0
I003523,2025-01-23,DEU,EMEA,Vaccines,Group Meeting,S00536,E00217,Congress meeting and follow-up,37.0
I003524,2025-01-04,IND,APAC,Vaccines,1:1 Meeting,S00189,E00596,Speaker program educational session,33.0
I003525,2025-03-16,DEU,EMEA,Oncology,1:1 Meeting,S01250,E00015,Congress meeting and follow-up,36.0
I003526,2025-06-12,U.S.,Americas,Vaccines,Group Meeting,S00892,E00450,Scientific exchange on clinical data,45.0
I003527,2024-01-13,France,EMEA,Specialty,Group Meeting,S00216,E00341,Advisory board discussion on unmet needs,70.0
I003528,2024-11-07,IN,APAC,Specialty,Group Meeting,S00807,E00037,Speaker program educational session,47.0
I003529,2024-04-13,Great Britain,EMEA,Oncology,1:1 Meeting,S00753,E00874,Advisory board discussion on unmet needs,40.0
I003530,2024-12-24,DEU,EMEA,Respiratory,Congress/Conference,S01017,E00002,Business discussion,128.0
I003531,2025-01-02,U.S.,Americas,Vaccines,Speaker Program,S00511,E00650,Speaker program educational session,79.0
I003532,2024-02-11,United States of America,Americas,Respiratory,Speaker Program,S00951,E00356,Product information discussion (on-label),88.0
I003533,2024-07-20,U.S.,Americas,Oncology,1:1 Meeting,S00545,E00918,Market access discussion,50.0
I003534,2025-03-24,India,APAC,Oncology,Congress/Conference,S00290,E00129,Advisory board discussion on unmet needs,151.0
I003535,2025-03-12,FR,EMEA,Vaccines,Speaker Program,S00782,E00020,Product information discussion (on-label),89.0
I003536,2024-09-29,Mexico,Americas,Vaccines,1:1 Meeting,S01204,E00325,Congress meeting and follow-up,10.0
I003537,2025-03-05,Great Britain,EMEA,Respiratory,1:1 Meeting,S00563,E00361,Follow-up,28.0
I003538,2024-04-13,ITA,EMEA,Primary Care,1:1 Meeting,S00459,E00750,Advisory board discussion on unmet needs,24.0
I003539,2024-07-10,India,APAC,Respiratory,Congress/Conference,S00127,E00525,Speaker program educational session,148.0
I003540,2024-03-21,US,Americas,Specialty,1:1 Meeting,S00369,E00728,Market access discussion,23.0
I003541,2025-01-11,U.S.,Americas,Specialty,1:1 Meeting,S01484,E00974,Advisory board discussion on unmet needs,29.0
I003542,2024-07-22,BRA,Americas,Vaccines,Group Meeting,S01247,E00419,Speaker program educational session,61.0
I003543,2024-12-15,IT,EMEA,Specialty,1:1 Meeting,S00266,E00753,Advisory board discussion on unmet needs,39.0
I003544,2024-07-07,DEU,EMEA,Vaccines,1:1 Meeting,S00616,E00740,Congress meeting and follow-up,17.0
I003545,2024-09-28,Great Britain,EMEA,Specialty,Group Meeting,S00773,E00972,Speaker program educational session,
I003546,2024-02-15,CA,Americas,Specialty,1:1 Meeting,S00829,E00813,Advisory board discussion on unmet needs,17.0
I003547,2024-04-04,IND,APAC,Specialty,Speaker Program,S00035,E00478,Meeting,83.0
I003548,2024-01-09,BR,Americas,Oncology,Congress/Conference,S00156,E00368,Advisory board discussion on unmet needs,37.0
I003549,2025-04-03,Japan,APAC,Vaccines,Speaker Program,S01081,E00153,Scientific exchange on clinical data,134.0
I003550,2025-05-20,JP,APAC,Respiratory,1:1 Meeting,S00624,E00667,Scientific exchange on clinical data,17.0
I003551,2024-03-13,DE,EMEA,Specialty,Speaker Program,S00410,E00610,Product information discussion (on-label),126.0
I003552,2024-07-21,IT,EMEA,Primary Care,1:1 Meeting,S00071,E00796,Training and best practice sharing,23.0
I003553,2024-04-15,IN,APAC,Specialty,1:1 Meeting,S00927,E00214,Product information discussion (on-label),19.0
I003554,2024-11-11,JPN,APAC,Vaccines,Group Meeting,S01505,E00230,Meeting,23.0
I003555,2025-02-09,U.S.,Americas,Primary Care,1:1 Meeting,S00854,E00309,Market access discussion,40.0
I003556,2024-08-27,BR,Americas,Vaccines,Group Meeting,S00140,E00267,Training and best practice sharing,50.0
I003557,2025-06-06,FRA,EMEA,Vaccines,Speaker Program,S01492,E00603,Training and best practice sharing,81.0
I003558,2024-12-01,India,APAC,Oncology,Group Meeting,S00914,E00533,Product information discussion (on-label),49.0
I003559,2025-02-25,USA,Americas,Primary Care,Congress/Conference,S00965,E00781,Market access discussion,183.0
I003560,2025-05-20,MX,Americas,Specialty,1:1 Meeting,S00730,E00817,Advisory board discussion on unmet needs,32.0
I003561,2024-10-07,BRA,Americas,Oncology,Speaker Program,S00758,E00780,Speaker program educational session,110.0
I003562,2025-04-27,Japan,APAC,Respiratory,Advisory Board,S00920,E00370,Advisory board discussion on unmet needs,286.0
I003563,2024-08-10,United Kingdom,EMEA,Primary Care,1:1 Meeting,S00680,E00264,Market access discussion,19.0
I003564,2025-05-30,United States of America,Americas,Respiratory,Group Meeting,S00960,E00395,Speaker program educational session,73.0
I003565,2025-06-13,MEX,Americas,Specialty,Group Meeting,S01064,E00462,Speaker program educational session,41.0
I003566,2024-06-02,Japan,APAC,Specialty,Speaker Program,S01686,E00597,Speaker program educational session,83.0
I003567,2025-06-20,JPN,APAC,Vaccines,Speaker Program,S01576,E00266,Congress meeting and follow-up,
I003568,2024-05-06,IND,APAC,Respiratory,Group Meeting,S01143,E00652,Training and best practice sharing,84.0
I003569,2025-02-08,United States,Americas,Specialty,1:1 Meeting,S01650,E00477,Training and best practice sharing,44.0
I003570,2024-09-21,FRA,EMEA,Oncology,Speaker Program,S00827,E00161,Scientific exchange on clinical data,97.0
I003571,2024-09-19,IN,APAC,Specialty,Speaker Program,S00042,E00716,Scientific exchange on clinical data,99.0
I003572,2025-03-11,Great Britain,EMEA,Vaccines,1:1 Meeting,S00637,E00765,Congress meeting and follow-up,38.0
I003573,2024-12-25,BR,Americas,Oncology,Speaker Program,S01509,E00078,Market access discussion,124.0
I003574,2024-08-09,BR,Americas,Respiratory,1:1 Meeting,S00087,E00704,Congress meeting and follow-up,29.0
I003575,2024-08-01,Brazil,Americas,Specialty,1:1 Meeting,S01100,E00380,Congress meeting and follow-up,32.0
I003576,2025-01-20,Japan,APAC,Specialty,1:1 Meeting,S00144,E00229,Speaker program educational session,41.0
I003577,2024-10-29,Canada,Americas,Primary Care,Group Meeting,S01061,E00191,Speaker program educational session,60.0
I003578,2024-10-23,Japan,APAC,Vaccines,1:1 Meeting,S00054,E00446,Training and best practice sharing,22.0
I003579,2025-06-09,United States,Americas,Oncology,Group Meeting,S00610,E00321,Speaker program educational session,85.0
I003580,2024-04-22,GB,EMEA,Primary Care,Advisory Board,S01423,E00941,Scientific exchange on clinical data,213.0
I003581,2024-02-05,CA,Americas,Oncology,1:1 Meeting,S01576,E00877,Training and best practice sharing,34.0
I003582,2024-11-07,Brazil,Americas,Specialty,Speaker Program,S01649,E00492,Congress meeting and follow-up,0.0
I003583,2025-06-12,United States of America,Americas,Primary Care,Group Meeting,S00444,E00338,Product information discussion (on-label),67.0
I003584,2025-04-20,BRA,Americas,Specialty,1:1 Meeting,S00888,E00241,Market access discussion,22.0
I003585,2025-05-25,Brazil,Americas,Vaccines,Speaker Program,S00827,E00954,Training and best practice sharing,95.0
I003586,2024-03-20,India,APAC,Oncology,Group Meeting,S01607,E00024,Congress meeting and follow-up,94.0
I003587,2024-11-01,United States of America,Americas,Specialty,1:1 Meeting,S00538,E00980,Discussed topics,31.0
I003588,2024-05-14,UK,EMEA,Vaccines,1:1 Meeting,S01512,E00213,Scientific exchange on clinical data,23.0
I003589,2025-06-05,IND,APAC,Respiratory,1:1 Meeting,S01204,E00775,Meeting,20.0
I003590,2024-02-13,CA,Americas,Primary Care,1:1 Meeting,S00611,E00502,Market access discussion,38.0
I003591,2025-04-27,BR,Americas,Specialty,Speaker Program,S01490,E00991,Market access discussion,67.0
I003592,2024-10-20,BR,Americas,Vaccines,Group Meeting,S01575,E00206,,55.0
I003593,2024-05-27,BRA,Americas,Specialty,Advisory Board,S01507,E00904,Congress meeting and follow-up,301.0
I003594,2025-06-14,India,APAC,Specialty,1:1 Meeting,S01554,E00700,Congress meeting and follow-up,31.0
I003595,2024-04-29,MX,Americas,Vaccines,Advisory Board,S00600,E00068,Scientific exchange on clinical data,233.0
I003596,2025-03-21,CAN,Americas,Primary Care,1:1 Meeting,S00418,E00806,Scientific exchange on clinical data,23.0
I003597,2025-05-20,US,Americas,Vaccines,1:1 Meeting,S01688,E00678,Advisory board discussion on unmet needs,
I003598,2024-02-02,IN,APAC,Specialty,1:1 Meeting,S01245,E00505,Scientific exchange on clinical data,41.0
I003599,2024-12-26,DEU,EMEA,Vaccines,1:1 Meeting,S00367,E00814,Market access discussion,25.0
I003600,2024-03-19,MX,Americas,Respiratory,1:1 Meeting,S01410,E00840,Product information discussion (on-label),21.0
I003601,2024-06-17,DEU,EMEA,Primary Care,1:1 Meeting,S00200,E00700,Training and best practice sharing,45.0
I003602,2024-09-16,United Kingdom,EMEA,Primary Care,Speaker Program,S01312,E00580,Discussed topics,95.0
I003603,2025-04-30,IN,APAC,Oncology,1:1 Meeting,S01408,E00028,Discussed topics,21.0
I003604,2024-12-25,IND,APAC,Oncology,1:1 Meeting,S01467,E00044,Scientific exchange on clinical data,24.0
I003605,2024-04-26,IND,APAC,Respiratory,1:1 Meeting,S00293,E00335,Congress meeting and follow-up,25.0
I003606,2024-11-26,IND,APAC,Respiratory,Speaker Program,S00980,E00025,Speaker program educational session,108.0
I003607,2025-06-08,Italy,EMEA,Primary Care,1:1 Meeting,S00421,E00709,Training and best practice sharing,18.0
I003608,2025-05-25,IND,APAC,Primary Care,1:1 Meeting,S00241,E00947,Advisory board discussion on unmet needs,36.0
I003609,2025-04-10,ITA,EMEA,Oncology,Group Meeting,S00005,E00039,Scientific exchange on clinical data,74.0
I003610,2025-06-05,USA,Americas,Specialty,1:1 Meeting,S01037,E00948,Advisory board discussion on unmet needs,53.0
I003611,2024-07-17,IND,APAC,Oncology,Speaker Program,S01725,E00370,Market access discussion,97.0
I003612,2025-06-11,Canada,Americas,Respiratory,1:1 Meeting,S00129,E00934,Advisory board discussion on unmet needs,23.0
I003613,2025-05-28,BR,Americas,Oncology,Speaker Program,S00198,E00907,Market access discussion,36.0
I003614,2024-11-28,IND,APAC,Specialty,Congress/Conference,S00843,E00833,Market access discussion,158.0
I003615,2024-06-25,U.S.,Americas,Vaccines,Speaker Program,S00132,E00169,Product information discussion (on-label),71.0
I003616,2024-04-09,France,EMEA,Primary Care,1:1 Meeting,S00800,E00667,Training and best practice sharing,37.0
I003617,2025-03-20,ITA,EMEA,Primary Care,Speaker Program,S00494,E00315,Market access discussion,37.0
I003618,2024-04-02,MX,Americas,Vaccines,1:1 Meeting,S00410,E00525,Speaker program educational session,48.0
I003619,2025-06-02,United States,Americas,Primary Care,Speaker Program,S01313,E00071,Product information discussion (on-label),93.0
I003620,2024-04-15,IN,APAC,Oncology,Advisory Board,S00588,E00977,Scientific exchange on clinical data,141.0
I003621,2025-02-19,IN,APAC,Respiratory,1:1 Meeting,S01715,E00768,Congress meeting and follow-up,31.0
I003622,2024-11-26,United States of America,Americas,Oncology,Advisory Board,S01284,E00326,Advisory board discussion on unmet needs,177.0
I003623,2024-01-11,BR,Americas,Specialty,1:1 Meeting,S00123,E00680,Product information discussion (on-label),35.0
I003624,2024-06-01,France,EMEA,Vaccines,1:1 Meeting,S00500,E00737,Congress meeting and follow-up,23.0
I003625,2024-07-30,United States,Americas,Primary Care,Congress/Conference,S01769,E00389,Follow-up,108.0
I003626,2024-08-15,DE,EMEA,Vaccines,Speaker Program,S00432,E00068,Advisory board discussion on unmet needs,123.0
I003627,2024-07-12,BRA,Americas,Vaccines,Congress/Conference,S00761,E00344,,130.0
I003628,2024-10-02,USA,Americas,Vaccines,Group Meeting,S01154,E00478,Congress meeting and follow-up,18.0
I003629,2025-03-25,FRA,EMEA,Respiratory,1:1 Meeting,S01597,E00314,Product information discussion (on-label),
I003630,2025-04-24,India,APAC,Oncology,Speaker Program,S00916,E00724,Business discussion,80.0
I003631,2024-10-14,IN,APAC,Primary Care,1:1 Meeting,S00098,E00674,Business discussion,32.0
I003632,2025-06-23,Japan,APAC,Vaccines,Group Meeting,S00292,E00132,Market access discussion,36.0
I003633,2024-11-25,DEU,EMEA,Respiratory,Speaker Program,S00624,E00238,Catch-up,80.0
I003634,2025-04-11,GB,EMEA,Oncology,1:1 Meeting,S00630,E00934,Congress meeting and follow-up,
I003635,2025-02-23,GB,EMEA,Vaccines,Speaker Program,S01012,E00559,Product information discussion (on-label),78.0
I003636,2024-11-03,CAN,Americas,Respiratory,1:1 Meeting,S00373,E00412,Speaker program educational session,47.0
I003637,2024-11-29,Mexico,Americas,Primary Care,Group Meeting,S01518,E00595,Congress meeting and follow-up,97.0
I003638,2024-09-06,BR,Americas,Vaccines,1:1 Meeting,S01421,E00471,Congress meeting and follow-up,36.0
I003639,2024-04-04,Germany,EMEA,Vaccines,Speaker Program,S00999,E00846,Advisory board discussion on unmet needs,126.0
I003640,2024-01-08,Italy,EMEA,Oncology,Congress/Conference,S00587,E00317,Scientific exchange on clinical data,173.0
I003641,2024-09-21,ITA,EMEA,Respiratory,Speaker Program,S01004,E00735,Congress meeting and follow-up,101.0
I003642,2025-01-05,IND,APAC,Primary Care,1:1 Meeting,S00948,E00918,Market access discussion,17.0
I003643,2024-03-23,US,Americas,Oncology,1:1 Meeting,S01751,E00292,Training and best practice sharing,32.0
I003644,2024-11-08,IN,APAC,Respiratory,1:1 Meeting,S01654,E00031,Product information discussion (on-label),39.0
I003645,2024-12-02,IN,APAC,Primary Care,1:1 Meeting,S00432,E00028,Speaker program educational session,12.0
I003646,2024-11-30,US,Americas,Primary Care,1:1 Meeting,S00223,E00654,Advisory board discussion on unmet needs,38.0
I003647,2025-06-05,FR,EMEA,Specialty,1:1 Meeting,S01717,E00108,Advisory board discussion on unmet needs,39.0
I003648,2025-01-21,France,EMEA,Specialty,Group Meeting,S01534,E00277,,66.0
I003649,2024-05-25,United States,Americas,Vaccines,Speaker Program,S00600,E00927,Market access discussion,96.0
I003650,2024-12-14,India,APAC,Respiratory,1:1 Meeting,S00097,E00638,Scientific exchange on clinical data,6.0
I003651,2024-06-26,CA,Americas,Respiratory,1:1 Meeting,S01476,E00860,Scientific exchange on clinical data,22.0
I003652,2024-09-03,US,Americas,Respiratory,1:1 Meeting,S01287,E00117,Speaker program educational session,5.0
I003653,2024-09-10,United States of America,Americas,Oncology,Advisory Board,S00542,E00074,Market access discussion,212.0
I003654,2024-01-13,Mexico,Americas,Oncology,1:1 Meeting,S00070,E00305,Scientific exchange on clinical data,32.0
I003655,2024-05-30,IN,APAC,Oncology,1:1 Meeting,S01234,E00386,Speaker program educational session,29.0
I003656,2024-12-06,DEU,EMEA,Primary Care,1:1 Meeting,S00434,E00277,Meeting,39.0
I003657,2024-02-22,United States of America,Americas,Oncology,1:1 Meeting,S00340,E00147,Speaker program educational session,18.0
I003658,2024-02-26,United States of America,Americas,Oncology,1:1 Meeting,S00601,E00169,Market access discussion,32.0
I003659,2024-04-06,BRA,Americas,Specialty,Group Meeting,S01563,E00897,Market access discussion,93.0
I003660,2024-11-28,CA,Americas,Specialty,Congress/Conference,S01085,E00228,Speaker program educational session,95.0
I003661,2024-08-07,JP,APAC,Vaccines,1:1 Meeting,S00496,E00645,Speaker program educational session,38.0
I003662,2024-06-20,Great Britain,EMEA,Specialty,1:1 Meeting,S00812,E00742,Advisory board discussion on unmet needs,15.0
I003663,2025-04-12,U.S.,Americas,Vaccines,Group Meeting,S00610,E00687,Scientific exchange on clinical data,53.0
I003664,2024-07-07,United States,Americas,Specialty,Congress/Conference,S01756,E00438,Scientific exchange on clinical data,141.0
I003665,2024-04-29,Japan,APAC,Primary Care,Advisory Board,S00953,E00888,Scientific exchange on clinical data,176.0
I003666,2024-11-16,FR,EMEA,Specialty,Advisory Board,S00924,E00838,Speaker program educational session,223.0
I003667,2024-11-30,USA,Americas,Respiratory,Group Meeting,S00732,E00894,Training and best practice sharing,
I003668,2025-04-21,United States of America,Americas,Specialty,1:1 Meeting,S00994,E00620,Scientific exchange on clinical data,23.0
I003669,2024-12-17,IN,APAC,Oncology,Speaker Program,S01192,E00080,Training and best practice sharing,124.0
I003670,2025-01-16,DE,EMEA,Primary Care,Speaker Program,S00908,E00339,Product information discussion (on-label),107.0
I003671,2025-04-25,U.S.,Americas,Primary Care,Group Meeting,S00746,E00861,Product information discussion (on-label),80.0
I003672,2025-04-09,MEX,Americas,Specialty,Advisory Board,S01358,E00290,Congress meeting and follow-up,231.0
I003673,2024-12-13,US,Americas,Respiratory,Advisory Board,S00797,E00425,Scientific exchange on clinical data,197.0
I003674,2024-12-22,Italy,EMEA,Specialty,Speaker Program,S00102,E00191,Market access discussion,100.0
I003675,2025-06-10,DE,EMEA,Vaccines,1:1 Meeting,S01148,E00037,Market access discussion,31.0
I003676,2024-08-06,DE,EMEA,Specialty,1:1 Meeting,S01165,E00234,Market access discussion,7.0
I003677,2024-10-03,Great Britain,EMEA,Primary Care,1:1 Meeting,S01022,E00843,Training and best practice sharing,27.0
I003678,2024-08-05,IN,APAC,Respiratory,Advisory Board,S01541,E00317,Training and best practice sharing,225.0
I003679,2025-06-10,IND,APAC,Vaccines,1:1 Meeting,S01367,E00427,Training and best practice sharing,
I003680,2025-02-22,Mexico,Americas,Vaccines,1:1 Meeting,S01280,E00213,Training and best practice sharing,38.0
I003681,2024-07-25,USA,Americas,Primary Care,1:1 Meeting,S00279,E00400,Product information discussion (on-label),45.0
I003682,2024-02-05,USA,Americas,Primary Care,Congress/Conference,S00488,E00150,Advisory board discussion on unmet needs,57.0
I003683,2025-01-07,Mexico,Americas,Oncology,Advisory Board,S00198,E00088,Training and best practice sharing,188.0
I003684,2024-01-23,MEX,Americas,Specialty,Group Meeting,S00607,E00854,Product information discussion (on-label),78.0
I003685,2024-04-13,United States,Americas,Primary Care,Group Meeting,S00663,E00865,Product information discussion (on-label),83.0
I003686,2024-09-09,BR,Americas,Specialty,Group Meeting,S00276,E00675,Market access discussion,0.0
I003687,2024-05-21,Canada,Americas,Primary Care,Group Meeting,S01763,E00056,Training and best practice sharing,52.0
I003688,2024-11-02,CAN,Americas,Oncology,Group Meeting,S01782,E00431,Congress meeting and follow-up,17.0
I003689,2025-05-14,IT,EMEA,Oncology,1:1 Meeting,S00832,E00063,Congress meeting and follow-up,28.0
I003690,2024-03-08,IN,APAC,Primary Care,Advisory Board,S01366,E00005,Speaker program educational session,181.0
I003691,2025-02-11,US,Americas,Specialty,Speaker Program,S00959,E00481,Scientific exchange on clinical data,69.0
I003692,2025-06-01,United States of America,Americas,Vaccines,Group Meeting,S01627,E00605,Training and best practice sharing,86.0
I003693,2025-04-27,United States of America,Americas,Specialty,Advisory Board,S00418,E00107,Speaker program educational session,190.0
I003694,2025-01-21,France,EMEA,Respiratory,Group Meeting,S00482,E00173,Speaker program educational session,55.0
I003695,2025-02-15,FRA,EMEA,Oncology,Group Meeting,S01377,E00726,Congress meeting and follow-up,80.0
I003696,2024-12-01,Canada,Americas,Oncology,Advisory Board,S01652,E00201,Training and best practice sharing,98.0
I003697,2024-10-15,Germany,EMEA,Respiratory,Congress/Conference,S00341,E00332,Advisory board discussion on unmet needs,117.0
I003698,2024-10-26,US,Americas,Respiratory,Speaker Program,S01321,E00607,Advisory board discussion on unmet needs,75.0
I003699,2024-01-13,FR,EMEA,Vaccines,1:1 Meeting,S00856,E00587,Congress meeting and follow-up,26.0
I003700,2025-02-03,India,APAC,Primary Care,Congress/Conference,S01223,E00620,Speaker program educational session,171.0
I003701,2024-04-18,CA,Americas,Oncology,Speaker Program,S00457,E00425,Product information discussion (on-label),140.0
I003702,2024-11-02,DEU,EMEA,Specialty,1:1 Meeting,S00041,E00496,Scientific exchange on clinical data,25.0
I003703,2025-06-16,DEU,EMEA,Vaccines,1:1 Meeting,S01542,E00937,Product information discussion (on-label),38.0
I003704,2025-03-24,FR,EMEA,Vaccines,1:1 Meeting,S00795,E00637,Advisory board discussion on unmet needs,35.0
I003705,2024-03-16,U.S.,Americas,Oncology,Speaker Program,S00401,E00067,Congress meeting and follow-up,126.0
I003706,2024-12-07,FR,EMEA,Respiratory,1:1 Meeting,S00529,E00504,Training and best practice sharing,28.0
I003707,2024-10-16,FRA,EMEA,Vaccines,1:1 Meeting,S00686,E00335,Speaker program educational session,19.0
I003708,2024-01-06,United Kingdom,EMEA,Primary Care,Speaker Program,S01235,E00894,Product information discussion (on-label),52.0
I003709,2024-01-06,Mexico,Americas,Vaccines,Advisory Board,S00729,E00957,Market access discussion,119.0
I003710,2025-04-23,Brazil,Americas,Primary Care,Speaker Program,S01548,E00536,Product information discussion (on-label),23.0
I003711,2024-03-30,Great Britain,EMEA,Primary Care,Advisory Board,S00736,E00549,Congress meeting and follow-up,222.0
I003712,2025-02-24,Italy,EMEA,Respiratory,1:1 Meeting,S00803,E00721,Market access discussion,22.0
I003713,2024-02-24,Brazil,Americas,Oncology,Advisory Board,S00830,E00181,Training and best practice sharing,157.0
I003714,2024-06-20,CAN,Americas,Primary Care,1:1 Meeting,S00682,E00356,Product information discussion (on-label),51.0
I003715,2025-05-13,IND,APAC,Respiratory,Group Meeting,S00264,E00622,Discussed topics,61.0
I003716,2024-06-20,United States,Americas,Primary Care,1:1 Meeting,S01286,E00284,Speaker program educational session,27.0
I003717,2024-02-16,FR,EMEA,Respiratory,1:1 Meeting,S00540,E00163,Training and best practice sharing,42.0
I003718,2024-07-25,BRA,Americas,Oncology,Speaker Program,S00293,E00564,Training and best practice sharing,80.0
I003719,2025-03-28,India,APAC,Oncology,1:1 Meeting,S00953,E00951,Product information discussion (on-label),43.0
I003720,2024-06-24,U.S.,Americas,Oncology,Group Meeting,S01350,E00903,Business discussion,84.0
I003721,2024-04-19,IN,APAC,Primary Care,Group Meeting,S00202,E00637,Advisory board discussion on unmet needs,70.0
I003722,2024-06-16,US,Americas,Vaccines,1:1 Meeting,S01459,E00759,Scientific exchange on clinical data,36.0
I003723,2024-03-26,U.S.,Americas,Specialty,1:1 Meeting,S00009,E00184,Speaker program educational session,14.0
I003724,2024-02-20,U.S.,Americas,Respiratory,Speaker Program,S00712,E00380,Scientific exchange on clinical data,103.0
I003725,2024-04-21,FRA,EMEA,Primary Care,1:1 Meeting,S01115,E00290,Advisory board discussion on unmet needs,17.0
I003726,2024-12-09,Mexico,Americas,Primary Care,Group Meeting,S01775,E00425,Congress meeting and follow-up,
I003727,2024-07-01,MX,Americas,Primary Care,Speaker Program,S00085,E00121,Market access discussion,94.0
I003728,2024-08-21,JPN,APAC,Vaccines,Advisory Board,S01309,E00763,Product information discussion (on-label),200.0
I003729,2024-10-24,UK,EMEA,Specialty,Advisory Board,S01472,E00704,Catch-up,314.0
I003730,2024-07-19,UK,EMEA,Vaccines,1:1 Meeting,S01089,E00164,Advisory board discussion on unmet needs,
I003731,2024-08-26,United States,Americas,Oncology,1:1 Meeting,S01301,E00682,Congress meeting and follow-up,19.0
I003732,2025-04-28,US,Americas,Specialty,Group Meeting,S01141,E00247,Training and best practice sharing,47.0
I003733,2025-03-12,IT,EMEA,Primary Care,Advisory Board,S00733,E00434,Market access discussion,56.0
I003734,2024-05-31,UK,EMEA,Oncology,1:1 Meeting,S01072,E00401,,42.0
I003735,2025-01-26,Germany,EMEA,Primary Care,Congress/Conference,S00295,E00059,,128.0
I003736,2024-03-26,Mexico,Americas,Vaccines,1:1 Meeting,S01275,E00692,Advisory board discussion on unmet needs,13.0
I003737,2024-02-24,MX,Americas,Vaccines,Speaker Program,S01742,E00736,Product information discussion (on-label),129.0
I003738,2024-10-30,UK,EMEA,Primary Care,1:1 Meeting,S00108,E00880,Congress meeting and follow-up,46.0
I003739,2024-05-11,CAN,Americas,Primary Care,1:1 Meeting,S01484,E00340,Market access discussion,
I003740,2024-07-16,CA,Americas,Primary Care,1:1 Meeting,S00621,E00793,Product information discussion (on-label),33.0
I003741,2024-02-16,United States of America,Americas,Respiratory,Group Meeting,S00955,E00015,Product information discussion (on-label),49.0
I003742,2024-01-24,India,APAC,Specialty,1:1 Meeting,S00515,E00767,,39.0
I003743,2024-12-05,United States of America,Americas,Primary Care,Speaker Program,S00107,E00236,Follow-up,126.0
I003744,2025-05-27,BRA,Americas,Respiratory,1:1 Meeting,S01706,E00459,Advisory board discussion on unmet needs,34.0
I003745,2024-03-26,U.S.,Americas,Respiratory,1:1 Meeting,S01342,E00763,Scientific exchange on clinical data,13.0
I003746,2024-12-14,IT,EMEA,Respiratory,1:1 Meeting,S00357,E00121,Advisory board discussion on unmet needs,25.0
I003747,2025-02-15,Mexico,Americas,Primary Care,1:1 Meeting,S01309,E00638,Scientific exchange on clinical data,19.0
I003748,2024-12-03,Mexico,Americas,Primary Care,Group Meeting,S00068,E00598,Meeting,53.0
I003749,2025-03-12,JPN,APAC,Oncology,Group Meeting,S01547,E00463,Product information discussion (on-label),49.0
I003750,2024-04-22,FR,EMEA,Oncology,Group Meeting,S01020,E00448,Product information discussion (on-label),77.0
I003751,2024-06-24,United States,Americas,Oncology,Group Meeting,S01704,E00054,Speaker program educational session,43.0
I003752,2024-08-10,USA,Americas,Respiratory,1:1 Meeting,S00642,E00632,Scientific exchange on clinical data,49.0
I003753,2024-09-15,IT,EMEA,Oncology,Congress/Conference,S01024,E00633,Speaker program educational session,113.0
I003754,2024-12-08,Great Britain,EMEA,Oncology,Advisory Board,S01443,E00801,Scientific exchange on clinical data,138.0
I003755,2024-06-04,France,EMEA,Specialty,Speaker Program,S01259,E00162,Advisory board discussion on unmet needs,39.0
I003756,2024-07-18,MEX,Americas,Primary Care,1:1 Meeting,S01680,E00392,Advisory board discussion on unmet needs,10.0
I003757,2025-02-06,US,Americas,Primary Care,1:1 Meeting,S00540,E00605,Market access discussion,13.0
I003758,2025-03-24,DE,EMEA,Respiratory,1:1 Meeting,S01496,E00560,Congress meeting and follow-up,21.0
I003759,2025-06-24,MEX,Americas,Respiratory,1:1 Meeting,S01728,E00771,Training and best practice sharing,17.0
I003760,2024-09-23,India,APAC,Specialty,Speaker Program,S01466,E00485,Business discussion,104.0
I003761,2024-08-01,Brazil,Americas,Primary Care,Group Meeting,S00937,E00256,Advisory board discussion on unmet needs,22.0
I003762,2024-03-07,MEX,Americas,Respiratory,Group Meeting,S01783,E00056,Congress meeting and follow-up,421.0
I003763,2024-05-12,UK,EMEA,Respiratory,1:1 Meeting,S01329,E00986,Speaker program educational session,11.0
I003764,2024-09-09,Germany,EMEA,Primary Care,1:1 Meeting,S01507,E00280,Discussed topics,40.0
I003765,2024-02-07,GB,EMEA,Specialty,1:1 Meeting,S00834,E00329,Speaker program educational session,7.0
I003766,2024-02-15,FR,EMEA,Primary Care,Congress/Conference,S00248,E00621,Product information discussion (on-label),104.0
I003767,2025-03-29,United Kingdom,EMEA,Respiratory,Congress/Conference,S01347,E00925,Product information discussion (on-label),136.0
I003768,2024-08-20,DE,EMEA,Primary Care,Group Meeting,S00352,E00837,Congress meeting and follow-up,61.0
I003769,2024-09-01,MX,Americas,Primary Care,1:1 Meeting,S00328,E00497,Advisory board discussion on unmet needs,31.0
I003770,2024-08-04,MEX,Americas,Vaccines,Group Meeting,S00796,E00577,Scientific exchange on clinical data,78.0
I003771,2025-05-21,US,Americas,Oncology,Speaker Program,S00023,E00174,Congress meeting and follow-up,80.0
I003772,2025-06-03,France,EMEA,Respiratory,1:1 Meeting,S00786,E00598,Congress meeting and follow-up,35.0
I003773,2024-10-01,MEX,Americas,Oncology,Advisory Board,S00977,E00368,Scientific exchange on clinical data,109.0
I003774,2024-02-05,India,APAC,Respiratory,1:1 Meeting,S00006,E00116,Market access discussion,51.0
I003775,2024-11-06,India,APAC,Specialty,Group Meeting,S01250,E00334,Advisory board discussion on unmet needs,46.0
I003776,2025-03-13,India,APAC,Oncology,Speaker Program,S00953,E00900,Congress meeting and follow-up,56.0
I003777,2025-03-07,India,APAC,Oncology,Group Meeting,S01263,E00662,Advisory board discussion on unmet needs,45.0
I003778,2024-05-01,Great Britain,EMEA,Specialty,Advisory Board,S00111,E00313,Speaker program educational session,151.0
I003779,2024-05-23,BR,Americas,Respiratory,Speaker Program,S00524,E00601,Advisory board discussion on unmet needs,59.0
I003780,2024-09-03,Canada,Americas,Respiratory,Speaker Program,S01441,E00801,Training and best practice sharing,95.0
I003781,2024-02-14,IN,APAC,Respiratory,Group Meeting,S01339,E00850,Product information discussion (on-label),48.0
I003782,2025-06-02,DE,EMEA,Vaccines,Advisory Board,S00122,E00860,Training and best practice sharing,174.0
I003783,2024-08-29,DEU,EMEA,Specialty,Group Meeting,S01067,E00118,Meeting,41.0
I003784,2024-10-02,Canada,Americas,Oncology,1:1 Meeting,S01133,E00377,,21.0
I003785,2024-04-05,ITA,EMEA,Vaccines,1:1 Meeting,S00217,E00844,Product information discussion (on-label),22.0
I003786,2024-07-31,India,APAC,Specialty,1:1 Meeting,S01697,E00589,Scientific exchange on clinical data,9.0
I003787,2024-03-06,USA,Americas,Primary Care,Advisory Board,S01241,E00387,,286.0
I003788,2024-11-15,JPN,APAC,Vaccines,Group Meeting,S01079,E00293,Market access discussion,68.0
I003789,2024-05-16,DE,EMEA,Respiratory,1:1 Meeting,S00721,E00302,Catch-up,33.0
I003790,2024-03-05,CA,Americas,Vaccines,1:1 Meeting,S00739,E00422,Product information discussion (on-label),
I003791,2025-05-28,FRA,EMEA,Primary Care,1:1 Meeting,S01641,E00372,Advisory board discussion on unmet needs,15.0
I003792,2025-05-12,GB,EMEA,Respiratory,1:1 Meeting,S01633,E00404,Advisory board discussion on unmet needs,
I003793,2024-08-30,DEU,EMEA,Vaccines,1:1 Meeting,S01143,E00301,Product information discussion (on-label),26.0
I003794,2025-02-19,CAN,Americas,Primary Care,1:1 Meeting,S00449,E00631,Training and best practice sharing,31.0
I003795,2025-06-03,USA,Americas,Primary Care,Advisory Board,S00311,E00168,,0.0
I003796,2024-04-15,United Kingdom,EMEA,Specialty,1:1 Meeting,S00201,E00191,Product information discussion (on-label),38.0
I003797,2024-10-09,ITA,EMEA,Vaccines,1:1 Meeting,S00708,E00222,Advisory board discussion on unmet needs,19.0
I003798,2024-02-22,United Kingdom,EMEA,Respiratory,1:1 Meeting,S01285,E00569,Advisory board discussion on unmet needs,53.0
I003799,2024-03-21,Mexico,Americas,Respiratory,Advisory Board,S01312,E00472,Advisory board discussion on unmet needs,212.0
I003800,2024-01-31,United States of America,Americas,Vaccines,1:1 Meeting,S00576,E00820,Congress meeting and follow-up,34.0
I003801,2024-12-26,MEX,Americas,Respiratory,1:1 Meeting,S01455,E00685,Congress meeting and follow-up,28.0
I003802,2024-02-28,US,Americas,Respiratory,Advisory Board,S00277,E00799,Congress meeting and follow-up,201.0
I003803,2025-06-12,France,EMEA,Primary Care,Advisory Board,S00582,E00578,,167.0
I003804,2025-02-16,United Kingdom,EMEA,Respiratory,1:1 Meeting,S00442,E00190,Training and best practice sharing,31.0
I003805,2024-11-12,UK,EMEA,Respiratory,1:1 Meeting,S01395,E00759,Advisory board discussion on unmet needs,30.0
I003806,2024-01-18,United States,Americas,Respiratory,1:1 Meeting,S01362,E00510,Training and best practice sharing,7.0
I003807,2024-12-16,CAN,Americas,Vaccines,Group Meeting,S00172,E00933,Congress meeting and follow-up,66.0
I003808,2024-12-25,CA,Americas,Vaccines,Speaker Program,S01744,E00115,Training and best practice sharing,95.0
I003809,2024-11-27,France,EMEA,Respiratory,1:1 Meeting,S00077,E00452,Training and best practice sharing,40.0
I003810,2024-07-30,United States,Americas,Respiratory,1:1 Meeting,S01038,E00591,Scientific exchange on clinical data,26.0
I003811,2024-10-09,U.S.,Americas,Primary Care,1:1 Meeting,S00043,E00770,Advisory board discussion on unmet needs,32.0
I003812,2025-03-01,USA,Americas,Oncology,1:1 Meeting,S00051,E00035,Product information discussion (on-label),27.0
I003813,2024-03-31,MEX,Americas,Oncology,Congress/Conference,S00485,E00562,Scientific exchange on clinical data,104.0
I003814,2024-03-19,Germany,EMEA,Primary Care,1:1 Meeting,S01774,E00398,Training and best practice sharing,33.0
I003815,2025-04-19,USA,Americas,Specialty,Congress/Conference,S00972,E00996,Congress meeting and follow-up,125.0
I003816,2024-11-09,CAN,Americas,Vaccines,Speaker Program,S00780,E00157,Market access discussion,
I003817,2024-09-03,CAN,Americas,Primary Care,Speaker Program,S00313,E00590,Training and best practice sharing,109.0
I003818,2024-02-07,DE,EMEA,Oncology,Advisory Board,S00158,E00443,Training and best practice sharing,133.0
I003819,2024-06-09,FR,EMEA,Primary Care,Congress/Conference,S01748,E00911,Speaker program educational session,52.0
I003820,2024-08-28,GB,EMEA,Specialty,Speaker Program,S01430,E00494,Speaker program educational session,101.0
I003821,2024-01-26,CAN,Americas,Specialty,1:1 Meeting,S01550,E00175,Advisory board discussion on unmet needs,34.0
I003822,2024-10-24,Italy,EMEA,Vaccines,1:1 Meeting,S00470,E00494,Scientific exchange on clinical data,15.0
I003823,2024-06-02,FRA,EMEA,Respiratory,1:1 Meeting,S00455,E00071,Advisory board discussion on unmet needs,25.0
I003824,2024-02-15,Mexico,Americas,Specialty,Group Meeting,S00197,E00791,Advisory board discussion on unmet needs,46.0
I003825,2024-10-11,FRA,EMEA,Primary Care,Advisory Board,S01310,E00477,,224.0
I003826,2024-09-29,DEU,EMEA,Respiratory,Group Meeting,S00757,E00914,Speaker program educational session,68.0
I003827,2025-01-28,Mexico,Americas,Primary Care,Group Meeting,S00920,E00589,Market access discussion,93.0
I003828,2024-01-01,IN,APAC,Vaccines,Group Meeting,S01737,E00311,Congress meeting and follow-up,78.0
I003829,2024-08-03,UK,EMEA,Respiratory,1:1 Meeting,S01653,E00710,Training and best practice sharing,39.0
I003830,2024-10-13,JPN,APAC,Specialty,Speaker Program,S01048,E00110,Congress meeting and follow-up,38.0
I003831,2025-05-25,DEU,EMEA,Vaccines,Speaker Program,S01234,E00925,Product information discussion (on-label),129.0
I003832,2025-04-02,IND,APAC,Respiratory,1:1 Meeting,S00951,E00345,Market access discussion,13.0
I003833,2024-04-04,CA,Americas,Primary Care,Group Meeting,S01313,E00395,Speaker program educational session,59.0
I003834,2024-01-23,DE,EMEA,Specialty,Speaker Program,S01472,E00252,Meeting,97.0
I003835,2024-08-02,JP,APAC,Vaccines,1:1 Meeting,S00988,E00162,Business discussion,38.0
I003836,2024-05-27,France,EMEA,Vaccines,1:1 Meeting,S01599,E00738,Congress meeting and follow-up,41.0
I003837,2025-01-15,CA,Americas,Oncology,Speaker Program,S00389,E00906,Catch-up,53.0
I003838,2024-04-29,ITA,EMEA,Oncology,1:1 Meeting,S01131,E00477,Scientific exchange on clinical data,31.0
I003839,2025-03-31,JPN,APAC,Oncology,1:1 Meeting,S00347,E00503,Catch-up,27.0
I003840,2024-05-22,JP,APAC,Oncology,1:1 Meeting,S00004,E00609,Market access discussion,40.0
I003841,2024-02-06,Italy,EMEA,Vaccines,1:1 Meeting,S00774,E00097,,0.0
I003842,2024-11-24,United Kingdom,EMEA,Vaccines,Speaker Program,S00307,E00769,Training and best practice sharing,162.0
I003843,2024-10-23,FR,EMEA,Vaccines,Speaker Program,S01705,E00079,Congress meeting and follow-up,60.0
I003844,2024-08-17,India,APAC,Vaccines,Speaker Program,S00783,E00938,Scientific exchange on clinical data,82.0
I003845,2025-06-19,DE,EMEA,Primary Care,Speaker Program,S01621,E00823,Advisory board discussion on unmet needs,106.0
I003846,2024-04-18,USA,Americas,Oncology,Advisory Board,S00277,E00934,Scientific exchange on clinical data,241.0
I003847,2024-09-19,United States,Americas,Oncology,Speaker Program,S01604,E00160,Product information discussion (on-label),146.0
I003848,2024-12-06,CA,Americas,Primary Care,Group Meeting,S00321,E00923,Speaker program educational session,92.0
I003849,2024-09-15,IN,APAC,Vaccines,1:1 Meeting,S00956,E00971,Advisory board discussion on unmet needs,19.0
I003850,2024-11-03,IN,APAC,Specialty,1:1 Meeting,S00502,E00989,Speaker program educational session,39.0
I003851,2024-09-18,CAN,Americas,Specialty,Speaker Program,S00317,E00018,Scientific exchange on clinical data,76.0
I003852,2025-03-27,Italy,EMEA,Oncology,Group Meeting,S01610,E00837,Market access discussion,82.0
I003853,2024-09-07,BR,Americas,Specialty,1:1 Meeting,S00090,E00944,Discussed topics,29.0
I003854,2024-10-23,ITA,EMEA,Oncology,Group Meeting,S00895,E00179,Congress meeting and follow-up,54.0
I003855,2024-08-24,FR,EMEA,Respiratory,1:1 Meeting,S01306,E00043,Training and best practice sharing,43.0
I003856,2024-09-02,Great Britain,EMEA,Primary Care,1:1 Meeting,S01739,E00272,Scientific exchange on clinical data,28.0
I003857,2025-03-23,USA,Americas,Specialty,Advisory Board,S00954,E00515,Training and best practice sharing,228.0
I003858,2025-02-07,US,Americas,Specialty,Group Meeting,S01572,E00387,Speaker program educational session,59.0
I003859,2024-02-06,Japan,APAC,Primary Care,Congress/Conference,S01411,E00313,Scientific exchange on clinical data,155.0
I003860,2024-12-30,IND,APAC,Primary Care,Advisory Board,S00852,E00335,Advisory board discussion on unmet needs,310.0
I003861,2024-07-17,USA,Americas,Specialty,Speaker Program,S00510,E00313,Product information discussion (on-label),81.0
I003862,2025-04-21,Canada,Americas,Respiratory,1:1 Meeting,S01504,E00784,Congress meeting and follow-up,29.0
I003863,2025-03-09,IND,APAC,Specialty,Group Meeting,S01260,E00561,Product information discussion (on-label),0.0
I003864,2025-01-27,United States of America,Americas,Primary Care,1:1 Meeting,S00987,E00995,Scientific exchange on clinical data,0.0
I003865,2024-08-31,U.S.,Americas,Oncology,Group Meeting,S00434,E00071,Meeting,23.0
I003866,2024-03-17,FRA,EMEA,Respiratory,Group Meeting,S00771,E00207,Catch-up,45.0
I003867,2024-06-15,JPN,APAC,Specialty,Speaker Program,S01644,E00380,Scientific exchange on clinical data,96.0
I003868,2024-06-04,GB,EMEA,Primary Care,Advisory Board,S00073,E00143,Speaker program educational session,136.0
I003869,2024-09-06,U.S.,Americas,Oncology,1:1 Meeting,S01134,E00009,Advisory board discussion on unmet needs,32.0
I003870,2024-11-28,IT,EMEA,Specialty,1:1 Meeting,S00206,E00090,Training and best practice sharing,34.0
I003871,2025-06-05,CAN,Americas,Primary Care,Speaker Program,S01742,E00988,Scientific exchange on clinical data,104.0
I003872,2024-04-25,Canada,Americas,Primary Care,Group Meeting,S00230,E00289,Congress meeting and follow-up,52.0
I003873,2024-08-07,IT,EMEA,Primary Care,1:1 Meeting,S00276,E00708,Scientific exchange on clinical data,20.0
I003874,2024-06-04,India,APAC,Primary Care,Advisory Board,S01619,E00598,Congress meeting and follow-up,216.0
I003875,2024-01-13,IN,APAC,Primary Care,Group Meeting,S00939,E00935,Training and best practice sharing,67.0
I003876,2024-08-07,IN,APAC,Vaccines,Group Meeting,S00573,E00156,Product information discussion (on-label),84.0
I003877,2024-01-15,IT,EMEA,Primary Care,Group Meeting,S00762,E00214,Market access discussion,
I003878,2024-12-16,ITA,EMEA,Specialty,Congress/Conference,S00883,E00609,Advisory board discussion on unmet needs,184.0
I003879,2024-05-11,UK,EMEA,Vaccines,Group Meeting,S01288,E00917,Speaker program educational session,24.0
I003880,2024-08-09,GB,EMEA,Primary Care,1:1 Meeting,S00423,E00466,Training and best practice sharing,18.0
I003881,2024-06-21,FRA,EMEA,Oncology,Group Meeting,S00252,E00227,Scientific exchange on clinical data,61.0
I003882,2024-06-05,DE,EMEA,Respiratory,Advisory Board,S00291,E00914,Speaker program educational session,189.0
I003883,2024-05-30,FRA,EMEA,Respiratory,1:1 Meeting,S01122,E00488,Congress meeting and follow-up,26.0
I003884,2025-06-25,India,APAC,Respiratory,Speaker Program,S00116,E00936,Advisory board discussion on unmet needs,61.0
I003885,2024-11-02,India,APAC,Oncology,Advisory Board,S00870,E00805,Scientific exchange on clinical data,84.0
I003886,2024-11-15,IN,APAC,Respiratory,Speaker Program,S01126,E00431,Advisory board discussion on unmet needs,68.0
I003887,2025-06-16,Brazil,Americas,Vaccines,1:1 Meeting,S00814,E00674,Market access discussion,37.0
I003888,2024-02-05,GB,EMEA,Oncology,1:1 Meeting,S00213,E00701,Training and best practice sharing,26.0
I003889,2024-10-29,MEX,Americas,Primary Care,1:1 Meeting,S00861,E00293,Scientific exchange on clinical data,42.0
I003890,2024-06-22,IN,APAC,Primary Care,1:1 Meeting,S00059,E00175,Business discussion,31.0
I003891,2024-09-06,DE,EMEA,Specialty,1:1 Meeting,S01515,E00126,Product information discussion (on-label),16.0
I003892,2024-01-02,US,Americas,Vaccines,Group Meeting,S01505,E00832,Meeting,34.0
I003893,2024-07-12,CA,Americas,Primary Care,Group Meeting,S00408,E00031,Training and best practice sharing,0.0
I003894,2024-04-19,India,APAC,Oncology,Group Meeting,S00249,E00664,Training and best practice sharing,81.0
I003895,2025-01-14,Brazil,Americas,Vaccines,1:1 Meeting,S00411,E00776,Advisory board discussion on unmet needs,42.0
I003896,2024-10-11,US,Americas,Oncology,Group Meeting,S00949,E00705,Scientific exchange on clinical data,49.0
I003897,2025-02-24,U.S.,Americas,Oncology,1:1 Meeting,S00092,E00959,Speaker program educational session,34.0
I003898,2025-06-11,U.S.,Americas,Vaccines,1:1 Meeting,S01263,E00420,Training and best practice sharing,38.0
I003899,2025-05-10,DEU,EMEA,Vaccines,1:1 Meeting,S00532,E00066,Advisory board discussion on unmet needs,36.0
I003900,2025-01-12,DEU,EMEA,Specialty,1:1 Meeting,S01613,E00791,Market access discussion,39.0
I003901,2025-03-21,Brazil,Americas,Oncology,1:1 Meeting,S01088,E00909,Market access discussion,49.0
I003902,2025-06-15,MX,Americas,Respiratory,1:1 Meeting,S01653,E00226,Congress meeting and follow-up,35.0
I003903,2025-06-03,FR,EMEA,Vaccines,Group Meeting,S00152,E00477,Scientific exchange on clinical data,46.0
I003904,2025-05-04,India,APAC,Primary Care,Group Meeting,S00259,E00422,Congress meeting and follow-up,84.0
I003905,2025-02-26,BR,Americas,Oncology,Group Meeting,S00691,E00813,Business discussion,93.0
I003906,2024-01-26,GB,EMEA,Respiratory,Advisory Board,S00491,E00334,Product information discussion (on-label),225.0
I003907,2024-10-07,FR,EMEA,Specialty,Congress/Conference,S00867,E00676,Product information discussion (on-label),127.0
I003908,2025-05-09,IN,APAC,Primary Care,Speaker Program,S00440,E00611,Congress meeting and follow-up,82.0
I003909,2024-01-12,U.S.,Americas,Vaccines,Group Meeting,S00400,E00295,,
I003910,2024-07-26,FR,EMEA,Respiratory,1:1 Meeting,S01300,E00985,Product information discussion (on-label),15.0
I003911,2024-05-12,India,APAC,Respiratory,Speaker Program,S01056,E00868,Market access discussion,92.0
I003912,2025-01-03,GB,EMEA,Primary Care,1:1 Meeting,S01003,E00982,Advisory board discussion on unmet needs,36.0
I003913,2024-04-12,U.S.,Americas,Primary Care,Group Meeting,S00777,E00383,Congress meeting and follow-up,71.0
I003914,2024-08-31,India,APAC,Specialty,1:1 Meeting,S01617,E00273,Advisory board discussion on unmet needs,21.0
I003915,2025-01-27,India,APAC,Respiratory,Group Meeting,S01591,E00656,Training and best practice sharing,83.0
I003916,2024-03-12,IN,APAC,Respiratory,Congress/Conference,S00864,E00860,Scientific exchange on clinical data,128.0
I003917,2024-12-17,India,APAC,Specialty,Group Meeting,S00478,E00220,Speaker program educational session,54.0
I003918,2024-08-08,United Kingdom,EMEA,Respiratory,Advisory Board,S01199,E00481,Market access discussion,250.0
I003919,2025-01-08,DE,EMEA,Primary Care,Speaker Program,S01507,E00252,Scientific exchange on clinical data,122.0
I003920,2025-03-14,United States,Americas,Specialty,Group Meeting,S00109,E00217,Product information discussion (on-label),23.0
I003921,2024-02-16,GB,EMEA,Respiratory,Congress/Conference,S00973,E00521,Congress meeting and follow-up,85.0
I003922,2024-07-27,FRA,EMEA,Respiratory,1:1 Meeting,S01486,E00504,Scientific exchange on clinical data,39.0
I003923,2024-09-04,United States of America,Americas,Respiratory,Group Meeting,S00854,E00069,Advisory board discussion on unmet needs,52.0
I003924,2025-02-16,JPN,APAC,Vaccines,Speaker Program,S01762,E00665,Advisory board discussion on unmet needs,86.0
I003925,2025-03-21,Brazil,Americas,Oncology,1:1 Meeting,S01755,E00436,,40.0
I003926,2024-06-04,US,Americas,Oncology,Congress/Conference,S00678,E00062,Speaker program educational session,144.0
I003927,2025-06-25,JPN,APAC,Vaccines,Group Meeting,S00834,E00383,Training and best practice sharing,59.0
I003928,2024-03-09,ITA,EMEA,Oncology,Speaker Program,S01459,E00646,Congress meeting and follow-up,86.0
I003929,2024-06-11,India,APAC,Specialty,Group Meeting,S01210,E00490,Congress meeting and follow-up,25.0
I003930,2024-03-03,U.S.,Americas,Respiratory,1:1 Meeting,S01006,E00386,Speaker program educational session,30.0
I003931,2025-05-23,JP,APAC,Primary Care,Group Meeting,S01743,E00124,Advisory board discussion on unmet needs,74.0
I003932,2024-12-30,MX,Americas,Respiratory,Group Meeting,S01461,E00887,Scientific exchange on clinical data,82.0
I003933,2024-05-29,MX,Americas,Vaccines,1:1 Meeting,S01595,E00031,Advisory board discussion on unmet needs,16.0
I003934,2024-04-25,U.S.,Americas,Specialty,Group Meeting,S01481,E00255,Scientific exchange on clinical data,39.0
I003935,2025-05-30,US,Americas,Respiratory,1:1 Meeting,S00988,E00893,Product information discussion (on-label),22.0
I003936,2024-01-30,IN,APAC,Respiratory,Speaker Program,S00072,E00836,Advisory board discussion on unmet needs,75.0
I003937,2024-05-22,United Kingdom,EMEA,Oncology,Group Meeting,S00041,E00750,Advisory board discussion on unmet needs,65.0
I003938,2024-04-20,IN,APAC,Primary Care,1:1 Meeting,S01673,E00083,Scientific exchange on clinical data,28.0
I003939,2024-04-16,U.S.,Americas,Vaccines,1:1 Meeting,S00992,E00053,Product information discussion (on-label),31.0
I003940,2025-04-28,United States of America,Americas,Specialty,1:1 Meeting,S00762,E00714,Scientific exchange on clinical data,27.0
I003941,2024-03-13,MX,Americas,Specialty,Group Meeting,S01343,E00893,Scientific exchange on clinical data,38.0
I003942,2024-09-15,IND,APAC,Vaccines,Speaker Program,S01325,E00450,Speaker program educational session,75.0
I003943,2024-05-28,CA,Americas,Primary Care,Congress/Conference,S00001,E00717,Training and best practice sharing,128.0
I003944,2025-03-01,IT,EMEA,Primary Care,Group Meeting,S00630,E00756,Market access discussion,63.0
I003945,2024-08-04,MEX,Americas,Respiratory,1:1 Meeting,S00557,E00617,Advisory board discussion on unmet needs,
I003946,2025-02-26,GB,EMEA,Oncology,1:1 Meeting,S00053,E00664,Training and best practice sharing,23.0
I003947,2024-11-15,JP,APAC,Primary Care,1:1 Meeting,S01445,E00711,Speaker program educational session,21.0
I003948,2025-02-18,Germany,EMEA,Vaccines,Group Meeting,S00229,E00228,Speaker program educational session,26.0
I003949,2024-02-09,ITA,EMEA,Primary Care,Group Meeting,S01418,E00817,Speaker program educational session,69.0
I003950,2025-04-10,IN,APAC,Oncology,Advisory Board,S00587,E00789,Training and best practice sharing,262.0
I003951,2024-10-14,IT,EMEA,Vaccines,Advisory Board,S01138,E00156,Scientific exchange on clinical data,31.0
I003952,2025-06-11,FR,EMEA,Respiratory,1:1 Meeting,S00878,E00280,Training and best practice sharing,12.0
I003953,2024-01-18,MEX,Americas,Specialty,Group Meeting,S01256,E00785,Training and best practice sharing,51.0
I003954,2024-09-04,DEU,EMEA,Oncology,1:1 Meeting,S01620,E00543,Training and best practice sharing,27.0
I003955,2024-01-01,United States of America,Americas,Oncology,1:1 Meeting,S01522,E00146,Training and best practice sharing,40.0
I003956,2024-02-01,DE,EMEA,Respiratory,Congress/Conference,S00477,E00751,Product information discussion (on-label),151.0
I003957,2024-04-27,CA,Americas,Respiratory,1:1 Meeting,S01366,E00202,Training and best practice sharing,40.0
I003958,2024-03-14,U.S.,Americas,Oncology,1:1 Meeting,S01474,E00158,Scientific exchange on clinical data,30.0
I003959,2024-04-12,Brazil,Americas,Oncology,Group Meeting,S01103,E00874,Product information discussion (on-label),36.0
I003960,2024-04-23,Canada,Americas,Vaccines,1:1 Meeting,S01181,E00449,Congress meeting and follow-up,12.0
I003961,2025-01-13,FR,EMEA,Oncology,1:1 Meeting,S01370,E00435,Follow-up,22.0
I003962,2024-06-21,CA,Americas,Oncology,1:1 Meeting,S00798,E00359,Congress meeting and follow-up,15.0
I003963,2024-03-19,United States of America,Americas,Specialty,1:1 Meeting,S00044,E00410,Product information discussion (on-label),23.0
I003964,2024-09-22,MEX,Americas,Oncology,Group Meeting,S01655,E00407,Congress meeting and follow-up,
I003965,2025-01-07,FRA,EMEA,Specialty,1:1 Meeting,S01459,E00712,Discussed topics,25.0
I003966,2024-11-09,IT,EMEA,Respiratory,Speaker Program,S01429,E01000,Speaker program educational session,127.0
I003967,2025-01-14,IN,APAC,Primary Care,1:1 Meeting,S00957,E00766,Training and best practice sharing,40.0
I003968,2024-02-21,DE,EMEA,Oncology,Group Meeting,S01267,E00579,Congress meeting and follow-up,20.0
I003969,2025-05-23,Brazil,Americas,Specialty,Speaker Program,S01429,E00440,Speaker program educational session,44.0
I003970,2024-09-02,CAN,Americas,Vaccines,Speaker Program,S00023,E00140,Training and best practice sharing,33.0
I003971,2024-07-05,BR,Americas,Oncology,1:1 Meeting,S00499,E00877,Advisory board discussion on unmet needs,36.0
I003972,2025-02-21,India,APAC,Vaccines,Speaker Program,S00891,E00529,Product information discussion (on-label),161.0
I003973,2024-12-16,USA,Americas,Oncology,1:1 Meeting,S01578,E00927,Speaker program educational session,11.0
I003974,2024-12-23,GB,EMEA,Specialty,Group Meeting,S01775,E00265,Advisory board discussion on unmet needs,60.0
I003975,2025-01-12,IN,APAC,Respiratory,Congress/Conference,S00634,E00287,Speaker program educational session,104.0
I003976,2024-08-23,IT,EMEA,Respiratory,Advisory Board,S00107,E00245,Scientific exchange on clinical data,194.0
I003977,2025-02-13,India,APAC,Oncology,1:1 Meeting,S01451,E00067,Scientific exchange on clinical data,35.0
I003978,2024-11-27,JPN,APAC,Respiratory,Group Meeting,S00597,E00043,Advisory board discussion on unmet needs,24.0
I003979,2025-06-15,ITA,EMEA,Respiratory,Advisory Board,S01087,E00149,Training and best practice sharing,127.0
I003980,2025-06-26,Japan,APAC,Respiratory,1:1 Meeting,S01035,E00591,Speaker program educational session,17.0
I003981,2024-01-19,United States,Americas,Primary Care,Speaker Program,S00786,E00886,Advisory board discussion on unmet needs,59.0
I003982,2024-09-11,Germany,EMEA,Respiratory,1:1 Meeting,S01082,E00581,Meeting,29.0
I003983,2025-02-02,Mexico,Americas,Specialty,1:1 Meeting,S01700,E00439,Product information discussion (on-label),18.0
I003984,2025-04-10,IND,APAC,Primary Care,Advisory Board,S00937,E00314,Scientific exchange on clinical data,82.0
I003985,2025-02-10,United States,Americas,Primary Care,1:1 Meeting,S00014,E00599,,21.0
I003986,2024-06-04,US,Americas,Specialty,Group Meeting,S00108,E00428,Training and best practice sharing,46.0
I003987,2024-06-10,United States of America,Americas,Primary Care,1:1 Meeting,S01709,E00524,Product information discussion (on-label),16.0
I003988,2024-04-06,DEU,EMEA,Oncology,1:1 Meeting,S00510,E00598,Advisory board discussion on unmet needs,25.0
I003989,2025-01-11,United States,Americas,Specialty,1:1 Meeting,S00313,E00085,Product information discussion (on-label),32.0
I003990,2025-05-20,MEX,Americas,Vaccines,Speaker Program,S00866,E00929,Speaker program educational session,75.0
I003991,2024-07-07,IN,APAC,Specialty,Speaker Program,S00153,E00833,Market access discussion,105.0
I003992,2025-04-19,BR,Americas,Respiratory,Speaker Program,S00449,E00972,Advisory board discussion on unmet needs,75.0
I003993,2024-09-18,France,EMEA,Specialty,Advisory Board,S01094,E00944,Advisory board discussion on unmet needs,179.0
I003994,2024-06-29,Brazil,Americas,Primary Care,1:1 Meeting,S01645,E00374,Product information discussion (on-label),18.0
I003995,2025-04-13,IND,APAC,Primary Care,Group Meeting,S00084,E00033,Market access discussion,72.0
I003996,2025-06-20,US,Americas,Oncology,Group Meeting,S01772,E00914,Congress meeting and follow-up,52.0
I003997,2024-09-13,Brazil,Americas,Vaccines,1:1 Meeting,S00102,E00985,Congress meeting and follow-up,33.0
I003998,2025-01-22,JP,APAC,Respiratory,Congress/Conference,S01785,E00827,Training and best practice sharing,145.0
I003999,2025-03-30,DE,EMEA,Oncology,Speaker Program,S01222,E00674,Catch-up,70.0
I004000,2024-03-06,Great Britain,EMEA,Oncology,1:1 Meeting,S01099,E00567,Training and best practice sharing,27.0
I004001,2025-01-27,Germany,EMEA,Oncology,1:1 Meeting,S00739,E00619,Advisory board discussion on unmet needs,21.0
I004002,2024-12-28,DEU,EMEA,Respiratory,Speaker Program,S00877,E00186,Congress meeting and follow-up,91.0
I004003,2024-06-19,India,APAC,Vaccines,1:1 Meeting,S00329,E00562,Scientific exchange on clinical data,25.0
I004004,2024-05-24,Germany,EMEA,Primary Care,Speaker Program,S00409,E00080,Product information discussion (on-label),40.0
I004005,2024-09-30,BRA,Americas,Primary Care,1:1 Meeting,S00609,E00315,Market access discussion,27.0
I004006,2024-10-30,GB,EMEA,Vaccines,1:1 Meeting,S00779,E00078,Advisory board discussion on unmet needs,25.0
I004007,2025-04-11,IN,APAC,Respiratory,Congress/Conference,S01667,E00280,Market access discussion,125.0
I004008,2025-02-13,FRA,EMEA,Respiratory,1:1 Meeting,S00916,E00281,Market access discussion,18.0
I004009,2024-12-29,BR,Americas,Oncology,1:1 Meeting,S00994,E00604,Advisory board discussion on unmet needs,22.0
I004010,2024-10-02,United States,Americas,Vaccines,Speaker Program,S00077,E00612,Market access discussion,58.0
I004011,2024-08-16,FR,EMEA,Specialty,1:1 Meeting,S00885,E00243,Training and best practice sharing,12.0
I004012,2024-11-24,United States,Americas,Oncology,Advisory Board,S00241,E00312,Speaker program educational session,297.0
I004013,2024-12-21,U.S.,Americas,Primary Care,1:1 Meeting,S00196,E00283,Scientific exchange on clinical data,41.0
I004014,2025-06-06,Germany,EMEA,Oncology,1:1 Meeting,S01061,E00277,Catch-up,0.0
I004015,2024-04-15,India,APAC,Oncology,Speaker Program,S00767,E00494,Speaker program educational session,67.0
I004016,2025-02-27,DE,EMEA,Primary Care,1:1 Meeting,S01587,E00194,Catch-up,40.0
I004017,2025-04-15,IT,EMEA,Vaccines,Group Meeting,S01060,E00051,Product information discussion (on-label),75.0
I004018,2025-06-24,BRA,Americas,Oncology,Group Meeting,S00401,E00668,Scientific exchange on clinical data,66.0
I004019,2024-10-11,CAN,Americas,Primary Care,Advisory Board,S00007,E00242,Market access discussion,242.0
I004020,2024-03-10,IND,APAC,Vaccines,1:1 Meeting,S01718,E00526,Training and best practice sharing,
I004021,2025-01-13,Canada,Americas,Oncology,Advisory Board,S00424,E00801,Speaker program educational session,245.0
I004022,2024-09-20,GB,EMEA,Oncology,Group Meeting,S00680,E00600,Advisory board discussion on unmet needs,43.0
I004023,2025-02-27,DE,EMEA,Specialty,Speaker Program,S01626,E00836,Advisory board discussion on unmet needs,127.0
I004024,2024-04-09,United States of America,Americas,Primary Care,Group Meeting,S01204,E00445,,45.0
I004025,2024-04-21,IN,APAC,Oncology,Speaker Program,S00523,E00904,Scientific exchange on clinical data,150.0
I004026,2024-04-21,France,EMEA,Vaccines,1:1 Meeting,S01751,E00092,Market access discussion,13.0
I004027,2024-03-27,India,APAC,Primary Care,Group Meeting,S00355,E00439,Market access discussion,70.0
I004028,2024-03-30,BRA,Americas,Specialty,1:1 Meeting,S00948,E00624,Congress meeting and follow-up,24.0
I004029,2025-03-30,MX,Americas,Specialty,1:1 Meeting,S01313,E00495,Product information discussion (on-label),35.0
I004030,2024-02-27,France,EMEA,Vaccines,Speaker Program,S01733,E00796,Product information discussion (on-label),79.0
I004031,2025-06-25,Italy,EMEA,Oncology,1:1 Meeting,S01583,E00465,Market access discussion,
I004032,2025-06-02,India,APAC,Respiratory,1:1 Meeting,S01610,E00216,Meeting,37.0
I004033,2024-07-15,Great Britain,EMEA,Primary Care,1:1 Meeting,S01589,E00777,Market access discussion,27.0
I004034,2024-03-14,UK,EMEA,Specialty,1:1 Meeting,S00261,E00371,Advisory board discussion on unmet needs,31.0
I004035,2025-02-19,Canada,Americas,Primary Care,Speaker Program,S00132,E00361,Product information discussion (on-label),29.0
I004036,2024-10-22,Canada,Americas,Oncology,Congress/Conference,S01483,E00588,Market access discussion,48.0
I004037,2024-03-24,Canada,Americas,Oncology,Group Meeting,S00851,E00913,Follow-up,70.0
I004038,2025-01-12,USA,Americas,Vaccines,Group Meeting,S00430,E00597,Product information discussion (on-label),13.0
I004039,2025-04-07,USA,Americas,Specialty,1:1 Meeting,S00532,E00102,Market access discussion,25.0
I004040,2024-09-26,U.S.,Americas,Primary Care,1:1 Meeting,S00973,E00109,Product information discussion (on-label),44.0
I004041,2024-03-10,BR,Americas,Respiratory,Group Meeting,S01569,E00850,Scientific exchange on clinical data,76.0
I004042,2024-09-13,Mexico,Americas,Specialty,Advisory Board,S00359,E00724,Congress meeting and follow-up,90.0
I004043,2024-08-04,USA,Americas,Oncology,Group Meeting,S01153,E00723,Scientific exchange on clinical data,56.0
I004044,2024-06-09,USA,Americas,Respiratory,Speaker Program,S00601,E00349,Product information discussion (on-label),148.0
I004045,2024-02-01,IND,APAC,Vaccines,Group Meeting,S01800,E00221,Scientific exchange on clinical data,60.0
I004046,2024-10-05,MEX,Americas,Respiratory,1:1 Meeting,S00161,E00615,Congress meeting and follow-up,30.0
I004047,2024-10-11,MEX,Americas,Respiratory,Advisory Board,S01075,E00974,Market access discussion,269.0
I004048,2024-05-27,Canada,Americas,Oncology,1:1 Meeting,S00242,E00178,Scientific exchange on clinical data,44.0
I004049,2024-03-07,France,EMEA,Vaccines,1:1 Meeting,S00670,E00533,Advisory board discussion on unmet needs,4.0
I004050,2024-10-05,United States of America,Americas,Oncology,Speaker Program,S01034,E00794,Product information discussion (on-label),27.0
I004051,2025-03-18,France,EMEA,Respiratory,Group Meeting,S00551,E00218,Catch-up,53.0
I004052,2024-12-02,France,EMEA,Respiratory,Advisory Board,S00946,E00212,Speaker program educational session,264.0
I004053,2025-04-26,United States of America,Americas,Primary Care,1:1 Meeting,S00136,E00679,Advisory board discussion on unmet needs,29.0
I004054,2024-09-16,IT,EMEA,Respiratory,Group Meeting,S01118,E00593,Speaker program educational session,84.0
I004055,2025-05-21,DEU,EMEA,Specialty,Advisory Board,S00537,E00581,Market access discussion,175.0
I004056,2024-04-15,ITA,EMEA,Oncology,Speaker Program,S01560,E00006,Meeting,107.0
I004057,2025-04-19,United Kingdom,EMEA,Respiratory,1:1 Meeting,S00650,E00128,Business discussion,25.0
I004058,2024-06-01,IN,APAC,Specialty,1:1 Meeting,S00982,E00645,Advisory board discussion on unmet needs,31.0
I004059,2024-05-28,USA,Americas,Specialty,Speaker Program,S00844,E00311,Congress meeting and follow-up,78.0
I004060,2025-05-30,DEU,EMEA,Specialty,1:1 Meeting,S01483,E00408,Scientific exchange on clinical data,28.0
I004061,2025-05-05,IND,APAC,Specialty,1:1 Meeting,S00486,E00952,Congress meeting and follow-up,22.0
I004062,2025-06-19,U.S.,Americas,Oncology,1:1 Meeting,S00363,E00020,Speaker program educational session,33.0
I004063,2024-10-21,IT,EMEA,Primary Care,Group Meeting,S01597,E00786,Congress meeting and follow-up,41.0
I004064,2025-01-10,MX,Americas,Vaccines,1:1 Meeting,S01381,E00253,Congress meeting and follow-up,37.0
I004065,2024-06-06,FRA,EMEA,Specialty,Advisory Board,S00901,E00057,Congress meeting and follow-up,248.0
I004066,2024-03-15,Italy,EMEA,Primary Care,Group Meeting,S00483,E00479,Speaker program educational session,54.0
I004067,2025-01-14,BRA,Americas,Vaccines,1:1 Meeting,S00663,E00236,Speaker program educational session,32.0
I004068,2024-04-17,Great Britain,EMEA,Oncology,1:1 Meeting,S01564,E00258,Scientific exchange on clinical data,39.0
I004069,2024-07-05,BR,Americas,Respiratory,1:1 Meeting,S01105,E00769,Advisory board discussion on unmet needs,36.0
I004070,2024-03-27,UK,EMEA,Vaccines,1:1 Meeting,S01708,E00630,Market access discussion,25.0
I004071,2024-06-29,USA,Americas,Oncology,1:1 Meeting,S00402,E00880,Speaker program educational session,37.0
I004072,2025-03-15,FRA,EMEA,Primary Care,1:1 Meeting,S00377,E00528,Advisory board discussion on unmet needs,25.0
I004073,2024-06-23,IN,APAC,Specialty,Group Meeting,S01220,E00458,Product information discussion (on-label),26.0
I004074,2024-02-04,BR,Americas,Respiratory,Advisory Board,S01314,E00227,Catch-up,166.0
I004075,2024-08-04,DE,EMEA,Specialty,Advisory Board,S01418,E00968,Meeting,130.0
I004076,2025-06-02,BRA,Americas,Vaccines,Group Meeting,S00927,E00912,Scientific exchange on clinical data,62.0
I004077,2024-09-25,DE,EMEA,Vaccines,Advisory Board,S01773,E00017,Advisory board discussion on unmet needs,104.0
I004078,2024-12-21,CA,Americas,Specialty,1:1 Meeting,S00313,E00748,Market access discussion,25.0
I004079,2024-03-30,Germany,EMEA,Oncology,1:1 Meeting,S01327,E00968,Product information discussion (on-label),21.0
I004080,2024-12-31,ITA,EMEA,Respiratory,1:1 Meeting,S00399,E00005,Product information discussion (on-label),28.0
I004081,2024-10-14,IND,APAC,Respiratory,Congress/Conference,S01663,E00097,Training and best practice sharing,485.0
I004082,,Mexico,Americas,Vaccines,1:1 Meeting,S01235,E00290,Product information discussion (on-label),21.0
I004083,2024-04-12,Canada,Americas,Vaccines,Group Meeting,S01116,E00290,Training and best practice sharing,42.0
I004084,2025-04-14,GB,EMEA,Respiratory,1:1 Meeting,S00642,E00728,Catch-up,25.0
I004085,2025-04-10,India,APAC,Respiratory,Group Meeting,S00324,E00750,Discussed topics,50.0
I004086,2024-11-03,ITA,EMEA,Vaccines,Advisory Board,S01667,E00721,Market access discussion,237.0
I004087,2024-12-17,CAN,Americas,Vaccines,Speaker Program,S00101,E00141,Advisory board discussion on unmet needs,76.0
I004088,2024-11-20,Japan,APAC,Primary Care,1:1 Meeting,S01705,E00339,Market access discussion,28.0
I004089,2024-02-02,BR,Americas,Specialty,Advisory Board,S01617,E00210,Congress meeting and follow-up,193.0
I004090,2025-03-03,U.S.,Americas,Vaccines,Congress/Conference,S01284,E00783,Training and best practice sharing,62.0
I004091,2024-12-16,MEX,Americas,Oncology,1:1 Meeting,S00959,E00400,Scientific exchange on clinical data,49.0
I004092,2024-11-25,FRA,EMEA,Specialty,1:1 Meeting,S00785,E00830,Speaker program educational session,17.0
I004093,2025-03-25,ITA,EMEA,Oncology,1:1 Meeting,S00049,E00920,Discussed topics,26.0
I004094,2024-06-27,India,APAC,Vaccines,1:1 Meeting,S01440,E00450,,39.0
I004095,2025-01-29,Brazil,Americas,Specialty,Group Meeting,S00448,E00600,Scientific exchange on clinical data,18.0
I004096,2024-03-24,IND,APAC,Oncology,1:1 Meeting,S00511,E00915,Training and best practice sharing,15.0
I004097,2024-03-25,CAN,Americas,Vaccines,Group Meeting,S00580,E00245,Advisory board discussion on unmet needs,45.0
I004098,2024-03-12,CA,Americas,Specialty,1:1 Meeting,S00576,E01000,Product information discussion (on-label),25.0
I004099,2024-08-10,MEX,Americas,Oncology,Group Meeting,S00560,E00851,Scientific exchange on clinical data,39.0
I004100,2024-12-06,India,APAC,Specialty,Speaker Program,S01037,E00107,Market access discussion,92.0
I004101,2025-04-15,United States of America,Americas,Oncology,1:1 Meeting,S00326,E00180,Speaker program educational session,21.0
I004102,2024-01-07,DE,EMEA,Primary Care,Speaker Program,S00884,E00240,Speaker program educational session,72.0
I004103,2024-07-06,India,APAC,Oncology,Group Meeting,S00563,E00826,Scientific exchange on clinical data,67.0
I004104,2024-06-04,Japan,APAC,Specialty,Group Meeting,S01329,E00104,Training and best practice sharing,56.0
I004105,2025-02-02,GB,EMEA,Respiratory,1:1 Meeting,S00167,E00938,Advisory board discussion on unmet needs,45.0
I004106,2024-06-19,DEU,EMEA,Primary Care,1:1 Meeting,S01213,E00995,Speaker program educational session,31.0
I004107,2025-05-27,United States,Americas,Specialty,1:1 Meeting,S00690,E00440,Scientific exchange on clinical data,37.0
I004108,2024-02-17,Italy,EMEA,Respiratory,Advisory Board,S01083,E00918,Market access discussion,159.0
I004109,2024-01-01,MEX,Americas,Respiratory,Advisory Board,S01090,E00236,,138.0
I004110,2024-04-16,India,APAC,Oncology,Advisory Board,S00004,E00643,Advisory board discussion on unmet needs,192.0
I004111,2024-06-21,IN,APAC,Respiratory,Speaker Program,S01289,E00908,Speaker program educational session,135.0
I004112,2024-12-14,Italy,EMEA,Oncology,1:1 Meeting,S01206,E00304,Training and best practice sharing,10.0
I004113,2024-07-21,CA,Americas,Respiratory,1:1 Meeting,S01078,E00738,Meeting,51.0
I004114,2024-03-06,United States,Americas,Vaccines,Advisory Board,S00090,E00220,Business discussion,187.0
I004115,2025-04-24,Italy,EMEA,Oncology,1:1 Meeting,S00549,E00876,Training and best practice sharing,45.0
I004116,2024-06-07,CA,Americas,Respiratory,1:1 Meeting,S01088,E00317,Congress meeting and follow-up,20.0
I004117,2024-06-09,MX,Americas,Specialty,Group Meeting,S00522,E00919,Speaker program educational session,85.0
I004118,2025-06-10,United States,Americas,Specialty,Group Meeting,S00840,E00874,Congress meeting and follow-up,44.0
I004119,2024-06-03,CA,Americas,Primary Care,1:1 Meeting,S00604,E00975,,29.0
I004120,2024-01-12,United States of America,Americas,Oncology,1:1 Meeting,S01688,E00540,Congress meeting and follow-up,28.0
I004121,2024-03-07,MX,Americas,Primary Care,1:1 Meeting,S00513,E00745,Product information discussion (on-label),21.0
I004122,2024-10-16,IND,APAC,Vaccines,Group Meeting,S01647,E00163,Market access discussion,74.0
I004123,2025-06-27,Italy,EMEA,Oncology,1:1 Meeting,S00938,E00098,Training and best practice sharing,40.0
I004124,2024-07-24,CA,Americas,Vaccines,Speaker Program,S01411,E00673,Training and best practice sharing,76.0
I004125,2025-04-28,Brazil,Americas,Respiratory,Group Meeting,S01647,E00971,Speaker program educational session,52.0
I004126,2024-05-17,France,EMEA,Specialty,Advisory Board,S01786,E00845,Training and best practice sharing,163.0
I004127,2025-04-01,BRA,Americas,Respiratory,Group Meeting,S00392,E00770,Congress meeting and follow-up,6.0
I004128,2025-03-19,UK,EMEA,Respiratory,1:1 Meeting,S00268,E00847,Advisory board discussion on unmet needs,
I004129,2024-12-18,United States of America,Americas,Vaccines,1:1 Meeting,S00098,E00254,Training and best practice sharing,15.0
I004130,2025-02-22,IN,APAC,Vaccines,Speaker Program,S00623,E00044,Speaker program educational session,101.0
I004131,2025-03-25,USA,Americas,Respiratory,Speaker Program,S00666,E00626,Scientific exchange on clinical data,83.0
I004132,2025-01-03,ITA,EMEA,Vaccines,Group Meeting,S01563,E00590,Speaker program educational session,54.0
I004133,2025-05-29,U.S.,Americas,Specialty,1:1 Meeting,S00850,E00082,Product information discussion (on-label),25.0
I004134,2025-03-10,Great Britain,EMEA,Oncology,1:1 Meeting,S01225,E00421,Training and best practice sharing,9.0
I004135,2024-08-14,India,APAC,Primary Care,Group Meeting,S01449,E00554,Market access discussion,64.0
I004136,2024-12-25,IN,APAC,Primary Care,1:1 Meeting,S00336,E00815,Discussed topics,
I004137,2024-11-24,FRA,EMEA,Primary Care,Speaker Program,S00881,E00167,Training and best practice sharing,86.0
I004138,2024-07-27,Canada,Americas,Respiratory,1:1 Meeting,S00790,E00453,Follow-up,30.0
I004139,2024-09-29,CA,Americas,Specialty,1:1 Meeting,S00128,E00449,Scientific exchange on clinical data,27.0
I004140,2024-06-09,GB,EMEA,Respiratory,Group Meeting,S00434,E00566,Scientific exchange on clinical data,51.0
I004141,2024-05-28,U.S.,Americas,Oncology,Speaker Program,S00973,E00546,Training and best practice sharing,39.0
I004142,2024-02-14,IND,APAC,Oncology,Group Meeting,S00477,E00049,Speaker program educational session,51.0
I004143,2024-08-21,BRA,Americas,Specialty,Congress/Conference,S00366,E00856,Congress meeting and follow-up,134.0
I004144,2024-07-15,Italy,EMEA,Oncology,Speaker Program,S00944,E00822,Scientific exchange on clinical data,123.0
I004145,2024-01-25,IN,APAC,Respiratory,1:1 Meeting,S01297,E00668,Speaker program educational session,37.0
I004146,2025-04-18,US,Americas,Vaccines,1:1 Meeting,S00763,E00121,Market access discussion,26.0
I004147,2024-08-10,BRA,Americas,Oncology,Speaker Program,S00117,E00744,Training and best practice sharing,63.0
I004148,2025-02-05,CA,Americas,Primary Care,1:1 Meeting,S00050,E00824,Training and best practice sharing,26.0
I004149,2024-09-13,India,APAC,Vaccines,Congress/Conference,S00767,E00745,Training and best practice sharing,112.0
I004150,2025-03-19,USA,Americas,Primary Care,1:1 Meeting,S00367,E00843,,19.0
I004151,2025-02-21,IN,APAC,Oncology,1:1 Meeting,S00060,E00990,Advisory board discussion on unmet needs,
I004152,2024-12-06,BRA,Americas,Respiratory,Advisory Board,S01590,E00145,Product information discussion (on-label),244.0
I004153,2024-09-13,CA,Americas,Oncology,1:1 Meeting,S01117,E00333,Congress meeting and follow-up,31.0
I004154,2024-05-29,IN,APAC,Respiratory,1:1 Meeting,S01128,E00746,Speaker program educational session,33.0
I004155,2024-11-25,Brazil,Americas,Oncology,1:1 Meeting,S00808,E00842,Advisory board discussion on unmet needs,44.0
I004156,2024-05-02,DEU,EMEA,Respiratory,1:1 Meeting,S01736,E00669,Advisory board discussion on unmet needs,28.0
I004157,2024-08-31,BRA,Americas,Specialty,1:1 Meeting,S00178,E00564,Scientific exchange on clinical data,23.0
I004158,2024-07-08,Great Britain,EMEA,Oncology,1:1 Meeting,S00912,E00964,Scientific exchange on clinical data,8.0
I004159,2024-08-12,Great Britain,EMEA,Specialty,1:1 Meeting,S01790,E00583,Congress meeting and follow-up,28.0
I004160,2024-03-23,IT,EMEA,Primary Care,Group Meeting,S00358,E00975,Speaker program educational session,
I004161,2024-02-25,Italy,EMEA,Specialty,Group Meeting,S00830,E00215,Training and best practice sharing,71.0
I004162,2024-07-03,FR,EMEA,Vaccines,Speaker Program,S00601,E00914,Congress meeting and follow-up,127.0
I004163,2025-06-05,IN,APAC,Respiratory,Group Meeting,S01499,E00441,Speaker program educational session,69.0
I004164,2024-02-07,JPN,APAC,Vaccines,1:1 Meeting,S01639,E00785,Scientific exchange on clinical data,26.0
I004165,2024-05-02,FRA,EMEA,Specialty,Advisory Board,S00632,E00080,Speaker program educational session,215.0
I004166,2024-03-07,Canada,Americas,Respiratory,1:1 Meeting,S00996,E00575,Scientific exchange on clinical data,44.0
I004167,2025-01-28,US,Americas,Specialty,Speaker Program,S00949,E00734,Follow-up,137.0
I004168,2025-02-08,MEX,Americas,Vaccines,Speaker Program,S01567,E00999,Speaker program educational session,81.0
I004169,2025-03-24,Brazil,Americas,Primary Care,1:1 Meeting,S00444,E00154,Market access discussion,17.0
I004170,2024-11-15,MEX,Americas,Specialty,1:1 Meeting,S01189,E00832,Congress meeting and follow-up,28.0
I004171,2024-06-25,DE,EMEA,Respiratory,1:1 Meeting,S01544,E00510,Congress meeting and follow-up,37.0
I004172,2025-06-16,IT,EMEA,Oncology,Speaker Program,S01327,E00195,Training and best practice sharing,116.0
I004173,2024-05-14,France,EMEA,Respiratory,Congress/Conference,S01488,E00030,Meeting,137.0
I004174,2024-10-09,CA,Americas,Oncology,Speaker Program,S01730,E00436,Congress meeting and follow-up,63.0
I004175,2025-06-03,USA,Americas,Primary Care,1:1 Meeting,S00616,E00399,Market access discussion,28.0
I004176,2024-08-29,India,APAC,Vaccines,1:1 Meeting,S00354,E00470,Discussed topics,22.0
I004177,2025-06-05,U.S.,Americas,Vaccines,Advisory Board,S01540,E00076,Speaker program educational session,272.0
I004178,2024-05-10,BRA,Americas,Vaccines,1:1 Meeting,S01721,E00111,,15.0
I004179,2024-09-26,Great Britain,EMEA,Oncology,1:1 Meeting,S00762,E00080,Market access discussion,22.0
I004180,2025-06-08,DEU,EMEA,Oncology,1:1 Meeting,S00588,E00246,Product information discussion (on-label),17.0
I004181,2024-09-28,DE,EMEA,Vaccines,Group Meeting,S00428,E00144,Training and best practice sharing,68.0
I004182,2025-03-09,IN,APAC,Oncology,Advisory Board,S01530,E00365,Market access discussion,216.0
I004183,2024-02-07,MX,Americas,Respiratory,1:1 Meeting,S00305,E00142,Scientific exchange on clinical data,27.0
I004184,2025-01-10,CA,Americas,Respiratory,1:1 Meeting,S00401,E00754,Speaker program educational session,
I004185,2025-04-18,Brazil,Americas,Oncology,1:1 Meeting,S00120,E00469,Market access discussion,26.0
I004186,2024-08-05,United Kingdom,EMEA,Primary Care,Advisory Board,S01460,E00838,Congress meeting and follow-up,99.0
I004187,2024-05-08,US,Americas,Vaccines,1:1 Meeting,S01546,E00711,Market access discussion,26.0
I004188,2025-05-24,United States of America,Americas,Primary Care,1:1 Meeting,S01486,E00822,Congress meeting and follow-up,24.0
I004189,2025-03-12,DE,EMEA,Vaccines,Group Meeting,S01640,E00587,Market access discussion,44.0
I004190,2024-05-08,United States,Americas,Specialty,1:1 Meeting,S00970,E00359,Product information discussion (on-label),28.0
I004191,2024-01-29,IN,APAC,Specialty,Advisory Board,S01600,E00450,Scientific exchange on clinical data,249.0
I004192,2024-05-12,CAN,Americas,Primary Care,1:1 Meeting,S01011,E00043,Scientific exchange on clinical data,34.0
I004193,2024-11-22,India,APAC,Respiratory,Group Meeting,S01358,E00646,Speaker program educational session,47.0
I004194,2025-06-17,Mexico,Americas,Vaccines,Speaker Program,S00159,E00883,Business discussion,65.0
I004195,2024-08-28,MX,Americas,Specialty,Speaker Program,S00113,E00368,Congress meeting and follow-up,
I004196,2024-01-05,Canada,Americas,Vaccines,1:1 Meeting,S01083,E00032,,29.0
I004197,2024-03-21,Germany,EMEA,Respiratory,Advisory Board,S01657,E00477,Scientific exchange on clinical data,64.0
I004198,2025-06-26,Mexico,Americas,Oncology,1:1 Meeting,S00120,E00754,Market access discussion,40.0
I004199,2024-01-07,U.S.,Americas,Specialty,Speaker Program,S00041,E00245,Training and best practice sharing,98.0
I004200,2024-03-13,GB,EMEA,Specialty,Speaker Program,S00949,E00804,Advisory board discussion on unmet needs,90.0
I004201,2024-01-10,Great Britain,EMEA,Oncology,1:1 Meeting,S00527,E00797,Congress meeting and follow-up,25.0
I004202,2025-05-27,Italy,EMEA,Primary Care,1:1 Meeting,S01755,E00961,Business discussion,0.0
I004203,2025-03-16,UK,EMEA,Vaccines,Advisory Board,S00909,E00270,Training and best practice sharing,118.0
I004204,2024-12-03,USA,Americas,Specialty,Speaker Program,S01735,E00741,Product information discussion (on-label),74.0
I004205,2024-07-02,IN,APAC,Specialty,Group Meeting,S00429,E00738,Product information discussion (on-label),58.0
I004206,2024-11-11,Brazil,Americas,Oncology,Congress/Conference,S00896,E00081,Congress meeting and follow-up,
I004207,2025-05-11,BRA,Americas,Oncology,Speaker Program,S01499,E00275,Advisory board discussion on unmet needs,110.0
I004208,2025-04-17,IN,APAC,Vaccines,1:1 Meeting,S00263,E00405,Advisory board discussion on unmet needs,25.0
I004209,2024-04-24,Canada,Americas,Primary Care,1:1 Meeting,S01385,E00539,Speaker program educational session,27.0
I004210,2024-12-14,CA,Americas,Specialty,Speaker Program,S01562,E00229,Market access discussion,80.0
I004211,2024-05-18,DEU,EMEA,Oncology,1:1 Meeting,S01308,E00328,Congress meeting and follow-up,26.0
I004212,2024-10-18,France,EMEA,Vaccines,1:1 Meeting,S00633,E00182,Speaker program educational session,37.0
I004213,2024-03-14,BR,Americas,Oncology,Advisory Board,S01723,E00892,Product information discussion (on-label),
I004214,2024-05-06,JPN,APAC,Respiratory,1:1 Meeting,S00377,E00485,Product information discussion (on-label),
I004215,2025-06-01,BRA,Americas,Primary Care,1:1 Meeting,S01587,E00947,Business discussion,32.0
I004216,2024-08-19,ITA,EMEA,Oncology,Speaker Program,S00737,E00394,Congress meeting and follow-up,67.0
I004217,2024-07-13,US,Americas,Vaccines,1:1 Meeting,S00985,E00321,Scientific exchange on clinical data,37.0
I004218,2024-08-11,DEU,EMEA,Specialty,1:1 Meeting,S00406,E00116,Market access discussion,37.0
I004219,2024-10-04,United States of America,Americas,Oncology,Speaker Program,S00973,E00328,Market access discussion,109.0
I004220,2024-08-02,CA,Americas,Primary Care,1:1 Meeting,S00348,E00177,Congress meeting and follow-up,10.0
I004221,2025-03-14,JP,APAC,Respiratory,Group Meeting,S00112,E00012,Market access discussion,90.0
I004222,2025-01-09,FRA,EMEA,Specialty,Advisory Board,S00594,E00632,Training and best practice sharing,
I004223,2025-05-14,Great Britain,EMEA,Specialty,Group Meeting,S01246,E00854,Product information discussion (on-label),47.0
I004224,2024-11-16,BRA,Americas,Specialty,1:1 Meeting,S01018,E00597,Congress meeting and follow-up,43.0
I004225,2024-01-10,U.S.,Americas,Oncology,Speaker Program,S01006,E00463,Business discussion,130.0
I004226,2025-03-31,United Kingdom,EMEA,Oncology,Speaker Program,S00637,E00328,Scientific exchange on clinical data,39.0
I004227,2024-10-04,United States,Americas,Vaccines,Speaker Program,S00032,E00898,Market access discussion,95.0
I004228,2024-04-16,DEU,EMEA,Respiratory,1:1 Meeting,S00523,E00938,Training and best practice sharing,0.0
I004229,2025-01-24,USA,Americas,Primary Care,1:1 Meeting,S01144,E00886,Advisory board discussion on unmet needs,45.0
I004230,2025-01-10,India,APAC,Oncology,Congress/Conference,S00661,E00387,Product information discussion (on-label),92.0
I004231,2025-01-02,ITA,EMEA,Respiratory,Group Meeting,S00402,E00212,Product information discussion (on-label),65.0
I004232,2025-05-14,CAN,Americas,Vaccines,1:1 Meeting,S00945,E00760,,29.0
I004233,2024-06-15,JPN,APAC,Specialty,Congress/Conference,S00269,E00864,Market access discussion,139.0
I004234,2024-07-03,Italy,EMEA,Vaccines,Speaker Program,S00826,E00422,Training and best practice sharing,47.0
I004235,2024-06-06,IN,APAC,Oncology,Group Meeting,S01381,E00028,Product information discussion (on-label),20.0
I004236,2024-04-05,Canada,Americas,Oncology,1:1 Meeting,S01223,E00461,Product information discussion (on-label),14.0
I004237,2025-05-04,IN,APAC,Respiratory,Speaker Program,S00947,E00326,Market access discussion,105.0
I004238,2024-09-29,DEU,EMEA,Specialty,1:1 Meeting,S00572,E00479,Product information discussion (on-label),26.0
I004239,2024-08-06,ITA,EMEA,Primary Care,1:1 Meeting,S00915,E00252,,21.0
I004240,2025-03-28,JP,APAC,Specialty,Speaker Program,S00942,E00899,Meeting,96.0
I004241,2024-05-31,IND,APAC,Respiratory,Speaker Program,S01288,E00521,Market access discussion,54.0
I004242,2025-03-06,IN,APAC,Primary Care,1:1 Meeting,S01540,E00892,Discussed topics,18.0
I004243,2025-01-13,Japan,APAC,Vaccines,1:1 Meeting,S01499,E00597,Scientific exchange on clinical data,32.0
I004244,2024-03-24,IN,APAC,Vaccines,1:1 Meeting,S00578,E00231,Speaker program educational session,29.0
I004245,2024-07-10,United States of America,Americas,Respiratory,Congress/Conference,S00585,E00555,Training and best practice sharing,152.0
I004246,2024-04-15,BRA,Americas,Primary Care,Group Meeting,S00773,E00246,Training and best practice sharing,91.0
I004247,2025-06-02,DE,EMEA,Oncology,Congress/Conference,S01293,E00713,Scientific exchange on clinical data,63.0
I004248,2024-12-22,United States of America,Americas,Oncology,Speaker Program,S01461,E00253,Product information discussion (on-label),56.0
I004249,2025-02-03,United States,Americas,Oncology,Speaker Program,S00228,E00008,Advisory board discussion on unmet needs,77.0
I004250,2024-03-14,BRA,Americas,Vaccines,Group Meeting,S01775,E00623,Advisory board discussion on unmet needs,
I004251,2024-01-05,Mexico,Americas,Oncology,Speaker Program,S00072,E00196,Product information discussion (on-label),85.0
I004252,2024-01-19,Canada,Americas,Oncology,Group Meeting,S00526,E00934,Speaker program educational session,54.0
I004253,2024-12-08,CAN,Americas,Specialty,Congress/Conference,S00697,E00373,Congress meeting and follow-up,124.0
I004254,2024-12-03,IT,EMEA,Specialty,Speaker Program,S00403,E00392,,90.0
I004255,2024-12-18,Canada,Americas,Primary Care,Advisory Board,S00368,E00921,Scientific exchange on clinical data,
I004256,2024-03-03,ITA,EMEA,Oncology,Speaker Program,S00805,E00667,Product information discussion (on-label),80.0
I004257,2024-08-13,United States of America,Americas,Specialty,1:1 Meeting,S00633,E00816,Product information discussion (on-label),25.0
I004258,2024-01-24,US,Americas,Primary Care,Advisory Board,S00051,E00585,Scientific exchange on clinical data,204.0
I004259,2024/07/29,USA,Americas,Oncology,Congress/Conference,S01226,E00158,Training and best practice sharing,128.0
I004260,2024-08-07,UK,EMEA,Vaccines,Speaker Program,S00613,E00634,Training and best practice sharing,72.0
I004261,2024-12-22,CAN,Americas,Primary Care,Group Meeting,S01457,E00027,Scientific exchange on clinical data,79.0
I004262,2024-06-30,US,Americas,Oncology,Group Meeting,S00490,E00581,Training and best practice sharing,68.0
I004263,2024-02-26,Mexico,Americas,Specialty,Speaker Program,S01132,E00439,Training and best practice sharing,103.0
I004264,2024-01-02,India,APAC,Respiratory,Group Meeting,S00287,E00524,Product information discussion (on-label),18.0
I004265,2024-10-14,Japan,APAC,Vaccines,1:1 Meeting,S01343,E00638,Product information discussion (on-label),28.0
I004266,2024-08-09,India,APAC,Respiratory,1:1 Meeting,S01007,E00636,Training and best practice sharing,45.0
I004267,2024-11-26,CAN,Americas,Primary Care,1:1 Meeting,S00510,E00750,Product information discussion (on-label),42.0
I004268,2024-05-06,GB,EMEA,Specialty,Group Meeting,S00726,E00715,,29.0
I004269,2024-09-21,USA,Americas,Oncology,1:1 Meeting,S00185,E00775,Advisory board discussion on unmet needs,18.0
I004270,2024-04-14,FRA,EMEA,Oncology,1:1 Meeting,S01665,E00940,Advisory board discussion on unmet needs,33.0
I004271,2025-05-07,Germany,EMEA,Oncology,Group Meeting,S00290,E00995,Advisory board discussion on unmet needs,34.0
I004272,2025-04-18,BR,Americas,Respiratory,Group Meeting,S00805,E00525,Advisory board discussion on unmet needs,65.0
I004273,2024-07-08,CA,Americas,Respiratory,1:1 Meeting,S00712,E00626,Product information discussion (on-label),0.0
I004274,2025-05-09,DEU,EMEA,Vaccines,1:1 Meeting,S01201,E00307,Speaker program educational session,38.0
I004275,2024-02-08,DE,EMEA,Specialty,1:1 Meeting,S01712,E00276,Congress meeting and follow-up,26.0
I004276,2025-02-02,France,EMEA,Vaccines,Group Meeting,S01336,E00715,Advisory board discussion on unmet needs,64.0
I004277,2024-09-18,IN,APAC,Oncology,Speaker Program,S00877,E00434,Advisory board discussion on unmet needs,
I004278,2024-05-08,USA,Americas,Oncology,1:1 Meeting,S00256,E00266,Congress meeting and follow-up,51.0
I004279,2025-06-23,ITA,EMEA,Primary Care,Speaker Program,S01063,E00893,Product information discussion (on-label),101.0
I004280,2024-03-05,USA,Americas,Respiratory,Group Meeting,S01042,E00180,Discussed topics,75.0
I004281,2024-08-05,USA,Americas,Vaccines,1:1 Meeting,S00265,E00365,Speaker program educational session,23.0
I004282,2024-07-10,IND,APAC,Primary Care,1:1 Meeting,S00168,E00217,Congress meeting and follow-up,34.0
I004283,2024-07-07,US,Americas,Primary Care,Speaker Program,S00032,E00815,Training and best practice sharing,139.0
I004284,2025-03-28,GB,EMEA,Respiratory,Congress/Conference,S01169,E00849,Training and best practice sharing,143.0
I004285,2025-01-17,Canada,Americas,Specialty,1:1 Meeting,S00070,E00238,Catch-up,
I004286,2024-07-27,United States,Americas,Oncology,Group Meeting,S00214,E00503,Advisory board discussion on unmet needs,24.0
I004287,2025-06-30,Brazil,Americas,Respiratory,Group Meeting,S00757,E00842,Speaker program educational session,
I004288,2024-02-05,US,Americas,Respiratory,1:1 Meeting,S00785,E00986,Market access discussion,40.0
I004289,2025-04-07,UK,EMEA,Vaccines,Group Meeting,S00226,E00383,Congress meeting and follow-up,54.0
I004290,2024-03-03,BRA,Americas,Primary Care,1:1 Meeting,S01642,E00679,Product information discussion (on-label),33.0
I004291,2024-03-22,IN,APAC,Primary Care,Group Meeting,S01431,E00139,Market access discussion,69.0
I004292,2024-02-26,United States of America,Americas,Primary Care,Congress/Conference,S01346,E00882,Speaker program educational session,151.0
I004293,2024-04-18,Japan,APAC,Primary Care,Group Meeting,S00168,E00807,Scientific exchange on clinical data,63.0
I004294,2024-11-10,MEX,Americas,Vaccines,Group Meeting,S01444,E00763,Advisory board discussion on unmet needs,70.0
I004295,2024-10-20,U.S.,Americas,Oncology,Speaker Program,S00545,E00012,Market access discussion,85.0
I004296,2025-04-25,Italy,EMEA,Vaccines,Congress/Conference,S01330,E00279,Speaker program educational session,172.0
I004297,2024-09-23,U.S.,Americas,Respiratory,Group Meeting,S01272,E00826,Advisory board discussion on unmet needs,37.0
I004298,2025-06-16,France,EMEA,Respiratory,1:1 Meeting,S00975,E00211,Speaker program educational session,35.0
I004299,2024-05-27,JP,APAC,Primary Care,Speaker Program,S01566,E00763,Training and best practice sharing,0.0
I004300,2024-08-29,DE,EMEA,Specialty,Advisory Board,S01716,E00278,Congress meeting and follow-up,177.0
I004301,2024-03-06,U.S.,Americas,Respiratory,1:1 Meeting,S01345,E00514,Training and best practice sharing,30.0
I004302,2024-07-27,MEX,Americas,Primary Care,1:1 Meeting,S00489,E00411,Advisory board discussion on unmet needs,
I004303,2025-02-18,India,APAC,Respiratory,Congress/Conference,S00420,E00030,Congress meeting and follow-up,124.0
I004304,2025-03-15,CA,Americas,Oncology,1:1 Meeting,S00821,E00628,Advisory board discussion on unmet needs,30.0
I004305,2025-06-15,MX,Americas,Specialty,1:1 Meeting,S00789,E00295,Product information discussion (on-label),33.0
I004306,2024-07-07,Mexico,Americas,Respiratory,1:1 Meeting,S01343,E00970,Scientific exchange on clinical data,34.0
I004307,2024-06-26,Italy,EMEA,Oncology,1:1 Meeting,S00037,E00824,Congress meeting and follow-up,21.0
I004308,2025-01-16,IND,APAC,Primary Care,1:1 Meeting,S00725,E00708,Speaker program educational session,25.0
I004309,2024-05-22,IT,EMEA,Primary Care,Advisory Board,S01157,E00988,Advisory board discussion on unmet needs,219.0
I004310,2024-05-02,Brazil,Americas,Respiratory,Group Meeting,S00015,E00481,Market access discussion,68.0
I004311,2025-03-15,USA,Americas,Vaccines,1:1 Meeting,S00082,E00644,Product information discussion (on-label),42.0
I004312,2025-03-30,DE,EMEA,Specialty,1:1 Meeting,S01088,E00558,Scientific exchange on clinical data,36.0
I004313,2024-07-16,BR,Americas,Vaccines,Group Meeting,S01744,E00098,Advisory board discussion on unmet needs,23.0
I004314,2024-11-27,Italy,EMEA,Vaccines,Speaker Program,S01782,E00675,Product information discussion (on-label),123.0
I004315,2024-07-30,U.S.,Americas,Primary Care,1:1 Meeting,S00717,E00559,Speaker program educational session,14.0
I004316,2024-03-01,United States of America,Americas,Respiratory,Group Meeting,S01261,E00019,Scientific exchange on clinical data,55.0
I004317,2024-04-04,Canada,Americas,Primary Care,1:1 Meeting,S01321,E00308,Speaker program educational session,42.0
I004318,2024-10-23,ITA,EMEA,Specialty,1:1 Meeting,S01690,E00630,Congress meeting and follow-up,18.0
I004319,2024-05-02,USA,Americas,Oncology,1:1 Meeting,S00824,E00498,Scientific exchange on clinical data,15.0
I004320,2025-02-02,US,Americas,Primary Care,1:1 Meeting,S01216,E00506,Scientific exchange on clinical data,0.0
I004321,2024-08-18,France,EMEA,Vaccines,Group Meeting,S00897,E00564,Product information discussion (on-label),
I004322,2024-10-18,GB,EMEA,Respiratory,Speaker Program,S00300,E00471,Congress meeting and follow-up,105.0
I004323,2024-10-02,USA,Americas,Oncology,Speaker Program,S00945,E00645,Scientific exchange on clinical data,63.0
I004324,2024-02-24,United States of America,Americas,Oncology,Speaker Program,S00688,E00672,Scientific exchange on clinical data,111.0
I004325,2024-01-26,US,Americas,Specialty,1:1 Meeting,S01737,E00136,Market access discussion,37.0
I004326,2024-08-30,UK,EMEA,Oncology,1:1 Meeting,S00633,E00018,Training and best practice sharing,23.0
I004327,2024-07-08,U.S.,Americas,Vaccines,1:1 Meeting,S00605,E00714,Market access discussion,20.0
I004328,2024-10-02,France,EMEA,Vaccines,Group Meeting,S00530,E00556,Advisory board discussion on unmet needs,51.0
I004329,2025-02-12,United Kingdom,EMEA,Respiratory,1:1 Meeting,S00746,E00975,Congress meeting and follow-up,35.0
I004330,2025-03-19,Germany,EMEA,Specialty,Speaker Program,S00889,E00777,Scientific exchange on clinical data,154.0
I004331,2025-03-02,UK,EMEA,Primary Care,1:1 Meeting,S00539,E00993,Training and best practice sharing,35.0
I004332,2025-06-11,US,Americas,Respiratory,Advisory Board,S01419,E00200,Scientific exchange on clinical data,112.0
I004333,2024-12-15,DE,EMEA,Primary Care,1:1 Meeting,S00970,E00917,Advisory board discussion on unmet needs,33.0
I004334,2025-03-10,Brazil,Americas,Vaccines,Speaker Program,S00252,E00768,Product information discussion (on-label),93.0
I004335,2025-03-01,India,APAC,Oncology,1:1 Meeting,S00706,E00884,Scientific exchange on clinical data,30.0
I004336,2024-03-18,FRA,EMEA,Specialty,Speaker Program,S00922,E00094,Market access discussion,51.0
I004337,2024-12-01,FRA,EMEA,Vaccines,Group Meeting,S01276,E00636,Meeting,59.0
I004338,2024-01-04,USA,Americas,Vaccines,Group Meeting,S01261,E00954,Product information discussion (on-label),65.0
I004339,2024-11-12,United States of America,Americas,Vaccines,Group Meeting,S00192,E00511,Scientific exchange on clinical data,69.0
I004340,2024-05-12,GB,EMEA,Vaccines,Congress/Conference,S01569,E00269,Scientific exchange on clinical data,161.0
I004341,2024-04-28,UK,EMEA,Oncology,1:1 Meeting,S00821,E00728,Advisory board discussion on unmet needs,24.0
I004342,2024-11-25,United States of America,Americas,Respiratory,Advisory Board,S01175,E00928,Advisory board discussion on unmet needs,147.0
I004343,2024-08-06,Mexico,Americas,Vaccines,1:1 Meeting,S00839,E00613,Product information discussion (on-label),21.0
I004344,2024-03-25,MX,Americas,Respiratory,Congress/Conference,S01135,E00581,Market access discussion,101.0
I004345,2024-09-01,IN,APAC,Primary Care,1:1 Meeting,S01192,E00721,Business discussion,42.0
I004346,2024-07-30,IN,APAC,Oncology,1:1 Meeting,S00247,E00572,Speaker program educational session,31.0
I004347,2024-07-01,DE,EMEA,Primary Care,1:1 Meeting,S01076,E00364,Speaker program educational session,41.0
I004348,2024-12-15,U.S.,Americas,Primary Care,Speaker Program,S01289,E00377,Product information discussion (on-label),138.0
I004349,2024-10-08,USA,Americas,Specialty,Group Meeting,S00175,E00277,Market access discussion,64.0
I004350,2025-06-20,Germany,EMEA,Respiratory,1:1 Meeting,S00541,E00376,Market access discussion,21.0
I004351,2024-01-20,Great Britain,EMEA,Oncology,Speaker Program,S00022,E00844,Scientific exchange on clinical data,72.0
I004352,2025-02-08,Mexico,Americas,Specialty,Group Meeting,S01254,E00743,Catch-up,93.0
I004353,2024-04-24,Mexico,Americas,Respiratory,Speaker Program,S01351,E00802,Market access discussion,120.0
I004354,2025-01-15,BR,Americas,Specialty,Group Meeting,S01482,E00329,Speaker program educational session,30.0
I004355,2025-06-06,U.S.,Americas,Respiratory,Speaker Program,S00193,E00702,Product information discussion (on-label),121.0
I004356,2025-03-20,United States of America,Americas,Oncology,Congress/Conference,S01447,E00772,Speaker program educational session,85.0
I004357,2024-03-27,Great Britain,EMEA,Primary Care,1:1 Meeting,S00743,E00420,Speaker program educational session,36.0
I004358,2025-02-01,France,EMEA,Vaccines,Speaker Program,S00532,E00395,Speaker program educational session,99.0
I004359,2024-10-12,USA,Americas,Specialty,Speaker Program,S01264,E00998,Scientific exchange on clinical data,84.0
I004360,2025-02-25,CAN,Americas,Primary Care,Group Meeting,S00502,E00058,Discussed topics,62.0
I004361,2025-03-18,CAN,Americas,Specialty,Group Meeting,S00338,E00735,Product information discussion (on-label),58.0
I004362,2024-10-14,Italy,EMEA,Oncology,Group Meeting,S00413,E00714,Speaker program educational session,60.0
I004363,2024-04-04,IND,APAC,Respiratory,Congress/Conference,S01359,E00493,Product information discussion (on-label),102.0
I004364,2024-06-03,UK,EMEA,Primary Care,1:1 Meeting,S01497,E00119,Scientific exchange on clinical data,18.0
I004365,2025-05-18,DE,EMEA,Specialty,1:1 Meeting,S00530,E00399,Speaker program educational session,21.0
I004366,2024-05-16,FRA,EMEA,Specialty,1:1 Meeting,S00549,E00528,Training and best practice sharing,27.0
I004367,2024-06-28,BRA,Americas,Vaccines,Group Meeting,S00711,E00384,Market access discussion,90.0
I004368,2025-01-21,Great Britain,EMEA,Primary Care,1:1 Meeting,S00316,E00397,Discussed topics,40.0
I004369,2025-02-11,United States of America,Americas,Specialty,Speaker Program,S01148,E00515,Advisory board discussion on unmet needs,53.0
I004370,2024/06/18,IN,APAC,Respiratory,Group Meeting,S01458,E00417,Product information discussion (on-label),75.0
I004371,2024-06-07,Canada,Americas,Specialty,1:1 Meeting,S00584,E00978,Market access discussion,16.0
I004372,2024-03-22,CAN,Americas,Vaccines,1:1 Meeting,S01613,E00956,Product information discussion (on-label),
I004373,2024-02-26,United States,Americas,Vaccines,Speaker Program,S01350,E00908,Speaker program educational session,83.0
I004374,2025-01-10,GB,EMEA,Oncology,1:1 Meeting,S00465,E00617,Scientific exchange on clinical data,11.0
I004375,2024-02-02,MX,Americas,Primary Care,Group Meeting,S00051,E00759,Training and best practice sharing,55.0
I004376,2025-04-30,IN,APAC,Primary Care,Speaker Program,S00630,E00512,Training and best practice sharing,33.0
I004377,2025-05-30,JPN,APAC,Primary Care,Group Meeting,S00159,E00332,Congress meeting and follow-up,84.0
I004378,2024-05-21,USA,Americas,Respiratory,Speaker Program,S00130,E00408,Training and best practice sharing,
I004379,2025-03-11,DEU,EMEA,Respiratory,1:1 Meeting,S01192,E00318,Speaker program educational session,26.0
I004380,2025-06-03,USA,Americas,Respiratory,1:1 Meeting,S00957,E00901,Scientific exchange on clinical data,26.0
I004381,2024-12-10,JP,APAC,Primary Care,Group Meeting,S01506,E00385,Market access discussion,87.0
I004382,2024-01-21,France,EMEA,Oncology,Speaker Program,S01446,E00117,Speaker program educational session,92.0
I004383,2025-02-11,France,EMEA,Oncology,Speaker Program,S01070,E00506,Speaker program educational session,133.0
I004384,2024-09-21,US,Americas,Vaccines,Speaker Program,S01745,E00084,Advisory board discussion on unmet needs,114.0
I004385,2024-07-02,MX,Americas,Vaccines,1:1 Meeting,S00110,E00087,Training and best practice sharing,23.0
I004386,2024-09-02,IND,APAC,Vaccines,Congress/Conference,S01407,E00487,Advisory board discussion on unmet needs,78.0
I004387,2024-03-13,United States,Americas,Vaccines,Speaker Program,S00660,E00823,Scientific exchange on clinical data,167.0
I004388,2024-08-17,IN,APAC,Vaccines,1:1 Meeting,S00945,E00530,Market access discussion,24.0
I004389,2024-03-12,DE,EMEA,Primary Care,1:1 Meeting,S00125,E00971,Training and best practice sharing,36.0
I004390,2024-03-24,Italy,EMEA,Respiratory,1:1 Meeting,S01766,E00002,Training and best practice sharing,10.0
I004391,2024-10-25,IN,APAC,Respiratory,1:1 Meeting,S00053,E00521,Speaker program educational session,20.0
I004392,2024-08-10,FRA,EMEA,Respiratory,1:1 Meeting,S00738,E00896,Market access discussion,37.0
I004393,2024-08-03,India,APAC,Primary Care,1:1 Meeting,S01756,E00610,Advisory board discussion on unmet needs,45.0
I004394,2025-03-01,IT,EMEA,Specialty,1:1 Meeting,S01131,E00993,Market access discussion,24.0
I004395,2024-07-14,JPN,APAC,Oncology,1:1 Meeting,S00541,E00294,Congress meeting and follow-up,19.0
I004396,2025-04-10,USA,Americas,Oncology,Speaker Program,S01106,E00789,,34.0
I004397,2025-03-23,Mexico,Americas,Respiratory,Speaker Program,S01307,E00494,Market access discussion,98.0
I004398,2025-05-06,Mexico,Americas,Specialty,Advisory Board,S00349,E00124,Meeting,248.0
I004399,2024-11-08,JP,APAC,Specialty,Group Meeting,S00307,E00234,Scientific exchange on clinical data,25.0
I004400,2025-06-29,UK,EMEA,Respiratory,Advisory Board,S01076,E00957,Congress meeting and follow-up,182.0
I004401,2025-01-05,CAN,Americas,Specialty,Advisory Board,S00393,E00130,Product information discussion (on-label),220.0
I004402,2025-05-05,Mexico,Americas,Vaccines,Speaker Program,S01449,E00097,Scientific exchange on clinical data,101.0
I004403,2024-05-29,Italy,EMEA,Primary Care,Group Meeting,S01395,E00876,Speaker program educational session,81.0
I004404,2024-01-29,US,Americas,Vaccines,Group Meeting,S01789,E00271,Product information discussion (on-label),50.0
I004405,2024-01-31,United States,Americas,Specialty,1:1 Meeting,S01257,E00700,Training and best practice sharing,23.0
I004406,2025-06-07,Brazil,Americas,Oncology,Group Meeting,S01734,E00228,Scientific exchange on clinical data,62.0
I004407,2025-06-30,GB,EMEA,Respiratory,Advisory Board,S01309,E00974,Product information discussion (on-label),243.0
I004408,2025-02-08,Mexico,Americas,Oncology,Group Meeting,S00192,E00745,Advisory board discussion on unmet needs,43.0
I004409,2024-09-01,BR,Americas,Oncology,Group Meeting,S01208,E00990,Congress meeting and follow-up,77.0
I004410,2025-02-02,JPN,APAC,Vaccines,1:1 Meeting,S01217,E00749,Congress meeting and follow-up,20.0
I004411,2025-02-02,GB,EMEA,Vaccines,Speaker Program,S01386,E00924,Scientific exchange on clinical data,93.0
I004412,2024-02-01,United States,Americas,Primary Care,1:1 Meeting,S01545,E00466,Product information discussion (on-label),14.0
I004413,2024-05-02,BR,Americas,Vaccines,Speaker Program,S00914,E00329,Speaker program educational session,106.0
I004414,2025-01-14,U.S.,Americas,Oncology,1:1 Meeting,S00622,E00888,Congress meeting and follow-up,20.0
I004415,2024-10-26,CA,Americas,Oncology,1:1 Meeting,S01007,E00532,Training and best practice sharing,46.0
I004416,2024-09-05,CAN,Americas,Respiratory,Group Meeting,S00449,E00691,Advisory board discussion on unmet needs,368.0
I004417,2024-02-03,Brazil,Americas,Vaccines,Group Meeting,S01448,E00321,Advisory board discussion on unmet needs,53.0
I004418,2024-08-07,BRA,Americas,Vaccines,Advisory Board,S00757,E00276,Scientific exchange on clinical data,147.0
I004419,2025-01-05,MEX,Americas,Vaccines,Group Meeting,S00555,E00565,Scientific exchange on clinical data,48.0
I004420,2024-05-15,Brazil,Americas,Primary Care,1:1 Meeting,S01160,E00474,Training and best practice sharing,33.0
I004421,2024-03-14,IND,APAC,Specialty,Group Meeting,S00482,E00904,Training and best practice sharing,72.0
I004422,2024-02-12,U.S.,Americas,Specialty,Speaker Program,S00879,E00851,Follow-up,70.0
I004423,2024-02-19,MX,Americas,Respiratory,Group Meeting,S01117,E00403,Congress meeting and follow-up,46.0
I004424,2024-10-29,Germany,EMEA,Primary Care,1:1 Meeting,S00246,E00559,Product information discussion (on-label),29.0
I004425,2024-05-21,France,EMEA,Oncology,Advisory Board,S01509,E00105,Congress meeting and follow-up,123.0
I004426,2024-08-08,US,Americas,Specialty,1:1 Meeting,S00974,E00950,Speaker program educational session,50.0
I004427,2024-12-27,GB,EMEA,Specialty,1:1 Meeting,S01495,E00995,Market access discussion,30.0
I004428,2024-12-11,U.S.,Americas,Oncology,1:1 Meeting,S01769,E00240,Congress meeting and follow-up,22.0
I004429,2024-07-22,IT,EMEA,Vaccines,1:1 Meeting,S01043,E00718,Product information discussion (on-label),21.0
I004430,2025-05-30,IN,APAC,Oncology,1:1 Meeting,S01556,E00770,Market access discussion,31.0
I004431,2025-05-06,JP,APAC,Respiratory,1:1 Meeting,S00193,E00438,Advisory board discussion on unmet needs,32.0
I004432,2024-11-17,Brazil,Americas,Specialty,1:1 Meeting,S00040,E00334,Congress meeting and follow-up,
I004433,2024-12-09,Japan,APAC,Vaccines,Speaker Program,S01741,E00720,Congress meeting and follow-up,68.0
I004434,2024-04-14,India,APAC,Specialty,1:1 Meeting,S00513,E00073,Advisory board discussion on unmet needs,18.0
I004435,2024-11-17,IN,APAC,Vaccines,1:1 Meeting,S00473,E00640,Speaker program educational session,13.0
I004436,2025-05-18,India,APAC,Primary Care,Group Meeting,S00581,E00788,Product information discussion (on-label),56.0
I004437,2024-03-25,FR,EMEA,Oncology,Group Meeting,S01493,E00703,Catch-up,62.0
I004438,2024-09-19,Mexico,Americas,Respiratory,Group Meeting,S00258,E00889,Congress meeting and follow-up,0.0
I004439,2024-01-06,United States of America,Americas,Oncology,Speaker Program,S01149,E00135,Advisory board discussion on unmet needs,138.0
I004440,2024-12-15,Brazil,Americas,Oncology,1:1 Meeting,S01230,E00072,Advisory board discussion on unmet needs,33.0
I004441,2024-07-18,FRA,EMEA,Respiratory,Speaker Program,S00890,E00490,Market access discussion,81.0
I004442,2024-11-30,United States of America,Americas,Specialty,Advisory Board,S00859,E00134,Product information discussion (on-label),139.0
I004443,2024-08-04,USA,Americas,Respiratory,Advisory Board,S01483,E00917,Scientific exchange on clinical data,167.0
I004444,2024-11-20,U.S.,Americas,Vaccines,1:1 Meeting,S01025,E00781,Market access discussion,27.0
I004445,2024-08-15,Brazil,Americas,Vaccines,Advisory Board,S00200,E00502,Product information discussion (on-label),154.0
I004446,2024-10-11,BRA,Americas,Respiratory,Congress/Conference,S00529,E00544,Product information discussion (on-label),165.0
I004447,2025-01-26,GB,EMEA,Vaccines,1:1 Meeting,S01666,E00335,Congress meeting and follow-up,6.0
I004448,2024-06-13,DEU,EMEA,Respiratory,1:1 Meeting,S01168,E00269,Speaker program educational session,32.0
I004449,2024-08-11,Great Britain,EMEA,Primary Care,Speaker Program,S00204,E00049,Training and best practice sharing,98.0
I004450,2025-06-07,United States,Americas,Primary Care,1:1 Meeting,S01493,E00675,Advisory board discussion on unmet needs,46.0
I004451,2024-02-21,India,APAC,Specialty,Congress/Conference,S00346,E00382,Speaker program educational session,112.0
I004452,2024-03-11,IN,APAC,Oncology,1:1 Meeting,S01118,E00136,Advisory board discussion on unmet needs,33.0
I004453,2024-09-29,IN,APAC,Respiratory,Advisory Board,S00023,E00983,Product information discussion (on-label),106.0
I004454,2024-06-14,Japan,APAC,Respiratory,Group Meeting,S00027,E00624,Product information discussion (on-label),68.0
I004455,2024-11-05,India,APAC,Vaccines,1:1 Meeting,S00562,E00546,Speaker program educational session,4.0
I004456,2024-08-21,India,APAC,Specialty,1:1 Meeting,S01253,E00371,Speaker program educational session,19.0
I004457,2025-01-10,CAN,Americas,Primary Care,1:1 Meeting,S01655,E00130,Follow-up,37.0
I004458,2024-01-21,DEU,EMEA,Primary Care,Group Meeting,S00168,E00680,Product information discussion (on-label),66.0
I004459,2024-09-13,Germany,EMEA,Respiratory,Group Meeting,S00718,E00552,Training and best practice sharing,59.0
I004460,2024-09-18,FR,EMEA,Vaccines,1:1 Meeting,S01242,E00197,Business discussion,33.0
I004461,2024-12-30,FR,EMEA,Specialty,Group Meeting,S00157,E00774,Training and best practice sharing,70.0
I004462,2025-03-28,U.S.,Americas,Respiratory,Group Meeting,S01240,E00499,Product information discussion (on-label),48.0
I004463,2025-01-31,CAN,Americas,Respiratory,Group Meeting,S00873,E00729,Scientific exchange on clinical data,102.0
I004464,2024-04-06,MX,Americas,Primary Care,1:1 Meeting,S01445,E00487,Congress meeting and follow-up,27.0
I004465,2025-06-12,FRA,EMEA,Primary Care,Group Meeting,S01397,E00474,Market access discussion,54.0
I004466,2024-08-02,BRA,Americas,Specialty,1:1 Meeting,S01621,E00383,Advisory board discussion on unmet needs,31.0
I004467,2024-09-07,FR,EMEA,Vaccines,Congress/Conference,S00146,E00744,Scientific exchange on clinical data,88.0
I004468,2024-02-23,JPN,APAC,Oncology,Speaker Program,S00822,E00910,Meeting,54.0
I004469,2024-10-09,United States,Americas,Vaccines,1:1 Meeting,S00522,E00408,Market access discussion,13.0
I004470,2024-04-23,ITA,EMEA,Oncology,1:1 Meeting,S01156,E00798,Training and best practice sharing,37.0
I004471,2025-06-26,BRA,Americas,Specialty,Advisory Board,S00183,E00270,Speaker program educational session,191.0
I004472,2024-07-13,United States,Americas,Specialty,Group Meeting,S01653,E00404,Market access discussion,7.0
I004473,2024-10-18,Mexico,Americas,Vaccines,Speaker Program,S01100,E00956,Product information discussion (on-label),51.0
I004474,2025-01-28,BR,Americas,Vaccines,1:1 Meeting,S01048,E00845,Congress meeting and follow-up,24.0
I004475,2024-08-11,Canada,Americas,Specialty,Congress/Conference,S01423,E00498,Training and best practice sharing,72.0
I004476,2025-02-02,France,EMEA,Vaccines,Speaker Program,S01665,E00898,Speaker program educational session,95.0
I004477,2024-06-20,Canada,Americas,Vaccines,Congress/Conference,S00951,E00886,Advisory board discussion on unmet needs,83.0
I004478,2024-05-30,DE,EMEA,Vaccines,Speaker Program,S01371,E00050,Product information discussion (on-label),75.0
I004479,2025-03-03,France,EMEA,Vaccines,1:1 Meeting,S00607,E00573,Scientific exchange on clinical data,25.0
I004480,2024-03-07,U.S.,Americas,Specialty,Congress/Conference,S00456,E00119,Product information discussion (on-label),73.0
I004481,2024-06-04,DEU,EMEA,Vaccines,Group Meeting,S01306,E00227,Market access discussion,56.0
I004482,2025-05-23,IT,EMEA,Respiratory,1:1 Meeting,S00389,E00625,Advisory board discussion on unmet needs,37.0
I004483,2024-03-14,United States,Americas,Respiratory,1:1 Meeting,S01279,E00962,Speaker program educational session,34.0
I004484,2024-06-27,US,Americas,Vaccines,1:1 Meeting,S01374,E00822,Congress meeting and follow-up,27.0
I004485,2024-02-17,US,Americas,Primary Care,1:1 Meeting,S00485,E00967,Market access discussion,0.0
I004486,2024-06-07,Japan,APAC,Respiratory,Group Meeting,S00525,E00370,Training and best practice sharing,61.0
I004487,2024-01-30,US,Americas,Specialty,1:1 Meeting,S01365,E00488,,0.0
I004488,2024-04-01,Canada,Americas,Vaccines,Speaker Program,S00204,E00824,Product information discussion (on-label),45.0
I004489,2024-04-22,United States of America,Americas,Vaccines,1:1 Meeting,S01129,E00442,Product information discussion (on-label),8.0
I004490,2024-12-23,Italy,EMEA,Specialty,Advisory Board,S01265,E00057,Scientific exchange on clinical data,201.0
I004491,2024-07-17,France,EMEA,Oncology,1:1 Meeting,S01230,E00750,Training and best practice sharing,23.0
I004492,2025-05-17,BRA,Americas,Vaccines,Group Meeting,S00515,E00696,Congress meeting and follow-up,107.0
I004493,2024-04-29,US,Americas,Respiratory,1:1 Meeting,S01180,E00683,Market access discussion,45.0
I004494,2025-06-16,BR,Americas,Vaccines,Speaker Program,S01068,E00201,Advisory board discussion on unmet needs,69.0
I004495,2024-01-31,France,EMEA,Respiratory,Speaker Program,S01726,E00748,Training and best practice sharing,129.0
I004496,2024-03-13,France,EMEA,Oncology,Group Meeting,S00427,E00312,Advisory board discussion on unmet needs,80.0
I004497,2024-04-06,GB,EMEA,Vaccines,1:1 Meeting,S00842,E00263,Discussed topics,57.0
I004498,2024-07-30,India,APAC,Vaccines,1:1 Meeting,S01424,E00170,Business discussion,43.0
I004499,2024-03-16,DE,EMEA,Primary Care,Advisory Board,S00074,E00373,Training and best practice sharing,86.0
I004500,2025-05-30,United States of America,Americas,Respiratory,Group Meeting,S01428,E00021,Congress meeting and follow-up,79.0
I004501,2024-11-23,IT,EMEA,Primary Care,1:1 Meeting,S00621,E00160,Speaker program educational session,32.0
I004502,2024-01-28,India,APAC,Primary Care,1:1 Meeting,S00290,E00596,Advisory board discussion on unmet needs,
I004503,2025-01-20,IN,APAC,Oncology,1:1 Meeting,S00573,E00141,Scientific exchange on clinical data,28.0
I004504,2025-06-04,USA,Americas,Respiratory,Group Meeting,S00563,E00624,Market access discussion,53.0
I004505,2024-10-13,India,APAC,Oncology,Group Meeting,S00921,E00638,Congress meeting and follow-up,47.0
I004506,2024-04-16,IT,EMEA,Specialty,Congress/Conference,S01005,E00347,Speaker program educational session,137.0
I004507,2025-04-02,IN,APAC,Specialty,Speaker Program,S01586,E00735,Product information discussion (on-label),140.0
I004508,2025-05-12,CAN,Americas,Primary Care,Group Meeting,S01290,E00815,Speaker program educational session,46.0
I004509,2024-08-31,MEX,Americas,Specialty,1:1 Meeting,S01312,E00251,Scientific exchange on clinical data,41.0
I004510,2024-07-25,Japan,APAC,Primary Care,1:1 Meeting,S00260,E00968,Product information discussion (on-label),29.0
I004511,2025-01-28,BR,Americas,Vaccines,1:1 Meeting,S00161,E00102,Scientific exchange on clinical data,18.0
I004512,2024-07-20,JPN,APAC,Respiratory,Speaker Program,S01068,E00412,Speaker program educational session,71.0
I004513,2024-04-29,U.S.,Americas,Oncology,Speaker Program,S01030,E00449,Market access discussion,81.0
I004514,2025-06-20,BR,Americas,Vaccines,1:1 Meeting,S00832,E00173,Business discussion,35.0
I004515,2024-08-21,IND,APAC,Oncology,1:1 Meeting,S00022,E00352,Congress meeting and follow-up,35.0
I004516,2024-06-28,CAN,Americas,Vaccines,1:1 Meeting,S00610,E00728,Advisory board discussion on unmet needs,
I004517,2025-01-02,United States,Americas,Oncology,Group Meeting,S00259,E00349,Advisory board discussion on unmet needs,8.0
I004518,2024-08-08,Japan,APAC,Specialty,Group Meeting,S01042,E00628,Speaker program educational session,59.0
I004519,2025-05-16,Canada,Americas,Vaccines,1:1 Meeting,S01588,E00968,Product information discussion (on-label),34.0
I004520,2024-03-02,Japan,APAC,Respiratory,1:1 Meeting,S01561,E00910,Product information discussion (on-label),32.0
I004521,2024-01-23,FR,EMEA,Primary Care,1:1 Meeting,S00605,E00371,Advisory board discussion on unmet needs,14.0
I004522,2024-02-16,United States,Americas,Respiratory,1:1 Meeting,S00396,E00263,Speaker program educational session,47.0
I004523,2024-01-24,IT,EMEA,Oncology,Advisory Board,S00989,E00113,Congress meeting and follow-up,242.0
I004524,2024-04-28,MX,Americas,Vaccines,Advisory Board,S00606,E00899,Congress meeting and follow-up,190.0
I004525,2024-06-26,GB,EMEA,Vaccines,Group Meeting,S00903,E00783,Congress meeting and follow-up,55.0
I004526,2024-02-28,U.S.,Americas,Specialty,Speaker Program,S01475,E00496,Scientific exchange on clinical data,77.0
I004527,2025-03-13,United Kingdom,EMEA,Specialty,1:1 Meeting,S00919,E00605,Speaker program educational session,30.0
I004528,2025-04-30,IN,APAC,Respiratory,Speaker Program,S00902,E00501,Discussed topics,66.0
I004529,2024-07-03,DEU,EMEA,Primary Care,1:1 Meeting,S01709,E00744,Speaker program educational session,21.0
I004530,2024-02-20,CA,Americas,Primary Care,Advisory Board,S00470,E00472,Product information discussion (on-label),236.0
I004531,2024-11-04,Canada,Americas,Oncology,1:1 Meeting,S01044,E00860,Advisory board discussion on unmet needs,37.0
I004532,2024-07-23,FR,EMEA,Specialty,Congress/Conference,S00373,E00459,Advisory board discussion on unmet needs,193.0
I004533,2024-03-10,Brazil,Americas,Vaccines,Advisory Board,S00977,E00909,Product information discussion (on-label),0.0
I004534,2024-08-28,USA,Americas,Vaccines,Group Meeting,S01284,E00684,Scientific exchange on clinical data,
I004535,2024-09-07,India,APAC,Primary Care,Speaker Program,S00097,E00193,Speaker program educational session,106.0
I004536,2024-04-11,FR,EMEA,Vaccines,Group Meeting,S00257,E00100,Product information discussion (on-label),94.0
I004537,2024-12-26,IND,APAC,Specialty,1:1 Meeting,S00694,E00520,Discussed topics,34.0
I004538,2025-06-11,Great Britain,EMEA,Vaccines,Group Meeting,S01454,E00659,Market access discussion,59.0
I004539,2024-10-19,BRA,Americas,Specialty,1:1 Meeting,S00646,E00596,Market access discussion,25.0
I004540,2024-01-03,IT,EMEA,Oncology,Congress/Conference,S00820,E00236,Congress meeting and follow-up,57.0
I004541,2025-05-01,Germany,EMEA,Vaccines,1:1 Meeting,S00353,E00303,Speaker program educational session,
I004542,2025-06-17,U.S.,Americas,Primary Care,Group Meeting,S01785,E00439,Advisory board discussion on unmet needs,26.0
I004543,2025-04-21,BR,Americas,Primary Care,Congress/Conference,S00036,E00470,Speaker program educational session,96.0
I004544,2024-06-21,USA,Americas,Respiratory,Advisory Board,S00619,E00683,Congress meeting and follow-up,242.0
I004545,2025-01-24,Great Britain,EMEA,Respiratory,Group Meeting,S00614,E00499,Market access discussion,68.0
I004546,2024-09-16,United States of America,Americas,Primary Care,1:1 Meeting,S01123,E00700,Product information discussion (on-label),18.0
I004547,2024-05-10,UK,EMEA,Respiratory,Group Meeting,S01589,E00210,Scientific exchange on clinical data,69.0
I004548,2024-01-20,CAN,Americas,Specialty,Group Meeting,S01310,E00668,Training and best practice sharing,55.0
I004549,2024-08-02,IT,EMEA,Respiratory,1:1 Meeting,S01413,E00271,Product information discussion (on-label),37.0
I004550,2024-07-12,USA,Americas,Vaccines,1:1 Meeting,S01090,E00089,Market access discussion,27.0
I004551,2025-03-16,ITA,EMEA,Respiratory,1:1 Meeting,S01371,E00085,Speaker program educational session,26.0
I004552,2024-01-14,MEX,Americas,Oncology,1:1 Meeting,S01677,E00022,Training and best practice sharing,22.0
I004553,2024-09-02,France,EMEA,Respiratory,1:1 Meeting,S00653,E00673,Product information discussion (on-label),36.0
I004554,2024-09-16,United States of America,Americas,Oncology,1:1 Meeting,S00608,E00367,Training and best practice sharing,28.0
I004555,2025-02-19,MEX,Americas,Specialty,1:1 Meeting,S00062,E00574,Advisory board discussion on unmet needs,50.0
I004556,2024-04-25,Mexico,Americas,Vaccines,Speaker Program,S00638,E00662,Business discussion,127.0
I004557,2025-02-07,Mexico,Americas,Primary Care,Advisory Board,S01341,E00584,Product information discussion (on-label),196.0
I004558,2024-06-29,United States of America,Americas,Primary Care,Speaker Program,S00147,E00009,Market access discussion,49.0
I004559,2025-05-30,France,EMEA,Oncology,1:1 Meeting,S00437,E00330,Market access discussion,25.0
I004560,2024-10-01,DEU,EMEA,Primary Care,1:1 Meeting,S01026,E00287,Market access discussion,29.0
I004561,2024-03-26,Japan,APAC,Primary Care,Congress/Conference,S01062,E00711,Speaker program educational session,134.0
I004562,2024-01-31,France,EMEA,Specialty,Group Meeting,S00087,E00723,Speaker program educational session,58.0
I004563,2024-11-25,ITA,EMEA,Vaccines,Advisory Board,S01062,E00815,Training and best practice sharing,204.0
I004564,2024-10-02,BR,Americas,Oncology,Group Meeting,S00620,E00516,Speaker program educational session,93.0
I004565,2024-03-22,IT,EMEA,Respiratory,1:1 Meeting,S00502,E00825,Scientific exchange on clinical data,24.0
I004566,2024-05-08,BR,Americas,Respiratory,Group Meeting,S00848,E00466,Advisory board discussion on unmet needs,49.0
I004567,2024-09-12,JPN,APAC,Specialty,1:1 Meeting,S00085,E00233,Advisory board discussion on unmet needs,20.0
I004568,2025-03-30,US,Americas,Respiratory,Group Meeting,S01409,E00758,Market access discussion,56.0
I004569,2024-12-20,CA,Americas,Specialty,Group Meeting,S01096,E00205,Product information discussion (on-label),10.0
I004570,2024-02-02,FR,EMEA,Respiratory,Speaker Program,S00584,E00979,Product information discussion (on-label),139.0
I004571,2024-09-16,Italy,EMEA,Oncology,1:1 Meeting,S01414,E00395,Market access discussion,50.0
I004572,2025-06-25,United Kingdom,EMEA,Specialty,Group Meeting,S01661,E00144,Training and best practice sharing,39.0
I004573,2025-01-26,DEU,EMEA,Respiratory,Group Meeting,S01169,E00563,Congress meeting and follow-up,67.0
I004574,2024-06-18,Germany,EMEA,Vaccines,Group Meeting,S00190,E00179,Training and best practice sharing,52.0
I004575,2024-05-07,India,APAC,Oncology,1:1 Meeting,S00711,E00612,Congress meeting and follow-up,0.0
I004576,2025-05-25,GB,EMEA,Vaccines,Advisory Board,S00910,E00015,Scientific exchange on clinical data,182.0
I004577,2025-05-02,U.S.,Americas,Oncology,1:1 Meeting,S01233,E00654,Congress meeting and follow-up,31.0
I004578,2025-01-01,MEX,Americas,Primary Care,1:1 Meeting,S01119,E00861,Scientific exchange on clinical data,24.0
I004579,2024-02-29,IN,APAC,Specialty,1:1 Meeting,S01702,E00241,Advisory board discussion on unmet needs,39.0
I004580,2024-07-09,US,Americas,Vaccines,1:1 Meeting,S01379,E00424,Scientific exchange on clinical data,23.0
I004581,2025-04-05,MEX,Americas,Respiratory,Speaker Program,S00154,E00012,Advisory board discussion on unmet needs,128.0
I004582,2024-05-13,United States of America,Americas,Specialty,Speaker Program,S01271,E00503,Market access discussion,37.0
I004583,2024-06-19,Germany,EMEA,Specialty,Speaker Program,S01628,E00040,Scientific exchange on clinical data,94.0
I004584,2025-02-08,United States,Americas,Specialty,1:1 Meeting,S01740,E00689,Advisory board discussion on unmet needs,4.0
I004585,2025-05-19,IN,APAC,Primary Care,1:1 Meeting,S00013,E00522,Advisory board discussion on unmet needs,26.0
I004586,2024-10-29,France,EMEA,Primary Care,1:1 Meeting,S00615,E00095,Product information discussion (on-label),24.0
I004587,2024-02-03,MEX,Americas,Respiratory,1:1 Meeting,S00389,E00084,,39.0
I004588,2024-11-03,DEU,EMEA,Respiratory,1:1 Meeting,S01184,E00721,,18.0
I004589,2024-09-06,GB,EMEA,Primary Care,Speaker Program,S00095,E00330,Training and best practice sharing,88.0
I004590,2025-02-02,DEU,EMEA,Vaccines,Congress/Conference,S00960,E00813,Congress meeting and follow-up,66.0
I004591,2024-11-29,BRA,Americas,Oncology,1:1 Meeting,S00897,E00719,Speaker program educational session,32.0
I004592,2025-02-10,Brazil,Americas,Respiratory,1:1 Meeting,S00119,E00972,Business discussion,29.0
I004593,2024-11-29,France,EMEA,Respiratory,1:1 Meeting,S00434,E00049,Training and best practice sharing,27.0
I004594,2024-01-02,FR,EMEA,Specialty,Group Meeting,S01703,E00518,Scientific exchange on clinical data,64.0
I004595,2024-06-16,Italy,EMEA,Vaccines,1:1 Meeting,S00089,E00519,Scientific exchange on clinical data,20.0
I004596,2025-03-12,Great Britain,EMEA,Specialty,Group Meeting,S01556,E00290,Congress meeting and follow-up,20.0
I004597,2024-07-25,FR,EMEA,Specialty,1:1 Meeting,S00330,E00170,Advisory board discussion on unmet needs,40.0
I004598,2024-05-08,Mexico,Americas,Vaccines,Group Meeting,S01400,E00945,Follow-up,18.0
I004599,2025-03-22,FR,EMEA,Specialty,Advisory Board,S01648,E00880,Market access discussion,171.0
I004600,2024-08-25,BR,Americas,Vaccines,Group Meeting,S01758,E00896,Scientific exchange on clinical data,52.0
I004601,2024-10-06,United States of America,Americas,Specialty,1:1 Meeting,S00573,E00226,Market access discussion,48.0
I004602,2024-07-19,USA,Americas,Primary Care,Group Meeting,S01361,E00323,Advisory board discussion on unmet needs,56.0
I004603,2024-05-21,United States of America,Americas,Vaccines,Advisory Board,S00091,E00683,Congress meeting and follow-up,215.0
I004604,2024-12-20,CAN,Americas,Specialty,1:1 Meeting,S01751,E00895,Market access discussion,30.0
I004605,2024-11-24,Mexico,Americas,Respiratory,1:1 Meeting,S00130,E00989,Advisory board discussion on unmet needs,6.0
I004606,2024-11-03,United States,Americas,Respiratory,Group Meeting,S01428,E00544,Congress meeting and follow-up,60.0
I004607,2024-05-25,UK,EMEA,Specialty,Speaker Program,S01089,E00019,Training and best practice sharing,112.0
I004608,2024-01-21,ITA,EMEA,Primary Care,Speaker Program,S01759,E00189,Follow-up,84.0
I004609,2024-09-10,US,Americas,Oncology,Speaker Program,S00343,E00046,Congress meeting and follow-up,126.0
I004610,2024-06-10,USA,Americas,Oncology,Group Meeting,S01615,E00078,Scientific exchange on clinical data,19.0
I004611,2024-05-09,Japan,APAC,Oncology,Group Meeting,S00633,E00853,Speaker program educational session,78.0
I004612,2025-03-29,United Kingdom,EMEA,Oncology,Group Meeting,S00657,E00207,Training and best practice sharing,38.0
I004613,2025-01-18,JPN,APAC,Specialty,Advisory Board,S00048,E00920,Advisory board discussion on unmet needs,
I004614,2024-05-20,FRA,EMEA,Respiratory,Speaker Program,S00467,E00352,Market access discussion,40.0
I004615,2024-05-13,MEX,Americas,Oncology,1:1 Meeting,S01322,E00500,Advisory board discussion on unmet needs,21.0
I004616,2024-03-19,MEX,Americas,Vaccines,1:1 Meeting,S00328,E00824,Training and best practice sharing,27.0
I004617,2025-04-26,FR,EMEA,Oncology,Group Meeting,S01453,E00286,Product information discussion (on-label),63.0
I004618,2025-04-27,IND,APAC,Specialty,1:1 Meeting,S01759,E00840,Training and best practice sharing,36.0
I004619,2024-06-20,Brazil,Americas,Primary Care,Group Meeting,S01777,E00734,Congress meeting and follow-up,
I004620,2024-02-21,France,EMEA,Respiratory,1:1 Meeting,S01048,E00850,Advisory board discussion on unmet needs,28.0
I004621,2024-01-15,United States,Americas,Primary Care,1:1 Meeting,S00024,E00147,Training and best practice sharing,
I004622,2024-01-07,Germany,EMEA,Vaccines,Speaker Program,S01317,E00307,Training and best practice sharing,54.0
I004623,2024-09-01,Great Britain,EMEA,Specialty,Advisory Board,S00626,E00758,Speaker program educational session,190.0
I004624,2024-10-13,Canada,Americas,Primary Care,Speaker Program,S01055,E00152,Scientific exchange on clinical data,133.0
I004625,2024-04-15,Germany,EMEA,Oncology,1:1 Meeting,S01191,E00906,Follow-up,33.0
I004626,2024-04-24,Great Britain,EMEA,Vaccines,1:1 Meeting,S00458,E00358,Training and best practice sharing,50.0
I004627,2025-05-23,USA,Americas,Specialty,Congress/Conference,S00342,E00205,Speaker program educational session,101.0
I004628,2024-05-12,United Kingdom,EMEA,Specialty,1:1 Meeting,S01423,E00300,Advisory board discussion on unmet needs,35.0
I004629,2024-06-11,United States,Americas,Specialty,Speaker Program,S01040,E00102,Training and best practice sharing,36.0
I004630,2024-02-13,DE,EMEA,Respiratory,1:1 Meeting,S00361,E00486,Scientific exchange on clinical data,22.0
I004631,2024-11-13,India,APAC,Oncology,Congress/Conference,S01094,E00889,Market access discussion,120.0
I004632,2024-08-08,FRA,EMEA,Vaccines,1:1 Meeting,S00147,E00740,Product information discussion (on-label),15.0
I004633,2024-11-05,Germany,EMEA,Vaccines,Speaker Program,S01573,E00330,Speaker program educational session,76.0
I004634,2025-03-23,GB,EMEA,Vaccines,Group Meeting,S01325,E00362,Market access discussion,81.0
I004635,2025-05-09,MX,Americas,Specialty,Group Meeting,S01323,E00952,Advisory board discussion on unmet needs,95.0
I004636,2024-08-31,IN,APAC,Primary Care,Speaker Program,S00001,E00525,Speaker program educational session,152.0
I004637,2025-06-10,Italy,EMEA,Primary Care,Group Meeting,S01191,E00667,Training and best practice sharing,14.0
I004638,2024-10-19,Brazil,Americas,Specialty,1:1 Meeting,S01735,E00793,Scientific exchange on clinical data,31.0
I004639,2025-01-15,United States of America,Americas,Vaccines,1:1 Meeting,S00119,E00623,Training and best practice sharing,60.0
I004640,2024-08-05,CA,Americas,Oncology,Advisory Board,S00491,E00068,Product information discussion (on-label),210.0
I004641,2024-10-01,India,APAC,Respiratory,Advisory Board,S00806,E00503,Follow-up,246.0
I004642,2024-01-14,Great Britain,EMEA,Respiratory,1:1 Meeting,S01649,E00287,Advisory board discussion on unmet needs,34.0
I004643,2024-12-05,DE,EMEA,Respiratory,Congress/Conference,S00746,E00225,Training and best practice sharing,79.0
I004644,2024-02-10,FRA,EMEA,Oncology,Speaker Program,S00848,E00466,Advisory board discussion on unmet needs,105.0
I004645,2024-10-30,BRA,Americas,Vaccines,Advisory Board,S00134,E00598,Scientific exchange on clinical data,58.0
I004646,2025-06-01,BR,Americas,Oncology,Congress/Conference,S01208,E00284,Scientific exchange on clinical data,103.0
I004647,2025-02-04,DE,EMEA,Specialty,Congress/Conference,S00907,E00749,Market access discussion,76.0
I004648,2024-01-10,Italy,EMEA,Primary Care,Advisory Board,S00839,E00675,Catch-up,229.0
I004649,2024-05-17,DE,EMEA,Specialty,1:1 Meeting,S01688,E00745,Advisory board discussion on unmet needs,14.0
I004650,2024-07-02,Great Britain,EMEA,Specialty,1:1 Meeting,S00153,E00112,Product information discussion (on-label),22.0
I004651,2024-07-13,IT,EMEA,Primary Care,Group Meeting,S00240,E00951,Product information discussion (on-label),42.0
I004652,2024-05-13,JPN,APAC,Oncology,1:1 Meeting,S01650,E00003,Training and best practice sharing,18.0
I004653,2024-11-04,United States of America,Americas,Specialty,Group Meeting,S00817,E00795,Training and best practice sharing,86.0
I004654,2024-01-09,CA,Americas,Respiratory,1:1 Meeting,S00272,E00584,Product information discussion (on-label),27.0
I004655,2024-06-18,BR,Americas,Oncology,Advisory Board,S00769,E00395,Scientific exchange on clinical data,301.0
I004656,2024-05-24,France,EMEA,Vaccines,Advisory Board,S01334,E00573,Congress meeting and follow-up,124.0
I004657,2025-02-16,U.S.,Americas,Primary Care,Group Meeting,S01626,E00558,,90.0
I004658,2025-04-01,BR,Americas,Respiratory,1:1 Meeting,S01488,E00744,Product information discussion (on-label),22.0
I004659,2024-10-28,IT,EMEA,Vaccines,Group Meeting,S01132,E00657,Advisory board discussion on unmet needs,0.0
I004660,2024-12-25,UK,EMEA,Oncology,Speaker Program,S01427,E00424,Product information discussion (on-label),65.0
I004661,2024-09-17,UK,EMEA,Primary Care,Congress/Conference,S01668,E00054,Training and best practice sharing,70.0
I004662,2024-04-21,CA,Americas,Respiratory,1:1 Meeting,S01276,E00592,Product information discussion (on-label),43.0
I004663,2024-09-02,MEX,Americas,Primary Care,1:1 Meeting,S00608,E00172,Scientific exchange on clinical data,48.0
I004664,2024-11-23,Great Britain,EMEA,Oncology,Speaker Program,S01665,E00951,Product information discussion (on-label),
I004665,2024-08-02,India,APAC,Specialty,1:1 Meeting,S00846,E00471,Congress meeting and follow-up,16.0
I004666,2024-03-16,IND,APAC,Oncology,1:1 Meeting,S01004,E00238,Business discussion,19.0
I004667,2025-06-10,BR,Americas,Oncology,1:1 Meeting,S01370,E00048,Market access discussion,
I004668,2025-04-23,JP,APAC,Specialty,1:1 Meeting,S00280,E00255,Advisory board discussion on unmet needs,
I004669,2025-01-06,India,APAC,Oncology,Advisory Board,S01282,E00112,Training and best practice sharing,
I004670,2024-11-02,MX,Americas,Vaccines,Speaker Program,S00388,E00583,Speaker program educational session,75.0
I004671,2024-07-18,FRA,EMEA,Respiratory,1:1 Meeting,S00864,E00311,Advisory board discussion on unmet needs,
I004672,2024-04-08,Canada,Americas,Oncology,1:1 Meeting,S01006,E00157,Scientific exchange on clinical data,20.0
I004673,2024-12-04,United Kingdom,EMEA,Oncology,Speaker Program,S00485,E00832,Congress meeting and follow-up,95.0
I004674,2024-12-15,MX,Americas,Respiratory,Group Meeting,S00044,E00425,Advisory board discussion on unmet needs,31.0
I004675,2025-06-27,United States,Americas,Primary Care,1:1 Meeting,S00121,E00507,Congress meeting and follow-up,33.0
I004676,2025-01-21,Great Britain,EMEA,Oncology,Group Meeting,S01081,E00479,Advisory board discussion on unmet needs,
I004677,2025-04-03,JPN,APAC,Oncology,1:1 Meeting,S00077,E00345,Market access discussion,49.0
I004678,2024/09/25,Great Britain,EMEA,Primary Care,Advisory Board,S01558,E00258,Scientific exchange on clinical data,204.0
I004679,2024-12-11,IND,APAC,Oncology,Advisory Board,S01053,E00004,Training and best practice sharing,270.0
I004680,2024-12-30,UK,EMEA,Oncology,Group Meeting,S01322,E00963,Training and best practice sharing,54.0
I004681,2024-01-14,CAN,Americas,Specialty,Congress/Conference,S00069,E00916,Congress meeting and follow-up,186.0
I004682,2025-02-21,GB,EMEA,Specialty,Congress/Conference,S00532,E00576,Scientific exchange on clinical data,137.0
I004683,2024-08-29,IT,EMEA,Primary Care,1:1 Meeting,S00645,E00879,Market access discussion,24.0
I004684,2025-05-03,UK,EMEA,Vaccines,1:1 Meeting,S00389,E00886,Product information discussion (on-label),31.0
I004685,2025-01-15,Germany,EMEA,Oncology,Group Meeting,S01435,E00409,Market access discussion,
I004686,2024-02-11,U.S.,Americas,Primary Care,Group Meeting,S01067,E00278,Product information discussion (on-label),75.0
I004687,2025-06-16,JP,APAC,Primary Care,Speaker Program,S01585,E00187,Market access discussion,
I004688,2024-10-20,Canada,Americas,Respiratory,Congress/Conference,S01544,E00593,Advisory board discussion on unmet needs,157.0
I004689,2024-04-22,DEU,EMEA,Oncology,Speaker Program,S01368,E00330,Scientific exchange on clinical data,102.0
I004690,2024-10-28,FR,EMEA,Vaccines,1:1 Meeting,S01032,E00469,Training and best practice sharing,41.0
I004691,2025-05-30,India,APAC,Specialty,1:1 Meeting,S00688,E00342,Training and best practice sharing,28.0
I004692,2024-11-13,BRA,Americas,Oncology,Advisory Board,S01495,E00735,Speaker program educational session,97.0
I004693,2024-07-31,United States of America,Americas,Respiratory,Group Meeting,S00837,E00621,Scientific exchange on clinical data,51.0
I004694,2024-03-25,Japan,APAC,Specialty,Speaker Program,S01755,E00113,Speaker program educational session,30.0
I004695,2025-05-30,Germany,EMEA,Vaccines,Speaker Program,S01699,E00134,Scientific exchange on clinical data,80.0
I004696,2024-08-30,MEX,Americas,Primary Care,1:1 Meeting,S00520,E00462,Speaker program educational session,27.0
I004697,2024-05-16,FR,EMEA,Primary Care,1:1 Meeting,S00688,E00616,Market access discussion,40.0
I004698,2024-03-29,MEX,Americas,Primary Care,Advisory Board,S01607,E00562,Speaker program educational session,176.0
I004699,2024-08-15,GB,EMEA,Primary Care,Group Meeting,S01731,E00002,Scientific exchange on clinical data,76.0
I004700,2024-09-07,MX,Americas,Vaccines,1:1 Meeting,S01319,E00136,Business discussion,10.0
I004701,2024-02-10,BR,Americas,Specialty,Speaker Program,S01031,E00901,Advisory board discussion on unmet needs,122.0
I004702,2025-03-31,Japan,APAC,Oncology,1:1 Meeting,S00708,E00145,Scientific exchange on clinical data,34.0
I004703,2024-10-27,CAN,Americas,Oncology,1:1 Meeting,S00213,E00807,Speaker program educational session,31.0
I004704,2025-02-04,Brazil,Americas,Primary Care,Group Meeting,S01599,E00707,Advisory board discussion on unmet needs,18.0
I004705,2025-04-21,India,APAC,Vaccines,Speaker Program,S01721,E00782,Congress meeting and follow-up,109.0
I004706,2025-06-01,USA,Americas,Primary Care,Group Meeting,S01430,E00075,Scientific exchange on clinical data,69.0
I004707,2024-07-15,Great Britain,EMEA,Oncology,1:1 Meeting,S01733,E00762,Scientific exchange on clinical data,23.0
I004708,2024-06-16,US,Americas,Specialty,Group Meeting,S00353,E00059,,30.0
I004709,2024-01-08,CAN,Americas,Vaccines,Speaker Program,S00912,E00570,Training and best practice sharing,33.0
I004710,2024-02-18,Japan,APAC,Specialty,1:1 Meeting,S00561,E00346,Follow-up,35.0
I004711,2025-04-08,BRA,Americas,Oncology,1:1 Meeting,S00871,E00439,Training and best practice sharing,44.0
I004712,2024-03-06,DEU,EMEA,Specialty,Advisory Board,S00309,E00036,Speaker program educational session,106.0
I004713,2024-11-03,Great Britain,EMEA,Respiratory,Speaker Program,S01076,E00484,Scientific exchange on clinical data,55.0
I004714,2024-04-05,UK,EMEA,Vaccines,Group Meeting,S01445,E00168,Training and best practice sharing,75.0
I004715,2024-04-23,USA,Americas,Oncology,1:1 Meeting,S00684,E00791,Training and best practice sharing,22.0
I004716,2025-06-23,India,APAC,Respiratory,1:1 Meeting,S01284,E00740,Advisory board discussion on unmet needs,15.0
I004717,2024-01-02,Brazil,Americas,Primary Care,Group Meeting,S01212,E00731,Advisory board discussion on unmet needs,86.0
I004718,2025-05-20,CA,Americas,Vaccines,1:1 Meeting,S01404,E00630,Advisory board discussion on unmet needs,38.0
I004719,2024-06-24,CAN,Americas,Vaccines,Group Meeting,S01478,E00720,Training and best practice sharing,84.0
I004720,2025-05-28,Mexico,Americas,Specialty,1:1 Meeting,S00456,E00644,Congress meeting and follow-up,29.0
I004721,2024-12-26,France,EMEA,Oncology,Speaker Program,S01228,E00454,Speaker program educational session,65.0
I004722,2025-06-10,Germany,EMEA,Oncology,1:1 Meeting,S00318,E00433,Scientific exchange on clinical data,53.0
I004723,2024-10-05,Italy,EMEA,Primary Care,1:1 Meeting,S00806,E00915,Market access discussion,30.0
I004724,2025-02-24,IND,APAC,Oncology,Group Meeting,S00430,E00474,Advisory board discussion on unmet needs,66.0
I004725,2024-10-31,BRA,Americas,Specialty,1:1 Meeting,S01527,E00181,Scientific exchange on clinical data,24.0
I004726,2024-01-17,IND,APAC,Oncology,Group Meeting,S01608,E00109,Advisory board discussion on unmet needs,94.0
I004727,2025-03-18,MEX,Americas,Respiratory,1:1 Meeting,S01248,E00581,Scientific exchange on clinical data,40.0
I004728,2025-03-25,Great Britain,EMEA,Oncology,1:1 Meeting,S00250,E00182,Speaker program educational session,43.0
I004729,2024-12-16,BR,Americas,Specialty,Speaker Program,S01621,E00534,Catch-up,54.0
I004730,2024-06-09,BR,Americas,Oncology,1:1 Meeting,S00803,E00631,Market access discussion,22.0
I004731,2024-05-19,US,Americas,Specialty,Speaker Program,S00539,E00114,Product information discussion (on-label),
I004732,2024-10-21,Brazil,Americas,Oncology,Speaker Program,S00861,E00969,Advisory board discussion on unmet needs,178.0
I004733,2025-02-28,IT,EMEA,Oncology,Congress/Conference,S00820,E00381,Congress meeting and follow-up,69.0
I004734,2024-09-06,IND,APAC,Specialty,1:1 Meeting,S01767,E00232,Speaker program educational session,44.0
I004735,2025-05-19,Japan,APAC,Specialty,1:1 Meeting,S00726,E00860,Speaker program educational session,40.0
I004736,2024-02-07,DEU,EMEA,Primary Care,Group Meeting,S01530,E00814,Scientific exchange on clinical data,75.0
I004737,2024-10-26,USA,Americas,Primary Care,1:1 Meeting,S01314,E00268,Congress meeting and follow-up,34.0
I004738,2024-10-08,USA,Americas,Primary Care,Group Meeting,S00115,E00173,Market access discussion,57.0
I004739,2024-06-12,JP,APAC,Respiratory,1:1 Meeting,S01435,E00187,Product information discussion (on-label),29.0
I004740,2024-09-01,UK,EMEA,Respiratory,1:1 Meeting,S00194,E00847,Speaker program educational session,38.0
I004741,2024-09-07,CA,Americas,Vaccines,Group Meeting,S00142,E00324,Market access discussion,71.0
I004742,2024-02-28,DE,EMEA,Specialty,1:1 Meeting,S01436,E00289,Product information discussion (on-label),25.0
I004743,2025-05-12,Japan,APAC,Oncology,1:1 Meeting,S01775,E00067,Scientific exchange on clinical data,23.0
I004744,2024-08-05,MEX,Americas,Oncology,1:1 Meeting,S00118,E00379,Business discussion,41.0
I004745,2025-06-10,United States,Americas,Respiratory,1:1 Meeting,S00197,E00887,Meeting,36.0
I004746,2025-04-13,U.S.,Americas,Respiratory,1:1 Meeting,S01460,E00717,Discussed topics,49.0
I004747,2024-04-19,IN,APAC,Respiratory,1:1 Meeting,S01721,E00382,Speaker program educational session,28.0
I004748,2025-02-17,MEX,Americas,Respiratory,1:1 Meeting,S00401,E00823,Market access discussion,33.0
I004749,2024-03-13,ITA,EMEA,Respiratory,1:1 Meeting,S01691,E00311,Market access discussion,45.0
I004750,,JPN,APAC,Oncology,Advisory Board,S01771,E00068,Product information discussion (on-label),136.0
I004751,2025-05-19,U.S.,Americas,Oncology,Speaker Program,S01329,E00022,Product information discussion (on-label),65.0
I004752,2024-12-06,DE,EMEA,Vaccines,1:1 Meeting,S01294,E00796,Training and best practice sharing,37.0
I004753,2024-11-29,BR,Americas,Oncology,1:1 Meeting,S00837,E00303,Market access discussion,44.0
I004754,2024-02-13,Canada,Americas,Primary Care,Speaker Program,S00886,E00111,Market access discussion,83.0
I004755,2024-02-01,United States,Americas,Oncology,1:1 Meeting,S00447,E00842,Business discussion,55.0
I004756,2024-01-18,UK,EMEA,Specialty,1:1 Meeting,S00851,E00636,Training and best practice sharing,28.0
I004757,2024-04-12,DEU,EMEA,Specialty,1:1 Meeting,S00426,E00999,Speaker program educational session,34.0
I004758,2024-08-19,BR,Americas,Vaccines,Group Meeting,S00095,E00046,Product information discussion (on-label),98.0
I004759,2025-02-27,Canada,Americas,Respiratory,Speaker Program,S00618,E00742,Training and best practice sharing,
I004760,2024-08-26,Canada,Americas,Respiratory,Group Meeting,S00524,E00703,Scientific exchange on clinical data,61.0
I004761,2024-11-29,FR,EMEA,Vaccines,1:1 Meeting,S01424,E00695,Scientific exchange on clinical data,18.0
I004762,2024-08-13,Italy,EMEA,Respiratory,Group Meeting,S01094,E00884,Training and best practice sharing,32.0
I004763,2024-09-16,USA,Americas,Oncology,Group Meeting,S00710,E00739,Scientific exchange on clinical data,53.0
I004764,2024-06-22,IN,APAC,Vaccines,1:1 Meeting,S00006,E00216,Market access discussion,
I004765,2024-07-23,United Kingdom,EMEA,Specialty,Speaker Program,S01024,E00029,Market access discussion,92.0
I004766,2024-04-26,JPN,APAC,Respiratory,1:1 Meeting,S00255,E00083,Catch-up,4.0
I004767,2024-06-04,DE,EMEA,Oncology,Group Meeting,S01237,E00624,Product information discussion (on-label),45.0
I004768,2024-03-07,MEX,Americas,Vaccines,Group Meeting,S00865,E00818,Training and best practice sharing,97.0
I004769,2024-08-25,Italy,EMEA,Vaccines,1:1 Meeting,S00286,E00103,Discussed topics,21.0
I004770,2024-06-24,MEX,Americas,Primary Care,1:1 Meeting,S00398,E00915,Training and best practice sharing,32.0
I004771,2025-04-22,U.S.,Americas,Oncology,1:1 Meeting,S01517,E00480,Speaker program educational session,50.0
I004772,2024-07-10,UK,EMEA,Oncology,1:1 Meeting,S00790,E00092,Advisory board discussion on unmet needs,33.0
I004773,2024-11-24,India,APAC,Vaccines,Speaker Program,S01384,E00975,Follow-up,83.0
I004774,2024-03-03,ITA,EMEA,Respiratory,1:1 Meeting,S01140,E00471,Speaker program educational session,32.0
I004775,2024-10-23,U.S.,Americas,Specialty,Group Meeting,S01097,E00220,Congress meeting and follow-up,
I004776,2024-06-25,United Kingdom,EMEA,Respiratory,Group Meeting,S01231,E00965,Discussed topics,50.0
I004777,2024-07-22,Japan,APAC,Specialty,1:1 Meeting,S00228,E00081,Product information discussion (on-label),36.0
I004778,2024-05-07,DEU,EMEA,Specialty,1:1 Meeting,S00687,E00746,Scientific exchange on clinical data,35.0
I004779,2024-07-13,MX,Americas,Respiratory,Congress/Conference,S01287,E00729,Speaker program educational session,148.0
I004780,2024-11-19,U.S.,Americas,Oncology,1:1 Meeting,S00176,E00873,Congress meeting and follow-up,17.0
I004781,2024-06-08,India,APAC,Primary Care,Group Meeting,S00792,E00068,Speaker program educational session,89.0
I004782,2024-04-27,FRA,EMEA,Specialty,Group Meeting,S01629,E00118,Training and best practice sharing,65.0
I004783,2025-02-26,USA,Americas,Respiratory,1:1 Meeting,S01132,E00424,Catch-up,28.0
I004784,2025-06-14,FRA,EMEA,Respiratory,Group Meeting,S00906,E00883,Meeting,114.0
I004785,2024-03-31,DEU,EMEA,Primary Care,1:1 Meeting,S00767,E00595,Product information discussion (on-label),38.0
I004786,2024-08-04,Mexico,Americas,Respiratory,Speaker Program,S00537,E00726,Training and best practice sharing,118.0
I004787,2024-04-07,IND,APAC,Specialty,Group Meeting,S01331,E00234,Catch-up,63.0
I004788,2025-02-26,Brazil,Americas,Oncology,Speaker Program,S00297,E00749,Scientific exchange on clinical data,103.0
I004789,2024-04-09,MEX,Americas,Specialty,Speaker Program,S01608,E00988,Training and best practice sharing,84.0
I004790,2024-11-13,Japan,APAC,Primary Care,Group Meeting,S01602,E00338,Discussed topics,51.0
I004791,2025-06-20,United States,Americas,Specialty,Speaker Program,S01205,E00474,Product information discussion (on-label),37.0
I004792,2024-02-11,DEU,EMEA,Vaccines,1:1 Meeting,S01748,E00238,,14.0
I004793,2025-01-23,CA,Americas,Oncology,1:1 Meeting,S00577,E00162,Product information discussion (on-label),26.0
I004794,2024-10-03,USA,Americas,Specialty,Group Meeting,S01574,E00602,Speaker program educational session,80.0
I004795,2024-08-01,US,Americas,Oncology,1:1 Meeting,S00535,E00257,Congress meeting and follow-up,32.0
I004796,2024-06-28,Canada,Americas,Specialty,Advisory Board,S00524,E00043,Training and best practice sharing,216.0
I004797,2024-02-17,US,Americas,Respiratory,1:1 Meeting,S01298,E00836,Product information discussion (on-label),
I004798,2025-03-26,DEU,EMEA,Primary Care,1:1 Meeting,S01293,E00805,Product information discussion (on-label),31.0
I004799,2024-02-25,IND,APAC,Specialty,Group Meeting,S00694,E00257,Congress meeting and follow-up,67.0
I004800,2024-03-19,United States,Americas,Oncology,Group Meeting,S01100,E00231,,46.0
I004801,2024-10-09,Japan,APAC,Specialty,Speaker Program,S01245,E00533,Product information discussion (on-label),50.0
I004802,2024-06-04,United States,Americas,Respiratory,1:1 Meeting,S01652,E00993,Product information discussion (on-label),25.0
I004803,2025-04-12,India,APAC,Vaccines,1:1 Meeting,S01295,E00278,Training and best practice sharing,46.0
I004804,2024-04-26,DE,EMEA,Vaccines,1:1 Meeting,S00872,E00067,Speaker program educational session,
I004805,2024-12-29,US,Americas,Primary Care,Speaker Program,S01758,E00419,Product information discussion (on-label),44.0
I004806,2025-04-10,UK,EMEA,Oncology,Group Meeting,S01409,E00594,Market access discussion,19.0
I004807,2024-07-02,USA,Americas,Primary Care,Congress/Conference,S00675,E00683,Scientific exchange on clinical data,184.0
I004808,2025-05-17,United States,Americas,Oncology,Group Meeting,S00764,E00930,Advisory board discussion on unmet needs,44.0
I004809,2024-12-08,IT,EMEA,Oncology,1:1 Meeting,S01623,E00200,Advisory board discussion on unmet needs,40.0
I004810,2024-05-09,DEU,EMEA,Respiratory,Congress/Conference,S01754,E00124,Scientific exchange on clinical data,192.0
I004811,2024-12-23,India,APAC,Primary Care,1:1 Meeting,S00728,E00369,,20.0
I004812,2025-05-09,CAN,Americas,Oncology,1:1 Meeting,S01225,E00412,Scientific exchange on clinical data,34.0
I004813,2025-04-26,CAN,Americas,Respiratory,Group Meeting,S00307,E00349,Training and best practice sharing,35.0
I004814,2024-10-23,USA,Americas,Vaccines,1:1 Meeting,S01712,E00554,Advisory board discussion on unmet needs,11.0
I004815,2025-04-19,United States,Americas,Vaccines,Group Meeting,S00877,E00643,Congress meeting and follow-up,43.0
I004816,2024-11-13,IT,EMEA,Vaccines,Speaker Program,S01683,E00440,Training and best practice sharing,66.0
I004817,2024-07-11,IN,APAC,Vaccines,1:1 Meeting,S01214,E00341,Scientific exchange on clinical data,5.0
I004818,2025-04-27,US,Americas,Oncology,Group Meeting,S00495,E00363,Congress meeting and follow-up,36.0
I004819,2024-05-11,United States,Americas,Specialty,Advisory Board,S01079,E00321,Advisory board discussion on unmet needs,147.0
I004820,2024-10-20,Canada,Americas,Specialty,Advisory Board,S00301,E00893,Advisory board discussion on unmet needs,169.0
I004821,2025-01-26,United States of America,Americas,Respiratory,Speaker Program,S01095,E00588,Follow-up,58.0
I004822,2025-02-20,USA,Americas,Respiratory,Speaker Program,S00942,E00889,Advisory board discussion on unmet needs,0.0
I004823,2024-05-22,US,Americas,Primary Care,1:1 Meeting,S01518,E00935,Market access discussion,32.0
I004824,2025-01-16,JP,APAC,Oncology,Group Meeting,S01697,E00281,Advisory board discussion on unmet needs,80.0
I004825,2025-03-25,Germany,EMEA,Specialty,Congress/Conference,S00086,E00229,Training and best practice sharing,149.0
I004826,2024-07-02,Germany,EMEA,Specialty,1:1 Meeting,S01526,E00661,Training and best practice sharing,26.0
I004827,2024-02-14,MX,Americas,Vaccines,Group Meeting,S00223,E00092,Congress meeting and follow-up,31.0
I004828,2025-02-26,IND,APAC,Primary Care,Speaker Program,S00792,E00357,Business discussion,68.0
I004829,2024-08-20,DE,EMEA,Oncology,Advisory Board,S00934,E00721,Speaker program educational session,242.0
I004830,2024-02-09,IT,EMEA,Specialty,Speaker Program,S01395,E00549,Scientific exchange on clinical data,97.0
I004831,2024-11-27,France,EMEA,Respiratory,Speaker Program,S00187,E00662,Speaker program educational session,129.0
I004832,2025-05-23,MEX,Americas,Primary Care,1:1 Meeting,S00609,E00059,Speaker program educational session,43.0
I004833,2025-03-22,DE,EMEA,Respiratory,1:1 Meeting,S01373,E00279,Congress meeting and follow-up,19.0
I004834,2024-05-12,France,EMEA,Oncology,Group Meeting,S01563,E00069,Market access discussion,
I004835,2024-05-18,India,APAC,Primary Care,Speaker Program,S00184,E00366,,0.0
I004836,2024-01-15,India,APAC,Oncology,Speaker Program,S00380,E00044,Follow-up,139.0
I004837,2024-07-30,India,APAC,Respiratory,1:1 Meeting,S00949,E00467,Advisory board discussion on unmet needs,42.0
I004838,2024-01-02,DEU,EMEA,Oncology,Advisory Board,S01010,E00102,Speaker program educational session,279.0
I004839,2024-12-01,GB,EMEA,Respiratory,1:1 Meeting,S01524,E00888,Speaker program educational session,51.0
I004840,2025-04-16,FR,EMEA,Respiratory,1:1 Meeting,S00246,E00323,Speaker program educational session,29.0
I004841,2024-01-28,US,Americas,Primary Care,Advisory Board,S01108,E00525,Speaker program educational session,222.0
I004842,2024-01-29,FR,EMEA,Specialty,1:1 Meeting,S01656,E00907,Advisory board discussion on unmet needs,13.0
I004843,2024-10-05,IN,APAC,Respiratory,1:1 Meeting,S00207,E00335,Catch-up,36.0
I004844,2024-07-24,Brazil,Americas,Primary Care,1:1 Meeting,S00014,E00643,Congress meeting and follow-up,15.0
I004845,2024-08-21,BR,Americas,Primary Care,1:1 Meeting,S01486,E00515,Congress meeting and follow-up,41.0
I004846,2025-04-26,United States,Americas,Vaccines,Group Meeting,S00486,E00284,Market access discussion,58.0
I004847,2025-02-10,United States,Americas,Primary Care,Speaker Program,S01208,E00348,Congress meeting and follow-up,93.0
I004848,2024-02-22,U.S.,Americas,Vaccines,Speaker Program,S00551,E00355,Training and best practice sharing,
I004849,2025-02-01,United States,Americas,Primary Care,Advisory Board,S00628,E00650,Advisory board discussion on unmet needs,119.0
I004850,2024-06-04,IT,EMEA,Vaccines,1:1 Meeting,S00662,E00505,Meeting,33.0
I004851,2025-05-07,United States,Americas,Specialty,Group Meeting,S00396,E00083,Follow-up,100.0
I004852,2024-10-21,Mexico,Americas,Vaccines,1:1 Meeting,S00084,E00223,,28.0
I004853,2024-09-25,CA,Americas,Oncology,Group Meeting,S01145,E00616,Congress meeting and follow-up,48.0
I004854,2025-01-10,United Kingdom,EMEA,Oncology,Group Meeting,S00881,E00522,Scientific exchange on clinical data,70.0
I004855,2024-03-28,MX,Americas,Specialty,Advisory Board,S01091,E00068,Scientific exchange on clinical data,177.0
I004856,2024-06-04,United States of America,Americas,Primary Care,Advisory Board,S01221,E00236,Product information discussion (on-label),271.0
I004857,2024-11-13,GB,EMEA,Specialty,1:1 Meeting,S01671,E00220,Scientific exchange on clinical data,30.0
I004858,2025-04-26,Japan,APAC,Primary Care,1:1 Meeting,S01170,E00424,Scientific exchange on clinical data,30.0
I004859,2025-01-16,GB,EMEA,Respiratory,Speaker Program,S01345,E00549,Advisory board discussion on unmet needs,59.0
I004860,2024-11-30,IN,APAC,Primary Care,1:1 Meeting,S00708,E00098,Training and best practice sharing,22.0
I004861,2025-04-20,CA,Americas,Vaccines,1:1 Meeting,S00791,E00811,Training and best practice sharing,29.0
I004862,2024-10-22,India,APAC,Vaccines,Speaker Program,S01027,E00042,Speaker program educational session,143.0
I004863,2025-04-07,CA,Americas,Respiratory,1:1 Meeting,S01731,E00977,Speaker program educational session,25.0
I004864,2024-08-25,IN,APAC,Vaccines,1:1 Meeting,S01545,E00599,Speaker program educational session,43.0
I004865,2024-10-29,Germany,EMEA,Specialty,1:1 Meeting,S00528,E00197,Scientific exchange on clinical data,26.0
I004866,2024-11-16,CA,Americas,Specialty,Advisory Board,S00046,E00936,Scientific exchange on clinical data,197.0
I004867,2024-02-28,CAN,Americas,Specialty,1:1 Meeting,S01193,E00380,Scientific exchange on clinical data,32.0
I004868,2025-03-11,FRA,EMEA,Primary Care,Speaker Program,S00992,E00997,Market access discussion,44.0
I004869,2024-05-25,India,APAC,Vaccines,1:1 Meeting,S00589,E00881,Advisory board discussion on unmet needs,17.0
I004870,2025-04-24,ITA,EMEA,Oncology,1:1 Meeting,S00604,E00778,Congress meeting and follow-up,26.0
I004871,2025-02-18,US,Americas,Specialty,1:1 Meeting,S01409,E00832,Market access discussion,37.0
I004872,2024-10-28,United States of America,Americas,Oncology,Advisory Board,S01567,E00217,Advisory board discussion on unmet needs,122.0
I004873,2024-04-30,US,Americas,Primary Care,Group Meeting,S01214,E00560,Market access discussion,33.0
I004874,2024-06-27,FR,EMEA,Primary Care,Congress/Conference,S00799,E00901,Congress meeting and follow-up,72.0
I004875,2024-06-11,Mexico,Americas,Specialty,Speaker Program,S00030,E00073,Training and best practice sharing,77.0
I004876,2025-01-08,France,EMEA,Respiratory,1:1 Meeting,S01108,E00546,Congress meeting and follow-up,26.0
I004877,2024-07-21,Brazil,Americas,Respiratory,Congress/Conference,S00476,E00152,Speaker program educational session,104.0
I004878,2024-07-12,France,EMEA,Primary Care,1:1 Meeting,S01630,E00294,Market access discussion,33.0
I004879,2025-03-02,Canada,Americas,Specialty,Group Meeting,S00570,E00482,Scientific exchange on clinical data,51.0
I004880,2025-02-24,IT,EMEA,Oncology,Congress/Conference,S01452,E00352,Scientific exchange on clinical data,111.0
I004881,2024-09-25,JP,APAC,Specialty,Group Meeting,S00397,E00006,Product information discussion (on-label),45.0
I004882,2025-03-01,Mexico,Americas,Primary Care,Group Meeting,S00151,E00431,Market access discussion,65.0
I004883,2024-06-14,JP,APAC,Specialty,Group Meeting,S00793,E00257,Product information discussion (on-label),41.0
I004884,2024-04-07,Canada,Americas,Specialty,Group Meeting,S00356,E00836,Speaker program educational session,74.0
I004885,2025-04-26,Mexico,Americas,Primary Care,Speaker Program,S00578,E00812,Meeting,64.0
I004886,2024-08-29,U.S.,Americas,Primary Care,Group Meeting,S01061,E00754,,43.0
I004887,2024-04-04,JP,APAC,Oncology,1:1 Meeting,S01426,E00629,Training and best practice sharing,29.0
I004888,2024-05-04,India,APAC,Vaccines,Advisory Board,S00216,E00570,Product information discussion (on-label),121.0
I004889,2024-03-27,FRA,EMEA,Primary Care,1:1 Meeting,S01396,E00124,Product information discussion (on-label),14.0
I004890,2024-01-31,BRA,Americas,Oncology,1:1 Meeting,S01664,E00851,Scientific exchange on clinical data,21.0
I004891,2024-10-22,CA,Americas,Primary Care,Speaker Program,S01057,E00375,Speaker program educational session,110.0
I004892,2024-06-26,Canada,Americas,Vaccines,1:1 Meeting,S00038,E00409,Congress meeting and follow-up,5.0
I004893,2024-09-15,ITA,EMEA,Oncology,Congress/Conference,S01096,E00502,Scientific exchange on clinical data,131.0
I004894,2024-01-17,UK,EMEA,Oncology,1:1 Meeting,S00939,E00675,Advisory board discussion on unmet needs,32.0
I004895,2024-07-18,Japan,APAC,Primary Care,Congress/Conference,S01406,E00395,Congress meeting and follow-up,178.0
I004896,2024-10-16,CAN,Americas,Respiratory,Group Meeting,S00951,E00023,Market access discussion,66.0
I004897,2025-04-27,Germany,EMEA,Vaccines,Speaker Program,S01064,E00779,Scientific exchange on clinical data,67.0
I004898,2024-05-25,UK,EMEA,Oncology,1:1 Meeting,S01689,E00053,Market access discussion,21.0
I004899,2025-03-05,United Kingdom,EMEA,Specialty,Speaker Program,S01599,E00973,Advisory board discussion on unmet needs,63.0
I004900,2024-03-29,IN,APAC,Respiratory,Group Meeting,S00409,E00186,Scientific exchange on clinical data,44.0
I004901,2025-02-14,France,EMEA,Primary Care,Group Meeting,S01327,E00016,Catch-up,78.0
I004902,2024-08-10,BR,Americas,Primary Care,1:1 Meeting,S01615,E00846,,41.0
I004903,2025-04-12,Mexico,Americas,Specialty,1:1 Meeting,S01058,E00126,Market access discussion,16.0
I004904,2024-09-08,MX,Americas,Specialty,1:1 Meeting,S01270,E00784,Training and best practice sharing,34.0
I004905,2025-01-08,IND,APAC,Respiratory,Group Meeting,S00060,E00037,Market access discussion,59.0
I004906,2024-05-05,Mexico,Americas,Specialty,Congress/Conference,S01185,E00454,Product information discussion (on-label),142.0
I004907,2025-01-27,France,EMEA,Specialty,Group Meeting,S00615,E00703,Follow-up,54.0
I004908,2025-01-02,JP,APAC,Vaccines,Speaker Program,S00440,E00414,Follow-up,59.0
I004909,2025-03-31,United Kingdom,EMEA,Primary Care,Speaker Program,S00050,E00813,Scientific exchange on clinical data,87.0
I004910,2025-02-03,DEU,EMEA,Primary Care,Advisory Board,S00936,E00108,Scientific exchange on clinical data,235.0
I004911,2024-10-13,CAN,Americas,Primary Care,Speaker Program,S01770,E00810,Congress meeting and follow-up,63.0
I004912,2024-08-24,IT,EMEA,Primary Care,Congress/Conference,S00199,E00610,Speaker program educational session,83.0
I004913,2024-01-18,DE,EMEA,Specialty,Speaker Program,S00351,E00810,Scientific exchange on clinical data,87.0
I004914,2024-01-09,CA,Americas,Vaccines,Congress/Conference,S01728,E00756,Training and best practice sharing,116.0
I004915,2025-02-23,UK,EMEA,Oncology,1:1 Meeting,S00174,E00935,Scientific exchange on clinical data,29.0
I004916,2025-03-25,Japan,APAC,Primary Care,1:1 Meeting,S00235,E00854,Advisory board discussion on unmet needs,33.0
I004917,2025-01-14,Mexico,Americas,Oncology,1:1 Meeting,S01476,E00167,Advisory board discussion on unmet needs,26.0
I004918,2025-02-15,US,Americas,Specialty,Speaker Program,S00639,E00070,Advisory board discussion on unmet needs,79.0
I004919,2024-12-21,U.S.,Americas,Primary Care,Group Meeting,S01759,E00544,Market access discussion,38.0
I004920,2025-03-19,United States of America,Americas,Primary Care,Group Meeting,S01556,E00469,Congress meeting and follow-up,54.0
I004921,2024-03-21,Brazil,Americas,Oncology,Group Meeting,S00633,E00274,Market access discussion,44.0
I004922,2025-02-10,Mexico,Americas,Vaccines,1:1 Meeting,S01393,E00489,Follow-up,49.0
I004923,2024-10-09,DEU,EMEA,Oncology,1:1 Meeting,S01584,E00080,Congress meeting and follow-up,28.0
I004924,2024-04-30,USA,Americas,Vaccines,Advisory Board,S01664,E00228,Advisory board discussion on unmet needs,259.0
I004925,2024-01-03,France,EMEA,Vaccines,1:1 Meeting,S00609,E00682,Product information discussion (on-label),30.0
I004926,2025-06-27,IT,EMEA,Primary Care,Speaker Program,S00058,E00287,Advisory board discussion on unmet needs,55.0
I004927,2024-03-11,DEU,EMEA,Primary Care,Group Meeting,S01441,E00732,Congress meeting and follow-up,68.0
I004928,2025-04-13,U.S.,Americas,Vaccines,Speaker Program,S00092,E00395,Congress meeting and follow-up,66.0
I004929,2024-02-17,IN,APAC,Respiratory,1:1 Meeting,S00829,E00472,Product information discussion (on-label),23.0
I004930,2024-04-30,Canada,Americas,Vaccines,Advisory Board,S01439,E00523,Speaker program educational session,217.0
I004931,2024-07-31,US,Americas,Specialty,Speaker Program,S00867,E00719,Speaker program educational session,54.0
I004932,2024-06-16,India,APAC,Specialty,Speaker Program,S00818,E00098,Congress meeting and follow-up,100.0
I004933,2025-06-29,FRA,EMEA,Respiratory,Speaker Program,S01266,E00980,Congress meeting and follow-up,11.0
I004934,2025-03-02,IND,APAC,Respiratory,Group Meeting,S00986,E00423,Meeting,73.0
I004935,2024-08-08,Germany,EMEA,Primary Care,Speaker Program,S01112,E00051,Market access discussion,111.0
I004936,2024-09-03,CA,Americas,Primary Care,Group Meeting,S00763,E00115,Market access discussion,52.0
I004937,2024-12-25,United States,Americas,Specialty,1:1 Meeting,S00090,E00682,Training and best practice sharing,41.0
I004938,2024-02-27,FR,EMEA,Respiratory,1:1 Meeting,S01258,E00866,Scientific exchange on clinical data,36.0
I004939,2025-04-04,USA,Americas,Oncology,1:1 Meeting,S01642,E00222,Product information discussion (on-label),28.0
I004940,2024-04-13,United States of America,Americas,Vaccines,1:1 Meeting,S00310,E00711,Speaker program educational session,27.0
I004941,2024-05-22,United States,Americas,Respiratory,Speaker Program,S00145,E00671,Scientific exchange on clinical data,157.0
I004942,2024-12-28,United Kingdom,EMEA,Primary Care,Group Meeting,S00837,E00567,,65.0
I004943,2024-11-04,Italy,EMEA,Respiratory,Group Meeting,S00528,E00359,Product information discussion (on-label),41.0
I004944,2025-06-01,US,Americas,Vaccines,Speaker Program,S00416,E00823,Advisory board discussion on unmet needs,59.0
I004945,2025-02-18,India,APAC,Oncology,1:1 Meeting,S00796,E00132,Product information discussion (on-label),27.0
I004946,2024-04-21,FRA,EMEA,Respiratory,1:1 Meeting,S01762,E00265,Product information discussion (on-label),25.0
I004947,2024-09-29,United States,Americas,Primary Care,Group Meeting,S01133,E00282,Congress meeting and follow-up,82.0
I004948,2025-01-03,US,Americas,Primary Care,1:1 Meeting,S00414,E00871,Product information discussion (on-label),37.0
I004949,2024-12-12,US,Americas,Oncology,1:1 Meeting,S01027,E00031,Advisory board discussion on unmet needs,35.0
I004950,2025-02-20,DEU,EMEA,Specialty,1:1 Meeting,S01144,E00764,Advisory board discussion on unmet needs,33.0
I004951,2025-05-29,France,EMEA,Respiratory,1:1 Meeting,S00005,E00945,Congress meeting and follow-up,19.0
I004952,2025-03-03,MEX,Americas,Respiratory,1:1 Meeting,S01629,E00255,Advisory board discussion on unmet needs,32.0
I004953,2024-08-03,Italy,EMEA,Specialty,1:1 Meeting,S00813,E00253,Scientific exchange on clinical data,30.0
I004954,2024-08-19,U.S.,Americas,Specialty,Group Meeting,S00735,E00623,Speaker program educational session,86.0
I004955,2024-09-14,CAN,Americas,Respiratory,Group Meeting,S01582,E00153,Product information discussion (on-label),100.0
I004956,2024-03-05,JPN,APAC,Oncology,Speaker Program,S00111,E00180,Scientific exchange on clinical data,95.0
I004957,2024-07-08,USA,Americas,Specialty,1:1 Meeting,S01071,E01000,Training and best practice sharing,16.0
I004958,2024-08-14,DEU,EMEA,Primary Care,Group Meeting,S00832,E00560,Advisory board discussion on unmet needs,67.0
I004959,2025-01-22,IT,EMEA,Oncology,1:1 Meeting,S01787,E00433,Advisory board discussion on unmet needs,18.0
I004960,2024-02-22,Canada,Americas,Respiratory,1:1 Meeting,S00965,E00286,Market access discussion,13.0
I004961,2024-05-18,India,APAC,Respiratory,1:1 Meeting,S01691,E00395,Speaker program educational session,43.0
I004962,2025-05-23,Japan,APAC,Specialty,1:1 Meeting,S00845,E00302,Advisory board discussion on unmet needs,21.0
I004963,2025-04-30,MEX,Americas,Primary Care,1:1 Meeting,S01299,E00125,Product information discussion (on-label),11.0
I004964,2024-09-28,IT,EMEA,Specialty,1:1 Meeting,S00245,E00556,Scientific exchange on clinical data,41.0
I004965,2024-01-25,JPN,APAC,Vaccines,1:1 Meeting,S00408,E00091,Speaker program educational session,17.0
I004966,2024-08-22,US,Americas,Respiratory,Advisory Board,S00538,E00938,Congress meeting and follow-up,207.0
I004967,2024-03-29,FRA,EMEA,Respiratory,Congress/Conference,S00360,E00949,Scientific exchange on clinical data,138.0
I004968,2024-08-16,CA,Americas,Primary Care,Group Meeting,S01308,E00934,Market access discussion,55.0
I004969,2025-01-29,FRA,EMEA,Respiratory,Advisory Board,S01591,E00481,Product information discussion (on-label),265.0
I004970,2024-09-30,IN,APAC,Primary Care,Speaker Program,S01610,E00522,Advisory board discussion on unmet needs,49.0
I004971,2025-01-06,BRA,Americas,Specialty,Congress/Conference,S01264,E00645,Congress meeting and follow-up,100.0
I004972,2025-04-13,CA,Americas,Specialty,1:1 Meeting,S00767,E00154,Advisory board discussion on unmet needs,32.0
I004973,2024-10-23,Mexico,Americas,Respiratory,Congress/Conference,S01280,E00526,Training and best practice sharing,64.0
I004974,2024-10-05,IN,APAC,Oncology,Group Meeting,S00373,E00374,Speaker program educational session,87.0
I004975,2025-04-03,USA,Americas,Vaccines,1:1 Meeting,S01493,E00515,Training and best practice sharing,37.0
I004976,2025-06-07,MEX,Americas,Respiratory,1:1 Meeting,S00489,E00255,Training and best practice sharing,31.0
I004977,2024-06-08,DE,EMEA,Specialty,Speaker Program,S01283,E00077,Speaker program educational session,44.0
I004978,2025-01-13,JPN,APAC,Specialty,Speaker Program,S00767,E00665,Meeting,93.0
I004979,2025-03-22,Great Britain,EMEA,Oncology,1:1 Meeting,S01142,E00757,Business discussion,31.0
I004980,2024-08-21,DEU,EMEA,Respiratory,1:1 Meeting,S01446,E00056,Product information discussion (on-label),32.0
I004981,2025-01-01,DEU,EMEA,Vaccines,1:1 Meeting,S01567,E00069,Advisory board discussion on unmet needs,27.0
I004982,2024-08-03,BRA,Americas,Vaccines,1:1 Meeting,S00947,E00280,Scientific exchange on clinical data,28.0
I004983,2025-06-26,CAN,Americas,Respiratory,Speaker Program,S01082,E00462,Congress meeting and follow-up,86.0
I004984,2024-03-23,India,APAC,Oncology,Advisory Board,S00031,E00866,Market access discussion,207.0
I004985,2025-01-25,JP,APAC,Oncology,1:1 Meeting,S00148,E00656,Scientific exchange on clinical data,23.0
I004986,2025-01-15,India,APAC,Specialty,Group Meeting,S00533,E00645,Market access discussion,52.0
I004987,2024-03-17,FR,EMEA,Vaccines,Speaker Program,S00062,E00916,Scientific exchange on clinical data,95.0
I004988,2025-02-02,IN,APAC,Primary Care,1:1 Meeting,S01719,E00829,Training and best practice sharing,22.0
I004989,2024-04-09,JP,APAC,Vaccines,Group Meeting,S01128,E00579,Market access discussion,55.0
I004990,2024-12-10,GB,EMEA,Oncology,1:1 Meeting,S00958,E00013,Product information discussion (on-label),23.0
I004991,2024-01-10,IND,APAC,Vaccines,Group Meeting,S00594,E00029,,70.0
I004992,2024-07-13,IN,APAC,Primary Care,Group Meeting,S00084,E00466,Training and best practice sharing,54.0
I004993,2025-02-10,DEU,EMEA,Oncology,Advisory Board,S00300,E00885,Advisory board discussion on unmet needs,234.0
I004994,2024-05-25,U.S.,Americas,Specialty,Congress/Conference,S00162,E00301,Congress meeting and follow-up,147.0
I004995,2024-04-20,FRA,EMEA,Specialty,1:1 Meeting,S01303,E00179,Congress meeting and follow-up,39.0
I004996,2024-10-23,MX,Americas,Oncology,Speaker Program,S00839,E00993,Market access discussion,124.0
I004997,2025-03-01,USA,Americas,Respiratory,Group Meeting,S01799,E00083,Congress meeting and follow-up,63.0
I004998,2025-06-06,MEX,Americas,Primary Care,Group Meeting,S01677,E00824,Scientific exchange on clinical data,40.0
I004999,2025-06-21,Mexico,Americas,Primary Care,1:1 Meeting,S01702,E00515,Advisory board discussion on unmet needs,33.0
I005000,2024-03-09,United States,Americas,Oncology,Speaker Program,S01607,E00318,Follow-up,79.0
I005001,2024-05-12,United Kingdom,EMEA,Vaccines,1:1 Meeting,S00911,E00419,Discussed topics,
I005002,2024-10-05,IN,APAC,Specialty,1:1 Meeting,S00113,E00116,Speaker program educational session,
I005003,2025-03-05,DEU,EMEA,Specialty,Group Meeting,S01727,E00690,Market access discussion,56.0
I005004,2024-06-18,JPN,APAC,Vaccines,Congress/Conference,S00178,E00008,Product information discussion (on-label),82.0
I005005,2024-02-26,India,APAC,Specialty,Speaker Program,S00700,E00366,Scientific exchange on clinical data,136.0
I005006,2025-03-19,MX,Americas,Respiratory,1:1 Meeting,S01068,E00669,Scientific exchange on clinical data,34.0
I005007,2024-10-28,GB,EMEA,Specialty,Speaker Program,S01039,E00378,Market access discussion,54.0
I005008,2024-01-29,MEX,Americas,Primary Care,1:1 Meeting,S01144,E00074,Product information discussion (on-label),30.0
I005009,2025-05-20,UK,EMEA,Respiratory,1:1 Meeting,S01245,E00740,,23.0
I005010,2024-09-10,JPN,APAC,Primary Care,1:1 Meeting,S00396,E00802,Advisory board discussion on unmet needs,32.0
I005011,2025-05-30,FR,EMEA,Primary Care,1:1 Meeting,S01282,E00303,Training and best practice sharing,
I005012,2024-10-27,USA,Americas,Respiratory,1:1 Meeting,S01276,E00833,Congress meeting and follow-up,46.0
I005013,2024-02-02,United States of America,Americas,Vaccines,1:1 Meeting,S01752,E00792,Speaker program educational session,15.0
I005014,2024-12-10,IN,APAC,Oncology,Congress/Conference,S00093,E00258,Congress meeting and follow-up,222.0
I005015,2024-01-17,Brazil,Americas,Specialty,Speaker Program,S00765,E00910,Product information discussion (on-label),
I005016,2025-01-12,Mexico,Americas,Oncology,Advisory Board,S01542,E00815,Scientific exchange on clinical data,167.0
I005017,2024-02-29,ITA,EMEA,Oncology,Speaker Program,S00788,E00689,Advisory board discussion on unmet needs,0.0
I005018,2024-07-05,MEX,Americas,Vaccines,1:1 Meeting,S00544,E00175,,46.0
I005019,2025-05-12,India,APAC,Oncology,Congress/Conference,S01080,E00589,Advisory board discussion on unmet needs,117.0
I005020,2025-03-24,IND,APAC,Specialty,Advisory Board,S00065,E00944,Advisory board discussion on unmet needs,190.0
I005021,2024-06-29,MEX,Americas,Primary Care,1:1 Meeting,S01782,E00359,Training and best practice sharing,24.0
I005022,2024-05-28,JP,APAC,Primary Care,Congress/Conference,S00198,E00415,Training and best practice sharing,75.0
I005023,2025-04-16,UK,EMEA,Oncology,Speaker Program,S00128,E00227,Product information discussion (on-label),101.0
I005024,2025-05-14,US,Americas,Vaccines,1:1 Meeting,S01790,E00690,Market access discussion,19.0
I005025,2024-12-20,IT,EMEA,Vaccines,Group Meeting,S01484,E00573,Congress meeting and follow-up,92.0
I005026,2024-01-30,Japan,APAC,Primary Care,Speaker Program,S00128,E00489,Product information discussion (on-label),46.0
I005027,2024-01-24,U.S.,Americas,Respiratory,1:1 Meeting,S00802,E00954,Market access discussion,20.0
I005028,2025-02-04,CA,Americas,Vaccines,Group Meeting,S01464,E00037,Congress meeting and follow-up,77.0
I005029,2025-05-26,IN,APAC,Primary Care,Speaker Program,S01017,E00807,Market access discussion,47.0
I005030,2025-01-02,U.S.,Americas,Vaccines,1:1 Meeting,S01052,E00430,Market access discussion,10.0
I005031,2025-05-06,USA,Americas,Vaccines,Congress/Conference,S01581,E00448,Scientific exchange on clinical data,239.0
I005032,2025-01-31,IND,APAC,Respiratory,Speaker Program,S01199,E00722,Training and best practice sharing,33.0
I005033,2024-11-15,CAN,Americas,Specialty,Group Meeting,S01800,E00148,Speaker program educational session,58.0
I005034,2024-08-27,IN,APAC,Respiratory,Group Meeting,S00491,E00008,Market access discussion,69.0
I005035,2024-09-14,United States of America,Americas,Oncology,1:1 Meeting,S00057,E00860,Scientific exchange on clinical data,19.0
I005036,2025-01-24,United Kingdom,EMEA,Oncology,Speaker Program,S01255,E00208,Product information discussion (on-label),55.0
I005037,2024-12-08,FRA,EMEA,Vaccines,1:1 Meeting,S01134,E00074,Training and best practice sharing,13.0
I005038,2024-09-26,DEU,EMEA,Vaccines,Speaker Program,S00135,E00292,Scientific exchange on clinical data,102.0
I005039,2024-05-28,Canada,Americas,Vaccines,Speaker Program,S00130,E00336,Training and best practice sharing,101.0
I005040,2025-02-23,JPN,APAC,Specialty,1:1 Meeting,S00424,E00018,Training and best practice sharing,42.0
I005041,2024-10-06,MEX,Americas,Respiratory,Group Meeting,S01422,E00368,Product information discussion (on-label),22.0
I005042,2024-12-04,IN,APAC,Primary Care,1:1 Meeting,S00045,E00564,Training and best practice sharing,33.0
I005043,2024-02-14,IN,APAC,Specialty,1:1 Meeting,S00537,E00599,Congress meeting and follow-up,24.0
I005044,2024-03-01,IND,APAC,Primary Care,Speaker Program,S00277,E00843,Training and best practice sharing,84.0
I005045,2024-10-20,France,EMEA,Vaccines,Advisory Board,S00482,E00771,Training and best practice sharing,183.0
I005046,2025-03-06,DEU,EMEA,Specialty,Group Meeting,S00438,E00012,Scientific exchange on clinical data,56.0
I005047,2025-05-09,IND,APAC,Specialty,1:1 Meeting,S00424,E00714,Scientific exchange on clinical data,27.0
I005048,2024-09-27,CAN,Americas,Specialty,Group Meeting,S00759,E00744,Scientific exchange on clinical data,25.0
I005049,2025-02-09,United States,Americas,Respiratory,1:1 Meeting,S01358,E00749,Advisory board discussion on unmet needs,29.0
I005050,2024-11-23,United States of America,Americas,Respiratory,Speaker Program,S01321,E00622,,77.0
I005051,2024-12-01,United States of America,Americas,Respiratory,1:1 Meeting,S01360,E00750,Training and best practice sharing,25.0
I005052,2024-08-15,ITA,EMEA,Respiratory,Advisory Board,S00757,E00518,Training and best practice sharing,138.0
I005053,2025-04-27,Canada,Americas,Respiratory,1:1 Meeting,S00075,E00469,Product information discussion (on-label),43.0
I005054,2025-02-28,CAN,Americas,Primary Care,Congress/Conference,S01085,E00740,Market access discussion,79.0
I005055,2025-05-24,USA,Americas,Oncology,Speaker Program,S00298,E00591,Training and best practice sharing,69.0
I005056,2025-04-18,CA,Americas,Primary Care,1:1 Meeting,S01132,E00038,Training and best practice sharing,31.0
I005057,2024-12-26,United States,Americas,Respiratory,Group Meeting,S00688,E00918,Congress meeting and follow-up,51.0
I005058,2024-08-02,Germany,EMEA,Specialty,Group Meeting,S01104,E00871,Product information discussion (on-label),54.0
I005059,2024-03-13,IN,APAC,Specialty,Group Meeting,S00390,E00224,Scientific exchange on clinical data,65.0
I005060,2024-08-21,CAN,Americas,Respiratory,1:1 Meeting,S01650,E00089,Congress meeting and follow-up,39.0
I005061,2024-11-14,USA,Americas,Respiratory,Group Meeting,S01459,E00359,Speaker program educational session,
I005062,2024-05-24,US,Americas,Specialty,Group Meeting,S00696,E00916,Congress meeting and follow-up,
I005063,2024-03-21,US,Americas,Respiratory,Group Meeting,S00742,E00024,Meeting,68.0
I005064,2024-11-08,Mexico,Americas,Oncology,Group Meeting,S00136,E00546,Product information discussion (on-label),56.0
I005065,2024-10-19,Italy,EMEA,Specialty,Group Meeting,S01226,E00715,Product information discussion (on-label),50.0
I005066,2024-07-22,IN,APAC,Vaccines,Advisory Board,S00728,E00990,Product information discussion (on-label),
I005067,2025-02-23,DEU,EMEA,Primary Care,Congress/Conference,S01161,E00724,Scientific exchange on clinical data,122.0
I005068,2025-03-15,Great Britain,EMEA,Specialty,Advisory Board,S01588,E00298,Product information discussion (on-label),107.0
I005069,2024-09-19,IN,APAC,Respiratory,Congress/Conference,S01425,E00230,Scientific exchange on clinical data,102.0
I005070,2024-10-25,United Kingdom,EMEA,Vaccines,Speaker Program,S01527,E00534,Advisory board discussion on unmet needs,82.0
I005071,2024-08-17,US,Americas,Respiratory,Group Meeting,S01285,E00939,Advisory board discussion on unmet needs,45.0
I005072,2024-01-07,GB,EMEA,Specialty,Speaker Program,S01428,E00090,Advisory board discussion on unmet needs,22.0
I005073,2025-02-22,USA,Americas,Respiratory,1:1 Meeting,S00580,E00579,Scientific exchange on clinical data,29.0
I005074,2024-06-19,BRA,Americas,Primary Care,Congress/Conference,S01621,E00767,Congress meeting and follow-up,74.0
I005075,2024-12-20,MEX,Americas,Specialty,1:1 Meeting,S01431,E00225,Product information discussion (on-label),43.0
I005076,2024-06-21,JP,APAC,Respiratory,1:1 Meeting,S01101,E00778,Product information discussion (on-label),46.0
I005077,2024-10-27,United States of America,Americas,Oncology,Advisory Board,S00541,E00963,Market access discussion,147.0
I005078,2024-05-19,Mexico,Americas,Oncology,Speaker Program,S00508,E00195,Speaker program educational session,77.0
I005079,2024-10-04,GB,EMEA,Oncology,Advisory Board,S01400,E00606,Scientific exchange on clinical data,211.0
I005080,2024-05-19,United Kingdom,EMEA,Respiratory,1:1 Meeting,S00848,E00086,Training and best practice sharing,35.0
I005081,2024-04-23,Italy,EMEA,Specialty,Group Meeting,S00938,E00463,Speaker program educational session,83.0
I005082,2025-01-31,Germany,EMEA,Vaccines,Group Meeting,S01603,E00702,Product information discussion (on-label),57.0
I005083,2024-04-20,USA,Americas,Respiratory,1:1 Meeting,S00856,E00936,Congress meeting and follow-up,25.0
I005084,2025-05-23,BRA,Americas,Respiratory,1:1 Meeting,S00399,E00398,Product information discussion (on-label),23.0
I005085,2025-04-09,USA,Americas,Respiratory,1:1 Meeting,S01393,E00959,Discussed topics,42.0
I005086,2024-02-24,Canada,Americas,Specialty,1:1 Meeting,S00027,E00111,Congress meeting and follow-up,26.0
I005087,,Mexico,Americas,Specialty,Group Meeting,S01448,E00388,Speaker program educational session,78.0
I005088,2024-03-23,IND,APAC,Specialty,Speaker Program,S01320,E00938,Market access discussion,100.0
I005089,2025-06-29,GB,EMEA,Primary Care,1:1 Meeting,S01139,E00863,Speaker program educational session,20.0
I005090,2024-06-30,US,Americas,Vaccines,Speaker Program,S01168,E00754,Training and best practice sharing,110.0
I005091,2024-08-26,GB,EMEA,Primary Care,Advisory Board,S01031,E00676,Training and best practice sharing,209.0
I005092,2024-09-22,Mexico,Americas,Respiratory,1:1 Meeting,S00607,E00847,Product information discussion (on-label),45.0
I005093,2024-07-05,BR,Americas,Primary Care,Advisory Board,S00954,E00323,Follow-up,97.0
I005094,2025-01-25,Japan,APAC,Respiratory,1:1 Meeting,S00098,E00338,Market access discussion,30.0
I005095,2024-09-16,India,APAC,Vaccines,Advisory Board,S01732,E00747,Catch-up,276.0
I005096,2024-07-14,IND,APAC,Oncology,1:1 Meeting,S00304,E00587,Scientific exchange on clinical data,25.0
I005097,2025-06-14,United States of America,Americas,Vaccines,Speaker Program,S01450,E00748,Market access discussion,91.0
I005098,2024-08-14,USA,Americas,Vaccines,1:1 Meeting,S01728,E00104,Speaker program educational session,0.0
I005099,2024-02-27,Italy,EMEA,Vaccines,Group Meeting,S00783,E00281,Congress meeting and follow-up,87.0
I005100,2024-08-30,DEU,EMEA,Specialty,1:1 Meeting,S01780,E00170,Follow-up,29.0
I005101,2025-01-01,United States,Americas,Vaccines,Advisory Board,S01184,E00653,Training and best practice sharing,164.0
I005102,2024-09-08,Germany,EMEA,Specialty,1:1 Meeting,S00650,E00038,Congress meeting and follow-up,35.0
I005103,2024-11-17,US,Americas,Vaccines,1:1 Meeting,S01735,E00595,Discussed topics,48.0
I005104,2024-04-24,Canada,Americas,Specialty,Group Meeting,S01754,E00949,Advisory board discussion on unmet needs,66.0
I005105,2024-12-08,IN,APAC,Respiratory,1:1 Meeting,S01409,E00724,Congress meeting and follow-up,33.0
I005106,2024-06-27,Italy,EMEA,Vaccines,1:1 Meeting,S01218,E00835,Speaker program educational session,26.0
I005107,2024-05-24,IND,APAC,Oncology,1:1 Meeting,S00107,E00081,Speaker program educational session,30.0
I005108,2024-05-29,BRA,Americas,Vaccines,1:1 Meeting,S01361,E00357,Congress meeting and follow-up,9.0
I005109,2025-01-31,USA,Americas,Oncology,Advisory Board,S01571,E00377,Product information discussion (on-label),151.0
I005110,2024-08-31,United States,Americas,Primary Care,1:1 Meeting,S00844,E00705,Product information discussion (on-label),18.0
I005111,2025-02-01,Great Britain,EMEA,Specialty,1:1 Meeting,S01655,E00977,,29.0
I005112,2024-10-23,United States of America,Americas,Specialty,Advisory Board,S01531,E00170,,93.0
I005113,2025-05-14,Italy,EMEA,Respiratory,1:1 Meeting,S01129,E00861,Scientific exchange on clinical data,44.0
I005114,2025-04-26,JPN,APAC,Specialty,1:1 Meeting,S00706,E00296,Training and best practice sharing,40.0
I005115,2025-05-24,India,APAC,Primary Care,1:1 Meeting,S00206,E00327,Congress meeting and follow-up,30.0
I005116,2024-05-16,IN,APAC,Vaccines,1:1 Meeting,S00595,E00341,Congress meeting and follow-up,29.0
I005117,2024-06-15,CA,Americas,Primary Care,1:1 Meeting,S00890,E00309,Congress meeting and follow-up,17.0
I005118,2024-03-05,MEX,Americas,Vaccines,1:1 Meeting,S00500,E00229,Training and best practice sharing,25.0
I005119,2024-03-07,IND,APAC,Oncology,1:1 Meeting,S01035,E00523,Training and best practice sharing,49.0
I005120,2024-04-24,FRA,EMEA,Specialty,Speaker Program,S00744,E00410,Speaker program educational session,
I005121,2024-12-07,JP,APAC,Oncology,1:1 Meeting,S01262,E00834,Advisory board discussion on unmet needs,11.0
I005122,2024-09-25,CAN,Americas,Primary Care,Congress/Conference,S00608,E00771,Market access discussion,41.0
I005123,2024-03-20,India,APAC,Specialty,Group Meeting,S00036,E00608,Advisory board discussion on unmet needs,53.0
I005124,2024-07-20,United States of America,Americas,Vaccines,Group Meeting,S01428,E00585,Advisory board discussion on unmet needs,52.0
I005125,2025-05-17,DE,EMEA,Respiratory,1:1 Meeting,S00687,E00684,Congress meeting and follow-up,21.0
I005126,2025-04-29,IN,APAC,Vaccines,Group Meeting,S01260,E00879,Training and best practice sharing,
I005127,2024-01-18,MEX,Americas,Oncology,Group Meeting,S00138,E00903,,90.0
I005128,2025-03-21,Canada,Americas,Respiratory,Group Meeting,S00713,E00105,Speaker program educational session,53.0
I005129,2024-12-05,Canada,Americas,Vaccines,1:1 Meeting,S00771,E00379,Product information discussion (on-label),31.0
I005130,2024-03-14,United States,Americas,Primary Care,Group Meeting,S01665,E00198,Catch-up,66.0
I005131,2024-09-25,BR,Americas,Primary Care,Group Meeting,S01550,E00338,Product information discussion (on-label),84.0
I005132,2024-08-09,CA,Americas,Primary Care,1:1 Meeting,S00299,E00707,Advisory board discussion on unmet needs,49.0
I005133,2024-05-05,GB,EMEA,Primary Care,1:1 Meeting,S01345,E00403,Product information discussion (on-label),39.0
I005134,2025-05-12,Great Britain,EMEA,Oncology,1:1 Meeting,S00814,E00218,Scientific exchange on clinical data,12.0
I005135,2024-03-25,Mexico,Americas,Oncology,1:1 Meeting,S00800,E00614,Market access discussion,25.0
I005136,2025-04-07,DE,EMEA,Primary Care,Advisory Board,S01231,E00940,Market access discussion,282.0
I005137,2025-03-26,Mexico,Americas,Primary Care,1:1 Meeting,S01292,E00297,Market access discussion,30.0
I005138,2024-04-25,US,Americas,Oncology,Congress/Conference,S00871,E00490,Speaker program educational session,141.0
I005139,2024-01-08,CAN,Americas,Vaccines,1:1 Meeting,S01515,E00827,Congress meeting and follow-up,9.0
I005140,2025-02-07,US,Americas,Oncology,Speaker Program,S01733,E00320,Congress meeting and follow-up,75.0
I005141,2024-10-30,UK,EMEA,Oncology,1:1 Meeting,S01637,E00857,Advisory board discussion on unmet needs,36.0
I005142,2024-03-28,MEX,Americas,Oncology,1:1 Meeting,S00295,E00512,Advisory board discussion on unmet needs,39.0
I005143,2024-01-10,CA,Americas,Oncology,1:1 Meeting,S00475,E00622,Catch-up,27.0
I005144,2024-08-26,IN,APAC,Specialty,Group Meeting,S01365,E00200,Product information discussion (on-label),36.0
I005145,2024-11-12,France,EMEA,Oncology,1:1 Meeting,S00854,E00262,Market access discussion,20.0
I005146,2024-03-11,Japan,APAC,Primary Care,Group Meeting,S01193,E00723,Market access discussion,52.0
I005147,2024-06-23,BR,Americas,Primary Care,1:1 Meeting,S00377,E00433,Discussed topics,21.0
I005148,2024-09-04,UK,EMEA,Oncology,1:1 Meeting,S00146,E00987,Business discussion,16.0
I005149,2024-07-11,IND,APAC,Primary Care,1:1 Meeting,S00856,E00993,Training and best practice sharing,35.0
I005150,2024-07-22,JPN,APAC,Vaccines,1:1 Meeting,S00409,E00557,Speaker program educational session,13.0
I005151,2024-05-02,CA,Americas,Primary Care,1:1 Meeting,S01172,E00089,Congress meeting and follow-up,
I005152,2024-02-16,Brazil,Americas,Specialty,1:1 Meeting,S01344,E00783,Scientific exchange on clinical data,41.0
I005153,2025-05-19,Italy,EMEA,Vaccines,Advisory Board,S00008,E00407,Product information discussion (on-label),234.0
I005154,2024-08-10,FRA,EMEA,Respiratory,Group Meeting,S01055,E00576,Training and best practice sharing,42.0
I005155,2025-05-17,India,APAC,Oncology,1:1 Meeting,S01451,E00260,Advisory board discussion on unmet needs,24.0
I005156,2025-05-07,GB,EMEA,Respiratory,1:1 Meeting,S01553,E00146,Training and best practice sharing,40.0
I005157,2024-03-06,France,EMEA,Respiratory,Group Meeting,S01800,E00797,Advisory board discussion on unmet needs,55.0
I005158,2024-07-19,MX,Americas,Respiratory,1:1 Meeting,S00811,E00077,Congress meeting and follow-up,45.0
I005159,2024-02-18,FRA,EMEA,Oncology,1:1 Meeting,S00890,E00220,Advisory board discussion on unmet needs,36.0
I005160,2024-05-12,MEX,Americas,Specialty,Group Meeting,S00944,E00249,Speaker program educational session,101.0
I005161,2024-12-09,DEU,EMEA,Respiratory,Group Meeting,S00683,E00459,Speaker program educational session,75.0
I005162,2024-07-19,DE,EMEA,Specialty,Speaker Program,S01739,E00439,Scientific exchange on clinical data,95.0
I005163,2024-01-03,Japan,APAC,Specialty,1:1 Meeting,S00916,E00091,Speaker program educational session,30.0
I005164,2024-10-17,Germany,EMEA,Respiratory,1:1 Meeting,S00779,E00517,Market access discussion,54.0
I005165,2024-04-17,U.S.,Americas,Primary Care,1:1 Meeting,S00635,E00818,Training and best practice sharing,29.0
I005166,2025-04-09,India,APAC,Vaccines,1:1 Meeting,S00031,E00785,Product information discussion (on-label),
I005167,2024-09-14,IND,APAC,Primary Care,Congress/Conference,S01201,E00787,Scientific exchange on clinical data,126.0
I005168,2025-05-15,United States,Americas,Primary Care,Group Meeting,S01318,E00860,,
I005169,2024-07-28,United Kingdom,EMEA,Specialty,Advisory Board,S00369,E00195,Speaker program educational session,125.0
I005170,2025-05-14,MEX,Americas,Oncology,1:1 Meeting,S00087,E00203,Scientific exchange on clinical data,47.0
I005171,2025-06-24,IND,APAC,Primary Care,Group Meeting,S01528,E00010,Scientific exchange on clinical data,71.0
I005172,2024-02-20,IT,EMEA,Respiratory,Group Meeting,S01198,E00164,Product information discussion (on-label),32.0
I005173,2024-04-21,BRA,Americas,Specialty,Advisory Board,S01644,E00762,Product information discussion (on-label),226.0
I005174,2024-05-29,IT,EMEA,Specialty,1:1 Meeting,S00112,E00027,Product information discussion (on-label),
I005175,2024-05-17,GB,EMEA,Primary Care,Advisory Board,S01360,E00350,Scientific exchange on clinical data,111.0
I005176,2025-06-10,JP,APAC,Primary Care,Speaker Program,S00504,E00377,Scientific exchange on clinical data,95.0
I005177,2024-11-28,DEU,EMEA,Respiratory,Speaker Program,S01590,E00289,Speaker program educational session,162.0
I005178,2024-12-08,BRA,Americas,Vaccines,Group Meeting,S01068,E00779,Catch-up,57.0
I005179,2024-03-01,Canada,Americas,Respiratory,Advisory Board,S01441,E00745,Training and best practice sharing,94.0
I005180,2025-02-26,CAN,Americas,Primary Care,Advisory Board,S00082,E00605,Speaker program educational session,175.0
I005181,2025-02-26,GB,EMEA,Respiratory,Group Meeting,S00615,E00648,Scientific exchange on clinical data,87.0
I005182,2025-06-26,DE,EMEA,Oncology,Advisory Board,S00909,E00810,Congress meeting and follow-up,124.0
I005183,2024-08-29,India,APAC,Respiratory,Speaker Program,S01291,E00702,Advisory board discussion on unmet needs,129.0
I005184,2025-03-10,Canada,Americas,Respiratory,Speaker Program,S01119,E00007,Congress meeting and follow-up,75.0
I005185,2025-04-28,JP,APAC,Vaccines,1:1 Meeting,S00985,E00399,Product information discussion (on-label),32.0
I005186,2024-11-18,United Kingdom,EMEA,Oncology,1:1 Meeting,S01021,E00065,Training and best practice sharing,27.0
I005187,2025-04-18,US,Americas,Oncology,1:1 Meeting,S00266,E00422,Scientific exchange on clinical data,62.0
I005188,2024-02-01,Great Britain,EMEA,Oncology,1:1 Meeting,S00849,E00346,Product information discussion (on-label),27.0
I005189,2024-06-25,GB,EMEA,Vaccines,Advisory Board,S00298,E00887,Congress meeting and follow-up,173.0
I005190,2025-04-23,Great Britain,EMEA,Oncology,1:1 Meeting,S01039,E00879,Market access discussion,16.0
I005191,2024-09-24,Brazil,Americas,Specialty,1:1 Meeting,S00859,E00965,Market access discussion,17.0
I005192,2024-12-31,Great Britain,EMEA,Oncology,Speaker Program,S00766,E00607,,74.0
I005193,2024-03-22,IND,APAC,Specialty,Speaker Program,S01006,E00806,Product information discussion (on-label),66.0
I005194,2024-05-04,IND,APAC,Vaccines,Speaker Program,S00275,E00353,Product information discussion (on-label),114.0
I005195,2024-07-28,FRA,EMEA,Vaccines,1:1 Meeting,S00905,E00453,Congress meeting and follow-up,36.0
I005196,2025-01-16,United States,Americas,Oncology,Speaker Program,S01507,E00925,Congress meeting and follow-up,81.0
I005197,2024-01-22,MEX,Americas,Respiratory,Advisory Board,S01465,E00288,Follow-up,225.0
I005198,2025-04-16,UK,EMEA,Respiratory,Group Meeting,S00461,E00341,Speaker program educational session,83.0
I005199,2024-08-21,IT,EMEA,Primary Care,Speaker Program,S01584,E00522,Scientific exchange on clinical data,121.0
I005200,2024-06-10,IN,APAC,Respiratory,Speaker Program,S01015,E00398,Training and best practice sharing,181.0
I005201,2024-10-27,Mexico,Americas,Vaccines,1:1 Meeting,S00702,E00661,Scientific exchange on clinical data,21.0
I005202,2025-06-18,IN,APAC,Specialty,1:1 Meeting,S00386,E00823,Business discussion,22.0
I005203,2024-02-06,FRA,EMEA,Respiratory,1:1 Meeting,S00124,E00787,Advisory board discussion on unmet needs,24.0
I005204,2024-04-06,USA,Americas,Specialty,Speaker Program,S00976,E00685,Congress meeting and follow-up,86.0
I005205,2024-10-07,MEX,Americas,Oncology,Speaker Program,S00344,E00013,Scientific exchange on clinical data,69.0
I005206,2024-07-06,US,Americas,Specialty,Congress/Conference,S00874,E00771,Advisory board discussion on unmet needs,74.0
I005207,2025-05-02,IT,EMEA,Primary Care,1:1 Meeting,S00945,E00425,Scientific exchange on clinical data,36.0
I005208,2024-09-17,Germany,EMEA,Oncology,Group Meeting,S01306,E00431,Product information discussion (on-label),30.0
I005209,2025-02-13,MX,Americas,Primary Care,Congress/Conference,S00748,E00496,Market access discussion,126.0
I005210,2024-01-18,JPN,APAC,Oncology,1:1 Meeting,S01409,E00211,Training and best practice sharing,35.0
I005211,2024-07-02,FR,EMEA,Oncology,1:1 Meeting,S01410,E00065,Congress meeting and follow-up,40.0
I005212,2024-11-13,Great Britain,EMEA,Respiratory,Group Meeting,S00737,E00564,Advisory board discussion on unmet needs,36.0
I005213,2025-01-25,Brazil,Americas,Vaccines,1:1 Meeting,S00949,E00070,Training and best practice sharing,36.0
I005214,2025-01-01,US,Americas,Vaccines,Group Meeting,S00530,E00926,Scientific exchange on clinical data,56.0
I005215,2025-05-03,United Kingdom,EMEA,Respiratory,1:1 Meeting,S01212,E00040,Discussed topics,26.0
I005216,2025-03-21,CAN,Americas,Primary Care,1:1 Meeting,S00421,E00604,Advisory board discussion on unmet needs,33.0
I005217,2024-04-23,United States,Americas,Oncology,Speaker Program,S00486,E00114,Advisory board discussion on unmet needs,121.0
I005218,2024-11-18,IN,APAC,Oncology,Group Meeting,S01438,E00929,Advisory board discussion on unmet needs,52.0
I005219,2025-05-26,USA,Americas,Vaccines,Congress/Conference,S00476,E00297,Product information discussion (on-label),179.0
I005220,2024-06-13,IN,APAC,Respiratory,1:1 Meeting,S00269,E00515,Market access discussion,26.0
I005221,2024-09-08,United States of America,Americas,Respiratory,Speaker Program,S01516,E00358,Market access discussion,81.0
I005222,2024-06-29,UK,EMEA,Respiratory,Group Meeting,S00609,E00340,Scientific exchange on clinical data,67.0
I005223,2024-03-17,MX,Americas,Oncology,Speaker Program,S01561,E00134,Market access discussion,55.0
I005224,2025-06-08,FRA,EMEA,Vaccines,Group Meeting,S01086,E00484,Training and best practice sharing,24.0
I005225,2024-04-01,France,EMEA,Primary Care,1:1 Meeting,S00375,E00303,Scientific exchange on clinical data,28.0
I005226,2024-08-31,JP,APAC,Specialty,Group Meeting,S00614,E00598,Catch-up,86.0
I005227,2024-12-06,JP,APAC,Oncology,1:1 Meeting,S00862,E00508,Scientific exchange on clinical data,46.0
I005228,2024-07-23,JP,APAC,Primary Care,1:1 Meeting,S01243,E00289,Advisory board discussion on unmet needs,29.0
I005229,2025-03-24,UK,EMEA,Respiratory,Group Meeting,S00412,E00462,Scientific exchange on clinical data,30.0
I005230,2025-02-28,Italy,EMEA,Respiratory,1:1 Meeting,S00150,E00298,Scientific exchange on clinical data,36.0
I005231,2025-03-04,JPN,APAC,Primary Care,Group Meeting,S01047,E00383,Product information discussion (on-label),80.0
I005232,2024-09-10,CA,Americas,Primary Care,Advisory Board,S01607,E00724,Scientific exchange on clinical data,74.0
I005233,2024-09-11,DE,EMEA,Respiratory,1:1 Meeting,S01024,E00571,Congress meeting and follow-up,10.0
I005234,2025-04-28,United States of America,Americas,Primary Care,Group Meeting,S01171,E00646,Meeting,38.0
I005235,2024-02-15,Germany,EMEA,Vaccines,1:1 Meeting,S01633,E00758,,22.0
I005236,2024-01-04,DEU,EMEA,Primary Care,1:1 Meeting,S01605,E00166,Meeting,35.0
I005237,2024-01-01,US,Americas,Vaccines,Congress/Conference,S01270,E00644,Product information discussion (on-label),122.0
I005238,2025-04-04,US,Americas,Respiratory,1:1 Meeting,S00638,E00485,Market access discussion,32.0
I005239,2024-09-22,FR,EMEA,Vaccines,1:1 Meeting,S00440,E00764,Advisory board discussion on unmet needs,12.0
I005240,2025-05-24,CAN,Americas,Vaccines,1:1 Meeting,S00517,E00869,Advisory board discussion on unmet needs,51.0
I005241,2024-09-18,UK,EMEA,Oncology,Group Meeting,S01003,E00950,Advisory board discussion on unmet needs,39.0
I005242,2024-08-21,US,Americas,Oncology,1:1 Meeting,S00711,E00850,Speaker program educational session,5.0
I005243,2024-12-26,United States,Americas,Specialty,Group Meeting,S00076,E00750,Meeting,37.0
I005244,2024-07-28,Italy,EMEA,Oncology,1:1 Meeting,S01262,E00997,Market access discussion,24.0
I005245,2025-01-30,US,Americas,Respiratory,1:1 Meeting,S01430,E00946,Scientific exchange on clinical data,17.0
I005246,2025-04-08,JP,APAC,Specialty,Group Meeting,S01569,E00573,Advisory board discussion on unmet needs,78.0
I005247,2025-03-27,IN,APAC,Respiratory,Speaker Program,S01605,E00453,Product information discussion (on-label),57.0
I005248,2024-09-12,Germany,EMEA,Oncology,1:1 Meeting,S00262,E00228,Product information discussion (on-label),43.0
I005249,2024-05-29,IND,APAC,Respiratory,1:1 Meeting,S00380,E00940,Training and best practice sharing,27.0
I005250,2025-01-31,US,Americas,Vaccines,1:1 Meeting,S00341,E00090,Training and best practice sharing,27.0
I005251,2025-02-05,Canada,Americas,Vaccines,Speaker Program,S00065,E00454,Market access discussion,74.0
I005252,2024-05-18,United States,Americas,Respiratory,Speaker Program,S01245,E00644,Speaker program educational session,73.0
I005253,2024-04-12,CA,Americas,Vaccines,Group Meeting,S01746,E00966,Training and best practice sharing,89.0
I005254,2025-06-12,U.S.,Americas,Vaccines,Speaker Program,S00342,E00928,Discussed topics,77.0
I005255,2024-08-11,JP,APAC,Specialty,1:1 Meeting,S01207,E00497,Congress meeting and follow-up,41.0
I005256,2024-05-13,United Kingdom,EMEA,Vaccines,1:1 Meeting,S00065,E00283,Congress meeting and follow-up,27.0
I005257,2024-04-23,JPN,APAC,Primary Care,Group Meeting,S00132,E00044,Market access discussion,66.0
I005258,2024-08-19,United States,Americas,Specialty,1:1 Meeting,S01794,E00234,Congress meeting and follow-up,41.0
I005259,2025-04-02,France,EMEA,Specialty,1:1 Meeting,S01500,E00677,Training and best practice sharing,
I005260,2024-07-25,GB,EMEA,Respiratory,Advisory Board,S01498,E00432,Scientific exchange on clinical data,229.0
I005261,2025-06-03,BR,Americas,Primary Care,1:1 Meeting,S00150,E00103,Scientific exchange on clinical data,26.0
I005262,2024-11-16,France,EMEA,Oncology,Congress/Conference,S00888,E00932,Market access discussion,109.0
I005263,2024-04-02,Germany,EMEA,Vaccines,Advisory Board,S00969,E00212,Advisory board discussion on unmet needs,228.0
I005264,2025-02-04,FR,EMEA,Oncology,1:1 Meeting,S00020,E00739,Scientific exchange on clinical data,25.0
I005265,2024-03-04,Mexico,Americas,Vaccines,Group Meeting,S00651,E00252,Speaker program educational session,31.0
I005266,2025-06-02,DEU,EMEA,Primary Care,Advisory Board,S01210,E00269,Product information discussion (on-label),182.0
I005267,2024-09-04,GB,EMEA,Vaccines,1:1 Meeting,S01427,E00535,Advisory board discussion on unmet needs,27.0
I005268,2024-04-07,Canada,Americas,Primary Care,Group Meeting,S00370,E00588,Market access discussion,60.0
I005269,2024-09-24,France,EMEA,Respiratory,1:1 Meeting,S01694,E00663,Follow-up,33.0
I005270,2025-05-07,UK,EMEA,Oncology,1:1 Meeting,S00139,E00821,Market access discussion,49.0
I005271,2025-02-14,Mexico,Americas,Specialty,Speaker Program,S00118,E00945,Speaker program educational session,80.0
I005272,2024-06-11,Mexico,Americas,Vaccines,Group Meeting,S00383,E00649,Product information discussion (on-label),73.0
I005273,2024-02-29,FRA,EMEA,Vaccines,1:1 Meeting,S01162,E00027,Market access discussion,21.0
I005274,2024-11-12,Brazil,Americas,Respiratory,1:1 Meeting,S00943,E00654,Scientific exchange on clinical data,34.0
I005275,2025-02-20,CA,Americas,Vaccines,1:1 Meeting,S01391,E00796,Product information discussion (on-label),31.0
I005276,2024-08-02,Japan,APAC,Vaccines,1:1 Meeting,S00031,E00337,Discussed topics,25.0
I005277,2024-11-27,UK,EMEA,Respiratory,Congress/Conference,S00578,E00459,Advisory board discussion on unmet needs,95.0
I005278,2024-12-31,JPN,APAC,Primary Care,1:1 Meeting,S01718,E00501,Catch-up,21.0
I005279,2024-12-13,India,APAC,Vaccines,Speaker Program,S00526,E00569,Training and best practice sharing,105.0
I005280,2025-03-17,U.S.,Americas,Vaccines,Group Meeting,S01653,E00147,Market access discussion,
I005281,2024-10-16,Mexico,Americas,Oncology,1:1 Meeting,S00948,E00107,Product information discussion (on-label),39.0
I005282,2024-07-18,JP,APAC,Oncology,Group Meeting,S00955,E00251,Market access discussion,53.0
I005283,2025-02-08,MX,Americas,Specialty,Group Meeting,S01350,E00216,Market access discussion,65.0
I005284,2024-10-12,BR,Americas,Vaccines,Congress/Conference,S00676,E00867,Market access discussion,158.0
I005285,2025-01-23,IN,APAC,Oncology,Congress/Conference,S00739,E00520,Training and best practice sharing,129.0
I005286,2024-05-29,GB,EMEA,Vaccines,1:1 Meeting,S01332,E00720,Product information discussion (on-label),14.0
I005287,2025-03-03,Mexico,Americas,Respiratory,Speaker Program,S01373,E00491,Scientific exchange on clinical data,129.0
I005288,2024-09-28,Germany,EMEA,Primary Care,1:1 Meeting,S00563,E00063,Speaker program educational session,29.0
I005289,2024-02-12,USA,Americas,Oncology,1:1 Meeting,S01001,E00322,,18.0
I005290,2024-06-20,Great Britain,EMEA,Respiratory,Speaker Program,S00869,E00779,Advisory board discussion on unmet needs,
I005291,2024-11-16,FRA,EMEA,Primary Care,Advisory Board,S00007,E00109,Congress meeting and follow-up,18.0
I005292,2024-03-23,U.S.,Americas,Primary Care,1:1 Meeting,S00912,E00418,Congress meeting and follow-up,27.0
I005293,2025-06-26,U.S.,Americas,Specialty,Speaker Program,S01462,E00640,Scientific exchange on clinical data,99.0
I005294,2024-09-08,U.S.,Americas,Specialty,Group Meeting,S00688,E00138,Speaker program educational session,54.0
I005295,2025-03-24,FR,EMEA,Oncology,1:1 Meeting,S00513,E00034,Market access discussion,30.0
I005296,2024-06-28,DEU,EMEA,Oncology,Advisory Board,S00614,E00372,Follow-up,140.0
I005297,2025-01-19,IND,APAC,Oncology,1:1 Meeting,S00617,E00077,Market access discussion,30.0
I005298,2024-03-15,Germany,EMEA,Vaccines,1:1 Meeting,S01273,E00086,Congress meeting and follow-up,41.0
I005299,2024-12-09,United States,Americas,Respiratory,Speaker Program,S00925,E00444,Scientific exchange on clinical data,112.0
I005300,2024-06-19,DE,EMEA,Primary Care,Speaker Program,S01315,E00729,Speaker program educational session,93.0
I005301,2025-02-09,MEX,Americas,Oncology,1:1 Meeting,S00874,E00488,Speaker program educational session,41.0
I005302,2024-03-02,United Kingdom,EMEA,Primary Care,1:1 Meeting,S01558,E00962,Product information discussion (on-label),25.0
I005303,2024-11-22,GB,EMEA,Specialty,Group Meeting,S00190,E00490,Training and best practice sharing,67.0
I005304,2024-05-12,FRA,EMEA,Respiratory,Advisory Board,S00776,E00219,Speaker program educational session,206.0
I005305,2024-07-07,India,APAC,Primary Care,Congress/Conference,S01482,E00728,Scientific exchange on clinical data,92.0
I005306,2024-08-11,IT,EMEA,Vaccines,1:1 Meeting,S00780,E00811,Product information discussion (on-label),26.0
I005307,2024-11-23,India,APAC,Primary Care,Advisory Board,S01278,E00582,Speaker program educational session,326.0
I005308,2024-03-05,FRA,EMEA,Respiratory,1:1 Meeting,S00240,E00598,Product information discussion (on-label),43.0
I005309,2024-07-11,United Kingdom,EMEA,Vaccines,Speaker Program,S01084,E00535,,0.0
I005310,2025-02-13,Japan,APAC,Respiratory,Advisory Board,S01626,E00272,Advisory board discussion on unmet needs,
I005311,2024-10-26,CA,Americas,Oncology,Speaker Program,S01152,E00382,Speaker program educational session,86.0
I005312,2024-10-27,Italy,EMEA,Respiratory,1:1 Meeting,S00670,E00630,Speaker program educational session,23.0
I005313,2025-03-31,U.S.,Americas,Primary Care,1:1 Meeting,S00600,E00607,Advisory board discussion on unmet needs,33.0
I005314,2024-10-28,United States,Americas,Primary Care,Advisory Board,S01799,E00534,Congress meeting and follow-up,59.0
I005315,2024-12-02,United Kingdom,EMEA,Specialty,1:1 Meeting,S00254,E00752,Market access discussion,42.0
I005316,2024-02-17,JP,APAC,Primary Care,Advisory Board,S00294,E00396,Advisory board discussion on unmet needs,80.0
I005317,2024-09-06,USA,Americas,Specialty,1:1 Meeting,S00971,E00990,Product information discussion (on-label),44.0
I005318,2024-11-23,U.S.,Americas,Oncology,1:1 Meeting,S00981,E00153,Advisory board discussion on unmet needs,13.0
I005319,2024-06-28,US,Americas,Specialty,Advisory Board,S00308,E00675,Speaker program educational session,221.0
I005320,2025-01-04,India,APAC,Vaccines,Group Meeting,S00449,E00026,Market access discussion,114.0
I005321,2024-09-01,IN,APAC,Respiratory,1:1 Meeting,S00294,E00296,Training and best practice sharing,18.0
I005322,2024-05-15,CAN,Americas,Primary Care,Group Meeting,S01009,E00380,Training and best practice sharing,65.0
I005323,2024-04-05,BR,Americas,Primary Care,1:1 Meeting,S00074,E00838,Product information discussion (on-label),38.0
I005324,2024-10-03,Great Britain,EMEA,Primary Care,Congress/Conference,S00704,E00277,Advisory board discussion on unmet needs,107.0
I005325,2024-05-17,CAN,Americas,Oncology,Speaker Program,S01152,E00193,Advisory board discussion on unmet needs,59.0
I005326,2024-05-15,France,EMEA,Oncology,1:1 Meeting,S01740,E00842,Congress meeting and follow-up,28.0
I005327,2025-01-01,U.S.,Americas,Oncology,1:1 Meeting,S00234,E00149,Market access discussion,52.0
I005328,2024-02-20,UK,EMEA,Oncology,Speaker Program,S00979,E00110,Market access discussion,32.0
I005329,2024-05-16,JPN,APAC,Specialty,Advisory Board,S00810,E00171,Follow-up,187.0
I005330,2025-03-03,FRA,EMEA,Vaccines,1:1 Meeting,S00498,E00747,Market access discussion,15.0
I005331,2025-03-18,IN,APAC,Specialty,Speaker Program,S00171,E01000,Training and best practice sharing,137.0
I005332,2024-03-20,Japan,APAC,Vaccines,Congress/Conference,S00813,E00552,Market access discussion,106.0
I005333,2025-04-18,United States of America,Americas,Oncology,Speaker Program,S01275,E00995,Advisory board discussion on unmet needs,120.0
I005334,2024-08-06,Brazil,Americas,Oncology,1:1 Meeting,S00880,E00575,Congress meeting and follow-up,31.0
I005335,2024-10-04,USA,Americas,Vaccines,Speaker Program,S01077,E00313,Training and best practice sharing,83.0
I005336,2024-05-20,Canada,Americas,Primary Care,Advisory Board,S01266,E00737,Training and best practice sharing,218.0
I005337,2024-04-19,United States of America,Americas,Vaccines,Group Meeting,S01487,E00961,Advisory board discussion on unmet needs,64.0
I005338,2024-11-14,India,APAC,Oncology,Group Meeting,S01248,E00073,Market access discussion,28.0
I005339,2024-07-17,FRA,EMEA,Oncology,1:1 Meeting,S01438,E00794,Training and best practice sharing,35.0
I005340,2024-01-17,Italy,EMEA,Primary Care,Group Meeting,S01219,E00484,Scientific exchange on clinical data,
I005341,2024-11-10,United States of America,Americas,Specialty,1:1 Meeting,S01522,E00014,Market access discussion,30.0
I005342,2024-01-24,United States of America,Americas,Primary Care,1:1 Meeting,S00503,E00121,Congress meeting and follow-up,33.0
I005343,2024-02-04,DEU,EMEA,Specialty,1:1 Meeting,S00017,E00319,Training and best practice sharing,36.0
I005344,2025-04-05,ITA,EMEA,Oncology,Speaker Program,S00175,E00022,Training and best practice sharing,85.0
I005345,2024-05-17,CA,Americas,Respiratory,Speaker Program,S00259,E00867,Training and best practice sharing,
I005346,2024-09-21,CAN,Americas,Respiratory,1:1 Meeting,S01055,E00310,Advisory board discussion on unmet needs,47.0
I005347,2024-11-28,IT,EMEA,Oncology,Group Meeting,S00831,E00865,Scientific exchange on clinical data,44.0
I005348,2025-06-25,France,EMEA,Vaccines,1:1 Meeting,S01758,E00809,Product information discussion (on-label),46.0
I005349,2024-06-19,USA,Americas,Vaccines,Advisory Board,S01768,E00494,Catch-up,84.0
I005350,2024-07-19,DE,EMEA,Specialty,Congress/Conference,S00939,E00932,Training and best practice sharing,129.0
I005351,2024-05-14,Brazil,Americas,Vaccines,1:1 Meeting,S01597,E00813,Advisory board discussion on unmet needs,38.0
I005352,2024-01-31,JP,APAC,Vaccines,1:1 Meeting,S00894,E00732,Advisory board discussion on unmet needs,27.0
I005353,2024-04-30,Germany,EMEA,Specialty,Speaker Program,S01347,E00324,Congress meeting and follow-up,104.0
I005354,2025-05-10,USA,Americas,Specialty,Group Meeting,S01259,E00571,Congress meeting and follow-up,34.0
I005355,2024-05-25,CA,Americas,Specialty,Congress/Conference,S00476,E00694,Product information discussion (on-label),79.0
I005356,2024-03-26,CAN,Americas,Specialty,1:1 Meeting,S00467,E00845,Scientific exchange on clinical data,33.0
I005357,2024-01-16,DE,EMEA,Specialty,Advisory Board,S00012,E00372,,138.0
I005358,2025-01-29,United States of America,Americas,Specialty,1:1 Meeting,S00255,E00498,Advisory board discussion on unmet needs,33.0
I005359,2024-06-10,United Kingdom,EMEA,Respiratory,Group Meeting,S01430,E00984,Speaker program educational session,54.0
I005360,2024-06-04,Japan,APAC,Specialty,Group Meeting,S00804,E00681,Scientific exchange on clinical data,71.0
I005361,2024-11-19,ITA,EMEA,Oncology,1:1 Meeting,S01462,E00718,Market access discussion,18.0
I005362,2024-06-12,CAN,Americas,Primary Care,Group Meeting,S01200,E00468,Product information discussion (on-label),39.0
I005363,2024-03-02,UK,EMEA,Vaccines,Advisory Board,S00328,E00485,Training and best practice sharing,181.0
I005364,2024-12-11,France,EMEA,Primary Care,Group Meeting,S00959,E00389,Advisory board discussion on unmet needs,36.0
I005365,2024-05-29,USA,Americas,Oncology,1:1 Meeting,S00742,E00949,Scientific exchange on clinical data,42.0
I005366,2024-06-25,IN,APAC,Specialty,Group Meeting,S00095,E00972,Advisory board discussion on unmet needs,70.0
I005367,2024-12-19,India,APAC,Primary Care,Group Meeting,S01691,E00487,Scientific exchange on clinical data,88.0
I005368,2025-04-22,United States,Americas,Vaccines,Advisory Board,S00550,E00196,Scientific exchange on clinical data,185.0
I005369,2025-02-17,United States,Americas,Vaccines,Group Meeting,S00400,E00185,Speaker program educational session,91.0
I005370,2024-07-05,CAN,Americas,Oncology,Group Meeting,S00995,E00126,Speaker program educational session,50.0
I005371,2025-03-25,MEX,Americas,Oncology,1:1 Meeting,S01496,E00391,Market access discussion,17.0
I005372,2024-09-29,Great Britain,EMEA,Oncology,1:1 Meeting,S00818,E00357,Product information discussion (on-label),22.0
I005373,2024-02-21,U.S.,Americas,Specialty,Group Meeting,S00133,E00805,Training and best practice sharing,47.0
I005374,2024-08-12,JP,APAC,Vaccines,Speaker Program,S01085,E00350,Training and best practice sharing,44.0
I005375,2024-11-05,ITA,EMEA,Specialty,1:1 Meeting,S01342,E00120,Advisory board discussion on unmet needs,26.0
I005376,2024-07-13,Germany,EMEA,Vaccines,Congress/Conference,S00317,E00006,Scientific exchange on clinical data,148.0
I005377,2025-03-18,Italy,EMEA,Oncology,Advisory Board,S00811,E00430,Market access discussion,251.0
I005378,2025-05-13,ITA,EMEA,Respiratory,Speaker Program,S00788,E00660,Market access discussion,79.0
I005379,2025-04-13,DEU,EMEA,Specialty,Congress/Conference,S00550,E00628,Congress meeting and follow-up,113.0
I005380,2024-06-30,Italy,EMEA,Respiratory,Group Meeting,S00854,E00672,Speaker program educational session,30.0
I005381,2025-05-31,IN,APAC,Primary Care,Group Meeting,S01297,E00981,,102.0
I005382,2024-12-13,Germany,EMEA,Vaccines,1:1 Meeting,S00181,E00727,Advisory board discussion on unmet needs,30.0
I005383,2025-04-23,DE,EMEA,Specialty,1:1 Meeting,S01626,E00816,Market access discussion,24.0
I005384,2024-02-22,DEU,EMEA,Primary Care,Group Meeting,S00196,E00415,Speaker program educational session,32.0
I005385,2024-01-10,BRA,Americas,Respiratory,Speaker Program,S01254,E00112,Catch-up,63.0
I005386,2024-01-19,Germany,EMEA,Vaccines,1:1 Meeting,S01422,E00907,Congress meeting and follow-up,48.0
I005387,2024-02-24,United States of America,Americas,Oncology,Group Meeting,S00805,E00032,Speaker program educational session,32.0
I005388,2024-01-21,United Kingdom,EMEA,Oncology,Speaker Program,S00975,E00053,Scientific exchange on clinical data,79.0
I005389,2024-10-08,JPN,APAC,Vaccines,Advisory Board,S00232,E00696,Market access discussion,270.0
I005390,2025-02-20,IT,EMEA,Primary Care,1:1 Meeting,S00839,E00679,Product information discussion (on-label),22.0
I005391,2024-10-11,Italy,EMEA,Respiratory,1:1 Meeting,S00289,E00867,Market access discussion,24.0
I005392,2025-05-30,IT,EMEA,Vaccines,Group Meeting,S01670,E00886,Market access discussion,71.0
I005393,2025-01-27,IT,EMEA,Oncology,1:1 Meeting,S00251,E00216,,29.0
I005394,2024-08-07,DE,EMEA,Oncology,Advisory Board,S00690,E00703,Advisory board discussion on unmet needs,
I005395,2024-06-08,CA,Americas,Specialty,1:1 Meeting,S00915,E00105,Scientific exchange on clinical data,20.0
I005396,2024-02-01,BRA,Americas,Respiratory,1:1 Meeting,S01195,E00201,Market access discussion,23.0
I005397,,Germany,EMEA,Specialty,Congress/Conference,S00618,E00600,Advisory board discussion on unmet needs,82.0
I005398,2024-12-17,USA,Americas,Respiratory,1:1 Meeting,S01115,E00978,Scientific exchange on clinical data,29.0
I005399,2024-12-04,GB,EMEA,Vaccines,Speaker Program,S01787,E00319,Training and best practice sharing,72.0
I005400,2025-06-13,United Kingdom,EMEA,Respiratory,Group Meeting,S01357,E00523,,38.0
I005401,2024-04-02,France,EMEA,Specialty,1:1 Meeting,S01786,E00813,Speaker program educational session,28.0
I005402,2024-02-29,CA,Americas,Respiratory,1:1 Meeting,S01155,E00215,,37.0
I005403,2025-04-21,Mexico,Americas,Vaccines,1:1 Meeting,S01081,E00462,Business discussion,18.0
I005404,2024-11-06,UK,EMEA,Vaccines,1:1 Meeting,S01798,E00498,Market access discussion,24.0
I005405,2024-06-16,Japan,APAC,Specialty,Group Meeting,S00115,E00082,Catch-up,23.0
I005406,2025-05-14,Canada,Americas,Oncology,Advisory Board,S00352,E00938,Market access discussion,202.0
I005407,2024-12-31,BR,Americas,Specialty,Speaker Program,S01701,E00570,Market access discussion,99.0
I005408,2024-11-22,IT,EMEA,Primary Care,Advisory Board,S00048,E00052,Scientific exchange on clinical data,75.0
I005409,2024-04-23,IT,EMEA,Specialty,1:1 Meeting,S01752,E00580,Market access discussion,13.0
I005410,2024-05-22,US,Americas,Vaccines,1:1 Meeting,S01210,E00530,Training and best practice sharing,46.0
I005411,2024-11-04,MX,Americas,Respiratory,Group Meeting,S00106,E00958,Advisory board discussion on unmet needs,34.0
I005412,2024-07-03,ITA,EMEA,Respiratory,1:1 Meeting,S00822,E00645,Speaker program educational session,42.0
I005413,2024-07-23,US,Americas,Vaccines,Group Meeting,S00322,E00062,Market access discussion,78.0
I005414,2025-01-25,France,EMEA,Oncology,Group Meeting,S01247,E00345,Meeting,96.0
I005415,2025-06-03,Mexico,Americas,Primary Care,Speaker Program,S00788,E00998,Market access discussion,103.0
I005416,2024-07-20,India,APAC,Specialty,Group Meeting,S00349,E00353,Speaker program educational session,
I005417,2024-08-01,United States of America,Americas,Vaccines,1:1 Meeting,S00153,E00679,Advisory board discussion on unmet needs,22.0
I005418,2024-03-15,BR,Americas,Primary Care,1:1 Meeting,S00886,E00097,,
I005419,2024-05-21,Great Britain,EMEA,Vaccines,Speaker Program,S01209,E00095,Market access discussion,111.0
I005420,2024-05-25,Mexico,Americas,Respiratory,Group Meeting,S00772,E00232,Training and best practice sharing,56.0
I005421,2024-02-23,IN,APAC,Oncology,Speaker Program,S00394,E00913,Advisory board discussion on unmet needs,
I005422,2025-02-03,JPN,APAC,Primary Care,1:1 Meeting,S01542,E00834,,39.0
I005423,2025-05-30,JP,APAC,Oncology,Group Meeting,S01108,E00232,Meeting,29.0
I005424,2025-03-24,CAN,Americas,Oncology,1:1 Meeting,S00455,E00069,Product information discussion (on-label),29.0
I005425,2024-04-21,IN,APAC,Primary Care,Group Meeting,S00375,E00486,Scientific exchange on clinical data,41.0
I005426,2024-10-15,France,EMEA,Respiratory,Speaker Program,S00831,E00354,Product information discussion (on-label),77.0
I005427,2024-07-15,India,APAC,Primary Care,1:1 Meeting,S00846,E00839,Training and best practice sharing,11.0
I005428,2025-05-06,France,EMEA,Primary Care,Group Meeting,S00347,E00893,,15.0
I005429,2024-06-12,US,Americas,Respiratory,Group Meeting,S01477,E00075,Congress meeting and follow-up,58.0
I005430,2024-01-21,Canada,Americas,Vaccines,Speaker Program,S01718,E00908,Market access discussion,73.0
I005431,2025-05-26,United States of America,Americas,Respiratory,1:1 Meeting,S00249,E00453,Scientific exchange on clinical data,46.0
I005432,2025-04-04,DEU,EMEA,Primary Care,1:1 Meeting,S01676,E00100,Market access discussion,37.0
I005433,2024-03-18,JP,APAC,Primary Care,1:1 Meeting,S00151,E00771,Product information discussion (on-label),32.0
I005434,2024-12-04,Brazil,Americas,Specialty,1:1 Meeting,S00967,E00280,Market access discussion,13.0
I005435,2025-02-27,United States,Americas,Oncology,Group Meeting,S00360,E00076,,87.0
I005436,2024-08-16,IT,EMEA,Respiratory,1:1 Meeting,S01738,E00403,Market access discussion,24.0
I005437,2024-06-09,US,Americas,Primary Care,1:1 Meeting,S01494,E00471,Market access discussion,48.0
I005438,2024-04-20,Mexico,Americas,Oncology,1:1 Meeting,S00836,E00813,Advisory board discussion on unmet needs,14.0
I005439,2024-08-08,United Kingdom,EMEA,Primary Care,Congress/Conference,S00160,E00208,Market access discussion,83.0
I005440,2024-12-19,IN,APAC,Oncology,Speaker Program,S01060,E00995,Scientific exchange on clinical data,130.0
I005441,2025-04-18,JP,APAC,Respiratory,Group Meeting,S01685,E00047,Product information discussion (on-label),30.0
I005442,2024-06-01,CA,Americas,Vaccines,1:1 Meeting,S00521,E00571,Market access discussion,32.0
I005443,2024-08-26,India,APAC,Specialty,1:1 Meeting,S01439,E00015,Scientific exchange on clinical data,24.0
I005444,2024-11-14,United States of America,Americas,Primary Care,Speaker Program,S01783,E00860,Product information discussion (on-label),27.0
I005445,2024-06-06,Canada,Americas,Respiratory,Group Meeting,S00935,E00577,,87.0
I005446,2024-03-16,CA,Americas,Oncology,Speaker Program,S01543,E00794,Congress meeting and follow-up,69.0
I005447,2024-11-24,Japan,APAC,Respiratory,1:1 Meeting,S00138,E00390,Product information discussion (on-label),36.0
I005448,2024-03-12,Italy,EMEA,Primary Care,1:1 Meeting,S00085,E00056,Training and best practice sharing,37.0
I005449,2024-08-12,India,APAC,Specialty,Speaker Program,S00726,E00127,Congress meeting and follow-up,68.0
I005450,2025-06-23,BR,Americas,Vaccines,Group Meeting,S00973,E00209,Speaker program educational session,113.0
I005451,2024-02-15,Brazil,Americas,Vaccines,Group Meeting,S01025,E00865,Market access discussion,61.0
I005452,2024-10-17,ITA,EMEA,Specialty,Group Meeting,S01050,E00837,Congress meeting and follow-up,
I005453,2025-04-02,BR,Americas,Vaccines,Group Meeting,S01415,E00376,Training and best practice sharing,62.0
I005454,2025-05-25,MEX,Americas,Vaccines,Congress/Conference,S00298,E00704,Market access discussion,106.0
I005455,2024-10-04,BR,Americas,Respiratory,Advisory Board,S01028,E00431,Follow-up,205.0
I005456,2024-12-21,USA,Americas,Vaccines,1:1 Meeting,S00136,E00742,Market access discussion,46.0
I005457,2024-03-18,MX,Americas,Respiratory,1:1 Meeting,S01006,E00439,Product information discussion (on-label),12.0
I005458,2024-08-01,CAN,Americas,Specialty,1:1 Meeting,S00851,E00790,Training and best practice sharing,33.0
I005459,2025-03-24,U.S.,Americas,Respiratory,1:1 Meeting,S00491,E00290,Market access discussion,41.0
I005460,2024-01-24,Italy,EMEA,Primary Care,1:1 Meeting,S01462,E00883,Speaker program educational session,
I005461,2025-06-22,DE,EMEA,Vaccines,1:1 Meeting,S00806,E00934,Advisory board discussion on unmet needs,34.0
I005462,2024-02-10,United States,Americas,Primary Care,Group Meeting,S00014,E00616,Product information discussion (on-label),82.0
I005463,2025-02-16,UK,EMEA,Primary Care,Group Meeting,S01706,E00763,Advisory board discussion on unmet needs,552.0
I005464,2024-08-26,Italy,EMEA,Specialty,1:1 Meeting,S00045,E00344,Advisory board discussion on unmet needs,20.0
I005465,2024-02-11,CA,Americas,Oncology,1:1 Meeting,S00797,E00967,Market access discussion,28.0
I005466,2024-09-21,JP,APAC,Respiratory,Group Meeting,S00531,E00735,Advisory board discussion on unmet needs,105.0
I005467,2025-03-20,IN,APAC,Vaccines,Speaker Program,S00673,E00386,Scientific exchange on clinical data,126.0
I005468,2024-03-14,BRA,Americas,Primary Care,1:1 Meeting,S00588,E00743,Speaker program educational session,39.0
I005469,2024-08-12,CAN,Americas,Primary Care,Congress/Conference,S00035,E00465,Market access discussion,100.0
I005470,2024-06-09,USA,Americas,Primary Care,1:1 Meeting,S00246,E00584,Training and best practice sharing,42.0
I005471,2024-08-20,Italy,EMEA,Primary Care,Group Meeting,S00163,E00605,Follow-up,80.0
I005472,2024-08-14,ITA,EMEA,Primary Care,Group Meeting,S00865,E00505,Advisory board discussion on unmet needs,9.0
I005473,2024-09-29,IND,APAC,Vaccines,Group Meeting,S01614,E00557,Scientific exchange on clinical data,51.0
I005474,2025-02-07,CAN,Americas,Primary Care,Congress/Conference,S01331,E00950,Training and best practice sharing,127.0
I005475,2025-03-02,United States of America,Americas,Respiratory,Advisory Board,S01393,E00391,Advisory board discussion on unmet needs,249.0
I005476,2024-09-08,Brazil,Americas,Oncology,Speaker Program,S00514,E00274,Speaker program educational session,89.0
I005477,2025-06-16,GB,EMEA,Vaccines,Advisory Board,S01106,E00054,Training and best practice sharing,248.0
I005478,2025-05-28,IND,APAC,Primary Care,1:1 Meeting,S00207,E00289,Scientific exchange on clinical data,28.0
I005479,2025-03-17,U.S.,Americas,Primary Care,Group Meeting,S01194,E00836,Speaker program educational session,55.0
I005480,2024-09-30,ITA,EMEA,Specialty,Congress/Conference,S00093,E00436,Training and best practice sharing,107.0
I005481,2024-06-08,US,Americas,Specialty,1:1 Meeting,S00679,E00815,,30.0
I005482,2025-03-08,United States,Americas,Oncology,Group Meeting,S01765,E00874,Market access discussion,52.0
I005483,2025-04-25,IND,APAC,Vaccines,Group Meeting,S00639,E00940,Market access discussion,61.0
I005484,2024-11-04,United States of America,Americas,Respiratory,Speaker Program,S01398,E00259,Business discussion,15.0
I005485,2025-05-08,Canada,Americas,Primary Care,Group Meeting,S00788,E00284,Congress meeting and follow-up,60.0
I005486,2024-02-05,US,Americas,Vaccines,1:1 Meeting,S01144,E00547,Discussed topics,37.0
I005487,2024-02-03,Canada,Americas,Primary Care,Group Meeting,S01155,E00721,Speaker program educational session,47.0
I005488,2025-02-24,UK,EMEA,Primary Care,Group Meeting,S01563,E00501,Speaker program educational session,55.0
I005489,2024-05-05,Great Britain,EMEA,Specialty,1:1 Meeting,S00067,E00728,Market access discussion,29.0
I005490,2025-05-24,United States,Americas,Specialty,1:1 Meeting,S00669,E00746,Scientific exchange on clinical data,41.0
I005491,2025-02-05,United States of America,Americas,Vaccines,Advisory Board,S00529,E00643,Scientific exchange on clinical data,114.0
I005492,2025-01-01,CA,Americas,Oncology,Speaker Program,S01421,E00734,Speaker program educational session,94.0
I005493,2025-05-02,IT,EMEA,Specialty,1:1 Meeting,S00582,E00509,Scientific exchange on clinical data,12.0
I005494,2024-12-12,Brazil,Americas,Primary Care,1:1 Meeting,S01432,E00891,Market access discussion,43.0
I005495,2024-02-01,Mexico,Americas,Respiratory,1:1 Meeting,S00126,E00367,Training and best practice sharing,34.0
I005496,2025-04-18,India,APAC,Primary Care,Group Meeting,S00113,E00239,Scientific exchange on clinical data,
I005497,2025-01-21,Great Britain,EMEA,Specialty,1:1 Meeting,S00992,E00948,Congress meeting and follow-up,18.0
I005498,2025-04-15,India,APAC,Oncology,Congress/Conference,S00184,E00058,Scientific exchange on clinical data,123.0
I005499,2025-02-23,Great Britain,EMEA,Respiratory,Group Meeting,S01015,E00176,Speaker program educational session,21.0
I005500,2024-10-11,US,Americas,Specialty,Advisory Board,S00580,E00813,Scientific exchange on clinical data,305.0
I005501,2024-02-23,Japan,APAC,Vaccines,1:1 Meeting,S01094,E00233,Congress meeting and follow-up,37.0
I005502,2024-09-21,IND,APAC,Primary Care,1:1 Meeting,S00121,E00440,Congress meeting and follow-up,33.0
I005503,2025-01-16,Canada,Americas,Respiratory,1:1 Meeting,S00420,E00385,Market access discussion,26.0
I005504,2024-07-21,JPN,APAC,Specialty,1:1 Meeting,S00551,E00810,Training and best practice sharing,17.0
I005505,2024-02-27,DEU,EMEA,Vaccines,1:1 Meeting,S00125,E00770,Advisory board discussion on unmet needs,17.0
I005506,2025-01-03,USA,Americas,Specialty,1:1 Meeting,S01562,E00864,Market access discussion,
I005507,2025-02-21,DE,EMEA,Vaccines,Speaker Program,S00971,E00122,Scientific exchange on clinical data,121.0
I005508,2024-05-15,CAN,Americas,Vaccines,Speaker Program,S00271,E00105,Training and best practice sharing,117.0
I005509,2025-02-01,United Kingdom,EMEA,Oncology,Speaker Program,S01204,E00508,Scientific exchange on clinical data,87.0
I005510,2024-02-23,Japan,APAC,Respiratory,1:1 Meeting,S01577,E00555,Scientific exchange on clinical data,33.0
I005511,2024-10-03,IN,APAC,Oncology,Group Meeting,S00776,E00777,Scientific exchange on clinical data,25.0
I005512,2024-01-14,CAN,Americas,Specialty,1:1 Meeting,S00427,E00521,Advisory board discussion on unmet needs,
I005513,2025-04-26,CAN,Americas,Primary Care,1:1 Meeting,S01512,E00197,Advisory board discussion on unmet needs,18.0
I005514,2024-01-12,Germany,EMEA,Primary Care,Advisory Board,S00515,E00188,Scientific exchange on clinical data,225.0
I005515,2024-06-14,CA,Americas,Vaccines,1:1 Meeting,S00563,E00081,Training and best practice sharing,28.0
I005516,2024-06-17,Brazil,Americas,Specialty,Congress/Conference,S01306,E00517,Training and best practice sharing,96.0
I005517,2024-06-18,UK,EMEA,Oncology,1:1 Meeting,S00118,E00879,,51.0
I005518,2024-02-22,IN,APAC,Respiratory,Group Meeting,S00086,E00068,Training and best practice sharing,60.0
I005519,2024-04-27,Canada,Americas,Primary Care,Advisory Board,S00086,E00064,Market access discussion,107.0
I005520,2025-02-17,India,APAC,Oncology,1:1 Meeting,S00381,E00227,Market access discussion,41.0
I005521,2024-03-17,UK,EMEA,Specialty,1:1 Meeting,S00428,E00312,Advisory board discussion on unmet needs,21.0
I005522,2025-02-06,US,Americas,Primary Care,Advisory Board,S00969,E00487,Product information discussion (on-label),156.0
I005523,2024-07-23,Mexico,Americas,Specialty,Group Meeting,S00250,E00294,Scientific exchange on clinical data,79.0
I005524,2024-10-07,BRA,Americas,Primary Care,Group Meeting,S00717,E00555,Training and best practice sharing,53.0
I005525,2024-06-14,JPN,APAC,Vaccines,Advisory Board,S00549,E00484,Speaker program educational session,268.0
I005526,2024-07-26,France,EMEA,Respiratory,Group Meeting,S01671,E00108,Scientific exchange on clinical data,58.0
I005527,2024-11-10,U.S.,Americas,Vaccines,Group Meeting,S00215,E00876,Training and best practice sharing,64.0
I005528,2024-08-11,ITA,EMEA,Primary Care,Congress/Conference,S01556,E00810,Advisory board discussion on unmet needs,42.0
I005529,2024-03-28,MX,Americas,Specialty,Advisory Board,S00193,E00147,Scientific exchange on clinical data,147.0
I005530,2024-03-06,Germany,EMEA,Respiratory,1:1 Meeting,S01354,E00670,Speaker program educational session,
I005531,2025-02-26,UK,EMEA,Respiratory,Group Meeting,S00118,E00555,Scientific exchange on clinical data,69.0
I005532,2025-01-19,IND,APAC,Oncology,Speaker Program,S01795,E00897,Speaker program educational session,71.0
I005533,2025-03-22,FRA,EMEA,Respiratory,1:1 Meeting,S00883,E00949,Scientific exchange on clinical data,10.0
I005534,2024-04-20,MX,Americas,Primary Care,Speaker Program,S00435,E00154,Congress meeting and follow-up,110.0
I005535,2025-01-15,Great Britain,EMEA,Specialty,1:1 Meeting,S00264,E00374,Product information discussion (on-label),
I005536,2024-04-27,CA,Americas,Specialty,1:1 Meeting,S00069,E00499,Speaker program educational session,
I005537,2024-11-23,CA,Americas,Respiratory,1:1 Meeting,S00267,E00150,Advisory board discussion on unmet needs,33.0
I005538,2024-12-24,BR,Americas,Primary Care,1:1 Meeting,S01035,E00843,Advisory board discussion on unmet needs,53.0
I005539,2025-03-18,CA,Americas,Oncology,1:1 Meeting,S00025,E00693,Congress meeting and follow-up,33.0
I005540,2024-04-28,Great Britain,EMEA,Respiratory,Group Meeting,S00416,E00419,Congress meeting and follow-up,37.0
I005541,2024-07-13,IND,APAC,Vaccines,Speaker Program,S00396,E00345,Speaker program educational session,57.0
I005542,2024-08-28,IN,APAC,Vaccines,Group Meeting,S00451,E00314,Advisory board discussion on unmet needs,62.0
I005543,2025-05-23,United States of America,Americas,Respiratory,Group Meeting,S01628,E00502,Speaker program educational session,78.0
I005544,2024-01-31,Germany,EMEA,Respiratory,Group Meeting,S00011,E00555,Market access discussion,46.0
I005545,2024-08-10,USA,Americas,Oncology,1:1 Meeting,S00584,E00300,Training and best practice sharing,24.0
I005546,2025-01-15,Japan,APAC,Specialty,1:1 Meeting,S00136,E00642,,14.0
I005547,2024-03-02,Japan,APAC,Specialty,Speaker Program,S01180,E00706,Product information discussion (on-label),102.0
I005548,2025-06-19,BRA,Americas,Respiratory,1:1 Meeting,S00408,E00985,Speaker program educational session,29.0
I005549,2024-05-19,JP,APAC,Oncology,Advisory Board,S00404,E00724,Training and best practice sharing,244.0
I005550,2025-04-11,Germany,EMEA,Oncology,Speaker Program,S01032,E00702,Congress meeting and follow-up,75.0
I005551,2025-01-09,Canada,Americas,Oncology,Group Meeting,S00649,E00007,Product information discussion (on-label),69.0
I005552,2024-02-22,Mexico,Americas,Respiratory,1:1 Meeting,S01382,E00685,Follow-up,17.0
I005553,2024-08-19,Great Britain,EMEA,Primary Care,Speaker Program,S00833,E00459,Training and best practice sharing,86.0
I005554,2024-02-11,India,APAC,Respiratory,Congress/Conference,S00608,E00399,Market access discussion,80.0
I005555,2024-11-28,Brazil,Americas,Respiratory,Advisory Board,S00251,E00483,Congress meeting and follow-up,80.0
I005556,2024-03-09,DE,EMEA,Respiratory,Speaker Program,S01470,E00149,Scientific exchange on clinical data,152.0
I005557,2024-02-22,Italy,EMEA,Specialty,Advisory Board,S00423,E00545,Congress meeting and follow-up,181.0
I005558,2025-01-13,Brazil,Americas,Primary Care,1:1 Meeting,S01778,E00061,Speaker program educational session,31.0
I005559,2025-04-07,US,Americas,Primary Care,1:1 Meeting,S00302,E00961,Advisory board discussion on unmet needs,23.0
I005560,2024-09-17,UK,EMEA,Vaccines,Group Meeting,S00403,E00596,,95.0
I005561,2025-05-14,U.S.,Americas,Respiratory,Group Meeting,S00480,E00642,Market access discussion,38.0
I005562,2024-12-20,United States,Americas,Primary Care,1:1 Meeting,S01001,E00625,Advisory board discussion on unmet needs,25.0
I005563,2024-11-04,IND,APAC,Vaccines,Group Meeting,S00106,E00553,Product information discussion (on-label),72.0
I005564,2024-06-29,US,Americas,Vaccines,1:1 Meeting,S00045,E00880,Discussed topics,22.0
I005565,2024-06-22,USA,Americas,Oncology,Group Meeting,S00148,E00478,Congress meeting and follow-up,70.0
I005566,2024-09-15,U.S.,Americas,Primary Care,Congress/Conference,S00526,E00141,Market access discussion,97.0
I005567,2024-01-05,Brazil,Americas,Oncology,Speaker Program,S00229,E00747,Speaker program educational session,98.0
I005568,2025-01-28,Brazil,Americas,Specialty,Speaker Program,S00522,E00904,Scientific exchange on clinical data,128.0
I005569,2024-12-01,UK,EMEA,Oncology,1:1 Meeting,S00250,E00873,Speaker program educational session,
I005570,2024-06-04,U.S.,Americas,Respiratory,Advisory Board,S00132,E00710,Congress meeting and follow-up,239.0
I005571,2025-04-22,France,EMEA,Oncology,Speaker Program,S00312,E00224,Advisory board discussion on unmet needs,39.0
I005572,2024-04-07,IN,APAC,Specialty,Group Meeting,S01720,E00250,Discussed topics,86.0
I005573,2024-07-16,Germany,EMEA,Primary Care,Congress/Conference,S00726,E00710,Speaker program educational session,75.0
I005574,2024-08-15,IND,APAC,Vaccines,1:1 Meeting,S01557,E00948,,33.0
I005575,2025-04-01,Brazil,Americas,Specialty,Speaker Program,S00210,E00414,Training and best practice sharing,142.0
I005576,2025-03-21,India,APAC,Specialty,Group Meeting,S00135,E00677,Scientific exchange on clinical data,10.0
I005577,2025-03-23,United States,Americas,Specialty,Group Meeting,S01593,E00934,Product information discussion (on-label),81.0
I005578,2025-05-30,US,Americas,Respiratory,Group Meeting,S00215,E00447,Speaker program educational session,50.0
I005579,2024-07-20,FR,EMEA,Primary Care,1:1 Meeting,S01110,E00350,Scientific exchange on clinical data,41.0
I005580,2024-06-28,FRA,EMEA,Respiratory,1:1 Meeting,S00518,E00242,Advisory board discussion on unmet needs,23.0
I005581,2024-11-20,CA,Americas,Vaccines,1:1 Meeting,S01092,E00610,Market access discussion,512.0
I005582,2025-02-03,DE,EMEA,Specialty,Speaker Program,S00307,E00442,Scientific exchange on clinical data,140.0
I005583,2024-08-04,USA,Americas,Oncology,Group Meeting,S01106,E00113,Advisory board discussion on unmet needs,63.0
I005584,2024-08-27,DE,EMEA,Oncology,Speaker Program,S01352,E00167,Congress meeting and follow-up,51.0
I005585,2024-07-04,JPN,APAC,Specialty,1:1 Meeting,S00389,E00106,Scientific exchange on clinical data,33.0
I005586,2024-11-29,FR,EMEA,Respiratory,Advisory Board,S00937,E00248,Discussed topics,158.0
I005587,2024-03-15,IND,APAC,Primary Care,1:1 Meeting,S01551,E00959,Market access discussion,44.0
I005588,2024-02-05,Brazil,Americas,Vaccines,Congress/Conference,S01466,E00710,Market access discussion,137.0
I005589,2024-08-10,IND,APAC,Primary Care,1:1 Meeting,S00933,E00899,Scientific exchange on clinical data,
I005590,2025-05-12,Germany,EMEA,Respiratory,Group Meeting,S01476,E00797,Market access discussion,52.0
I005591,2025-05-25,GB,EMEA,Specialty,Speaker Program,S01105,E00481,Congress meeting and follow-up,127.0
I005592,2025-06-28,IN,APAC,Vaccines,1:1 Meeting,S01294,E00003,Training and best practice sharing,15.0
I005593,2024-12-08,Italy,EMEA,Vaccines,Congress/Conference,S00839,E00662,Speaker program educational session,130.0
I005594,2024-05-16,GB,EMEA,Respiratory,Congress/Conference,S00879,E00482,Congress meeting and follow-up,199.0
I005595,2025-04-17,United States,Americas,Primary Care,1:1 Meeting,S00747,E00341,Market access discussion,9.0
I005596,2024-07-01,United States,Americas,Vaccines,Speaker Program,S00733,E00430,Market access discussion,61.0
I005597,2024-06-16,BR,Americas,Primary Care,Advisory Board,S01220,E00209,Product information discussion (on-label),169.0
I005598,2025-03-27,Mexico,Americas,Specialty,Advisory Board,S01269,E00670,Congress meeting and follow-up,176.0
I005599,2025-05-04,Germany,EMEA,Specialty,1:1 Meeting,S00026,E00100,Scientific exchange on clinical data,38.0
I005600,2024-04-12,Mexico,Americas,Respiratory,Group Meeting,S01659,E00249,Speaker program educational session,70.0
I005601,2024-02-11,DE,EMEA,Primary Care,Congress/Conference,S01023,E00712,Follow-up,144.0
I005602,2024-07-11,Japan,APAC,Primary Care,1:1 Meeting,S01086,E00476,Scientific exchange on clinical data,16.0
I005603,2024-10-24,Mexico,Americas,Oncology,Advisory Board,S00478,E00758,Catch-up,319.0
I005604,2025-03-03,UK,EMEA,Primary Care,1:1 Meeting,S01383,E00373,Market access discussion,28.0
I005605,2024-12-17,DEU,EMEA,Specialty,Advisory Board,S01392,E00534,Scientific exchange on clinical data,181.0
I005606,2024-04-17,United States of America,Americas,Respiratory,Congress/Conference,S01234,E00708,,136.0
I005607,2024-05-30,FR,EMEA,Primary Care,1:1 Meeting,S01000,E00281,Advisory board discussion on unmet needs,12.0
I005608,2024-09-08,DE,EMEA,Primary Care,1:1 Meeting,S00570,E00825,Market access discussion,20.0
I005609,2024-09-10,CAN,Americas,Respiratory,Group Meeting,S01249,E00112,Product information discussion (on-label),79.0
I005610,2024-08-25,India,APAC,Oncology,Group Meeting,S01173,E00905,Scientific exchange on clinical data,40.0
I005611,2025-06-24,United States,Americas,Oncology,1:1 Meeting,S00023,E00939,Congress meeting and follow-up,45.0
I005612,2024-04-26,Japan,APAC,Oncology,1:1 Meeting,S01732,E00691,Product information discussion (on-label),28.0
I005613,2024-07-25,Canada,Americas,Specialty,Group Meeting,S00373,E00929,Scientific exchange on clinical data,35.0
I005614,2025-02-06,United States,Americas,Vaccines,Advisory Board,S01429,E00520,Catch-up,284.0
I005615,2024-08-20,Great Britain,EMEA,Vaccines,1:1 Meeting,S00632,E00082,Training and best practice sharing,34.0
I005616,2024-01-09,Mexico,Americas,Respiratory,Congress/Conference,S01305,E00263,Congress meeting and follow-up,129.0
I005617,2025-01-13,IND,APAC,Primary Care,Advisory Board,S01787,E00317,Advisory board discussion on unmet needs,0.0
I005618,2024-12-25,GB,EMEA,Specialty,Speaker Program,S01106,E00068,Training and best practice sharing,115.0
I005619,2024-06-24,ITA,EMEA,Vaccines,Group Meeting,S01208,E00683,Training and best practice sharing,48.0
I005620,2024-07-20,UK,EMEA,Specialty,Group Meeting,S01260,E00385,Discussed topics,77.0
I005621,2024-06-23,BRA,Americas,Primary Care,Advisory Board,S00285,E00464,Product information discussion (on-label),119.0
I005622,2024-03-14,Canada,Americas,Vaccines,Congress/Conference,S00959,E00113,Advisory board discussion on unmet needs,87.0
I005623,2024-04-05,JPN,APAC,Respiratory,Speaker Program,S01594,E00368,Product information discussion (on-label),87.0
I005624,2024-06-03,DEU,EMEA,Primary Care,Speaker Program,S01538,E00120,Market access discussion,137.0
I005625,2024-07-01,Japan,APAC,Vaccines,1:1 Meeting,S00537,E00304,Congress meeting and follow-up,29.0
I005626,2024-06-22,United Kingdom,EMEA,Specialty,Speaker Program,S01456,E00982,Speaker program educational session,57.0
I005627,2024-11-25,Italy,EMEA,Specialty,Speaker Program,S01340,E00969,Speaker program educational session,51.0
I005628,2024-07-04,United States of America,Americas,Primary Care,Speaker Program,S00046,E00658,Scientific exchange on clinical data,111.0
I005629,2024-05-22,Canada,Americas,Primary Care,1:1 Meeting,S00648,E00050,Scientific exchange on clinical data,19.0
I005630,2024-01-27,United States of America,Americas,Vaccines,Group Meeting,S01082,E00325,Speaker program educational session,35.0
I005631,2024-09-02,Germany,EMEA,Oncology,1:1 Meeting,S00567,E00678,Market access discussion,
I005632,2024-01-21,U.S.,Americas,Oncology,1:1 Meeting,S00700,E00941,Product information discussion (on-label),46.0
I005633,2024-04-03,United States of America,Americas,Respiratory,Group Meeting,S00353,E00469,Advisory board discussion on unmet needs,82.0
I005634,,US,Americas,Primary Care,Speaker Program,S01030,E00640,Speaker program educational session,0.0
I005635,2024-01-06,United States,Americas,Vaccines,Congress/Conference,S01296,E00825,Product information discussion (on-label),27.0
I005636,2024-05-25,India,APAC,Respiratory,Group Meeting,S01148,E00007,Discussed topics,54.0
I005637,2024-08-17,IND,APAC,Oncology,Group Meeting,S01375,E00315,Speaker program educational session,38.0
I005638,2025-04-05,Mexico,Americas,Respiratory,1:1 Meeting,S00023,E00202,Scientific exchange on clinical data,37.0
I005639,2024-08-13,MEX,Americas,Vaccines,1:1 Meeting,S00612,E00571,Product information discussion (on-label),
I005640,2024-10-31,BRA,Americas,Respiratory,1:1 Meeting,S00285,E00172,Advisory board discussion on unmet needs,32.0
I005641,2024-03-07,BRA,Americas,Respiratory,Speaker Program,S00718,E00132,Speaker program educational session,80.0
I005642,2024-05-23,US,Americas,Respiratory,1:1 Meeting,S00667,E00827,Speaker program educational session,40.0
I005643,2024-09-07,India,APAC,Primary Care,Speaker Program,S01623,E00589,Training and best practice sharing,91.0
I005644,2025-05-07,MEX,Americas,Respiratory,Speaker Program,S01582,E00003,Training and best practice sharing,51.0
I005645,2025-01-08,India,APAC,Vaccines,1:1 Meeting,S00320,E00650,Congress meeting and follow-up,29.0
I005646,2024-07-04,India,APAC,Oncology,Speaker Program,S01301,E00361,Discussed topics,97.0
I005647,2025-02-26,JP,APAC,Oncology,Group Meeting,S01349,E00708,Advisory board discussion on unmet needs,83.0
I005648,2024-12-10,U.S.,Americas,Oncology,1:1 Meeting,S00826,E00749,Training and best practice sharing,29.0
I005649,2025-05-30,US,Americas,Specialty,1:1 Meeting,S01362,E00964,Congress meeting and follow-up,40.0
I005650,2024-04-13,Canada,Americas,Specialty,Group Meeting,S01136,E00931,Scientific exchange on clinical data,75.0
I005651,2024-09-03,Brazil,Americas,Respiratory,Group Meeting,S00213,E00932,Training and best practice sharing,87.0
I005652,2025-01-09,BRA,Americas,Vaccines,Group Meeting,S00515,E00952,Product information discussion (on-label),26.0
I005653,2024-09-22,Italy,EMEA,Vaccines,Speaker Program,S01237,E00129,Advisory board discussion on unmet needs,96.0
I005654,2024-03-14,IN,APAC,Oncology,1:1 Meeting,S01192,E00022,Discussed topics,23.0
I005655,2025-03-13,U.S.,Americas,Specialty,Speaker Program,S00062,E00078,Scientific exchange on clinical data,94.0
I005656,2024-12-13,JP,APAC,Primary Care,1:1 Meeting,S01783,E00024,Scientific exchange on clinical data,28.0
I005657,2025-04-20,BR,Americas,Respiratory,Group Meeting,S00046,E00816,Speaker program educational session,32.0
I005658,2024-09-05,DE,EMEA,Specialty,Advisory Board,S01419,E00339,Scientific exchange on clinical data,210.0
I005659,2024/06/30,United States,Americas,Oncology,Group Meeting,S01236,E00249,Speaker program educational session,77.0
I005660,2024-05-16,Canada,Americas,Oncology,Speaker Program,S00455,E00616,Congress meeting and follow-up,108.0
I005661,2024-04-29,United States of America,Americas,Specialty,Group Meeting,S01200,E00059,Product information discussion (on-label),77.0
I005662,2024-05-10,JP,APAC,Oncology,Advisory Board,S00629,E00261,Training and best practice sharing,184.0
I005663,2025-04-01,FR,EMEA,Respiratory,1:1 Meeting,S00023,E00072,Congress meeting and follow-up,20.0
I005664,2024-02-21,France,EMEA,Oncology,1:1 Meeting,S01101,E00025,Product information discussion (on-label),44.0
I005665,2024-04-28,BR,Americas,Oncology,1:1 Meeting,S00837,E00361,Advisory board discussion on unmet needs,15.0
I005666,2024-09-11,Great Britain,EMEA,Primary Care,Group Meeting,S00095,E00156,Product information discussion (on-label),56.0
I005667,2024-11-04,FRA,EMEA,Vaccines,1:1 Meeting,S00614,E00234,Training and best practice sharing,39.0
I005668,2025-05-09,United States,Americas,Oncology,1:1 Meeting,S01166,E00395,Scientific exchange on clinical data,28.0
I005669,2024-02-26,GB,EMEA,Primary Care,Congress/Conference,S01011,E00509,Speaker program educational session,126.0
I005670,2025-01-03,United Kingdom,EMEA,Vaccines,1:1 Meeting,S01317,E00613,Market access discussion,22.0
I005671,2024-08-19,FR,EMEA,Primary Care,1:1 Meeting,S01629,E00822,Scientific exchange on clinical data,23.0
I005672,2024-09-23,US,Americas,Respiratory,Speaker Program,S01449,E00273,Congress meeting and follow-up,132.0
I005673,2024-04-27,Japan,APAC,Vaccines,Speaker Program,S00950,E00574,Advisory board discussion on unmet needs,120.0
I005674,2024-06-01,DE,EMEA,Vaccines,Advisory Board,S01523,E00993,Training and best practice sharing,134.0
I005675,2024-08-26,JP,APAC,Specialty,Speaker Program,S00137,E00076,Training and best practice sharing,81.0
I005676,2024-06-14,US,Americas,Specialty,1:1 Meeting,S01576,E00658,Speaker program educational session,48.0
I005677,2024-01-08,Mexico,Americas,Oncology,Group Meeting,S01039,E00895,Speaker program educational session,409.0
I005678,2024-04-16,U.S.,Americas,Vaccines,1:1 Meeting,S00981,E00434,Congress meeting and follow-up,23.0
I005679,2024-01-09,DE,EMEA,Specialty,Advisory Board,S00409,E00467,Training and best practice sharing,216.0
I005680,2024-11-04,US,Americas,Specialty,Speaker Program,S00962,E00455,Speaker program educational session,117.0
I005681,2024-05-24,United States of America,Americas,Oncology,Group Meeting,S00757,E00492,Training and best practice sharing,66.0
I005682,2025-02-02,MEX,Americas,Specialty,1:1 Meeting,S00747,E00074,Speaker program educational session,26.0
I005683,2024-10-01,ITA,EMEA,Vaccines,Speaker Program,S00973,E00363,Advisory board discussion on unmet needs,45.0
I005684,2025-03-23,United States,Americas,Respiratory,1:1 Meeting,S00393,E00281,Product information discussion (on-label),27.0
I005685,2025-01-23,United States,Americas,Specialty,Speaker Program,S00761,E00199,Product information discussion (on-label),104.0
I005686,2024-10-04,U.S.,Americas,Primary Care,1:1 Meeting,S00077,E00522,Speaker program educational session,51.0
I005687,2024-02-15,United States of America,Americas,Respiratory,1:1 Meeting,S00217,E00830,Market access discussion,38.0
I005688,2025-06-23,United States of America,Americas,Specialty,1:1 Meeting,S00130,E00790,Speaker program educational session,47.0
I005689,2024-03-27,DEU,EMEA,Primary Care,1:1 Meeting,S01433,E00274,Product information discussion (on-label),38.0
I005690,2024-01-22,IND,APAC,Specialty,1:1 Meeting,S00779,E00634,Training and best practice sharing,42.0
I005691,2025-03-25,BR,Americas,Specialty,1:1 Meeting,S01222,E00746,Market access discussion,23.0
I005692,2024-07-01,IN,APAC,Respiratory,1:1 Meeting,S00836,E00447,Market access discussion,24.0
I005693,2025-01-31,Brazil,Americas,Respiratory,Congress/Conference,S00776,E00767,Business discussion,181.0
I005694,2024-01-17,India,APAC,Respiratory,1:1 Meeting,S00285,E00678,Advisory board discussion on unmet needs,25.0
I005695,2024-07-01,FR,EMEA,Specialty,1:1 Meeting,S01718,E00331,Advisory board discussion on unmet needs,23.0
I005696,2025-04-26,UK,EMEA,Oncology,Advisory Board,S01361,E00937,Catch-up,217.0
I005697,2024-09-19,FRA,EMEA,Vaccines,Congress/Conference,S00165,E00896,Scientific exchange on clinical data,90.0
I005698,2025-01-28,Mexico,Americas,Vaccines,1:1 Meeting,S00668,E00934,Advisory board discussion on unmet needs,21.0
I005699,2024-07-13,United States of America,Americas,Specialty,1:1 Meeting,S01420,E00945,Scientific exchange on clinical data,20.0
I005700,2024-03-01,CA,Americas,Oncology,Advisory Board,S00143,E00092,Advisory board discussion on unmet needs,151.0
I005701,2024-06-14,DE,EMEA,Vaccines,1:1 Meeting,S01370,E00694,Congress meeting and follow-up,32.0
I005702,2024-01-03,Germany,EMEA,Primary Care,Group Meeting,S00033,E00621,Congress meeting and follow-up,81.0
I005703,2025-04-27,ITA,EMEA,Oncology,Speaker Program,S00312,E00596,Product information discussion (on-label),99.0
I005704,2024-11-27,United States,Americas,Oncology,1:1 Meeting,S01356,E00395,Advisory board discussion on unmet needs,31.0
I005705,2024-09-20,USA,Americas,Specialty,1:1 Meeting,S00113,E00648,Congress meeting and follow-up,23.0
I005706,2025-01-14,United States of America,Americas,Vaccines,1:1 Meeting,S00503,E00707,Advisory board discussion on unmet needs,29.0
I005707,2024-08-06,MX,Americas,Primary Care,Congress/Conference,S00573,E00684,Market access discussion,134.0
I005708,2024-03-29,United States,Americas,Respiratory,1:1 Meeting,S01149,E00589,Product information discussion (on-label),27.0
I005709,2024-11-28,Germany,EMEA,Specialty,Group Meeting,S01556,E00226,Business discussion,53.0
I005710,2024-12-19,DEU,EMEA,Oncology,1:1 Meeting,S00466,E00619,Congress meeting and follow-up,0.0
I005711,2024-04-09,DE,EMEA,Specialty,1:1 Meeting,S01666,E00681,Congress meeting and follow-up,41.0
I005712,2025-05-09,India,APAC,Respiratory,1:1 Meeting,S01304,E00397,Training and best practice sharing,46.0
I005713,2025-05-07,IT,EMEA,Respiratory,1:1 Meeting,S01337,E00899,Business discussion,17.0
I005714,2025-05-27,U.S.,Americas,Vaccines,1:1 Meeting,S01010,E00862,Speaker program educational session,50.0
I005715,2024-05-09,MEX,Americas,Oncology,1:1 Meeting,S00986,E00794,Product information discussion (on-label),21.0
I005716,2024-05-17,BRA,Americas,Vaccines,Congress/Conference,S00427,E00845,Scientific exchange on clinical data,147.0
I005717,2024-10-01,IND,APAC,Specialty,Speaker Program,S01240,E00518,Congress meeting and follow-up,130.0
I005718,2024-09-12,India,APAC,Specialty,Congress/Conference,S00618,E00137,Scientific exchange on clinical data,137.0
I005719,2025-03-31,United Kingdom,EMEA,Specialty,1:1 Meeting,S00650,E00985,Training and best practice sharing,37.0
I005720,2025-04-17,ITA,EMEA,Vaccines,Group Meeting,S00814,E00122,Market access discussion,0.0
I005721,2025-02-26,FR,EMEA,Vaccines,Congress/Conference,S00200,E00921,Training and best practice sharing,
I005722,2025-03-03,USA,Americas,Primary Care,Group Meeting,S00294,E00461,Scientific exchange on clinical data,99.0
I005723,2025-02-22,CA,Americas,Primary Care,Group Meeting,S00161,E00379,Advisory board discussion on unmet needs,20.0
I005724,2024-07-20,CA,Americas,Specialty,1:1 Meeting,S01108,E00603,Product information discussion (on-label),6.0
I005725,2024-06-27,Canada,Americas,Vaccines,1:1 Meeting,S00608,E00434,Training and best practice sharing,11.0
I005726,2025-05-15,US,Americas,Respiratory,1:1 Meeting,S01048,E00604,Training and best practice sharing,32.0
I005727,2024-04-21,United States of America,Americas,Oncology,Speaker Program,S01567,E00232,,121.0
I005728,2024-12-13,USA,Americas,Specialty,Speaker Program,S00395,E00679,,39.0
I005729,2024-12-23,JP,APAC,Respiratory,Group Meeting,S01737,E00530,Congress meeting and follow-up,56.0
I005730,2024-07-03,MEX,Americas,Primary Care,Advisory Board,S00773,E00508,Congress meeting and follow-up,120.0
I005731,2024-02-23,United States of America,Americas,Oncology,Speaker Program,S00138,E00256,Congress meeting and follow-up,78.0
I005732,2024-08-15,India,APAC,Vaccines,1:1 Meeting,S00377,E00402,Advisory board discussion on unmet needs,29.0
I005733,2025-03-03,GB,EMEA,Specialty,Group Meeting,S01086,E00947,Scientific exchange on clinical data,54.0
I005734,2025-05-10,FR,EMEA,Primary Care,Group Meeting,S00939,E00837,Speaker program educational session,93.0
I005735,2025-02-28,IND,APAC,Primary Care,1:1 Meeting,S00146,E00373,Scientific exchange on clinical data,25.0
I005736,2024-02-08,Great Britain,EMEA,Respiratory,Group Meeting,S00448,E00076,Scientific exchange on clinical data,31.0
I005737,2024-07-28,Japan,APAC,Primary Care,Group Meeting,S00213,E00937,Catch-up,
I005738,2024-10-07,BR,Americas,Oncology,1:1 Meeting,S01796,E00361,Scientific exchange on clinical data,38.0
I005739,2024-05-12,DEU,EMEA,Vaccines,1:1 Meeting,S01566,E00944,Market access discussion,36.0
I005740,2024-08-25,Great Britain,EMEA,Oncology,Group Meeting,S00287,E00637,Scientific exchange on clinical data,70.0
I005741,2025-04-01,JP,APAC,Primary Care,Group Meeting,S01224,E00488,Speaker program educational session,64.0
I005742,2024-06-21,Brazil,Americas,Respiratory,1:1 Meeting,S00223,E00772,Congress meeting and follow-up,29.0
I005743,2024-07-11,DE,EMEA,Respiratory,Advisory Board,S00425,E00562,Product information discussion (on-label),178.0
I005744,2025-02-12,IT,EMEA,Respiratory,1:1 Meeting,S00279,E00769,Product information discussion (on-label),19.0
I005745,2024-03-24,U.S.,Americas,Oncology,1:1 Meeting,S00907,E00366,Product information discussion (on-label),17.0
I005746,2024-07-27,IN,APAC,Specialty,Speaker Program,S01405,E00445,Congress meeting and follow-up,91.0
I005747,2025-06-05,BR,Americas,Specialty,Group Meeting,S00277,E00319,Congress meeting and follow-up,75.0
I005748,2024-08-31,FRA,EMEA,Vaccines,1:1 Meeting,S01083,E00607,Training and best practice sharing,29.0
I005749,2025-01-27,JP,APAC,Oncology,Congress/Conference,S00138,E00320,Congress meeting and follow-up,141.0
I005750,2024-01-09,BRA,Americas,Vaccines,1:1 Meeting,S01289,E00280,Speaker program educational session,24.0
I005751,2024-06-01,United Kingdom,EMEA,Oncology,1:1 Meeting,S00633,E00087,Product information discussion (on-label),37.0
I005752,2024-05-31,FRA,EMEA,Specialty,Congress/Conference,S00277,E00613,Market access discussion,102.0
I005753,2025-02-18,IN,APAC,Primary Care,Group Meeting,S00370,E00123,Advisory board discussion on unmet needs,109.0
I005754,2024-03-07,USA,Americas,Oncology,1:1 Meeting,S00960,E00831,Speaker program educational session,20.0
I005755,2024-07-02,IT,EMEA,Respiratory,Group Meeting,S01060,E00821,Scientific exchange on clinical data,66.0
I005756,2025-06-06,CA,Americas,Respiratory,1:1 Meeting,S00485,E00822,,50.0
I005757,2024-10-09,IN,APAC,Specialty,Advisory Board,S00801,E00878,Congress meeting and follow-up,120.0
I005758,2024-02-23,U.S.,Americas,Specialty,Group Meeting,S01143,E00563,Scientific exchange on clinical data,65.0
I005759,2024/02/24,JPN,APAC,Oncology,Group Meeting,S00766,E00979,Congress meeting and follow-up,60.0
I005760,2025-02-21,IN,APAC,Vaccines,Congress/Conference,S00851,E00885,Congress meeting and follow-up,106.0
I005761,2024-08-12,BRA,Americas,Vaccines,Group Meeting,S01548,E00475,Product information discussion (on-label),58.0
I005762,2024-05-25,JPN,APAC,Specialty,1:1 Meeting,S01395,E00572,Scientific exchange on clinical data,37.0
I005763,2025-01-19,IT,EMEA,Vaccines,Group Meeting,S01119,E00009,Product information discussion (on-label),75.0
I005764,2024-10-10,USA,Americas,Respiratory,Group Meeting,S00540,E00564,Speaker program educational session,58.0
I005765,2024-10-28,U.S.,Americas,Primary Care,1:1 Meeting,S01689,E00557,Congress meeting and follow-up,33.0
I005766,2025-06-12,U.S.,Americas,Vaccines,1:1 Meeting,S00293,E00959,Follow-up,56.0
I005767,2024-02-03,BR,Americas,Respiratory,Group Meeting,S00508,E00217,Training and best practice sharing,83.0
I005768,2025-01-05,MEX,Americas,Respiratory,1:1 Meeting,S01298,E00885,Training and best practice sharing,40.0
I005769,2025-02-12,USA,Americas,Vaccines,1:1 Meeting,S01658,E00732,Market access discussion,31.0
I005770,2024-03-11,United Kingdom,EMEA,Primary Care,1:1 Meeting,S00505,E00531,Advisory board discussion on unmet needs,40.0
I005771,2024-03-24,CA,Americas,Respiratory,Group Meeting,S01023,E00467,Congress meeting and follow-up,44.0
I005772,2024-08-19,UK,EMEA,Oncology,Group Meeting,S00080,E00652,Meeting,91.0
I005773,2024-10-08,ITA,EMEA,Specialty,Speaker Program,S00040,E00090,Business discussion,74.0
I005774,2024-11-06,GB,EMEA,Vaccines,Group Meeting,S01311,E00187,Scientific exchange on clinical data,36.0
I005775,2024-03-19,IND,APAC,Respiratory,Group Meeting,S01669,E00588,Market access discussion,49.0
I005776,2024-04-04,FRA,EMEA,Respiratory,Speaker Program,S00363,E00007,Advisory board discussion on unmet needs,92.0
I005777,2024-12-16,IN,APAC,Respiratory,Speaker Program,S00842,E00072,Congress meeting and follow-up,140.0
I005778,2024-04-20,IN,APAC,Primary Care,Group Meeting,S01218,E00486,Meeting,44.0
I005779,2025-06-10,GB,EMEA,Respiratory,Speaker Program,S00853,E00715,Market access discussion,137.0
I005780,2024-01-09,DEU,EMEA,Vaccines,Group Meeting,S00464,E00443,Speaker program educational session,0.0
I005781,2024-10-02,Brazil,Americas,Primary Care,1:1 Meeting,S00198,E00462,Advisory board discussion on unmet needs,14.0
I005782,2025-03-08,IN,APAC,Primary Care,Group Meeting,S00845,E00493,Advisory board discussion on unmet needs,51.0
I005783,2024-12-21,Germany,EMEA,Oncology,1:1 Meeting,S01375,E00646,Scientific exchange on clinical data,46.0
I005784,2024-10-01,IND,APAC,Primary Care,1:1 Meeting,S01370,E00894,Speaker program educational session,41.0
I005785,2025-05-08,IT,EMEA,Oncology,Congress/Conference,S00299,E00281,Market access discussion,94.0
I005786,2024-07-01,IND,APAC,Vaccines,Group Meeting,S00711,E00391,Scientific exchange on clinical data,102.0
I005787,2024-11-05,CAN,Americas,Respiratory,1:1 Meeting,S00145,E00826,Scientific exchange on clinical data,38.0
I005788,2024-12-05,Great Britain,EMEA,Respiratory,Advisory Board,S00123,E00606,Speaker program educational session,159.0
I005789,2025-06-02,FRA,EMEA,Specialty,Speaker Program,S00152,E00467,Training and best practice sharing,152.0
I005790,2024-05-12,MX,Americas,Specialty,Speaker Program,S01283,E00069,Product information discussion (on-label),69.0
I005791,2024-05-27,United States of America,Americas,Oncology,Group Meeting,S00495,E00950,Advisory board discussion on unmet needs,61.0
I005792,2024-12-11,GB,EMEA,Oncology,1:1 Meeting,S00333,E00477,Congress meeting and follow-up,28.0
I005793,2024-09-05,India,APAC,Primary Care,Group Meeting,S00779,E00190,Training and best practice sharing,73.0
I005794,2024-05-29,JPN,APAC,Respiratory,1:1 Meeting,S00143,E00571,Training and best practice sharing,32.0
I005795,2025-06-09,USA,Americas,Oncology,Speaker Program,S01356,E00690,Product information discussion (on-label),54.0
I005796,2024-10-09,US,Americas,Vaccines,Group Meeting,S01355,E00172,Training and best practice sharing,77.0
I005797,2024-11-30,BR,Americas,Vaccines,Congress/Conference,S00889,E00502,Speaker program educational session,80.0
I005798,2024-12-01,ITA,EMEA,Oncology,Group Meeting,S00937,E00026,Speaker program educational session,84.0
I005799,2024-03-21,USA,Americas,Specialty,Congress/Conference,S00486,E00632,,125.0
I005800,2024-07-03,DE,EMEA,Oncology,Group Meeting,S01790,E00993,Product information discussion (on-label),81.0
I005801,2024-05-02,US,Americas,Respiratory,1:1 Meeting,S01058,E00570,Market access discussion,19.0
I005802,2025-03-18,IND,APAC,Respiratory,Speaker Program,S00772,E00040,Market access discussion,112.0
I005803,2025-05-28,Germany,EMEA,Primary Care,Speaker Program,S00175,E00585,Speaker program educational session,89.0
I005804,2024-09-18,BRA,Americas,Primary Care,1:1 Meeting,S01699,E00463,Scientific exchange on clinical data,18.0
I005805,2025-05-05,United States,Americas,Oncology,1:1 Meeting,S01254,E00323,Scientific exchange on clinical data,19.0
I005806,2024-09-24,Mexico,Americas,Primary Care,Speaker Program,S00950,E00032,Congress meeting and follow-up,84.0
I005807,2024-01-12,BR,Americas,Specialty,Group Meeting,S00900,E00405,Scientific exchange on clinical data,51.0
I005808,2024-10-27,FR,EMEA,Respiratory,Advisory Board,S00704,E00305,Speaker program educational session,161.0
I005809,2024-04-20,FR,EMEA,Specialty,Group Meeting,S01713,E00643,Market access discussion,74.0
I005810,2025-02-20,Great Britain,EMEA,Respiratory,Speaker Program,S01254,E00172,Speaker program educational session,99.0
I005811,2024-08-01,Mexico,Americas,Primary Care,Speaker Program,S00855,E00027,Product information discussion (on-label),63.0
I005812,2024-08-27,FRA,EMEA,Vaccines,Advisory Board,S00746,E00379,Business discussion,273.0
I005813,2025-02-21,United States of America,Americas,Oncology,Group Meeting,S01560,E00496,,79.0
I005814,2024-05-02,Japan,APAC,Specialty,1:1 Meeting,S00050,E00927,Advisory board discussion on unmet needs,33.0
I005815,2025-02-23,Japan,APAC,Specialty,1:1 Meeting,S01438,E00974,Market access discussion,35.0
I005816,2024-08-15,United Kingdom,EMEA,Vaccines,1:1 Meeting,S01661,E00393,Scientific exchange on clinical data,11.0
I005817,2024-08-24,Italy,EMEA,Vaccines,Speaker Program,S01691,E00494,,89.0
I005818,2025-04-13,FR,EMEA,Oncology,Group Meeting,S00993,E00928,Speaker program educational session,83.0
I005819,2025-05-01,US,Americas,Vaccines,Group Meeting,S00924,E00966,Advisory board discussion on unmet needs,66.0
I005820,2024-08-06,USA,Americas,Specialty,1:1 Meeting,S01360,E00272,Market access discussion,44.0
I005821,2025-01-15,India,APAC,Vaccines,Group Meeting,S01387,E00310,Advisory board discussion on unmet needs,94.0
I005822,2025-06-08,DE,EMEA,Vaccines,Advisory Board,S00287,E00504,Market access discussion,
I005823,2025-03-22,CAN,Americas,Primary Care,1:1 Meeting,S01341,E00890,Training and best practice sharing,12.0
I005824,2024-08-20,Italy,EMEA,Respiratory,Speaker Program,S01492,E00856,Speaker program educational session,123.0
I005825,2024-02-18,FRA,EMEA,Specialty,Group Meeting,S00719,E00695,Business discussion,112.0
I005826,2025-04-25,Japan,APAC,Vaccines,Advisory Board,S01519,E00409,,265.0
I005827,2025-01-20,FRA,EMEA,Specialty,Advisory Board,S01478,E00952,Advisory board discussion on unmet needs,85.0
I005828,2024-10-13,India,APAC,Oncology,1:1 Meeting,S01720,E00295,Advisory board discussion on unmet needs,24.0
I005829,2025-04-26,France,EMEA,Specialty,Speaker Program,S00548,E00679,Catch-up,114.0
I005830,2025-06-19,CA,Americas,Oncology,Group Meeting,S01247,E00134,Advisory board discussion on unmet needs,50.0
I005831,2025-04-05,IND,APAC,Vaccines,1:1 Meeting,S01002,E00339,Advisory board discussion on unmet needs,
I005832,2025-04-02,DE,EMEA,Vaccines,1:1 Meeting,S01620,E00590,Speaker program educational session,25.0
I005833,2024-10-24,UK,EMEA,Primary Care,1:1 Meeting,S01382,E00967,Business discussion,44.0
I005834,2024-12-05,Japan,APAC,Primary Care,1:1 Meeting,S01475,E00171,Scientific exchange on clinical data,27.0
I005835,2025-05-30,Japan,APAC,Vaccines,1:1 Meeting,S00593,E00750,Training and best practice sharing,16.0
I005836,2024-05-05,IND,APAC,Respiratory,1:1 Meeting,S01032,E00503,Advisory board discussion on unmet needs,
I005837,2024-07-24,United States,Americas,Primary Care,1:1 Meeting,S00434,E00086,Training and best practice sharing,35.0
I005838,2024-12-11,DE,EMEA,Respiratory,1:1 Meeting,S00618,E00237,Congress meeting and follow-up,52.0
I005839,2025-06-07,ITA,EMEA,Vaccines,Speaker Program,S01202,E00983,Speaker program educational session,27.0
I005840,2024-09-26,Germany,EMEA,Oncology,Group Meeting,S00995,E00999,Scientific exchange on clinical data,60.0
I005841,2024-01-17,Germany,EMEA,Oncology,1:1 Meeting,S00805,E00631,,2.0
I005842,2024-11-14,Mexico,Americas,Respiratory,1:1 Meeting,S01149,E00317,Market access discussion,27.0
I005843,2024-08-25,BRA,Americas,Respiratory,Advisory Board,S01542,E00192,Congress meeting and follow-up,150.0
I005844,2025-03-05,FRA,EMEA,Specialty,1:1 Meeting,S00375,E00675,Scientific exchange on clinical data,19.0
I005845,2024-08-26,United States of America,Americas,Primary Care,Congress/Conference,S01739,E00717,Training and best practice sharing,53.0
I005846,2024-07-06,GB,EMEA,Vaccines,Advisory Board,S01712,E00139,Market access discussion,
I005847,2024-09-12,U.S.,Americas,Specialty,1:1 Meeting,S00743,E00633,Congress meeting and follow-up,27.0
I005848,2025-06-13,Mexico,Americas,Specialty,1:1 Meeting,S00798,E00209,Market access discussion,24.0
I005849,2025-01-26,CA,Americas,Primary Care,1:1 Meeting,S00250,E00374,Advisory board discussion on unmet needs,23.0
I005850,2024-06-24,GB,EMEA,Oncology,Speaker Program,S00575,E00974,Product information discussion (on-label),71.0
I005851,2025-04-10,MX,Americas,Primary Care,Group Meeting,S00570,E00387,Discussed topics,42.0
I005852,2024-02-19,BRA,Americas,Vaccines,1:1 Meeting,S01426,E00502,Scientific exchange on clinical data,21.0
I005853,2024-01-04,Brazil,Americas,Vaccines,Speaker Program,S00917,E00775,Training and best practice sharing,74.0
I005854,2024-08-10,United States of America,Americas,Primary Care,1:1 Meeting,S01042,E00407,Scientific exchange on clinical data,29.0
I005855,2024-09-18,Canada,Americas,Vaccines,1:1 Meeting,S00616,E00555,Speaker program educational session,35.0
I005856,2024-03-01,United States,Americas,Specialty,Congress/Conference,S01226,E00422,Training and best practice sharing,53.0
I005857,2024-12-21,Brazil,Americas,Specialty,Group Meeting,S01279,E00321,Congress meeting and follow-up,67.0
I005858,2024-12-21,JP,APAC,Respiratory,1:1 Meeting,S00662,E00441,Congress meeting and follow-up,32.0
I005859,2024-01-29,MX,Americas,Respiratory,1:1 Meeting,S01208,E00742,Congress meeting and follow-up,25.0
I005860,2024-08-06,IN,APAC,Primary Care,Group Meeting,S00233,E00543,Market access discussion,77.0
I005861,2024-06-21,DE,EMEA,Oncology,Speaker Program,S00844,E00786,Congress meeting and follow-up,87.0
I005862,2024-12-27,United States of America,Americas,Respiratory,Advisory Board,S00632,E00049,Training and best practice sharing,
I005863,2025-04-21,USA,Americas,Vaccines,1:1 Meeting,S01289,E00602,Training and best practice sharing,29.0
I005864,2024-12-05,Canada,Americas,Specialty,1:1 Meeting,S01229,E00943,Speaker program educational session,26.0
I005865,2025-03-16,Germany,EMEA,Vaccines,Group Meeting,S01067,E00152,Training and best practice sharing,71.0
I005866,2024-01-16,DEU,EMEA,Primary Care,Advisory Board,S00304,E00354,Congress meeting and follow-up,157.0
I005867,2024-10-03,USA,Americas,Vaccines,1:1 Meeting,S00123,E00198,Congress meeting and follow-up,18.0
I005868,2024-10-14,IN,APAC,Respiratory,Advisory Board,S01188,E00291,Advisory board discussion on unmet needs,196.0
I005869,2024-04-23,United States,Americas,Oncology,1:1 Meeting,S01330,E00077,Product information discussion (on-label),13.0
I005870,2024-06-14,BRA,Americas,Vaccines,Advisory Board,S01784,E00135,Market access discussion,197.0
I005871,2024-07-23,CAN,Americas,Specialty,Group Meeting,S01531,E00082,Speaker program educational session,52.0
I005872,2024-04-30,Italy,EMEA,Respiratory,Speaker Program,S00327,E00771,Discussed topics,65.0
I005873,2024-09-15,United States of America,Americas,Vaccines,1:1 Meeting,S01178,E00278,Training and best practice sharing,36.0
I005874,2024-03-08,GB,EMEA,Vaccines,1:1 Meeting,S01071,E00835,Market access discussion,37.0
I005875,2024-04-23,IT,EMEA,Oncology,1:1 Meeting,S00817,E00280,Speaker program educational session,23.0
I005876,2024-09-09,MEX,Americas,Vaccines,Group Meeting,S00850,E00953,Training and best practice sharing,95.0
I005877,2025-02-08,Brazil,Americas,Primary Care,1:1 Meeting,S01145,E00645,Scientific exchange on clinical data,45.0
I005878,2025-01-14,Japan,APAC,Specialty,Group Meeting,S00842,E00240,Scientific exchange on clinical data,53.0
I005879,2024-08-01,IND,APAC,Oncology,Group Meeting,S00895,E00739,Training and best practice sharing,60.0
I005880,2025-06-18,IN,APAC,Respiratory,Group Meeting,S00572,E00869,Market access discussion,75.0
I005881,2024-11-23,MX,Americas,Vaccines,1:1 Meeting,S01052,E00343,Training and best practice sharing,43.0
I005882,2025-06-01,United Kingdom,EMEA,Respiratory,Advisory Board,S00061,E00719,Scientific exchange on clinical data,172.0
I005883,2024-02-01,ITA,EMEA,Specialty,1:1 Meeting,S00090,E00353,Speaker program educational session,25.0
I005884,2024-06-25,BR,Americas,Primary Care,Speaker Program,S00630,E00272,Congress meeting and follow-up,120.0
I005885,2024-03-01,MX,Americas,Specialty,Group Meeting,S01589,E00677,Congress meeting and follow-up,16.0
I005886,2024-01-07,Japan,APAC,Oncology,1:1 Meeting,S01231,E00525,Scientific exchange on clinical data,33.0
I005887,2024-03-25,ITA,EMEA,Vaccines,Speaker Program,S01221,E00648,Scientific exchange on clinical data,
I005888,2025-01-27,Germany,EMEA,Oncology,1:1 Meeting,S00232,E00883,Training and best practice sharing,47.0
I005889,2024-02-16,JP,APAC,Vaccines,1:1 Meeting,S00110,E00048,Advisory board discussion on unmet needs,43.0
I005890,2025-03-01,MX,Americas,Vaccines,1:1 Meeting,S01048,E00861,Market access discussion,30.0
I005891,2025-03-01,UK,EMEA,Primary Care,Group Meeting,S01233,E00012,Scientific exchange on clinical data,60.0
I005892,2024-09-05,BR,Americas,Specialty,Group Meeting,S01561,E00152,Advisory board discussion on unmet needs,57.0
I005893,2024-05-10,FRA,EMEA,Oncology,Congress/Conference,S00953,E00709,Market access discussion,151.0
I005894,2024-04-10,Great Britain,EMEA,Respiratory,1:1 Meeting,S00095,E00420,Product information discussion (on-label),20.0
I005895,2024-01-31,Mexico,Americas,Respiratory,1:1 Meeting,S00389,E00875,Congress meeting and follow-up,0.0
I005896,2025-05-14,UK,EMEA,Oncology,1:1 Meeting,S00436,E00134,Speaker program educational session,14.0
I005897,2024-02-15,ITA,EMEA,Vaccines,1:1 Meeting,S00135,E00581,Follow-up,17.0
I005898,2024-09-02,GB,EMEA,Vaccines,Advisory Board,S01793,E00572,,243.0
I005899,2024-09-13,IN,APAC,Specialty,1:1 Meeting,S00390,E00310,Advisory board discussion on unmet needs,33.0
I005900,2024-12-02,United States of America,Americas,Vaccines,Congress/Conference,S00905,E00970,,121.0
I005901,2025-06-09,IND,APAC,Specialty,Advisory Board,S00736,E00490,Congress meeting and follow-up,301.0
I005902,2024-02-27,JPN,APAC,Primary Care,Speaker Program,S01381,E00744,Scientific exchange on clinical data,86.0
I005903,2024-04-13,US,Americas,Respiratory,Congress/Conference,S00044,E00265,Follow-up,176.0
I005904,2025-01-08,IN,APAC,Respiratory,1:1 Meeting,S00164,E00724,Training and best practice sharing,27.0
I005905,2024-08-22,BRA,Americas,Primary Care,Group Meeting,S00639,E00665,Advisory board discussion on unmet needs,71.0
I005906,2024-02-23,FRA,EMEA,Respiratory,Group Meeting,S00455,E00896,Scientific exchange on clinical data,52.0
I005907,2024-08-26,ITA,EMEA,Primary Care,Speaker Program,S01400,E00044,Follow-up,86.0
I005908,2025-04-20,France,EMEA,Oncology,Speaker Program,S01565,E00312,Advisory board discussion on unmet needs,67.0
I005909,2024-10-30,Japan,APAC,Vaccines,Advisory Board,S00695,E00630,Speaker program educational session,43.0
I005910,2025-01-04,MX,Americas,Specialty,1:1 Meeting,S00548,E00173,Advisory board discussion on unmet needs,39.0
I005911,2024-08-07,USA,Americas,Primary Care,Group Meeting,S01202,E00627,Training and best practice sharing,35.0
I005912,2024-03-09,Japan,APAC,Primary Care,Congress/Conference,S01645,E00327,Scientific exchange on clinical data,129.0
I005913,2024-03-29,IT,EMEA,Oncology,1:1 Meeting,S01683,E00804,Training and best practice sharing,18.0
I005914,2025-03-17,Great Britain,EMEA,Specialty,1:1 Meeting,S00990,E00206,Congress meeting and follow-up,38.0
I005915,2024-02-07,MX,Americas,Vaccines,1:1 Meeting,S01177,E00104,Follow-up,37.0
I005916,2024-12-25,Canada,Americas,Oncology,1:1 Meeting,S00664,E00888,Follow-up,27.0
I005917,2024-01-01,CAN,Americas,Oncology,Group Meeting,S00504,E00954,Advisory board discussion on unmet needs,45.0
I005918,,Germany,EMEA,Vaccines,Group Meeting,S00197,E00428,Market access discussion,86.0
I005919,2025-01-28,GB,EMEA,Oncology,Congress/Conference,S01279,E00916,Speaker program educational session,166.0
I005920,2024-02-01,United States of America,Americas,Specialty,Group Meeting,S01425,E00976,Congress meeting and follow-up,49.0
I005921,2025-06-28,JPN,APAC,Specialty,Speaker Program,S01659,E00171,Scientific exchange on clinical data,146.0
I005922,2024-05-09,FR,EMEA,Vaccines,Speaker Program,S01661,E00081,,28.0
I005923,2024-12-19,BR,Americas,Vaccines,Speaker Program,S00820,E00188,Catch-up,86.0
I005924,2024-05-26,India,APAC,Oncology,1:1 Meeting,S01645,E00560,Training and best practice sharing,28.0
I005925,2025-05-12,ITA,EMEA,Vaccines,1:1 Meeting,S01314,E00288,Product information discussion (on-label),39.0
I005926,2024-11-10,France,EMEA,Respiratory,1:1 Meeting,S00658,E00132,Congress meeting and follow-up,32.0
I005927,2025-01-10,IN,APAC,Specialty,Group Meeting,S00667,E00607,Market access discussion,62.0
I005928,2025-06-05,JP,APAC,Vaccines,1:1 Meeting,S00320,E00700,Product information discussion (on-label),22.0
I005929,2024-07-05,USA,Americas,Primary Care,Speaker Program,S01109,E00686,Market access discussion,110.0
I005930,2024-10-11,CA,Americas,Oncology,1:1 Meeting,S00496,E00577,Scientific exchange on clinical data,35.0
I005931,2025-01-24,FRA,EMEA,Primary Care,1:1 Meeting,S01106,E00025,Market access discussion,35.0
I005932,2024-02-16,France,EMEA,Oncology,Speaker Program,S00322,E00363,Market access discussion,94.0
I005933,2024-06-07,USA,Americas,Oncology,Group Meeting,S00381,E00818,Speaker program educational session,62.0
I005934,2024-06-03,Mexico,Americas,Specialty,Advisory Board,S00960,E00527,Training and best practice sharing,248.0
I005935,2024-12-04,United States,Americas,Oncology,Speaker Program,S00067,E00215,Training and best practice sharing,35.0
I005936,2024-05-27,IND,APAC,Primary Care,Group Meeting,S00654,E00068,Product information discussion (on-label),49.0
I005937,2024-05-23,FR,EMEA,Oncology,1:1 Meeting,S01255,E00511,Product information discussion (on-label),
I005938,2024-10-12,FR,EMEA,Specialty,1:1 Meeting,S00525,E00157,Speaker program educational session,50.0
I005939,2025-02-27,JP,APAC,Primary Care,Speaker Program,S01164,E00748,Meeting,51.0
I005940,2025-05-25,BRA,Americas,Specialty,1:1 Meeting,S00616,E00058,Scientific exchange on clinical data,32.0
I005941,2024-01-30,United States,Americas,Respiratory,Group Meeting,S00910,E00894,Congress meeting and follow-up,89.0
I005942,2025-04-19,US,Americas,Vaccines,1:1 Meeting,S00314,E00895,Product information discussion (on-label),28.0
I005943,2025-01-26,United States,Americas,Oncology,Advisory Board,S01269,E00820,Training and best practice sharing,213.0
I005944,2024-10-18,BRA,Americas,Primary Care,1:1 Meeting,S01082,E00917,Advisory board discussion on unmet needs,48.0
I005945,2024-11-07,BRA,Americas,Primary Care,Congress/Conference,S01395,E00918,,31.0
I005946,2024-11-13,France,EMEA,Specialty,Speaker Program,S00003,E00800,,18.0
I005947,2025-04-09,France,EMEA,Specialty,Congress/Conference,S00363,E00251,Scientific exchange on clinical data,77.0
I005948,2024-02-26,BR,Americas,Specialty,Group Meeting,S00672,E00225,Discussed topics,43.0
I005949,2024-04-22,USA,Americas,Vaccines,Advisory Board,S00677,E00113,Advisory board discussion on unmet needs,226.0
I005950,2024-10-02,MX,Americas,Oncology,Group Meeting,S01645,E00365,Advisory board discussion on unmet needs,39.0
I005951,2024-08-20,United Kingdom,EMEA,Oncology,1:1 Meeting,S00845,E00701,Advisory board discussion on unmet needs,38.0
I005952,2025-03-10,JP,APAC,Oncology,Group Meeting,S01032,E00058,Training and best practice sharing,55.0
I005953,2025-02-11,U.S.,Americas,Specialty,1:1 Meeting,S00579,E00008,Speaker program educational session,29.0
I005954,2024-12-16,IND,APAC,Specialty,Congress/Conference,S00321,E00192,Scientific exchange on clinical data,138.0
I005955,2024-10-25,U.S.,Americas,Vaccines,Group Meeting,S01155,E00087,Congress meeting and follow-up,100.0
I005956,2025-06-09,Brazil,Americas,Vaccines,1:1 Meeting,S00689,E00415,Product information discussion (on-label),20.0
I005957,2024-12-20,US,Americas,Oncology,1:1 Meeting,S01508,E00760,Product information discussion (on-label),15.0
I005958,2024-04-05,DEU,EMEA,Oncology,Group Meeting,S00688,E00992,Advisory board discussion on unmet needs,55.0
I005959,2025-01-26,JP,APAC,Vaccines,1:1 Meeting,S00029,E00803,Speaker program educational session,35.0
I005960,2024-06-30,ITA,EMEA,Specialty,1:1 Meeting,S00800,E00270,Training and best practice sharing,30.0
I005961,2024-03-22,US,Americas,Vaccines,Speaker Program,S00884,E00945,Speaker program educational session,64.0
I005962,2024-02-20,FR,EMEA,Specialty,Speaker Program,S00365,E00589,Advisory board discussion on unmet needs,104.0
I005963,2024-09-17,Brazil,Americas,Respiratory,1:1 Meeting,S00831,E00790,Scientific exchange on clinical data,29.0
I005964,2024-08-04,United States of America,Americas,Respiratory,Group Meeting,S01681,E00086,Product information discussion (on-label),57.0
I005965,2024-03-08,Germany,EMEA,Specialty,1:1 Meeting,S00173,E00090,Advisory board discussion on unmet needs,46.0
I005966,2024-05-22,Mexico,Americas,Respiratory,Advisory Board,S00180,E00969,Scientific exchange on clinical data,274.0
I005967,2024-12-11,IN,APAC,Vaccines,Group Meeting,S01766,E00549,Product information discussion (on-label),85.0
I005968,2024-07-12,CAN,Americas,Primary Care,1:1 Meeting,S01495,E00109,Training and best practice sharing,27.0
I005969,2024-09-02,BR,Americas,Primary Care,Speaker Program,S01042,E00260,Advisory board discussion on unmet needs,152.0
I005970,2024-10-03,India,APAC,Primary Care,1:1 Meeting,S01667,E00845,Advisory board discussion on unmet needs,21.0
I005971,2024-03-12,Great Britain,EMEA,Vaccines,Advisory Board,S01743,E00123,Scientific exchange on clinical data,89.0
I005972,2024-01-17,USA,Americas,Vaccines,1:1 Meeting,S01017,E00558,Congress meeting and follow-up,53.0
I005973,2024-01-12,U.S.,Americas,Oncology,Group Meeting,S00263,E00048,Scientific exchange on clinical data,23.0
I005974,2024-07-19,IN,APAC,Vaccines,1:1 Meeting,S01186,E00324,Product information discussion (on-label),25.0
I005975,2024-02-21,IND,APAC,Oncology,1:1 Meeting,S01780,E00766,Scientific exchange on clinical data,17.0
I005976,2024-09-20,France,EMEA,Respiratory,Congress/Conference,S01679,E00766,Speaker program educational session,167.0
I005977,2024-10-29,DEU,EMEA,Vaccines,Group Meeting,S01502,E00632,Congress meeting and follow-up,50.0
I005978,2024-05-04,FR,EMEA,Vaccines,Speaker Program,S00676,E00906,Advisory board discussion on unmet needs,121.0
I005979,2024-09-26,FRA,EMEA,Primary Care,Group Meeting,S00189,E00712,Scientific exchange on clinical data,63.0
I005980,2024-05-11,CA,Americas,Respiratory,1:1 Meeting,S00759,E00025,Congress meeting and follow-up,36.0
I005981,2024-01-02,IND,APAC,Respiratory,1:1 Meeting,S00993,E00065,Training and best practice sharing,0.0
I005982,2024-11-26,United States,Americas,Specialty,1:1 Meeting,S01673,E00312,Market access discussion,33.0
I005983,2025-01-25,FRA,EMEA,Primary Care,Speaker Program,S00430,E00404,Training and best practice sharing,71.0
I005984,2025-01-11,US,Americas,Vaccines,1:1 Meeting,S00022,E00727,Advisory board discussion on unmet needs,26.0
I005985,2024-03-30,India,APAC,Primary Care,1:1 Meeting,S01643,E00175,Product information discussion (on-label),14.0
I005986,2024-02-04,GB,EMEA,Specialty,Congress/Conference,S00051,E00431,Product information discussion (on-label),148.0
I005987,2025-05-08,CA,Americas,Respiratory,1:1 Meeting,S01635,E00481,Follow-up,31.0
I005988,2024-02-26,US,Americas,Primary Care,Group Meeting,S01291,E00260,Market access discussion,58.0
I005989,2025-03-31,Italy,EMEA,Oncology,1:1 Meeting,S00145,E00403,Speaker program educational session,31.0
I005990,2024-06-24,JP,APAC,Oncology,Group Meeting,S00106,E00814,Training and best practice sharing,50.0
I005991,2024-02-21,US,Americas,Specialty,1:1 Meeting,S01140,E00267,Advisory board discussion on unmet needs,36.0
I005992,2024-01-05,BR,Americas,Oncology,Group Meeting,S01121,E00802,Congress meeting and follow-up,60.0
I005993,2024-07-27,U.S.,Americas,Primary Care,Group Meeting,S00952,E00996,Congress meeting and follow-up,54.0
I005994,2025-02-04,CAN,Americas,Vaccines,1:1 Meeting,S00050,E00972,Congress meeting and follow-up,16.0
I005995,2025-04-06,USA,Americas,Oncology,Advisory Board,S00226,E00522,Speaker program educational session,118.0
I005996,2024-03-10,GB,EMEA,Oncology,1:1 Meeting,S00338,E00665,Scientific exchange on clinical data,40.0
I005997,2024-07-19,DEU,EMEA,Respiratory,Congress/Conference,S00653,E00137,Training and best practice sharing,79.0
I005998,2024-10-18,Great Britain,EMEA,Oncology,Advisory Board,S00507,E00576,Congress meeting and follow-up,188.0
I005999,2024-06-02,Canada,Americas,Respiratory,Group Meeting,S00208,E00479,Meeting,83.0
I006000,2024-08-01,BR,Americas,Vaccines,1:1 Meeting,S00484,E00389,Market access discussion,36.0
I006001,2025-02-09,GB,EMEA,Primary Care,1:1 Meeting,S00444,E00418,Scientific exchange on clinical data,46.0
I006002,2024-02-14,United States,Americas,Respiratory,Speaker Program,S01194,E00171,Training and best practice sharing,58.0
I006003,2025-02-15,FR,EMEA,Oncology,1:1 Meeting,S00120,E00520,Speaker program educational session,14.0
I006004,2025-02-04,U.S.,Americas,Oncology,1:1 Meeting,S01445,E00261,Congress meeting and follow-up,12.0
I006005,2024-09-02,DE,EMEA,Respiratory,1:1 Meeting,S00642,E00814,Congress meeting and follow-up,41.0
I006006,2024-06-27,FRA,EMEA,Respiratory,Speaker Program,S00257,E00182,Speaker program educational session,64.0
I006007,2025-04-01,India,APAC,Primary Care,1:1 Meeting,S01263,E00347,Advisory board discussion on unmet needs,45.0
I006008,2024-01-17,FR,EMEA,Vaccines,Group Meeting,S00314,E00559,,81.0
I006009,2024-04-21,France,EMEA,Oncology,Group Meeting,S01658,E00427,Product information discussion (on-label),71.0
I006010,2024-01-30,USA,Americas,Primary Care,1:1 Meeting,S01602,E00624,Scientific exchange on clinical data,23.0
I006011,2024-07-10,IN,APAC,Primary Care,1:1 Meeting,S01612,E00124,Training and best practice sharing,48.0
I006012,2025-04-18,BRA,Americas,Primary Care,Group Meeting,S00368,E00316,Congress meeting and follow-up,76.0
I006013,2024-05-13,U.S.,Americas,Primary Care,1:1 Meeting,S00353,E00036,Congress meeting and follow-up,372.0
I006014,2024-11-14,U.S.,Americas,Oncology,1:1 Meeting,S01525,E00265,Product information discussion (on-label),9.0
I006015,2024-08-17,BR,Americas,Specialty,Group Meeting,S00275,E00033,Product information discussion (on-label),53.0
I006016,2024-07-21,Mexico,Americas,Respiratory,Speaker Program,S00499,E00191,Market access discussion,
I006017,2024-09-23,FRA,EMEA,Primary Care,Group Meeting,S00632,E00215,Scientific exchange on clinical data,69.0
I006018,2024-04-13,Germany,EMEA,Primary Care,Advisory Board,S01124,E00104,Market access discussion,110.0
I006019,2024-04-20,Italy,EMEA,Vaccines,Group Meeting,S00845,E00715,Scientific exchange on clinical data,
I006020,2024-09-06,United States,Americas,Oncology,Advisory Board,S01158,E00383,Advisory board discussion on unmet needs,215.0
I006021,2025-04-26,IT,EMEA,Vaccines,1:1 Meeting,S00281,E00613,Congress meeting and follow-up,36.0
I006022,2025-03-29,Japan,APAC,Primary Care,1:1 Meeting,S00192,E00295,Training and best practice sharing,39.0
I006023,2025-05-18,IN,APAC,Primary Care,1:1 Meeting,S00289,E00223,Training and best practice sharing,36.0
I006024,2025-06-27,FRA,EMEA,Oncology,Congress/Conference,S01080,E00967,Congress meeting and follow-up,152.0
I006025,2024-07-27,United States of America,Americas,Oncology,Speaker Program,S01440,E00360,Product information discussion (on-label),82.0
I006026,2024-04-16,Canada,Americas,Vaccines,1:1 Meeting,S01037,E00650,Product information discussion (on-label),25.0
I006027,2024-09-21,India,APAC,Specialty,1:1 Meeting,S00451,E00585,Training and best practice sharing,19.0
I006028,2025-01-04,U.S.,Americas,Specialty,Group Meeting,S00335,E00125,Training and best practice sharing,97.0
I006029,2024-06-15,BR,Americas,Vaccines,Advisory Board,S01094,E00869,Scientific exchange on clinical data,255.0
I006030,2024-02-04,United States,Americas,Primary Care,1:1 Meeting,S00441,E00812,Congress meeting and follow-up,14.0
I006031,2025-02-10,USA,Americas,Primary Care,Speaker Program,S00815,E00191,Scientific exchange on clinical data,65.0
I006032,2024-04-10,IN,APAC,Vaccines,1:1 Meeting,S01719,E00043,Training and best practice sharing,25.0
I006033,2024-08-02,US,Americas,Vaccines,1:1 Meeting,S01139,E00021,Congress meeting and follow-up,30.0
I006034,2024-04-03,IN,APAC,Specialty,Speaker Program,S01181,E00830,Speaker program educational session,700.0
I006035,2024-01-26,JP,APAC,Vaccines,1:1 Meeting,S00854,E00799,Scientific exchange on clinical data,20.0
I006036,2024-02-05,Canada,Americas,Primary Care,1:1 Meeting,S01693,E00089,Training and best practice sharing,38.0
I006037,2025-02-13,Great Britain,EMEA,Primary Care,1:1 Meeting,S01239,E00138,Speaker program educational session,32.0
I006038,2024-04-19,Germany,EMEA,Oncology,Group Meeting,S00343,E00792,Congress meeting and follow-up,63.0
I006039,2024-05-28,MX,Americas,Oncology,1:1 Meeting,S00341,E00455,,43.0
I006040,2024-04-17,IN,APAC,Primary Care,Group Meeting,S00479,E00406,Advisory board discussion on unmet needs,
I006041,2025-01-23,Great Britain,EMEA,Primary Care,Speaker Program,S01453,E00276,Market access discussion,97.0
I006042,2024-03-06,France,EMEA,Vaccines,1:1 Meeting,S00992,E00762,Scientific exchange on clinical data,30.0
I006043,2025-05-18,India,APAC,Primary Care,Group Meeting,S00892,E00300,Meeting,32.0
I006044,2025-03-22,CA,Americas,Specialty,Advisory Board,S00026,E00244,Training and best practice sharing,288.0
I006045,2024-07-28,DEU,EMEA,Primary Care,1:1 Meeting,S00870,E00206,Catch-up,6.0
I006046,2025-04-02,United States,Americas,Primary Care,Group Meeting,S00555,E00020,Product information discussion (on-label),67.0
I006047,2024-06-11,FR,EMEA,Vaccines,1:1 Meeting,S01183,E00156,Congress meeting and follow-up,
I006048,2025-04-12,Mexico,Americas,Specialty,Group Meeting,S00547,E00826,Meeting,72.0
I006049,2025-03-01,Japan,APAC,Respiratory,Speaker Program,S01116,E00021,Scientific exchange on clinical data,33.0
I006050,2024-12-23,United States of America,Americas,Primary Care,1:1 Meeting,S01182,E00955,Product information discussion (on-label),40.0
I006051,2025-03-19,Italy,EMEA,Primary Care,Speaker Program,S01372,E00157,Market access discussion,110.0
I006052,2024-02-15,IND,APAC,Oncology,1:1 Meeting,S01195,E00830,Training and best practice sharing,25.0
I006053,2024-06-19,ITA,EMEA,Specialty,Group Meeting,S00971,E00129,Advisory board discussion on unmet needs,93.0
I006054,2024-08-13,ITA,EMEA,Primary Care,1:1 Meeting,S00938,E00608,Scientific exchange on clinical data,18.0
I006055,2024-03-20,FRA,EMEA,Primary Care,1:1 Meeting,S00131,E00184,Market access discussion,23.0
I006056,2025-03-10,JP,APAC,Vaccines,Speaker Program,S00009,E00828,Market access discussion,86.0
I006057,2025-06-21,Canada,Americas,Respiratory,Group Meeting,S01464,E00070,Market access discussion,53.0
I006058,2024-03-06,ITA,EMEA,Vaccines,1:1 Meeting,S00214,E00806,Advisory board discussion on unmet needs,29.0
I006059,2025-01-31,USA,Americas,Vaccines,Speaker Program,S00736,E00294,Training and best practice sharing,58.0
I006060,2025-05-04,United States,Americas,Respiratory,1:1 Meeting,S01293,E00082,Congress meeting and follow-up,28.0
I006061,2024-06-28,India,APAC,Vaccines,1:1 Meeting,S00555,E00789,Speaker program educational session,17.0
I006062,2025-04-19,USA,Americas,Specialty,1:1 Meeting,S01213,E00847,Catch-up,43.0
I006063,2025-06-01,India,APAC,Vaccines,1:1 Meeting,S00251,E00249,Product information discussion (on-label),21.0
I006064,2024-10-15,CA,Americas,Oncology,1:1 Meeting,S01309,E00885,Congress meeting and follow-up,18.0
I006065,2025-06-16,Great Britain,EMEA,Oncology,1:1 Meeting,S01706,E00692,Scientific exchange on clinical data,35.0
I006066,2024-06-22,Canada,Americas,Primary Care,1:1 Meeting,S00285,E00089,Advisory board discussion on unmet needs,27.0
I006067,2025-06-17,Mexico,Americas,Respiratory,Speaker Program,S00717,E00309,Follow-up,43.0
I006068,2024-10-29,IT,EMEA,Primary Care,1:1 Meeting,S01483,E00370,Market access discussion,
I006069,2024-03-17,JP,APAC,Vaccines,Speaker Program,S00856,E00726,Training and best practice sharing,89.0
I006070,2024-10-07,Mexico,Americas,Specialty,1:1 Meeting,S00850,E00475,Scientific exchange on clinical data,15.0
I006071,2024-10-14,CA,Americas,Vaccines,1:1 Meeting,S01293,E00830,Advisory board discussion on unmet needs,0.0
I006072,2024-09-23,DE,EMEA,Oncology,Group Meeting,S00532,E00327,Training and best practice sharing,38.0
I006073,2024-12-22,India,APAC,Vaccines,Group Meeting,S00166,E00869,Product information discussion (on-label),67.0
I006074,2024-06-08,CAN,Americas,Specialty,Group Meeting,S01304,E00500,Congress meeting and follow-up,62.0
I006075,2025-02-02,India,APAC,Vaccines,1:1 Meeting,S01206,E00390,,17.0
I006076,2024-07-28,FR,EMEA,Vaccines,Group Meeting,S00143,E00643,Meeting,77.0
I006077,2024-05-29,Mexico,Americas,Respiratory,1:1 Meeting,S01353,E00065,Scientific exchange on clinical data,50.0
I006078,2024-09-13,MEX,Americas,Primary Care,Advisory Board,S00309,E00667,Advisory board discussion on unmet needs,
I006079,2024-02-26,MX,Americas,Vaccines,Speaker Program,S01664,E00427,Speaker program educational session,122.0
I006080,2024-07-23,Japan,APAC,Respiratory,Advisory Board,S01750,E00693,Speaker program educational session,117.0
I006081,2024-01-24,CA,Americas,Respiratory,1:1 Meeting,S01573,E00541,Follow-up,37.0
I006082,2025-02-09,MEX,Americas,Respiratory,Advisory Board,S00111,E00035,Advisory board discussion on unmet needs,183.0
I006083,2024-04-12,Germany,EMEA,Specialty,Group Meeting,S00366,E00861,Speaker program educational session,50.0
I006084,2024-07-20,ITA,EMEA,Respiratory,Speaker Program,S01328,E00550,Scientific exchange on clinical data,83.0
I006085,2024-03-29,IND,APAC,Respiratory,1:1 Meeting,S00040,E00173,Training and best practice sharing,21.0
I006086,2025-02-02,United States of America,Americas,Vaccines,1:1 Meeting,S01362,E00011,Product information discussion (on-label),26.0
I006087,2024-07-06,BR,Americas,Specialty,Group Meeting,S00978,E00492,Catch-up,83.0
I006088,2024-05-09,GB,EMEA,Specialty,Speaker Program,S01114,E00968,Congress meeting and follow-up,80.0
I006089,2024-02-24,IN,APAC,Primary Care,Advisory Board,S01439,E00714,Speaker program educational session,252.0
I006090,2024-04-25,Germany,EMEA,Specialty,Speaker Program,S00965,E00830,Congress meeting and follow-up,114.0
I006091,2025-06-25,GB,EMEA,Vaccines,Group Meeting,S01772,E00143,Advisory board discussion on unmet needs,54.0
I006092,2024-12-25,IN,APAC,Oncology,1:1 Meeting,S00408,E00544,Training and best practice sharing,31.0
I006093,2024-01-05,IN,APAC,Specialty,1:1 Meeting,S00566,E00316,Advisory board discussion on unmet needs,13.0
I006094,2024-08-18,ITA,EMEA,Vaccines,Group Meeting,S01201,E00981,Product information discussion (on-label),36.0
I006095,2025-01-29,JP,APAC,Oncology,Advisory Board,S00437,E00928,Discussed topics,193.0
I006096,2024-09-27,ITA,EMEA,Specialty,Group Meeting,S01059,E00700,Congress meeting and follow-up,81.0
I006097,2024-10-30,US,Americas,Primary Care,Congress/Conference,S00410,E00857,Congress meeting and follow-up,89.0
I006098,2024-07-17,GB,EMEA,Specialty,Group Meeting,S00941,E00371,Scientific exchange on clinical data,34.0
I006099,2024-03-22,CA,Americas,Specialty,Congress/Conference,S01676,E00198,Advisory board discussion on unmet needs,168.0
I006100,2025-03-26,GB,EMEA,Oncology,1:1 Meeting,S01078,E00792,Scientific exchange on clinical data,25.0
I006101,2025-03-08,BR,Americas,Vaccines,1:1 Meeting,S00361,E00485,Training and best practice sharing,21.0
I006102,2025-01-24,CA,Americas,Oncology,Group Meeting,S01622,E00561,Congress meeting and follow-up,21.0
I006103,2024-08-05,U.S.,Americas,Oncology,Group Meeting,S00109,E00758,Follow-up,87.0
I006104,2024-12-14,USA,Americas,Primary Care,1:1 Meeting,S00732,E00420,Speaker program educational session,20.0
I006105,2025-06-05,IN,APAC,Respiratory,1:1 Meeting,S00627,E00323,Advisory board discussion on unmet needs,44.0
I006106,2024-01-14,JP,APAC,Vaccines,1:1 Meeting,S00070,E00087,Speaker program educational session,22.0
I006107,2024-07-05,India,APAC,Specialty,1:1 Meeting,S00209,E00430,Market access discussion,13.0
I006108,2025-06-12,US,Americas,Oncology,1:1 Meeting,S00679,E00366,Market access discussion,20.0
I006109,2025-03-01,ITA,EMEA,Respiratory,Speaker Program,S01012,E00428,Training and best practice sharing,30.0
I006110,2024-11-08,BRA,Americas,Specialty,Speaker Program,S00089,E00124,Congress meeting and follow-up,
I006111,2024-09-26,IT,EMEA,Oncology,Group Meeting,S00887,E00759,Product information discussion (on-label),11.0
I006112,2024-08-10,FR,EMEA,Primary Care,1:1 Meeting,S00907,E00638,Advisory board discussion on unmet needs,28.0
I006113,2024-03-15,ITA,EMEA,Vaccines,Speaker Program,S00337,E00829,Advisory board discussion on unmet needs,84.0
I006114,2024-06-21,ITA,EMEA,Respiratory,1:1 Meeting,S01099,E00488,Training and best practice sharing,44.0
I006115,2024-01-04,Japan,APAC,Oncology,1:1 Meeting,S00980,E00363,Congress meeting and follow-up,42.0
I006116,2024-06-15,GB,EMEA,Oncology,Speaker Program,S00421,E00875,Market access discussion,35.0
I006117,2024-10-26,IN,APAC,Vaccines,1:1 Meeting,S00533,E00931,Advisory board discussion on unmet needs,28.0
I006118,2024-06-23,GB,EMEA,Specialty,1:1 Meeting,S01113,E00332,,40.0
I006119,2024-06-07,BR,Americas,Vaccines,Group Meeting,S00759,E00726,Market access discussion,
I006120,2025-04-07,France,EMEA,Vaccines,1:1 Meeting,S00984,E00521,Product information discussion (on-label),22.0
I006121,2025-03-06,MEX,Americas,Specialty,1:1 Meeting,S00821,E00853,Speaker program educational session,14.0
I006122,2024-07-11,Great Britain,EMEA,Respiratory,Speaker Program,S00641,E00291,Market access discussion,104.0
I006123,2024-09-06,Brazil,Americas,Primary Care,1:1 Meeting,S01269,E00404,Market access discussion,17.0
I006124,2025-03-13,MX,Americas,Primary Care,1:1 Meeting,S00418,E00373,,20.0
I006125,2024-02-13,India,APAC,Oncology,Speaker Program,S01479,E00458,Training and best practice sharing,111.0
I006126,2024-04-21,United States of America,Americas,Oncology,1:1 Meeting,S00576,E00090,Scientific exchange on clinical data,30.0
I006127,2025-01-13,United States of America,Americas,Specialty,Congress/Conference,S01248,E00984,Congress meeting and follow-up,168.0
I006128,2024-09-22,CA,Americas,Primary Care,Group Meeting,S00930,E00997,Scientific exchange on clinical data,70.0
I006129,2024-08-30,India,APAC,Oncology,1:1 Meeting,S01401,E00771,Speaker program educational session,42.0
I006130,2024-11-22,Italy,EMEA,Primary Care,1:1 Meeting,S00936,E00515,Congress meeting and follow-up,
I006131,2025-06-13,Japan,APAC,Oncology,1:1 Meeting,S00652,E00153,Congress meeting and follow-up,42.0
I006132,2024-12-07,U.S.,Americas,Primary Care,Speaker Program,S00955,E00796,Market access discussion,103.0
I006133,2024-09-05,United States,Americas,Respiratory,Speaker Program,S01345,E00903,Product information discussion (on-label),104.0
I006134,2024-02-11,DE,EMEA,Specialty,Group Meeting,S01373,E00354,Product information discussion (on-label),12.0
I006135,2024-12-10,Mexico,Americas,Respiratory,Group Meeting,S00662,E00909,Product information discussion (on-label),17.0
I006136,2024-08-27,IN,APAC,Primary Care,Group Meeting,S01797,E00400,Scientific exchange on clinical data,
I006137,2024-11-08,Italy,EMEA,Vaccines,1:1 Meeting,S00532,E00206,Advisory board discussion on unmet needs,34.0
I006138,2024-05-12,France,EMEA,Vaccines,1:1 Meeting,S01134,E00829,Congress meeting and follow-up,22.0
I006139,2024-02-20,India,APAC,Vaccines,Congress/Conference,S00115,E00175,Business discussion,113.0
I006140,2025-06-06,Italy,EMEA,Specialty,1:1 Meeting,S00558,E00575,Scientific exchange on clinical data,
I006141,2025-05-22,Brazil,Americas,Oncology,Group Meeting,S01736,E00068,Congress meeting and follow-up,76.0
I006142,2025-05-27,DE,EMEA,Vaccines,1:1 Meeting,S01117,E00969,Advisory board discussion on unmet needs,38.0
I006143,2024-08-29,IN,APAC,Respiratory,1:1 Meeting,S01699,E00842,Advisory board discussion on unmet needs,55.0
I006144,2025-05-29,Brazil,Americas,Respiratory,Advisory Board,S00634,E00878,Training and best practice sharing,213.0
I006145,2024-03-01,U.S.,Americas,Vaccines,Speaker Program,S01216,E00224,Advisory board discussion on unmet needs,58.0
I006146,2024-10-28,Canada,Americas,Specialty,1:1 Meeting,S00206,E00066,Training and best practice sharing,24.0
I006147,2024-06-18,MEX,Americas,Respiratory,1:1 Meeting,S00507,E00366,Training and best practice sharing,25.0
I006148,2024-10-23,DE,EMEA,Primary Care,1:1 Meeting,S00800,E00615,Speaker program educational session,33.0
I006149,2025-03-30,MX,Americas,Respiratory,Speaker Program,S01759,E00849,Congress meeting and follow-up,90.0
I006150,2024-06-24,U.S.,Americas,Primary Care,Group Meeting,S00106,E00150,Training and best practice sharing,46.0
I006151,2024-03-03,U.S.,Americas,Primary Care,Group Meeting,S00167,E00728,Training and best practice sharing,42.0
I006152,2024-07-24,United States of America,Americas,Specialty,1:1 Meeting,S01705,E00606,Congress meeting and follow-up,32.0
I006153,2024-01-27,United Kingdom,EMEA,Oncology,1:1 Meeting,S01778,E00381,Training and best practice sharing,15.0
I006154,2024-02-05,India,APAC,Specialty,1:1 Meeting,S01384,E00693,Congress meeting and follow-up,14.0
I006155,2024-06-03,Canada,Americas,Specialty,Congress/Conference,S01782,E00242,Speaker program educational session,201.0
I006156,2025-02-23,IND,APAC,Vaccines,1:1 Meeting,S01326,E00054,Scientific exchange on clinical data,21.0
I006157,2024-07-02,JPN,APAC,Vaccines,Congress/Conference,S01022,E00548,Training and best practice sharing,138.0
I006158,2025-03-16,BR,Americas,Oncology,Speaker Program,S00617,E00983,Advisory board discussion on unmet needs,54.0
I006159,2024-05-01,IND,APAC,Primary Care,1:1 Meeting,S00279,E00679,Advisory board discussion on unmet needs,23.0
I006160,2025-05-04,GB,EMEA,Specialty,Congress/Conference,S01113,E00759,Catch-up,90.0
I006161,2024-06-01,MEX,Americas,Vaccines,1:1 Meeting,S01209,E00602,Speaker program educational session,31.0
I006162,2025-02-25,United States,Americas,Specialty,1:1 Meeting,S01100,E00834,Market access discussion,15.0
I006163,2025-04-09,JP,APAC,Vaccines,1:1 Meeting,S00790,E00003,Product information discussion (on-label),10.0
I006164,2024-08-20,United States,Americas,Respiratory,1:1 Meeting,S01348,E00376,Advisory board discussion on unmet needs,
I006165,2025-04-24,United States,Americas,Specialty,Advisory Board,S01310,E00349,Market access discussion,260.0
I006166,2025-01-05,Italy,EMEA,Respiratory,1:1 Meeting,S00174,E00370,Training and best practice sharing,33.0
I006167,2024-11-18,Italy,EMEA,Oncology,1:1 Meeting,S01070,E00670,Advisory board discussion on unmet needs,29.0
I006168,2024-06-30,Italy,EMEA,Specialty,1:1 Meeting,S00783,E00686,Market access discussion,39.0
I006169,2025-04-17,IN,APAC,Vaccines,Advisory Board,S00190,E00697,Meeting,237.0
I006170,2025-02-23,India,APAC,Vaccines,Group Meeting,S00241,E00997,Congress meeting and follow-up,67.0
I006171,2025-04-11,Mexico,Americas,Primary Care,1:1 Meeting,S01697,E00480,Advisory board discussion on unmet needs,14.0
I006172,2025-06-25,United States of America,Americas,Respiratory,1:1 Meeting,S01340,E00831,Market access discussion,27.0
I006173,2025-05-09,United States of America,Americas,Vaccines,Congress/Conference,S01054,E00996,Scientific exchange on clinical data,
I006174,2024-01-04,Mexico,Americas,Respiratory,Group Meeting,S01498,E00754,Product information discussion (on-label),51.0
I006175,2025-03-14,Italy,EMEA,Specialty,1:1 Meeting,S01512,E00965,Advisory board discussion on unmet needs,34.0
I006176,2024-11-15,FR,EMEA,Oncology,Group Meeting,S01214,E00293,Speaker program educational session,75.0
I006177,2025-01-09,Germany,EMEA,Primary Care,1:1 Meeting,S01626,E00501,Market access discussion,29.0
I006178,2024-12-02,JPN,APAC,Vaccines,Speaker Program,S00388,E00304,Market access discussion,50.0
I006179,2024-07-03,U.S.,Americas,Specialty,1:1 Meeting,S01618,E00234,Product information discussion (on-label),26.0
I006180,2024-09-28,ITA,EMEA,Primary Care,Group Meeting,S00413,E00479,,
I006181,2024-02-24,Canada,Americas,Oncology,1:1 Meeting,S00321,E00202,Market access discussion,31.0
I006182,2024-10-22,US,Americas,Specialty,Speaker Program,S00012,E00846,Speaker program educational session,110.0
I006183,2024-08-06,United States of America,Americas,Primary Care,1:1 Meeting,S00310,E00143,Scientific exchange on clinical data,46.0
I006184,2024-09-22,Mexico,Americas,Vaccines,1:1 Meeting,S01111,E00580,Training and best practice sharing,45.0
I006185,2024-02-12,FRA,EMEA,Vaccines,Group Meeting,S01776,E00060,Market access discussion,47.0
I006186,2024-11-02,ITA,EMEA,Oncology,1:1 Meeting,S00320,E00827,Product information discussion (on-label),34.0
I006187,2024-02-03,IND,APAC,Specialty,Speaker Program,S01244,E00956,Product information discussion (on-label),114.0
I006188,2024-05-30,United States,Americas,Vaccines,Speaker Program,S00810,E00583,Scientific exchange on clinical data,97.0
I006189,2025-01-18,FR,EMEA,Respiratory,1:1 Meeting,S01551,E00830,Training and best practice sharing,45.0
I006190,2024-03-21,ITA,EMEA,Primary Care,Advisory Board,S00567,E00312,Market access discussion,236.0
I006191,2024-07-25,CAN,Americas,Respiratory,Congress/Conference,S01696,E00414,Advisory board discussion on unmet needs,177.0
I006192,2024-01-23,CA,Americas,Primary Care,Speaker Program,S00236,E00131,Scientific exchange on clinical data,91.0
I006193,2024-06-10,IND,APAC,Respiratory,1:1 Meeting,S00356,E00935,Discussed topics,28.0
I006194,2025-01-16,IND,APAC,Specialty,Group Meeting,S01319,E00066,Advisory board discussion on unmet needs,58.0
I006195,2025-03-30,U.S.,Americas,Oncology,1:1 Meeting,S00323,E00792,Product information discussion (on-label),31.0
I006196,2024-09-30,Japan,APAC,Vaccines,Advisory Board,S01155,E00886,Catch-up,219.0
I006197,2025-03-27,United States,Americas,Respiratory,1:1 Meeting,S00477,E00858,Advisory board discussion on unmet needs,
I006198,2024-04-16,MX,Americas,Oncology,1:1 Meeting,S01757,E00570,Congress meeting and follow-up,21.0
I006199,2025-04-07,FRA,EMEA,Vaccines,1:1 Meeting,S00600,E00856,Advisory board discussion on unmet needs,45.0
I006200,2025-05-10,Canada,Americas,Vaccines,Group Meeting,S01354,E00646,Training and best practice sharing,34.0
I006201,2024-12-27,India,APAC,Primary Care,1:1 Meeting,S01587,E00505,Speaker program educational session,22.0
I006202,2025-02-09,Brazil,Americas,Specialty,Group Meeting,S00370,E00537,Product information discussion (on-label),35.0
I006203,2025-01-11,IT,EMEA,Oncology,1:1 Meeting,S00327,E00787,Congress meeting and follow-up,19.0
I006204,2025-06-20,United States of America,Americas,Respiratory,1:1 Meeting,S01493,E00838,Product information discussion (on-label),19.0
I006205,2024-04-09,U.S.,Americas,Respiratory,1:1 Meeting,S00902,E00708,Scientific exchange on clinical data,32.0
I006206,2025-03-13,US,Americas,Oncology,Speaker Program,S01167,E00390,Speaker program educational session,54.0
I006207,2024-01-19,FRA,EMEA,Primary Care,Group Meeting,S00540,E00442,Follow-up,61.0
I006208,2024-12-25,Canada,Americas,Primary Care,Advisory Board,S00211,E00555,Speaker program educational session,201.0
I006209,2025-03-05,U.S.,Americas,Respiratory,Group Meeting,S00780,E00785,Congress meeting and follow-up,42.0
I006210,2025-06-29,BRA,Americas,Respiratory,Speaker Program,S00583,E00178,Product information discussion (on-label),127.0
I006211,2025-02-17,IT,EMEA,Oncology,Speaker Program,S01592,E00463,Market access discussion,62.0
I006212,2025-02-20,IND,APAC,Respiratory,1:1 Meeting,S01627,E00253,Product information discussion (on-label),21.0
I006213,2024-12-17,Mexico,Americas,Vaccines,Congress/Conference,S00609,E00314,Catch-up,42.0
I006214,2024-08-29,CAN,Americas,Respiratory,1:1 Meeting,S00489,E00775,Market access discussion,23.0
I006215,2024-03-03,Brazil,Americas,Oncology,1:1 Meeting,S01662,E00198,Congress meeting and follow-up,37.0
I006216,2024-04-02,Mexico,Americas,Primary Care,Speaker Program,S00973,E00017,Training and best practice sharing,96.0
I006217,2024-01-05,DE,EMEA,Vaccines,1:1 Meeting,S00794,E00647,Market access discussion,28.0
I006218,2025-05-22,India,APAC,Oncology,1:1 Meeting,S01319,E00409,Speaker program educational session,44.0
I006219,2024/04/07,France,EMEA,Vaccines,1:1 Meeting,S00019,E00981,Market access discussion,5.0
I006220,2024-10-11,Canada,Americas,Vaccines,1:1 Meeting,S00017,E00811,Discussed topics,31.0
I006221,2024-04-18,JPN,APAC,Specialty,Advisory Board,S00838,E00754,Speaker program educational session,240.0
I006222,2024-05-12,India,APAC,Vaccines,1:1 Meeting,S01213,E00697,,33.0
I006223,2024-02-21,CA,Americas,Respiratory,1:1 Meeting,S00670,E00803,Market access discussion,62.0
I006224,2025-02-02,MX,Americas,Specialty,1:1 Meeting,S00251,E00946,Product information discussion (on-label),30.0
I006225,2024-01-18,BRA,Americas,Oncology,1:1 Meeting,S00175,E00655,Speaker program educational session,23.0
I006226,2024-08-30,France,EMEA,Respiratory,Group Meeting,S01283,E00998,Market access discussion,75.0
I006227,2025-05-21,IT,EMEA,Vaccines,1:1 Meeting,S00660,E00385,Training and best practice sharing,29.0
I006228,2025-03-04,India,APAC,Primary Care,1:1 Meeting,S00061,E00941,Meeting,47.0
I006229,2024-06-10,Brazil,Americas,Specialty,1:1 Meeting,S00938,E00343,Product information discussion (on-label),30.0
I006230,2024-08-20,United States of America,Americas,Respiratory,1:1 Meeting,S01251,E00348,Scientific exchange on clinical data,39.0
I006231,2024-04-20,India,APAC,Primary Care,Group Meeting,S00609,E00969,Speaker program educational session,62.0
I006232,2024-02-10,IN,APAC,Specialty,Speaker Program,S01450,E00398,Market access discussion,48.0
I006233,2025-04-10,US,Americas,Vaccines,Group Meeting,S01192,E00325,Scientific exchange on clinical data,26.0
I006234,2024-04-26,Great Britain,EMEA,Respiratory,Group Meeting,S01319,E00706,Market access discussion,
I006235,2025-03-09,United States of America,Americas,Primary Care,Speaker Program,S01110,E00933,Advisory board discussion on unmet needs,51.0
I006236,2025-03-26,CAN,Americas,Vaccines,Speaker Program,S00796,E00231,Speaker program educational session,73.0
I006237,2025-02-28,IN,APAC,Vaccines,1:1 Meeting,S01769,E00327,Advisory board discussion on unmet needs,33.0
I006238,2024-09-07,USA,Americas,Vaccines,1:1 Meeting,S01587,E00515,Training and best practice sharing,48.0
I006239,2024-12-04,Canada,Americas,Specialty,1:1 Meeting,S01084,E00154,Product information discussion (on-label),28.0
I006240,2024-08-15,BRA,Americas,Respiratory,Group Meeting,S00093,E00858,Training and best practice sharing,77.0
I006241,2024-01-23,Germany,EMEA,Respiratory,1:1 Meeting,S01381,E00222,Advisory board discussion on unmet needs,20.0
I006242,2024-05-25,BRA,Americas,Respiratory,1:1 Meeting,S01324,E00816,Speaker program educational session,35.0
I006243,2024-09-08,IN,APAC,Specialty,Group Meeting,S00837,E00962,Speaker program educational session,
I006244,2024-04-02,United States,Americas,Oncology,Group Meeting,S01080,E00759,Scientific exchange on clinical data,26.0
I006245,2024-06-11,UK,EMEA,Specialty,1:1 Meeting,S00274,E00879,Congress meeting and follow-up,30.0
I006246,2025-03-11,Germany,EMEA,Primary Care,Group Meeting,S01128,E00505,Product information discussion (on-label),84.0
I006247,2024-02-17,IND,APAC,Vaccines,Group Meeting,S01245,E00518,Congress meeting and follow-up,40.0
I006248,2024-09-22,USA,Americas,Oncology,1:1 Meeting,S00954,E00895,Discussed topics,25.0
I006249,2024-09-12,BR,Americas,Oncology,Group Meeting,S00257,E00117,Product information discussion (on-label),61.0
I006250,2024-11-11,UK,EMEA,Respiratory,Group Meeting,S00560,E00800,Product information discussion (on-label),79.0
I006251,2025-01-27,United States of America,Americas,Oncology,Group Meeting,S00571,E00725,Advisory board discussion on unmet needs,58.0
I006252,2024-09-15,India,APAC,Oncology,1:1 Meeting,S01754,E00815,Speaker program educational session,35.0
I006253,2024-07-16,United Kingdom,EMEA,Primary Care,Speaker Program,S00107,E00989,,126.0
I006254,2024-10-31,Mexico,Americas,Specialty,Group Meeting,S01435,E00292,,83.0
I006255,2024-12-04,GB,EMEA,Oncology,Group Meeting,S01164,E00177,Product information discussion (on-label),50.0
I006256,2025-02-22,United States,Americas,Primary Care,Speaker Program,S01115,E00667,Scientific exchange on clinical data,84.0
I006257,2024-10-31,Great Britain,EMEA,Oncology,Group Meeting,S00181,E00222,Advisory board discussion on unmet needs,62.0
I006258,2024-09-08,United Kingdom,EMEA,Primary Care,Congress/Conference,S01388,E00660,Product information discussion (on-label),59.0
I006259,2024-05-05,Canada,Americas,Oncology,Group Meeting,S00859,E00440,Market access discussion,0.0
I006260,2024-10-30,United Kingdom,EMEA,Vaccines,1:1 Meeting,S00211,E00237,Advisory board discussion on unmet needs,36.0
I006261,2024-01-28,USA,Americas,Respiratory,1:1 Meeting,S00648,E00120,Scientific exchange on clinical data,53.0
I006262,2025-05-25,US,Americas,Vaccines,Group Meeting,S01342,E00169,Congress meeting and follow-up,85.0
I006263,2024-07-19,Italy,EMEA,Oncology,1:1 Meeting,S01467,E00334,Meeting,21.0
I006264,2024-02-16,FRA,EMEA,Respiratory,Speaker Program,S00654,E00682,Scientific exchange on clinical data,0.0
I006265,2024-05-16,GB,EMEA,Oncology,1:1 Meeting,S01713,E00383,Training and best practice sharing,33.0
I006266,2025-06-23,Great Britain,EMEA,Primary Care,1:1 Meeting,S00313,E00155,,33.0
I006267,2024-11-30,India,APAC,Primary Care,Group Meeting,S00050,E00834,Congress meeting and follow-up,90.0
I006268,2024-01-16,CA,Americas,Primary Care,Speaker Program,S00205,E00533,Market access discussion,123.0
I006269,2025-03-31,GB,EMEA,Specialty,Congress/Conference,S00335,E00844,Training and best practice sharing,74.0
I006270,2024-08-28,DEU,EMEA,Respiratory,Speaker Program,S01704,E00869,Congress meeting and follow-up,42.0
I006271,2024-02-27,IT,EMEA,Vaccines,1:1 Meeting,S00820,E00571,Speaker program educational session,31.0
I006272,2024-01-14,United States,Americas,Respiratory,Advisory Board,S00517,E00414,Scientific exchange on clinical data,184.0
I006273,2024-12-24,Brazil,Americas,Specialty,Group Meeting,S01580,E00986,Business discussion,48.0
I006274,2024-12-23,FR,EMEA,Oncology,Advisory Board,S01294,E00124,Congress meeting and follow-up,
I006275,2024-06-06,France,EMEA,Respiratory,1:1 Meeting,S00394,E00882,Congress meeting and follow-up,9.0
I006276,2024-12-12,DEU,EMEA,Vaccines,Group Meeting,S01006,E00416,Scientific exchange on clinical data,36.0
I006277,2024-02-27,US,Americas,Vaccines,1:1 Meeting,S00345,E00942,Advisory board discussion on unmet needs,19.0
I006278,2025-06-14,United States,Americas,Vaccines,Group Meeting,S01798,E00072,Discussed topics,45.0
I006279,2025-05-01,India,APAC,Vaccines,Congress/Conference,S00463,E00350,Product information discussion (on-label),148.0
I006280,2024-02-16,GB,EMEA,Oncology,1:1 Meeting,S00592,E00061,Congress meeting and follow-up,33.0
I006281,2024-07-25,FR,EMEA,Oncology,1:1 Meeting,S00969,E00143,Training and best practice sharing,
I006282,2024-05-22,US,Americas,Respiratory,1:1 Meeting,S01672,E00440,Advisory board discussion on unmet needs,42.0
I006283,2025-02-03,US,Americas,Primary Care,1:1 Meeting,S00256,E00772,Follow-up,34.0
I006284,2024-08-18,India,APAC,Primary Care,Congress/Conference,S00976,E00408,Training and best practice sharing,
I006285,2024-12-05,IN,APAC,Oncology,Group Meeting,S00636,E00937,Market access discussion,91.0
I006286,2025-03-28,United States of America,Americas,Vaccines,1:1 Meeting,S01093,E00395,Advisory board discussion on unmet needs,34.0
I006287,2024-11-11,JP,APAC,Oncology,1:1 Meeting,S01458,E00701,Speaker program educational session,30.0
I006288,2024-10-08,US,Americas,Specialty,Speaker Program,S00402,E00127,Congress meeting and follow-up,103.0
I006289,2024-03-14,UK,EMEA,Oncology,1:1 Meeting,S01393,E00337,Speaker program educational session,35.0
I006290,2024-01-31,JP,APAC,Specialty,1:1 Meeting,S00378,E00024,Market access discussion,55.0
I006291,2025-06-17,U.S.,Americas,Primary Care,Congress/Conference,S00594,E00538,Scientific exchange on clinical data,170.0
I006292,2025-01-26,Canada,Americas,Specialty,1:1 Meeting,S01042,E00131,Scientific exchange on clinical data,13.0
I006293,2024-12-19,BR,Americas,Specialty,1:1 Meeting,S00314,E00572,Training and best practice sharing,36.0
I006294,2025-06-23,IN,APAC,Specialty,Speaker Program,S00344,E00362,Advisory board discussion on unmet needs,84.0
I006295,2025-05-23,FR,EMEA,Oncology,Advisory Board,S00911,E00552,Training and best practice sharing,
I006296,2024-06-25,DE,EMEA,Oncology,1:1 Meeting,S00328,E00824,Scientific exchange on clinical data,17.0
I006297,2025-02-09,United States of America,Americas,Respiratory,Congress/Conference,S00426,E00011,Speaker program educational session,164.0
I006298,2024-12-14,MEX,Americas,Respiratory,1:1 Meeting,S01407,E00497,Speaker program educational session,29.0
I006299,2024-01-21,India,APAC,Specialty,Congress/Conference,S00200,E00560,Follow-up,131.0
I006300,2025-02-23,FRA,EMEA,Oncology,Advisory Board,S01305,E00947,Product information discussion (on-label),259.0
I006301,2024-05-31,Italy,EMEA,Specialty,Speaker Program,S00961,E00604,Business discussion,69.0
I006302,2024-12-24,US,Americas,Primary Care,1:1 Meeting,S00229,E00417,Congress meeting and follow-up,30.0
I006303,2024-05-12,BRA,Americas,Vaccines,Speaker Program,S01114,E00768,Product information discussion (on-label),59.0
I006304,2024-08-27,Italy,EMEA,Specialty,Group Meeting,S00020,E00170,Scientific exchange on clinical data,69.0
I006305,2024-12-02,IND,APAC,Oncology,Group Meeting,S00429,E00577,Advisory board discussion on unmet needs,75.0
I006306,2024-01-03,US,Americas,Oncology,Congress/Conference,S00138,E00858,Scientific exchange on clinical data,114.0
I006307,2024-04-25,IN,APAC,Oncology,1:1 Meeting,S01540,E00991,Scientific exchange on clinical data,24.0
I006308,2025-04-27,Brazil,Americas,Specialty,Speaker Program,S01215,E00134,Congress meeting and follow-up,58.0
I006309,2025-02-04,DEU,EMEA,Respiratory,Congress/Conference,S01313,E00844,Training and best practice sharing,161.0
I006310,2024-08-03,MEX,Americas,Vaccines,1:1 Meeting,S00991,E00229,Advisory board discussion on unmet needs,20.0
I006311,2024-12-31,JPN,APAC,Respiratory,1:1 Meeting,S01260,E00027,Speaker program educational session,27.0
I006312,2025-02-21,BR,Americas,Specialty,Speaker Program,S00835,E00550,Market access discussion,47.0
I006313,2024-01-27,United States of America,Americas,Primary Care,Speaker Program,S00733,E00603,Scientific exchange on clinical data,109.0
I006314,2025-05-04,India,APAC,Vaccines,Congress/Conference,S01466,E00783,Product information discussion (on-label),116.0
I006315,2024-07-25,DEU,EMEA,Primary Care,Advisory Board,S01402,E00441,Training and best practice sharing,202.0
I006316,2024-11-01,Italy,EMEA,Primary Care,Group Meeting,S00016,E00223,Scientific exchange on clinical data,57.0
I006317,2025-04-07,FRA,EMEA,Specialty,1:1 Meeting,S00832,E00358,Meeting,
I006318,2024-10-17,France,EMEA,Respiratory,1:1 Meeting,S00414,E00850,Advisory board discussion on unmet needs,25.0
I006319,2024-02-08,Mexico,Americas,Vaccines,1:1 Meeting,S01479,E00650,Speaker program educational session,22.0
I006320,2024-01-30,MEX,Americas,Oncology,Speaker Program,S00502,E00424,Training and best practice sharing,96.0
I006321,2025-01-22,IN,APAC,Vaccines,1:1 Meeting,S01257,E00518,Market access discussion,38.0
I006322,2024-03-14,JP,APAC,Vaccines,1:1 Meeting,S00788,E00671,Scientific exchange on clinical data,39.0
I006323,2024-02-24,ITA,EMEA,Specialty,1:1 Meeting,S00923,E00831,Training and best practice sharing,41.0
I006324,2024-01-22,Great Britain,EMEA,Specialty,1:1 Meeting,S00243,E00781,Product information discussion (on-label),18.0
I006325,2025-03-03,GB,EMEA,Vaccines,1:1 Meeting,S00454,E00423,Scientific exchange on clinical data,28.0
I006326,2025-05-29,UK,EMEA,Respiratory,Congress/Conference,S01026,E00526,Follow-up,190.0
I006327,2025-05-26,Mexico,Americas,Oncology,Speaker Program,S01540,E00334,Training and best practice sharing,90.0
I006328,2024-08-06,United States of America,Americas,Vaccines,Speaker Program,S01153,E00138,Advisory board discussion on unmet needs,58.0
I006329,2024-09-26,Canada,Americas,Oncology,Speaker Program,S01223,E00749,Advisory board discussion on unmet needs,98.0
I006330,2024-01-10,UK,EMEA,Specialty,1:1 Meeting,S00107,E00924,Speaker program educational session,22.0
I006331,2025-04-12,DE,EMEA,Vaccines,1:1 Meeting,S00283,E00134,,34.0
I006332,2024-04-30,JPN,APAC,Respiratory,1:1 Meeting,S01032,E00757,Follow-up,28.0
I006333,2024-09-30,USA,Americas,Oncology,1:1 Meeting,S01243,E00596,Market access discussion,18.0
I006334,2024-04-07,U.S.,Americas,Specialty,Group Meeting,S01570,E00444,Training and best practice sharing,39.0
I006335,2024-08-28,USA,Americas,Primary Care,Advisory Board,S01077,E00194,Scientific exchange on clinical data,212.0
I006336,2024-04-23,IT,EMEA,Primary Care,Group Meeting,S00074,E00936,Advisory board discussion on unmet needs,52.0
I006337,2025-05-01,JPN,APAC,Primary Care,Congress/Conference,S00465,E00121,Advisory board discussion on unmet needs,110.0
I006338,2024-02-13,USA,Americas,Primary Care,Congress/Conference,S01722,E00793,Speaker program educational session,87.0
I006339,2024-11-07,United Kingdom,EMEA,Specialty,Advisory Board,S00781,E00960,Scientific exchange on clinical data,172.0
I006340,2024-05-22,MX,Americas,Oncology,Advisory Board,S01532,E00197,,199.0
I006341,2024-10-25,Japan,APAC,Primary Care,Speaker Program,S00122,E00363,Congress meeting and follow-up,112.0
I006342,2024-03-02,IND,APAC,Oncology,Group Meeting,S00510,E00124,Market access discussion,66.0
I006343,2025-02-26,FRA,EMEA,Vaccines,Speaker Program,S00351,E00837,Training and best practice sharing,92.0
I006344,2024-11-25,Japan,APAC,Respiratory,1:1 Meeting,S00322,E00489,Market access discussion,27.0
I006345,2024-06-17,India,APAC,Specialty,1:1 Meeting,S00376,E00929,Training and best practice sharing,
I006346,2024-11-29,MEX,Americas,Vaccines,1:1 Meeting,S00356,E00839,Advisory board discussion on unmet needs,23.0
I006347,2025-05-29,GB,EMEA,Respiratory,1:1 Meeting,S00216,E00343,Advisory board discussion on unmet needs,54.0
I006348,2024-11-30,Canada,Americas,Vaccines,Group Meeting,S00807,E00181,Speaker program educational session,64.0
I006349,2025-02-03,Brazil,Americas,Vaccines,1:1 Meeting,S01191,E00092,Market access discussion,43.0
I006350,2024-04-28,FR,EMEA,Specialty,Congress/Conference,S01452,E00533,Product information discussion (on-label),89.0
I006351,2025-04-14,JPN,APAC,Oncology,Advisory Board,S00544,E00865,Speaker program educational session,256.0
I006352,2025-05-14,Germany,EMEA,Primary Care,Speaker Program,S00049,E00858,Scientific exchange on clinical data,113.0
I006353,2024-03-10,Italy,EMEA,Vaccines,1:1 Meeting,S01490,E00027,Scientific exchange on clinical data,
I006354,2024-06-29,CA,Americas,Respiratory,Advisory Board,S00714,E00033,Advisory board discussion on unmet needs,245.0
I006355,2024-01-05,BRA,Americas,Vaccines,1:1 Meeting,S01127,E00777,Speaker program educational session,16.0
I006356,2024-05-19,Mexico,Americas,Respiratory,Speaker Program,S00172,E00674,,126.0
I006357,2025-06-23,BR,Americas,Respiratory,1:1 Meeting,S01471,E00354,Product information discussion (on-label),29.0
I006358,2024-11-05,India,APAC,Vaccines,1:1 Meeting,S00210,E00434,Advisory board discussion on unmet needs,42.0
I006359,2024-09-30,Germany,EMEA,Primary Care,1:1 Meeting,S01179,E00087,Congress meeting and follow-up,48.0
I006360,2024-12-26,USA,Americas,Primary Care,Group Meeting,S00546,E00743,Market access discussion,67.0
I006361,2024-03-09,USA,Americas,Specialty,1:1 Meeting,S00021,E00882,Market access discussion,14.0
I006362,2024-02-01,IT,EMEA,Oncology,Speaker Program,S00088,E00572,Scientific exchange on clinical data,93.0
I006363,2025-05-27,MEX,Americas,Respiratory,Congress/Conference,S01153,E00395,Advisory board discussion on unmet needs,122.0
I006364,2024-10-23,IN,APAC,Respiratory,Group Meeting,S01067,E00822,Congress meeting and follow-up,78.0
I006365,2024-01-30,MX,Americas,Oncology,1:1 Meeting,S00730,E00171,Follow-up,20.0
I006366,2025-01-31,DE,EMEA,Primary Care,Group Meeting,S00133,E00746,Discussed topics,60.0
I006367,2024-03-29,Canada,Americas,Vaccines,1:1 Meeting,S00481,E00789,Market access discussion,30.0
I006368,2024-04-29,Great Britain,EMEA,Oncology,Group Meeting,S00505,E00108,Advisory board discussion on unmet needs,64.0
I006369,2025-03-03,IN,APAC,Vaccines,Group Meeting,S01168,E00703,Market access discussion,74.0
I006370,2024-07-20,U.S.,Americas,Vaccines,Group Meeting,S00993,E00305,Congress meeting and follow-up,66.0
I006371,2024-02-28,USA,Americas,Primary Care,Speaker Program,S01087,E00370,Congress meeting and follow-up,90.0
I006372,2025-05-26,U.S.,Americas,Vaccines,1:1 Meeting,S00980,E00096,Scientific exchange on clinical data,28.0
I006373,2024-11-05,USA,Americas,Vaccines,Speaker Program,S01561,E00600,Scientific exchange on clinical data,77.0
I006374,2024-12-05,IT,EMEA,Oncology,Congress/Conference,S00019,E00445,Congress meeting and follow-up,160.0
I006375,2025-04-25,Mexico,Americas,Primary Care,1:1 Meeting,S01515,E00063,Market access discussion,34.0
I006376,2024-04-02,FRA,EMEA,Primary Care,Advisory Board,S01418,E00322,Scientific exchange on clinical data,203.0
I006377,2024-05-12,India,APAC,Oncology,Advisory Board,S01585,E00227,Training and best practice sharing,190.0
I006378,2025-03-19,FR,EMEA,Primary Care,Group Meeting,S00350,E00888,Training and best practice sharing,87.0
I006379,2024-01-30,BR,Americas,Respiratory,1:1 Meeting,S01123,E00748,Advisory board discussion on unmet needs,21.0
I006380,2024-10-30,BR,Americas,Respiratory,Advisory Board,S01694,E00272,Congress meeting and follow-up,197.0
I006381,2024-12-05,Japan,APAC,Oncology,Speaker Program,S00296,E00641,Training and best practice sharing,110.0
I006382,2024-10-28,US,Americas,Vaccines,Speaker Program,S01476,E00913,Speaker program educational session,109.0
I006383,2025-06-23,Mexico,Americas,Specialty,1:1 Meeting,S01588,E00600,Discussed topics,29.0
I006384,2025-04-10,Great Britain,EMEA,Vaccines,Advisory Board,S00535,E00691,Market access discussion,214.0
I006385,2025-04-10,BR,Americas,Specialty,1:1 Meeting,S01222,E00126,Discussed topics,28.0
I006386,2024-11-24,GB,EMEA,Primary Care,Speaker Program,S00400,E00287,Product information discussion (on-label),134.0
I006387,2024-10-11,MEX,Americas,Specialty,Speaker Program,S01627,E00420,,162.0
I006388,2024-04-18,Mexico,Americas,Specialty,1:1 Meeting,S00986,E00328,Scientific exchange on clinical data,29.0
I006389,2025-02-18,MX,Americas,Specialty,Advisory Board,S00561,E00866,Scientific exchange on clinical data,
I006390,2025-02-26,U.S.,Americas,Vaccines,1:1 Meeting,S01507,E00840,Congress meeting and follow-up,21.0
I006391,2024-08-27,Canada,Americas,Vaccines,Speaker Program,S01082,E00262,Congress meeting and follow-up,97.0
I006392,2025-06-09,United Kingdom,EMEA,Specialty,1:1 Meeting,S01525,E00546,Advisory board discussion on unmet needs,34.0
I006393,2025-04-12,FRA,EMEA,Primary Care,1:1 Meeting,S01780,E00526,Speaker program educational session,29.0
I006394,2024-07-28,DE,EMEA,Vaccines,Group Meeting,S00578,E00959,Scientific exchange on clinical data,55.0
I006395,,Japan,APAC,Oncology,1:1 Meeting,S00298,E00480,Training and best practice sharing,48.0
I006396,2024-11-12,USA,Americas,Respiratory,1:1 Meeting,S00181,E00968,Training and best practice sharing,34.0
I006397,2024-06-02,United States of America,Americas,Specialty,Group Meeting,S01679,E00206,Scientific exchange on clinical data,23.0
I006398,2024-11-07,BR,Americas,Specialty,Advisory Board,S01361,E00899,Scientific exchange on clinical data,201.0
I006399,2024-05-13,JP,APAC,Primary Care,Group Meeting,S00604,E00508,Speaker program educational session,74.0
I006400,2024-05-14,India,APAC,Respiratory,Advisory Board,S00204,E00574,Product information discussion (on-label),240.0
I006401,2025-06-06,Mexico,Americas,Specialty,1:1 Meeting,S01151,E00717,Product information discussion (on-label),43.0
I006402,2024-07-09,BR,Americas,Oncology,Group Meeting,S01305,E00692,Follow-up,52.0
I006403,2025-03-28,JP,APAC,Vaccines,1:1 Meeting,S01250,E00480,Market access discussion,35.0
I006404,2025-01-02,IN,APAC,Vaccines,1:1 Meeting,S00004,E00900,Advisory board discussion on unmet needs,16.0
I006405,2025-05-16,DEU,EMEA,Vaccines,Group Meeting,S01597,E00594,Scientific exchange on clinical data,0.0
I006406,2024-01-21,BR,Americas,Specialty,1:1 Meeting,S01073,E00702,Advisory board discussion on unmet needs,28.0
I006407,2024-09-02,Canada,Americas,Oncology,Advisory Board,S00138,E00694,Scientific exchange on clinical data,287.0
I006408,2024-12-01,IND,APAC,Vaccines,1:1 Meeting,S01583,E00641,Market access discussion,42.0
I006409,2025-02-14,ITA,EMEA,Oncology,1:1 Meeting,S00181,E00466,Scientific exchange on clinical data,20.0
I006410,2024-12-23,CAN,Americas,Oncology,1:1 Meeting,S00875,E00562,Congress meeting and follow-up,38.0
I006411,2024-01-22,United States,Americas,Specialty,1:1 Meeting,S01423,E00546,Congress meeting and follow-up,11.0
I006412,2024-03-12,DE,EMEA,Specialty,Speaker Program,S01000,E00057,Product information discussion (on-label),110.0
I006413,2024-12-30,Canada,Americas,Oncology,1:1 Meeting,S00935,E00686,Speaker program educational session,34.0
I006414,2024-07-17,IN,APAC,Primary Care,Congress/Conference,S01208,E00684,Business discussion,167.0
I006415,2024-01-17,FR,EMEA,Vaccines,1:1 Meeting,S00223,E00293,Product information discussion (on-label),52.0
I006416,2024-05-26,US,Americas,Respiratory,Group Meeting,S01584,E00942,Training and best practice sharing,76.0
I006417,2024-07-28,USA,Americas,Respiratory,1:1 Meeting,S00185,E00444,Advisory board discussion on unmet needs,30.0
I006418,2024-12-17,United States,Americas,Vaccines,Advisory Board,S01758,E00553,Training and best practice sharing,182.0
I006419,2024-06-11,FRA,EMEA,Specialty,Speaker Program,S01084,E00778,Congress meeting and follow-up,73.0
I006420,2024-06-03,BRA,Americas,Oncology,Speaker Program,S00986,E00441,Scientific exchange on clinical data,113.0
I006421,2024-01-10,IN,APAC,Vaccines,Group Meeting,S00317,E00496,Congress meeting and follow-up,48.0
I006422,2025-03-20,UK,EMEA,Vaccines,Group Meeting,S01545,E00124,Product information discussion (on-label),94.0
I006423,2025-01-11,Japan,APAC,Oncology,1:1 Meeting,S00116,E00519,Follow-up,23.0
I006424,2024-11-05,Mexico,Americas,Oncology,Speaker Program,S00612,E00605,Scientific exchange on clinical data,157.0
I006425,2025-02-02,BR,Americas,Respiratory,1:1 Meeting,S00974,E00610,Scientific exchange on clinical data,22.0
I006426,2025-05-16,US,Americas,Respiratory,Group Meeting,S00632,E00386,Speaker program educational session,46.0
I006427,2024-04-24,JPN,APAC,Oncology,Group Meeting,S01282,E00832,Scientific exchange on clinical data,48.0
I006428,2024-05-28,United States,Americas,Specialty,1:1 Meeting,S00622,E00206,Product information discussion (on-label),24.0
I006429,2024-08-28,U.S.,Americas,Primary Care,1:1 Meeting,S00340,E00059,Congress meeting and follow-up,23.0
I006430,2024-03-03,IND,APAC,Vaccines,1:1 Meeting,S00073,E00670,Advisory board discussion on unmet needs,8.0
I006431,2024-01-16,CAN,Americas,Respiratory,Speaker Program,S01153,E00818,Congress meeting and follow-up,92.0
I006432,2024-09-14,IND,APAC,Respiratory,1:1 Meeting,S01404,E00992,Advisory board discussion on unmet needs,20.0
I006433,2024-08-04,United States of America,Americas,Vaccines,Advisory Board,S01221,E00795,Scientific exchange on clinical data,200.0
I006434,2025-01-14,JPN,APAC,Oncology,Group Meeting,S00551,E00227,Scientific exchange on clinical data,89.0
I006435,2024-08-24,BR,Americas,Respiratory,Group Meeting,S00366,E00517,Scientific exchange on clinical data,43.0
I006436,2024-05-08,Germany,EMEA,Respiratory,1:1 Meeting,S00160,E00119,Product information discussion (on-label),27.0
I006437,2025-05-24,IN,APAC,Respiratory,1:1 Meeting,S01794,E00671,Congress meeting and follow-up,39.0
I006438,2024-09-13,USA,Americas,Specialty,1:1 Meeting,S00607,E00996,,33.0
I006439,2024-05-20,United States of America,Americas,Primary Care,1:1 Meeting,S00870,E00860,Meeting,19.0
I006440,2025-06-02,IT,EMEA,Specialty,Group Meeting,S00916,E00085,Scientific exchange on clinical data,53.0
I006441,2024-02-20,IT,EMEA,Oncology,Speaker Program,S01379,E00260,Speaker program educational session,84.0
I006442,2024-12-29,Mexico,Americas,Oncology,1:1 Meeting,S00854,E00564,Congress meeting and follow-up,41.0
I006443,2024-02-24,France,EMEA,Oncology,1:1 Meeting,S00765,E00570,Speaker program educational session,30.0
I006444,2025-06-25,Italy,EMEA,Oncology,Speaker Program,S00369,E00847,Speaker program educational session,74.0
I006445,2024-11-17,USA,Americas,Oncology,1:1 Meeting,S01697,E00971,Advisory board discussion on unmet needs,32.0
I006446,2024-12-24,DEU,EMEA,Vaccines,Speaker Program,S01379,E00124,Congress meeting and follow-up,50.0
I006447,2024-11-13,United States,Americas,Vaccines,Speaker Program,S00021,E00863,Speaker program educational session,93.0
I006448,2024-12-28,U.S.,Americas,Primary Care,Speaker Program,S01581,E00474,Product information discussion (on-label),134.0
I006449,2024-04-05,CA,Americas,Specialty,1:1 Meeting,S01754,E00620,Scientific exchange on clinical data,33.0
I006450,2024-01-17,United States,Americas,Primary Care,1:1 Meeting,S01637,E00558,Advisory board discussion on unmet needs,33.0
I006451,2025-06-10,United Kingdom,EMEA,Respiratory,1:1 Meeting,S00780,E00978,Congress meeting and follow-up,34.0
I006452,2024-12-15,Japan,APAC,Primary Care,Group Meeting,S00293,E00318,Training and best practice sharing,95.0
I006453,2024-01-30,FR,EMEA,Oncology,1:1 Meeting,S00914,E00962,Follow-up,18.0
I006454,2024-04-03,JPN,APAC,Respiratory,1:1 Meeting,S01286,E00613,Product information discussion (on-label),22.0
I006455,2024-10-21,United Kingdom,EMEA,Respiratory,Speaker Program,S00198,E00182,Product information discussion (on-label),109.0
I006456,2025-05-17,United States,Americas,Oncology,1:1 Meeting,S00153,E00779,Market access discussion,35.0
I006457,2024-08-01,U.S.,Americas,Vaccines,Group Meeting,S00728,E00553,Advisory board discussion on unmet needs,54.0
I006458,2024-08-11,Japan,APAC,Respiratory,Group Meeting,S00585,E00519,Congress meeting and follow-up,45.0
I006459,2025-01-21,India,APAC,Specialty,1:1 Meeting,S00095,E00577,Market access discussion,36.0
I006460,2024-07-21,Germany,EMEA,Primary Care,Advisory Board,S01691,E00109,Discussed topics,101.0
I006461,2025-03-22,US,Americas,Primary Care,1:1 Meeting,S00010,E00352,Scientific exchange on clinical data,23.0
I006462,2024-04-01,IN,APAC,Oncology,Group Meeting,S00845,E00686,Training and best practice sharing,89.0
I006463,2024-06-26,US,Americas,Vaccines,Speaker Program,S01669,E00791,Speaker program educational session,103.0
I006464,2024-04-25,BR,Americas,Primary Care,Group Meeting,S01440,E00713,Product information discussion (on-label),22.0
I006465,2025-04-08,FRA,EMEA,Primary Care,Group Meeting,S00302,E00288,Speaker program educational session,657.0
I006466,2024-10-28,MX,Americas,Specialty,1:1 Meeting,S01403,E00689,Speaker program educational session,33.0
I006467,2024-01-27,MX,Americas,Primary Care,1:1 Meeting,S00760,E00734,Congress meeting and follow-up,40.0
I006468,2025-05-18,IND,APAC,Vaccines,Speaker Program,S01401,E00805,Product information discussion (on-label),116.0
I006469,2024-01-30,United Kingdom,EMEA,Respiratory,1:1 Meeting,S00163,E00587,Business discussion,23.0
I006470,2024-12-31,Mexico,Americas,Primary Care,Congress/Conference,S00449,E00818,Training and best practice sharing,164.0
I006471,2025-03-18,JPN,APAC,Specialty,Speaker Program,S00226,E00816,Congress meeting and follow-up,100.0
I006472,2024-01-02,France,EMEA,Oncology,1:1 Meeting,S01087,E00415,Training and best practice sharing,29.0
I006473,2025-01-28,GB,EMEA,Vaccines,Advisory Board,S00168,E00615,Product information discussion (on-label),167.0
I006474,2024-11-03,ITA,EMEA,Vaccines,1:1 Meeting,S00487,E00423,Market access discussion,13.0
I006475,2024-12-05,JP,APAC,Respiratory,1:1 Meeting,S00282,E00664,Discussed topics,26.0
I006476,2024-01-15,Germany,EMEA,Vaccines,Advisory Board,S00840,E00794,Congress meeting and follow-up,122.0
I006477,2025-03-03,Germany,EMEA,Primary Care,1:1 Meeting,S00877,E00268,Congress meeting and follow-up,13.0
I006478,2024-04-16,US,Americas,Primary Care,Speaker Program,S00135,E00973,Product information discussion (on-label),113.0
I006479,2025-02-22,India,APAC,Specialty,1:1 Meeting,S00127,E00341,Congress meeting and follow-up,22.0
I006480,2024-02-07,UK,EMEA,Oncology,Group Meeting,S00079,E00783,Advisory board discussion on unmet needs,0.0
I006481,2024-07-16,IN,APAC,Vaccines,1:1 Meeting,S00031,E00977,Market access discussion,48.0
I006482,2024-11-27,Japan,APAC,Vaccines,Group Meeting,S01667,E00457,Follow-up,92.0
I006483,2025-06-02,UK,EMEA,Specialty,1:1 Meeting,S01593,E00657,Scientific exchange on clinical data,45.0
I006484,2024-12-08,United States,Americas,Vaccines,1:1 Meeting,S01443,E00292,Advisory board discussion on unmet needs,9.0
I006485,2024-01-18,United States,Americas,Respiratory,Speaker Program,S00241,E00921,Speaker program educational session,116.0
I006486,2024-08-22,USA,Americas,Oncology,Speaker Program,S00812,E00893,Congress meeting and follow-up,
I006487,2024-03-09,Brazil,Americas,Vaccines,1:1 Meeting,S00497,E00977,Market access discussion,30.0
I006488,2024-11-06,United States,Americas,Primary Care,Group Meeting,S01030,E00608,Product information discussion (on-label),49.0
I006489,2024-05-13,CA,Americas,Primary Care,1:1 Meeting,S01357,E00325,Market access discussion,27.0
I006490,2024-04-23,GB,EMEA,Primary Care,Group Meeting,S00252,E00933,Scientific exchange on clinical data,103.0
I006491,2024-03-28,DEU,EMEA,Vaccines,Congress/Conference,S00649,E00149,Training and best practice sharing,149.0
I006492,2024-05-23,CAN,Americas,Oncology,1:1 Meeting,S00914,E00422,Catch-up,45.0
I006493,2024-02-25,Japan,APAC,Vaccines,1:1 Meeting,S00025,E00268,Product information discussion (on-label),39.0
I006494,2025-05-24,France,EMEA,Respiratory,Congress/Conference,S01682,E00493,Business discussion,165.0
I006495,2024-03-13,FRA,EMEA,Oncology,Group Meeting,S01767,E00493,Product information discussion (on-label),
I006496,2024-07-11,United Kingdom,EMEA,Respiratory,Advisory Board,S00514,E00355,Advisory board discussion on unmet needs,145.0
I006497,2025-01-08,US,Americas,Specialty,Congress/Conference,S00310,E00809,Advisory board discussion on unmet needs,130.0
I006498,2024-02-21,United States of America,Americas,Primary Care,1:1 Meeting,S00478,E00877,Advisory board discussion on unmet needs,26.0
I006499,2024-04-08,United States,Americas,Vaccines,1:1 Meeting,S01331,E00729,Advisory board discussion on unmet needs,22.0
I006500,2024-12-22,France,EMEA,Primary Care,Congress/Conference,S00779,E00050,Product information discussion (on-label),57.0
I006501,2024-01-11,US,Americas,Specialty,1:1 Meeting,S01511,E00415,Speaker program educational session,39.0
I006502,2025-01-07,U.S.,Americas,Primary Care,Group Meeting,S01221,E00536,Product information discussion (on-label),101.0
I006503,2025-04-25,IND,APAC,Oncology,Speaker Program,S00475,E00994,Congress meeting and follow-up,52.0
I006504,2025-04-18,US,Americas,Vaccines,1:1 Meeting,S01278,E00182,Advisory board discussion on unmet needs,36.0
I006505,2024-09-13,IN,APAC,Oncology,Group Meeting,S00471,E00915,Market access discussion,69.0
I006506,2024-11-04,FR,EMEA,Primary Care,1:1 Meeting,S00444,E00528,Training and best practice sharing,40.0
I006507,2024-10-04,BR,Americas,Specialty,Group Meeting,S01474,E00897,Scientific exchange on clinical data,71.0
I006508,2025-06-11,MX,Americas,Specialty,Group Meeting,S00298,E00390,Training and best practice sharing,59.0
I006509,2025-01-09,USA,Americas,Respiratory,1:1 Meeting,S00584,E00898,Scientific exchange on clinical data,21.0
I006510,2024-02-11,MEX,Americas,Vaccines,1:1 Meeting,S01094,E00007,Speaker program educational session,37.0
I006511,2024-07-12,Brazil,Americas,Vaccines,Congress/Conference,S01291,E00438,Advisory board discussion on unmet needs,170.0
I006512,2024-10-02,US,Americas,Vaccines,Speaker Program,S00415,E00370,Product information discussion (on-label),69.0
I006513,2024-12-29,Mexico,Americas,Primary Care,1:1 Meeting,S00554,E00182,Congress meeting and follow-up,45.0
I006514,2025-04-04,JP,APAC,Primary Care,Group Meeting,S00535,E00251,Product information discussion (on-label),57.0
I006515,2024-09-21,UK,EMEA,Oncology,Advisory Board,S00305,E00334,Market access discussion,148.0
I006516,2024-11-11,U.S.,Americas,Vaccines,1:1 Meeting,S00454,E00092,Catch-up,30.0
I006517,2024-08-30,ITA,EMEA,Vaccines,1:1 Meeting,S00451,E00354,Product information discussion (on-label),32.0
I006518,2024-05-09,US,Americas,Specialty,1:1 Meeting,S00969,E00843,Product information discussion (on-label),29.0
I006519,2024-03-23,United States of America,Americas,Respiratory,1:1 Meeting,S01103,E00864,Speaker program educational session,27.0
I006520,2025-04-15,CA,Americas,Oncology,Group Meeting,S00143,E00248,Advisory board discussion on unmet needs,53.0
I006521,2025-05-12,IND,APAC,Vaccines,1:1 Meeting,S00936,E00974,Congress meeting and follow-up,37.0
I006522,2024-07-08,United Kingdom,EMEA,Primary Care,1:1 Meeting,S00928,E00187,Advisory board discussion on unmet needs,41.0
I006523,2024-12-13,United States,Americas,Respiratory,1:1 Meeting,S01128,E00252,Product information discussion (on-label),48.0
I006524,2025-04-27,IND,APAC,Oncology,Speaker Program,S00700,E00406,Scientific exchange on clinical data,46.0
I006525,2024-04-28,FRA,EMEA,Vaccines,Group Meeting,S00142,E00343,Catch-up,10.0
I006526,2024-07-07,Italy,EMEA,Specialty,1:1 Meeting,S00362,E00887,Speaker program educational session,37.0
I006527,2024-06-08,U.S.,Americas,Primary Care,1:1 Meeting,S01063,E00709,Speaker program educational session,37.0
I006528,2024-01-18,IN,APAC,Specialty,Congress/Conference,S00091,E00275,Market access discussion,128.0
I006529,2024-05-19,United States of America,Americas,Specialty,Group Meeting,S01636,E00249,Scientific exchange on clinical data,58.0
I006530,2025-03-14,U.S.,Americas,Specialty,1:1 Meeting,S00455,E00883,Speaker program educational session,32.0
I006531,2025-01-20,Great Britain,EMEA,Respiratory,Speaker Program,S00279,E00087,Speaker program educational session,101.0
I006532,2025-03-22,IND,APAC,Oncology,Advisory Board,S00389,E00450,Product information discussion (on-label),167.0
I006533,2024-03-30,GB,EMEA,Oncology,Group Meeting,S01291,E00338,Speaker program educational session,6.0
I006534,2025-06-27,IND,APAC,Vaccines,1:1 Meeting,S00279,E00710,Speaker program educational session,24.0
I006535,2024-05-05,CAN,Americas,Specialty,1:1 Meeting,S01068,E00887,Follow-up,29.0
I006536,2024-04-29,Canada,Americas,Primary Care,1:1 Meeting,S00759,E00665,Product information discussion (on-label),36.0
I006537,2024-10-23,Canada,Americas,Primary Care,Advisory Board,S01552,E00135,Scientific exchange on clinical data,54.0
I006538,2025-03-23,USA,Americas,Oncology,Advisory Board,S00258,E00802,Scientific exchange on clinical data,167.0
I006539,2025-04-14,FR,EMEA,Primary Care,1:1 Meeting,S00379,E00841,Advisory board discussion on unmet needs,22.0
I006540,2024-03-24,US,Americas,Specialty,1:1 Meeting,S00497,E00203,Congress meeting and follow-up,28.0
I006541,2024-08-12,DEU,EMEA,Oncology,Congress/Conference,S01649,E00150,Congress meeting and follow-up,176.0
I006542,2024-03-12,DEU,EMEA,Specialty,Group Meeting,S01017,E00358,Training and best practice sharing,52.0
I006543,2024-03-14,India,APAC,Respiratory,Advisory Board,S00218,E00989,Training and best practice sharing,181.0
I006544,2024-03-13,US,Americas,Specialty,Advisory Board,S01573,E00623,Advisory board discussion on unmet needs,321.0
I006545,2024-07-30,IND,APAC,Primary Care,Group Meeting,S01795,E00396,Market access discussion,68.0
I006546,2024-11-26,Canada,Americas,Oncology,1:1 Meeting,S00024,E00189,Market access discussion,22.0
I006547,2025-05-08,IND,APAC,Respiratory,1:1 Meeting,S01746,E00772,Speaker program educational session,43.0
I006548,2025-01-28,JPN,APAC,Primary Care,Congress/Conference,S00612,E00077,Market access discussion,94.0
I006549,2025-05-26,FR,EMEA,Oncology,Congress/Conference,S00754,E00483,Congress meeting and follow-up,20.0
I006550,2024-11-23,MEX,Americas,Primary Care,1:1 Meeting,S00355,E00145,Speaker program educational session,24.0
I006551,2024-09-15,MEX,Americas,Oncology,1:1 Meeting,S00154,E00390,Congress meeting and follow-up,38.0
I006552,2024-12-14,United States of America,Americas,Respiratory,1:1 Meeting,S01240,E00578,Scientific exchange on clinical data,12.0
I006553,2025-05-29,India,APAC,Oncology,Congress/Conference,S01182,E00045,Product information discussion (on-label),133.0
I006554,2025-06-29,U.S.,Americas,Respiratory,Speaker Program,S01630,E00617,Speaker program educational session,110.0
I006555,2024-10-15,CA,Americas,Primary Care,1:1 Meeting,S00350,E00169,Advisory board discussion on unmet needs,43.0
I006556,2024-11-08,India,APAC,Specialty,Group Meeting,S00287,E00607,Training and best practice sharing,53.0
I006557,2024-02-09,United States of America,Americas,Specialty,Speaker Program,S00830,E00059,Product information discussion (on-label),66.0
I006558,2024-05-15,IN,APAC,Oncology,1:1 Meeting,S00375,E00998,Speaker program educational session,27.0
I006559,2024-02-29,BRA,Americas,Vaccines,1:1 Meeting,S01349,E00987,Congress meeting and follow-up,0.0
I006560,2025-06-18,United States of America,Americas,Respiratory,Congress/Conference,S01673,E00583,Market access discussion,206.0
I006561,2024-08-22,DEU,EMEA,Primary Care,1:1 Meeting,S01724,E00258,Market access discussion,43.0
I006562,2024-01-17,CA,Americas,Primary Care,1:1 Meeting,S00749,E00560,Market access discussion,30.0
I006563,2024-07-03,DEU,EMEA,Specialty,1:1 Meeting,S00290,E00770,Advisory board discussion on unmet needs,46.0
I006564,2024-01-12,DE,EMEA,Oncology,Speaker Program,S00923,E00269,Market access discussion,120.0
I006565,2025-06-03,United States,Americas,Vaccines,Speaker Program,S01435,E00310,Scientific exchange on clinical data,97.0
I006566,2024-05-12,Italy,EMEA,Vaccines,Congress/Conference,S01689,E00849,Scientific exchange on clinical data,
I006567,2024-01-05,IND,APAC,Vaccines,Advisory Board,S00296,E00979,Scientific exchange on clinical data,227.0
I006568,2024-05-20,IT,EMEA,Specialty,1:1 Meeting,S00642,E00046,Congress meeting and follow-up,
I006569,2025-04-27,United States of America,Americas,Vaccines,1:1 Meeting,S01058,E00796,Scientific exchange on clinical data,29.0
I006570,2024-04-17,United States,Americas,Oncology,1:1 Meeting,S00832,E00952,Market access discussion,0.0
I006571,2025-04-18,Japan,APAC,Vaccines,Speaker Program,S01371,E00974,Speaker program educational session,85.0
I006572,2024-03-11,IN,APAC,Specialty,1:1 Meeting,S00230,E00790,Advisory board discussion on unmet needs,26.0
I006573,2024-06-23,BRA,Americas,Primary Care,1:1 Meeting,S00907,E00518,Training and best practice sharing,23.0
I006574,2025-01-29,India,APAC,Vaccines,1:1 Meeting,S01592,E00708,Product information discussion (on-label),35.0
I006575,2024-03-31,U.S.,Americas,Oncology,Advisory Board,S01448,E00754,Training and best practice sharing,181.0
I006576,2024-08-28,IT,EMEA,Specialty,1:1 Meeting,S01065,E00654,Advisory board discussion on unmet needs,40.0
I006577,2025-05-10,Germany,EMEA,Oncology,Group Meeting,S00607,E00709,Meeting,55.0
I006578,2025-04-07,Italy,EMEA,Respiratory,Advisory Board,S00409,E00124,Product information discussion (on-label),17.0
I006579,2024-10-01,Japan,APAC,Vaccines,Group Meeting,S00323,E00462,Catch-up,56.0
I006580,2024-07-26,Great Britain,EMEA,Specialty,Advisory Board,S00320,E00007,Scientific exchange on clinical data,210.0
I006581,2024-02-29,MEX,Americas,Vaccines,1:1 Meeting,S01329,E00154,Market access discussion,33.0
I006582,2024-06-08,Brazil,Americas,Specialty,1:1 Meeting,S01069,E00371,Speaker program educational session,45.0
I006583,2025-01-31,DE,EMEA,Vaccines,Group Meeting,S00053,E00113,Product information discussion (on-label),109.0
I006584,2024-05-12,Japan,APAC,Oncology,1:1 Meeting,S00322,E00080,,28.0
I006585,2025-01-15,Brazil,Americas,Vaccines,1:1 Meeting,S01154,E00987,Meeting,23.0
I006586,2025-03-07,Italy,EMEA,Vaccines,Speaker Program,S00170,E00309,Training and best practice sharing,55.0
I006587,2024-09-30,DE,EMEA,Vaccines,Speaker Program,S00941,E00686,Congress meeting and follow-up,17.0
I006588,2024-07-23,MX,Americas,Vaccines,1:1 Meeting,S01410,E00002,Congress meeting and follow-up,35.0
I006589,2024-10-24,Great Britain,EMEA,Respiratory,Group Meeting,S00558,E00879,Training and best practice sharing,95.0
I006590,2024-01-05,Germany,EMEA,Respiratory,Advisory Board,S01633,E00085,Advisory board discussion on unmet needs,338.0
I006591,2025-06-09,FRA,EMEA,Oncology,1:1 Meeting,S01639,E00358,Market access discussion,32.0
I006592,2024-08-03,U.S.,Americas,Respiratory,1:1 Meeting,S00701,E00506,Speaker program educational session,25.0
I006593,2025-05-29,DE,EMEA,Specialty,1:1 Meeting,S00924,E00238,Market access discussion,36.0
I006594,2024-10-06,CAN,Americas,Primary Care,Speaker Program,S00258,E00630,Advisory board discussion on unmet needs,
I006595,2024-05-11,JP,APAC,Primary Care,Advisory Board,S00654,E00802,Product information discussion (on-label),188.0
I006596,2025-02-22,Canada,Americas,Vaccines,Congress/Conference,S01290,E00876,Training and best practice sharing,96.0
I006597,2024-07-20,Mexico,Americas,Oncology,1:1 Meeting,S00317,E00786,Market access discussion,30.0
I006598,2024-04-08,Italy,EMEA,Primary Care,1:1 Meeting,S01531,E00980,Product information discussion (on-label),48.0
I006599,2024-07-31,CAN,Americas,Specialty,1:1 Meeting,S00405,E00006,Advisory board discussion on unmet needs,37.0
I006600,2025-01-08,GB,EMEA,Specialty,Congress/Conference,S00694,E00612,Business discussion,180.0
I006601,2024-02-21,United States of America,Americas,Oncology,Congress/Conference,S01162,E00494,Discussed topics,145.0
I006602,2024-09-17,IND,APAC,Oncology,Speaker Program,S01059,E00615,Congress meeting and follow-up,76.0
I006603,2025-06-28,U.S.,Americas,Specialty,Speaker Program,S00065,E00238,Speaker program educational session,
I006604,2024-01-16,GB,EMEA,Specialty,1:1 Meeting,S01687,E00002,Congress meeting and follow-up,36.0
I006605,2024-04-11,United Kingdom,EMEA,Oncology,1:1 Meeting,S01244,E00003,Follow-up,27.0
I006606,2024-03-12,DEU,EMEA,Oncology,Speaker Program,S01012,E00589,Advisory board discussion on unmet needs,99.0
I006607,2024-01-18,IND,APAC,Specialty,Speaker Program,S00995,E00893,Training and best practice sharing,68.0
I006608,2024-04-06,BRA,Americas,Vaccines,1:1 Meeting,S01575,E00048,Business discussion,38.0
I006609,2024-01-12,GB,EMEA,Oncology,Speaker Program,S00707,E00906,Speaker program educational session,148.0
I006610,2024-08-28,India,APAC,Specialty,Group Meeting,S00875,E00380,Speaker program educational session,83.0
I006611,2024-02-14,India,APAC,Specialty,1:1 Meeting,S01691,E00318,Training and best practice sharing,30.0
I006612,2024-02-11,BRA,Americas,Primary Care,Group Meeting,S00661,E00671,Training and best practice sharing,55.0
I006613,2025-01-18,CA,Americas,Specialty,1:1 Meeting,S00172,E00989,Advisory board discussion on unmet needs,30.0
I006614,2025-04-29,USA,Americas,Respiratory,Group Meeting,S00136,E00846,Congress meeting and follow-up,59.0
I006615,2024-02-08,US,Americas,Vaccines,Group Meeting,S00229,E00087,Scientific exchange on clinical data,78.0
I006616,2024-04-03,JP,APAC,Vaccines,1:1 Meeting,S00918,E00755,Scientific exchange on clinical data,18.0
I006617,2024-03-24,UK,EMEA,Oncology,1:1 Meeting,S01271,E00674,,16.0
I006618,2025-04-21,India,APAC,Specialty,Speaker Program,S00347,E00027,Training and best practice sharing,83.0
I006619,2024-06-13,Japan,APAC,Respiratory,1:1 Meeting,S01416,E00417,Market access discussion,18.0
I006620,2025/02/06,Germany,EMEA,Primary Care,1:1 Meeting,S00372,E00088,Market access discussion,30.0
I006621,2025-01-20,India,APAC,Primary Care,Speaker Program,S01370,E00792,Congress meeting and follow-up,88.0
I006622,2025-06-14,IND,APAC,Oncology,1:1 Meeting,S01766,E00286,Speaker program educational session,16.0
I006623,2024-10-19,IN,APAC,Respiratory,Advisory Board,S00968,E00865,Scientific exchange on clinical data,45.0
I006624,2025-01-07,United States,Americas,Oncology,1:1 Meeting,S01387,E00207,Speaker program educational session,33.0
I006625,2024-06-10,USA,Americas,Oncology,Advisory Board,S00230,E00499,Product information discussion (on-label),241.0
I006626,2024-08-17,US,Americas,Specialty,Speaker Program,S01109,E00185,Speaker program educational session,59.0
I006627,2024-01-18,GB,EMEA,Vaccines,1:1 Meeting,S01151,E00302,Speaker program educational session,34.0
I006628,2024-10-07,IND,APAC,Vaccines,Group Meeting,S01243,E00949,Scientific exchange on clinical data,28.0
I006629,2025-02-25,ITA,EMEA,Primary Care,Group Meeting,S01146,E00959,Congress meeting and follow-up,59.0
I006630,2024-12-25,ITA,EMEA,Specialty,Congress/Conference,S00510,E00691,Scientific exchange on clinical data,156.0
I006631,2024-08-04,United States of America,Americas,Respiratory,1:1 Meeting,S01097,E00506,Congress meeting and follow-up,30.0
I006632,2024-07-21,CAN,Americas,Vaccines,1:1 Meeting,S01611,E00726,Congress meeting and follow-up,18.0
I006633,2024-06-01,CAN,Americas,Specialty,1:1 Meeting,S00489,E00156,Speaker program educational session,44.0
I006634,2024-11-16,DEU,EMEA,Vaccines,1:1 Meeting,S01213,E00024,Congress meeting and follow-up,31.0
I006635,2025-03-11,Great Britain,EMEA,Primary Care,Speaker Program,S00512,E00701,Scientific exchange on clinical data,146.0
I006636,2025-06-25,MX,Americas,Oncology,Advisory Board,S00581,E00968,Congress meeting and follow-up,295.0
I006637,2025-04-26,FR,EMEA,Specialty,Group Meeting,S00138,E00337,Product information discussion (on-label),29.0
I006638,2024-03-15,CA,Americas,Oncology,1:1 Meeting,S01224,E00930,,38.0
I006639,2025-05-12,Canada,Americas,Vaccines,1:1 Meeting,S00839,E00428,Speaker program educational session,32.0
I006640,2024-12-05,India,APAC,Oncology,Group Meeting,S01703,E00952,Scientific exchange on clinical data,39.0
I006641,2024-11-03,ITA,EMEA,Vaccines,Congress/Conference,S01154,E00066,Scientific exchange on clinical data,127.0
I006642,2024-09-09,DEU,EMEA,Primary Care,Congress/Conference,S01248,E00110,Training and best practice sharing,112.0
I006643,2024-08-07,United States of America,Americas,Respiratory,Speaker Program,S00642,E00813,Advisory board discussion on unmet needs,99.0
I006644,2024-08-18,United Kingdom,EMEA,Vaccines,Group Meeting,S00599,E00629,Advisory board discussion on unmet needs,87.0
I006645,2024-04-11,DE,EMEA,Vaccines,Group Meeting,S01198,E00226,Speaker program educational session,71.0
I006646,2024-08-19,BRA,Americas,Respiratory,Group Meeting,S00713,E00954,Market access discussion,84.0
I006647,2024-01-12,Japan,APAC,Respiratory,1:1 Meeting,S00691,E00141,Training and best practice sharing,17.0
I006648,2024-05-14,IT,EMEA,Primary Care,Group Meeting,S01773,E00715,Advisory board discussion on unmet needs,61.0
I006649,2024-01-31,IND,APAC,Primary Care,1:1 Meeting,S00642,E00836,Product information discussion (on-label),20.0
I006650,2025-03-06,Canada,Americas,Primary Care,1:1 Meeting,S00113,E00283,Meeting,25.0
I006651,2025-01-16,US,Americas,Respiratory,1:1 Meeting,S01095,E00948,Speaker program educational session,16.0
I006652,2024-07-25,ITA,EMEA,Specialty,1:1 Meeting,S01213,E00130,Speaker program educational session,34.0
I006653,2025-03-22,United Kingdom,EMEA,Respiratory,1:1 Meeting,S01331,E00543,Product information discussion (on-label),
I006654,2024-05-01,JPN,APAC,Specialty,Group Meeting,S01282,E00338,Scientific exchange on clinical data,49.0
I006655,2025-04-06,JP,APAC,Oncology,1:1 Meeting,S00123,E00059,Product information discussion (on-label),11.0
I006656,2024-10-07,DE,EMEA,Vaccines,1:1 Meeting,S01784,E00536,Congress meeting and follow-up,24.0
I006657,2025-04-23,FRA,EMEA,Oncology,Speaker Program,S01108,E00644,Advisory board discussion on unmet needs,108.0
I006658,2024-08-27,BR,Americas,Specialty,1:1 Meeting,S01560,E00297,Scientific exchange on clinical data,15.0
I006659,2024-02-29,US,Americas,Primary Care,1:1 Meeting,S01322,E00417,Follow-up,34.0
I006660,2024-07-07,IND,APAC,Oncology,1:1 Meeting,S00392,E00901,Business discussion,25.0
I006661,2025-05-01,JP,APAC,Primary Care,1:1 Meeting,S00798,E00345,Speaker program educational session,42.0
I006662,2024-10-15,DE,EMEA,Specialty,Speaker Program,S00435,E00881,Advisory board discussion on unmet needs,91.0
I006663,2025-05-23,U.S.,Americas,Oncology,1:1 Meeting,S01356,E00225,Congress meeting and follow-up,26.0
I006664,2024-02-22,US,Americas,Oncology,1:1 Meeting,S01042,E00537,Congress meeting and follow-up,26.0
I006665,2024-06-23,Mexico,Americas,Vaccines,Group Meeting,S01208,E00257,Speaker program educational session,61.0
I006666,2024-12-26,United States of America,Americas,Specialty,1:1 Meeting,S01103,E00710,Speaker program educational session,28.0
I006667,2024-09-26,MEX,Americas,Primary Care,Advisory Board,S01533,E00447,Scientific exchange on clinical data,187.0
I006668,2025-01-10,BR,Americas,Respiratory,1:1 Meeting,S00242,E00231,Product information discussion (on-label),7.0
I006669,2025-01-26,IN,APAC,Oncology,Speaker Program,S00039,E00764,Congress meeting and follow-up,132.0
I006670,2024-05-13,IN,APAC,Primary Care,1:1 Meeting,S00064,E00861,Scientific exchange on clinical data,33.0
I006671,2025-05-05,United States,Americas,Vaccines,1:1 Meeting,S00262,E00147,Advisory board discussion on unmet needs,25.0
I006672,2024-02-15,DEU,EMEA,Respiratory,Congress/Conference,S00078,E00022,Speaker program educational session,114.0
I006673,2025-02-04,IND,APAC,Oncology,Advisory Board,S00727,E00032,Product information discussion (on-label),159.0
I006674,2025-05-31,DEU,EMEA,Primary Care,Speaker Program,S00359,E00188,Scientific exchange on clinical data,61.0
I006675,2025-04-06,GB,EMEA,Oncology,Speaker Program,S01494,E00571,Congress meeting and follow-up,59.0
I006676,2024-05-24,United States,Americas,Oncology,Group Meeting,S00213,E00076,Market access discussion,55.0
I006677,2024-09-21,IND,APAC,Primary Care,1:1 Meeting,S00069,E00994,Scientific exchange on clinical data,44.0
I006678,2025-04-28,GB,EMEA,Respiratory,Speaker Program,S00305,E00055,Market access discussion,44.0
I006679,2025-04-26,US,Americas,Oncology,Group Meeting,S01202,E00570,Speaker program educational session,75.0
I006680,2024-09-22,France,EMEA,Oncology,Group Meeting,S01292,E00572,Congress meeting and follow-up,71.0
I006681,2025-06-11,DEU,EMEA,Vaccines,Group Meeting,S00745,E00124,Advisory board discussion on unmet needs,49.0
I006682,2025-01-24,United States of America,Americas,Vaccines,1:1 Meeting,S00590,E00852,Product information discussion (on-label),20.0
I006683,2025-01-22,Mexico,Americas,Vaccines,1:1 Meeting,S01627,E00476,Advisory board discussion on unmet needs,24.0
I006684,2024-02-06,US,Americas,Specialty,Speaker Program,S00014,E00142,Market access discussion,134.0
I006685,2025-01-27,United Kingdom,EMEA,Oncology,Group Meeting,S00224,E00580,Scientific exchange on clinical data,103.0
I006686,2025-02-04,BR,Americas,Vaccines,1:1 Meeting,S00224,E00609,,18.0
I006687,2024-12-09,GB,EMEA,Vaccines,Group Meeting,S01185,E00726,Training and best practice sharing,87.0
I006688,2024-05-02,JPN,APAC,Primary Care,1:1 Meeting,S01476,E00942,Market access discussion,21.0
I006689,2024-05-08,DE,EMEA,Specialty,1:1 Meeting,S01460,E00625,Market access discussion,43.0
I006690,2024-02-12,IND,APAC,Respiratory,Speaker Program,S01615,E00043,Speaker program educational session,97.0
I006691,2025-02-07,ITA,EMEA,Oncology,1:1 Meeting,S00669,E00441,Discussed topics,29.0
I006692,2024-09-19,BRA,Americas,Specialty,1:1 Meeting,S01383,E00191,Product information discussion (on-label),13.0
I006693,2024-03-10,IT,EMEA,Oncology,Advisory Board,S00735,E00426,Training and best practice sharing,274.0
I006694,2024-05-26,United States,Americas,Vaccines,Congress/Conference,S00637,E00164,Congress meeting and follow-up,89.0
I006695,2024-01-25,CA,Americas,Oncology,Speaker Program,S01227,E00398,Advisory board discussion on unmet needs,99.0
I006696,2024-09-07,BRA,Americas,Oncology,Group Meeting,S01220,E00151,Training and best practice sharing,35.0
I006697,2025-04-26,US,Americas,Respiratory,Speaker Program,S01696,E00310,Scientific exchange on clinical data,101.0
I006698,2024-12-12,BRA,Americas,Respiratory,1:1 Meeting,S01135,E00384,Scientific exchange on clinical data,12.0
I006699,2024-06-18,MEX,Americas,Oncology,1:1 Meeting,S00951,E00174,Scientific exchange on clinical data,20.0
I006700,2024-12-27,France,EMEA,Primary Care,Advisory Board,S01686,E00872,Congress meeting and follow-up,199.0
I006701,2024-10-22,United States of America,Americas,Oncology,Group Meeting,S00158,E00940,Market access discussion,37.0
I006702,2024-10-15,IND,APAC,Primary Care,Advisory Board,S01536,E00253,Market access discussion,194.0
I006703,2024-03-02,IN,APAC,Respiratory,1:1 Meeting,S00435,E00385,Speaker program educational session,11.0
I006704,2025-05-07,CA,Americas,Specialty,1:1 Meeting,S00783,E00126,Speaker program educational session,20.0
I006705,2025-03-08,India,APAC,Primary Care,1:1 Meeting,S00009,E00496,Scientific exchange on clinical data,51.0
I006706,2024-06-17,FRA,EMEA,Respiratory,1:1 Meeting,S00771,E00200,Congress meeting and follow-up,22.0
I006707,2024-09-25,USA,Americas,Specialty,Congress/Conference,S01445,E00446,Congress meeting and follow-up,146.0
I006708,2024-08-02,Brazil,Americas,Oncology,Speaker Program,S01787,E00996,Scientific exchange on clinical data,152.0
I006709,2024-04-06,Germany,EMEA,Specialty,Speaker Program,S01200,E00041,Advisory board discussion on unmet needs,85.0
I006710,2024-12-25,Brazil,Americas,Primary Care,Speaker Program,S01106,E00759,Advisory board discussion on unmet needs,104.0
I006711,2024-12-12,Italy,EMEA,Primary Care,Congress/Conference,S01324,E00467,Congress meeting and follow-up,100.0
I006712,2025-02-25,USA,Americas,Vaccines,1:1 Meeting,S01288,E00267,Speaker program educational session,29.0
I006713,2024-12-01,Japan,APAC,Specialty,Speaker Program,S00613,E00476,Scientific exchange on clinical data,86.0
I006714,2024-03-16,Canada,Americas,Oncology,1:1 Meeting,S00503,E00527,Scientific exchange on clinical data,23.0
I006715,2025-04-10,GB,EMEA,Primary Care,1:1 Meeting,S01085,E00362,Training and best practice sharing,43.0
I006716,2024-09-15,IN,APAC,Primary Care,1:1 Meeting,S00012,E00870,Congress meeting and follow-up,9.0
I006717,2025-04-21,USA,Americas,Respiratory,Speaker Program,S00467,E00721,Advisory board discussion on unmet needs,139.0
I006718,2025-01-03,MX,Americas,Respiratory,1:1 Meeting,S00489,E00262,Business discussion,44.0
I006719,2024-07-02,U.S.,Americas,Vaccines,1:1 Meeting,S01763,E00374,Advisory board discussion on unmet needs,16.0
I006720,2025-05-20,United Kingdom,EMEA,Vaccines,Speaker Program,S00961,E00948,Scientific exchange on clinical data,109.0
I006721,2024-03-26,UK,EMEA,Respiratory,Group Meeting,S00366,E00987,Speaker program educational session,64.0
I006722,2025-04-06,BRA,Americas,Primary Care,Group Meeting,S01234,E00625,Congress meeting and follow-up,27.0
I006723,2025-04-06,India,APAC,Respiratory,Group Meeting,S00365,E00689,Speaker program educational session,41.0
I006724,2025-05-13,GB,EMEA,Vaccines,1:1 Meeting,S00485,E00848,Congress meeting and follow-up,29.0
I006725,2025-04-19,BRA,Americas,Primary Care,Speaker Program,S01782,E00910,Product information discussion (on-label),102.0
I006726,2024-06-10,United Kingdom,EMEA,Primary Care,1:1 Meeting,S01463,E00564,Meeting,25.0
I006727,2024-03-01,India,APAC,Vaccines,Group Meeting,S00081,E00090,Scientific exchange on clinical data,35.0
I006728,2024-03-16,IND,APAC,Oncology,1:1 Meeting,S01283,E00510,Advisory board discussion on unmet needs,48.0
I006729,2024-09-09,Japan,APAC,Specialty,Speaker Program,S01024,E00846,Scientific exchange on clinical data,72.0
I006730,2024-05-17,FRA,EMEA,Respiratory,1:1 Meeting,S00859,E00579,Advisory board discussion on unmet needs,4.0
I006731,2024-12-23,DE,EMEA,Oncology,Group Meeting,S01476,E00730,Advisory board discussion on unmet needs,55.0
I006732,2025-06-15,DE,EMEA,Specialty,1:1 Meeting,S00773,E00615,Speaker program educational session,15.0
I006733,2024-06-13,JPN,APAC,Specialty,Advisory Board,S01054,E00111,Business discussion,223.0
I006734,2024-09-06,FRA,EMEA,Respiratory,Group Meeting,S01517,E00116,Speaker program educational session,75.0
I006735,2024-12-01,IN,APAC,Specialty,Advisory Board,S01358,E00279,Speaker program educational session,219.0
I006736,2025-01-29,ITA,EMEA,Respiratory,Speaker Program,S00400,E00834,Training and best practice sharing,82.0
I006737,2024-05-30,USA,Americas,Vaccines,Group Meeting,S01243,E00302,Scientific exchange on clinical data,
I006738,2024-11-10,CAN,Americas,Primary Care,1:1 Meeting,S01257,E00983,Discussed topics,42.0
I006739,2024-08-03,BR,Americas,Specialty,1:1 Meeting,S00911,E00269,Advisory board discussion on unmet needs,37.0
I006740,2025-05-25,Italy,EMEA,Oncology,1:1 Meeting,S01133,E00779,Market access discussion,30.0
I006741,2024-06-05,Germany,EMEA,Oncology,Speaker Program,S00648,E00921,Scientific exchange on clinical data,91.0
I006742,2024-11-25,Japan,APAC,Primary Care,1:1 Meeting,S01253,E00066,Advisory board discussion on unmet needs,41.0
I006743,2025-03-04,India,APAC,Primary Care,Speaker Program,S00233,E00314,Congress meeting and follow-up,114.0
I006744,2024-06-30,Germany,EMEA,Oncology,Speaker Program,S00525,E00136,Advisory board discussion on unmet needs,88.0
I006745,2024-09-13,Great Britain,EMEA,Vaccines,Speaker Program,S00298,E00976,Scientific exchange on clinical data,50.0
I006746,2024-09-25,Canada,Americas,Specialty,Group Meeting,S00584,E00874,Scientific exchange on clinical data,57.0
I006747,2025-05-07,US,Americas,Oncology,Group Meeting,S01296,E00558,,79.0
I006748,2024-06-26,BRA,Americas,Specialty,Group Meeting,S01568,E00158,Scientific exchange on clinical data,36.0
I006749,2025-01-29,Mexico,Americas,Specialty,Group Meeting,S00404,E00856,Market access discussion,72.0
I006750,2024-02-25,JP,APAC,Specialty,Advisory Board,S01602,E00050,Training and best practice sharing,158.0
I006751,2024-07-25,IND,APAC,Primary Care,Congress/Conference,S00112,E00601,Scientific exchange on clinical data,123.0
I006752,2024-12-20,CAN,Americas,Oncology,1:1 Meeting,S00126,E00315,Congress meeting and follow-up,37.0
I006753,2025-05-03,GB,EMEA,Vaccines,Group Meeting,S01410,E00235,Market access discussion,48.0
I006754,2024-03-27,DEU,EMEA,Specialty,Speaker Program,S01483,E00818,Advisory board discussion on unmet needs,104.0
I006755,2024-10-29,FR,EMEA,Oncology,Speaker Program,S00853,E00004,Scientific exchange on clinical data,54.0
I006756,2024-12-27,Mexico,Americas,Respiratory,1:1 Meeting,S01606,E00393,Product information discussion (on-label),29.0
I006757,2025-01-15,Great Britain,EMEA,Vaccines,Speaker Program,S00501,E00339,Advisory board discussion on unmet needs,57.0
I006758,2024-08-30,France,EMEA,Specialty,Speaker Program,S00225,E00976,Scientific exchange on clinical data,96.0
I006759,2024-05-08,Germany,EMEA,Respiratory,Speaker Program,S01229,E00102,Scientific exchange on clinical data,125.0
I006760,2024-03-24,FR,EMEA,Specialty,Congress/Conference,S01632,E00747,Congress meeting and follow-up,150.0
I006761,2025-01-10,Brazil,Americas,Oncology,1:1 Meeting,S00963,E00476,Discussed topics,24.0
I006762,2025-03-20,IN,APAC,Specialty,Speaker Program,S00928,E00643,Product information discussion (on-label),99.0
I006763,2024-11-20,Canada,Americas,Specialty,1:1 Meeting,S01153,E00677,Discussed topics,32.0
I006764,2024-08-25,India,APAC,Vaccines,Group Meeting,S00483,E00821,Scientific exchange on clinical data,52.0
I006765,2024-01-13,Canada,Americas,Specialty,Advisory Board,S00933,E00610,Congress meeting and follow-up,78.0
I006766,2025-04-28,United States of America,Americas,Primary Care,Group Meeting,S01785,E00632,Speaker program educational session,49.0
I006767,2024-12-30,France,EMEA,Oncology,1:1 Meeting,S01342,E00190,Training and best practice sharing,22.0
I006768,2025-02-03,Canada,Americas,Specialty,Advisory Board,S00211,E00777,Market access discussion,183.0
I006769,2024-02-26,USA,Americas,Oncology,Group Meeting,S01786,E00881,Scientific exchange on clinical data,38.0
I006770,2025-01-14,Brazil,Americas,Respiratory,1:1 Meeting,S01026,E00553,Product information discussion (on-label),42.0
I006771,2024-04-26,Mexico,Americas,Specialty,1:1 Meeting,S00167,E00526,Speaker program educational session,9.0
I006772,2024-06-12,US,Americas,Vaccines,Group Meeting,S00462,E00930,Congress meeting and follow-up,40.0
I006773,2024-01-04,IND,APAC,Primary Care,1:1 Meeting,S00428,E00205,Congress meeting and follow-up,34.0
I006774,2024-04-01,IND,APAC,Specialty,Group Meeting,S01534,E00313,Scientific exchange on clinical data,68.0
I006775,2025-04-13,Germany,EMEA,Respiratory,Group Meeting,S01740,E00785,Training and best practice sharing,69.0
I006776,2025-04-27,JPN,APAC,Vaccines,1:1 Meeting,S00420,E00585,Discussed topics,21.0
I006777,2025-02-10,United States of America,Americas,Vaccines,1:1 Meeting,S00138,E00195,Speaker program educational session,34.0
I006778,2024-02-04,MX,Americas,Primary Care,1:1 Meeting,S00194,E00567,Training and best practice sharing,20.0
I006779,2024-09-05,U.S.,Americas,Respiratory,1:1 Meeting,S01125,E00302,Training and best practice sharing,32.0
I006780,2025-06-20,MX,Americas,Vaccines,Advisory Board,S00400,E00409,Product information discussion (on-label),140.0
I006781,2024-08-17,BR,Americas,Oncology,1:1 Meeting,S00603,E00652,Congress meeting and follow-up,23.0
I006782,2024-12-28,USA,Americas,Specialty,Speaker Program,S01327,E00434,,81.0
I006783,2024-04-20,Brazil,Americas,Oncology,Group Meeting,S00053,E00970,Advisory board discussion on unmet needs,24.0
I006784,2024-04-07,IN,APAC,Oncology,1:1 Meeting,S00090,E00629,Congress meeting and follow-up,43.0
I006785,2024-04-25,IN,APAC,Vaccines,1:1 Meeting,S00589,E00149,Advisory board discussion on unmet needs,33.0
I006786,2024-12-14,India,APAC,Oncology,Group Meeting,S00973,E00503,Scientific exchange on clinical data,63.0
I006787,,IT,EMEA,Respiratory,1:1 Meeting,S01146,E00456,Speaker program educational session,34.0
I006788,2024-01-12,FRA,EMEA,Specialty,Group Meeting,S00785,E00152,Catch-up,34.0
I006789,2025-05-02,Mexico,Americas,Primary Care,1:1 Meeting,S00691,E00804,Advisory board discussion on unmet needs,22.0
I006790,2025-06-28,FR,EMEA,Primary Care,Advisory Board,S00833,E00967,Discussed topics,27.0
I006791,2025-01-26,ITA,EMEA,Primary Care,Group Meeting,S00650,E00280,Training and best practice sharing,58.0
I006792,2024-10-23,FR,EMEA,Specialty,Congress/Conference,S01364,E00929,Meeting,131.0
I006793,2024-11-25,IT,EMEA,Specialty,1:1 Meeting,S00727,E00995,Speaker program educational session,28.0
I006794,2024-03-15,Germany,EMEA,Oncology,Group Meeting,S00614,E00989,Training and best practice sharing,7.0
I006795,2025-05-24,IND,APAC,Respiratory,Group Meeting,S01523,E00931,Advisory board discussion on unmet needs,71.0
I006796,2024-04-03,Canada,Americas,Primary Care,Group Meeting,S00202,E00440,Product information discussion (on-label),75.0
I006797,2024-08-16,Great Britain,EMEA,Respiratory,1:1 Meeting,S00061,E00408,Market access discussion,40.0
I006798,2024-06-30,U.S.,Americas,Oncology,Group Meeting,S00960,E00825,Advisory board discussion on unmet needs,61.0
I006799,2024-09-23,JPN,APAC,Oncology,1:1 Meeting,S00937,E00468,Training and best practice sharing,
I006800,2024-03-23,DE,EMEA,Vaccines,Speaker Program,S00045,E00975,Catch-up,67.0
I006801,2024-07-04,UK,EMEA,Primary Care,Speaker Program,S01635,E00028,Product information discussion (on-label),92.0
I006802,2025-06-14,Japan,APAC,Specialty,Speaker Program,S00820,E00914,Discussed topics,95.0
I006803,2024-12-13,JP,APAC,Vaccines,Speaker Program,S00954,E00582,Speaker program educational session,137.0
I006804,2025-03-29,IT,EMEA,Specialty,Speaker Program,S00003,E00967,Speaker program educational session,81.0
I006805,2024-09-23,IND,APAC,Vaccines,Group Meeting,S01649,E00095,Speaker program educational session,
I006806,2024-08-19,IN,APAC,Primary Care,1:1 Meeting,S01315,E00045,Congress meeting and follow-up,49.0
I006807,2024-10-23,BRA,Americas,Vaccines,Group Meeting,S01572,E00765,Advisory board discussion on unmet needs,94.0
I006808,2024-01-22,United Kingdom,EMEA,Vaccines,1:1 Meeting,S00881,E00527,Product information discussion (on-label),12.0
I006809,2025-01-18,Germany,EMEA,Respiratory,1:1 Meeting,S00674,E00384,Product information discussion (on-label),49.0
I006810,2024-04-19,India,APAC,Vaccines,Speaker Program,S00386,E00868,Product information discussion (on-label),79.0
I006811,2025-04-16,MEX,Americas,Respiratory,1:1 Meeting,S01020,E00653,Advisory board discussion on unmet needs,40.0
I006812,2024-03-16,BRA,Americas,Primary Care,1:1 Meeting,S01105,E00396,Congress meeting and follow-up,31.0
I006813,2024-01-19,MX,Americas,Specialty,Speaker Program,S00340,E00294,Congress meeting and follow-up,118.0
I006814,2024-03-19,JP,APAC,Vaccines,1:1 Meeting,S00503,E00409,Business discussion,34.0
I006815,2024-06-20,DE,EMEA,Oncology,Advisory Board,S00468,E00075,Training and best practice sharing,134.0
I006816,2024-02-24,DE,EMEA,Primary Care,1:1 Meeting,S01532,E00081,Market access discussion,57.0
I006817,2024-06-28,United States of America,Americas,Respiratory,Group Meeting,S00854,E00958,Speaker program educational session,75.0
I006818,2024-04-02,CA,Americas,Oncology,1:1 Meeting,S01415,E00937,Training and best practice sharing,33.0
I006819,2025-06-03,US,Americas,Vaccines,Group Meeting,S01282,E00294,Scientific exchange on clinical data,30.0
I006820,2024-11-26,BRA,Americas,Vaccines,Speaker Program,S00971,E00300,Speaker program educational session,24.0
I006821,2025-03-08,US,Americas,Primary Care,1:1 Meeting,S00821,E00318,Congress meeting and follow-up,23.0
I006822,2024-03-25,IT,EMEA,Specialty,Congress/Conference,S00027,E00106,Training and best practice sharing,93.0
I006823,2024-03-31,UK,EMEA,Primary Care,1:1 Meeting,S00587,E00534,Market access discussion,22.0
I006824,2024-09-26,MEX,Americas,Specialty,1:1 Meeting,S00985,E00301,Advisory board discussion on unmet needs,47.0
I006825,2024-01-19,BRA,Americas,Specialty,1:1 Meeting,S01278,E00339,Training and best practice sharing,25.0
I006826,2025-03-25,India,APAC,Primary Care,Group Meeting,S00108,E00015,Market access discussion,47.0
I006827,2025-06-22,MEX,Americas,Vaccines,Congress/Conference,S00309,E00036,Product information discussion (on-label),22.0
I006828,2024-11-14,United Kingdom,EMEA,Respiratory,Advisory Board,S01416,E00049,Congress meeting and follow-up,161.0
I006829,2024-05-03,India,APAC,Specialty,1:1 Meeting,S01343,E00833,Congress meeting and follow-up,
I006830,2025-03-26,CAN,Americas,Respiratory,Speaker Program,S00194,E00015,Follow-up,130.0
I006831,2024-12-18,IN,APAC,Respiratory,1:1 Meeting,S00715,E00938,Discussed topics,23.0
I006832,2024-11-15,India,APAC,Respiratory,Group Meeting,S00594,E00279,Scientific exchange on clinical data,32.0
I006833,2024-06-13,Mexico,Americas,Oncology,1:1 Meeting,S00741,E00717,Scientific exchange on clinical data,30.0
I006834,2025-04-23,United States,Americas,Respiratory,1:1 Meeting,S00173,E00411,Advisory board discussion on unmet needs,34.0
I006835,2025-01-02,JPN,APAC,Specialty,Group Meeting,S00630,E00840,Advisory board discussion on unmet needs,47.0
I006836,2025-02-11,U.S.,Americas,Vaccines,1:1 Meeting,S00211,E00503,Scientific exchange on clinical data,0.0
I006837,2024-12-10,Germany,EMEA,Primary Care,Group Meeting,S01125,E00557,Congress meeting and follow-up,58.0
I006838,2024-11-01,JPN,APAC,Specialty,Group Meeting,S00138,E00434,Advisory board discussion on unmet needs,18.0
I006839,2025-01-01,BR,Americas,Specialty,Group Meeting,S00014,E00561,Catch-up,79.0
I006840,2024-05-25,Italy,EMEA,Vaccines,Speaker Program,S01763,E00667,Product information discussion (on-label),92.0
I006841,2024-05-25,DE,EMEA,Specialty,Advisory Board,S00921,E00990,Congress meeting and follow-up,284.0
I006842,2024-03-27,CA,Americas,Specialty,1:1 Meeting,S00464,E00980,Speaker program educational session,30.0
I006843,2024-06-02,IN,APAC,Respiratory,1:1 Meeting,S01060,E00579,Meeting,29.0
I006844,2024-09-18,United States of America,Americas,Specialty,Advisory Board,S00017,E00536,Congress meeting and follow-up,233.0
I006845,2025-05-01,Japan,APAC,Respiratory,Congress/Conference,S00857,E00142,Training and best practice sharing,129.0
I006846,2024-04-14,United States,Americas,Oncology,Advisory Board,S01124,E00787,Advisory board discussion on unmet needs,206.0
I006847,2024-12-15,JP,APAC,Vaccines,Congress/Conference,S01643,E00599,Advisory board discussion on unmet needs,196.0
I006848,2024-12-08,IND,APAC,Primary Care,Group Meeting,S00405,E00362,Speaker program educational session,82.0
I006849,2024-08-17,FRA,EMEA,Oncology,1:1 Meeting,S01520,E00618,Market access discussion,34.0
I006850,2025-06-02,Italy,EMEA,Oncology,Speaker Program,S01003,E00173,Product information discussion (on-label),10.0
I006851,2024-09-09,GB,EMEA,Specialty,Advisory Board,S01465,E00792,Speaker program educational session,291.0
I006852,2024-08-19,Mexico,Americas,Oncology,1:1 Meeting,S01326,E00983,Advisory board discussion on unmet needs,27.0
I006853,2025-06-28,Germany,EMEA,Vaccines,1:1 Meeting,S00622,E00878,Congress meeting and follow-up,9.0
I006854,2024-11-16,US,Americas,Primary Care,Speaker Program,S00648,E00373,Speaker program educational session,43.0
I006855,2024-11-23,BRA,Americas,Vaccines,Speaker Program,S01521,E00879,Congress meeting and follow-up,107.0
I006856,2024-12-29,IN,APAC,Primary Care,1:1 Meeting,S01792,E00338,Congress meeting and follow-up,33.0
I006857,2024-08-19,MX,Americas,Specialty,1:1 Meeting,S00536,E00417,Product information discussion (on-label),33.0
I006858,2024-06-22,JPN,APAC,Oncology,Speaker Program,S01115,E00328,Scientific exchange on clinical data,
I006859,2025-01-26,IT,EMEA,Vaccines,Advisory Board,S00371,E00118,Speaker program educational session,329.0
I006860,2024-10-23,United Kingdom,EMEA,Specialty,1:1 Meeting,S01520,E00389,Product information discussion (on-label),29.0
I006861,2024-02-25,MEX,Americas,Oncology,Advisory Board,S01217,E00778,Speaker program educational session,116.0
I006862,2025-04-16,U.S.,Americas,Respiratory,Advisory Board,S01616,E00005,Congress meeting and follow-up,0.0
I006863,2024-01-23,CAN,Americas,Primary Care,1:1 Meeting,S01329,E00680,Training and best practice sharing,19.0
I006864,2024-10-31,India,APAC,Primary Care,Group Meeting,S01168,E00044,Advisory board discussion on unmet needs,47.0
I006865,2024-06-25,DE,EMEA,Vaccines,1:1 Meeting,S00358,E00702,Market access discussion,33.0
I006866,2024-06-14,Italy,EMEA,Primary Care,1:1 Meeting,S00785,E00362,Congress meeting and follow-up,37.0
I006867,2024-05-29,U.S.,Americas,Primary Care,Speaker Program,S01319,E00311,Product information discussion (on-label),116.0
I006868,2024-06-15,JPN,APAC,Respiratory,Group Meeting,S01713,E00640,Congress meeting and follow-up,78.0
I006869,2024-04-06,USA,Americas,Primary Care,1:1 Meeting,S00610,E00606,,43.0
I006870,2025-01-01,France,EMEA,Oncology,Advisory Board,S01380,E00282,Advisory board discussion on unmet needs,69.0
I006871,2024-09-04,BRA,Americas,Specialty,1:1 Meeting,S01670,E00727,Business discussion,10.0
I006872,2024-11-24,Germany,EMEA,Specialty,Speaker Program,S01145,E00824,Market access discussion,145.0
I006873,2024-01-16,BRA,Americas,Respiratory,1:1 Meeting,S01740,E00724,Scientific exchange on clinical data,26.0
I006874,2024-09-30,CA,Americas,Primary Care,1:1 Meeting,S01709,E00049,Market access discussion,31.0
I006875,2025-06-07,India,APAC,Respiratory,Group Meeting,S00619,E00913,Advisory board discussion on unmet needs,45.0
I006876,2025-04-08,IT,EMEA,Respiratory,1:1 Meeting,S01048,E00495,Market access discussion,20.0
I006877,2024-04-02,IN,APAC,Specialty,Group Meeting,S01668,E00977,Congress meeting and follow-up,46.0
I006878,2025-04-23,IT,EMEA,Primary Care,1:1 Meeting,S00544,E00529,Product information discussion (on-label),35.0
I006879,2024-11-11,JPN,APAC,Oncology,Advisory Board,S00519,E00859,Advisory board discussion on unmet needs,
I006880,2024-08-26,ITA,EMEA,Specialty,1:1 Meeting,S01238,E00813,Market access discussion,37.0
I006881,2024-04-13,CA,Americas,Respiratory,1:1 Meeting,S00225,E00319,Follow-up,53.0
I006882,2025-01-09,MEX,Americas,Respiratory,1:1 Meeting,S00983,E00324,Advisory board discussion on unmet needs,24.0
I006883,2025-01-31,Great Britain,EMEA,Primary Care,1:1 Meeting,S00496,E00998,Product information discussion (on-label),51.0
I006884,2024-04-16,United States of America,Americas,Vaccines,Congress/Conference,S00836,E00350,Speaker program educational session,97.0
I006885,2024-10-17,MEX,Americas,Vaccines,Group Meeting,S00164,E00914,Product information discussion (on-label),49.0
I006886,2024-08-14,BR,Americas,Vaccines,1:1 Meeting,S01376,E00646,Speaker program educational session,41.0
I006887,2024-02-19,Japan,APAC,Respiratory,1:1 Meeting,S01328,E00942,Business discussion,
I006888,2024-11-23,JP,APAC,Vaccines,Advisory Board,S00283,E00784,Speaker program educational session,217.0
I006889,2024-03-17,BRA,Americas,Respiratory,Speaker Program,S00766,E00937,Market access discussion,97.0
I006890,2024-09-05,IN,APAC,Vaccines,1:1 Meeting,S00431,E00906,Congress meeting and follow-up,18.0
I006891,2024-12-29,IND,APAC,Oncology,1:1 Meeting,S01217,E00167,Scientific exchange on clinical data,27.0
I006892,2025-06-22,JP,APAC,Oncology,Group Meeting,S00773,E00593,Market access discussion,65.0
I006893,2025-02-16,IND,APAC,Oncology,Group Meeting,S00949,E00085,Training and best practice sharing,74.0
I006894,2024-06-13,DE,EMEA,Respiratory,Group Meeting,S00113,E00131,Congress meeting and follow-up,74.0
I006895,2024-02-17,BR,Americas,Primary Care,1:1 Meeting,S00967,E00774,Scientific exchange on clinical data,46.0
I006896,2024-05-30,France,EMEA,Specialty,1:1 Meeting,S00905,E00826,Market access discussion,35.0
I006897,2024-08-12,IT,EMEA,Specialty,1:1 Meeting,S00079,E00105,Market access discussion,33.0
I006898,2025-01-30,FRA,EMEA,Specialty,Group Meeting,S01053,E00263,Scientific exchange on clinical data,48.0
I006899,2025-01-31,IND,APAC,Respiratory,1:1 Meeting,S00417,E00316,Congress meeting and follow-up,16.0
I006900,2025-01-31,IN,APAC,Vaccines,1:1 Meeting,S01545,E00397,Congress meeting and follow-up,27.0
I006901,2025-03-13,BRA,Americas,Specialty,1:1 Meeting,S01498,E00591,Speaker program educational session,21.0
I006902,2024-07-22,United States of America,Americas,Oncology,1:1 Meeting,S00200,E00898,Scientific exchange on clinical data,42.0
I006903,2024-01-30,ITA,EMEA,Vaccines,Congress/Conference,S01112,E00631,Congress meeting and follow-up,144.0
I006904,2024-06-15,IT,EMEA,Primary Care,1:1 Meeting,S01103,E00423,Product information discussion (on-label),29.0
I006905,2024-12-02,MEX,Americas,Primary Care,Speaker Program,S00459,E00088,Follow-up,72.0
I006906,2024-08-29,United States,Americas,Respiratory,Group Meeting,S00571,E00858,Congress meeting and follow-up,76.0
I006907,2024-06-08,IND,APAC,Vaccines,1:1 Meeting,S00434,E00619,Training and best practice sharing,21.0
I006908,2024-07-17,Brazil,Americas,Vaccines,Advisory Board,S00010,E00514,Product information discussion (on-label),245.0
I006909,2025-04-21,Japan,APAC,Primary Care,1:1 Meeting,S01046,E00458,Advisory board discussion on unmet needs,24.0
I006910,2024-08-08,UK,EMEA,Oncology,1:1 Meeting,S00608,E00067,Congress meeting and follow-up,27.0
I006911,2024-03-09,IN,APAC,Respiratory,1:1 Meeting,S01212,E00511,Product information discussion (on-label),45.0
I006912,2024-10-16,US,Americas,Oncology,Speaker Program,S01421,E00655,Speaker program educational session,97.0
I006913,2025-06-16,JP,APAC,Oncology,Advisory Board,S00957,E00103,Product information discussion (on-label),183.0
I006914,2025-05-16,India,APAC,Vaccines,Group Meeting,S01302,E00936,Congress meeting and follow-up,32.0
I006915,2024-09-02,France,EMEA,Specialty,Speaker Program,S01527,E00988,Scientific exchange on clinical data,149.0
I006916,,ITA,EMEA,Specialty,1:1 Meeting,S01776,E00833,Speaker program educational session,34.0
I006917,2024-04-19,MEX,Americas,Oncology,1:1 Meeting,S00442,E00373,Speaker program educational session,30.0
I006918,2025-03-05,United States,Americas,Respiratory,1:1 Meeting,S01049,E00854,Meeting,
I006919,2025-05-21,CAN,Americas,Vaccines,Speaker Program,S00460,E00522,Congress meeting and follow-up,128.0
I006920,2025-05-05,BRA,Americas,Primary Care,Group Meeting,S00696,E00178,Product information discussion (on-label),52.0
I006921,2024-09-10,United States,Americas,Primary Care,Speaker Program,S00361,E00208,Advisory board discussion on unmet needs,87.0
I006922,2024-09-12,Japan,APAC,Oncology,1:1 Meeting,S00211,E00146,Speaker program educational session,38.0
I006923,2025-02-27,DEU,EMEA,Specialty,Group Meeting,S00878,E00761,Speaker program educational session,69.0
I006924,2024-01-07,U.S.,Americas,Specialty,1:1 Meeting,S00741,E00265,Speaker program educational session,40.0
I006925,2025-05-11,UK,EMEA,Vaccines,Speaker Program,S01516,E00778,Product information discussion (on-label),113.0
I006926,2024-02-21,IN,APAC,Primary Care,1:1 Meeting,S00713,E00612,Training and best practice sharing,43.0
I006927,2024-08-30,ITA,EMEA,Specialty,Group Meeting,S01428,E00346,Speaker program educational session,33.0
I006928,2024-12-16,US,Americas,Vaccines,Group Meeting,S01347,E00296,Training and best practice sharing,44.0
I006929,2024-03-06,IN,APAC,Vaccines,1:1 Meeting,S00954,E00241,Speaker program educational session,48.0
I006930,2024-08-01,JP,APAC,Respiratory,Speaker Program,S00788,E00247,Speaker program educational session,91.0
I006931,2024-03-08,ITA,EMEA,Primary Care,Group Meeting,S00005,E00083,Training and best practice sharing,41.0
I006932,2024-01-17,India,APAC,Respiratory,Group Meeting,S00954,E00269,Training and best practice sharing,30.0
I006933,2025-06-06,Germany,EMEA,Specialty,1:1 Meeting,S00577,E00677,Follow-up,0.0
I006934,2024-05-03,United States,Americas,Vaccines,Speaker Program,S01164,E00427,,84.0
I006935,2025-05-18,US,Americas,Respiratory,Group Meeting,S00402,E00190,Advisory board discussion on unmet needs,94.0
I006936,2025-06-24,USA,Americas,Vaccines,Group Meeting,S00266,E00800,Advisory board discussion on unmet needs,35.0
I006937,2024-12-23,DE,EMEA,Respiratory,Speaker Program,S01505,E00346,Congress meeting and follow-up,51.0
I006938,2025-03-04,India,APAC,Specialty,Group Meeting,S00327,E00961,Market access discussion,43.0
I006939,2025-05-11,US,Americas,Vaccines,Speaker Program,S01362,E00404,Training and best practice sharing,106.0
I006940,2024-10-26,United States,Americas,Oncology,1:1 Meeting,S01429,E00953,Product information discussion (on-label),33.0
I006941,2024-03-24,Mexico,Americas,Oncology,1:1 Meeting,S01154,E00141,Speaker program educational session,41.0
I006942,2024-07-22,FR,EMEA,Oncology,Congress/Conference,S00067,E00097,Advisory board discussion on unmet needs,149.0
I006943,2024-12-20,India,APAC,Oncology,Congress/Conference,S00856,E00273,Product information discussion (on-label),79.0
I006944,2025-06-22,MEX,Americas,Specialty,Group Meeting,S00930,E00554,Market access discussion,19.0
I006945,2024-01-17,Brazil,Americas,Vaccines,Group Meeting,S00829,E00099,Product information discussion (on-label),49.0
I006946,2024-02-14,India,APAC,Oncology,Speaker Program,S01563,E00717,Congress meeting and follow-up,50.0
I006947,2024-08-03,DE,EMEA,Respiratory,Speaker Program,S00337,E00780,Congress meeting and follow-up,133.0
I006948,2024-09-21,FRA,EMEA,Primary Care,Speaker Program,S00261,E00861,Congress meeting and follow-up,85.0
I006949,2025-03-15,DE,EMEA,Primary Care,Group Meeting,S01364,E00840,,69.0
I006950,2024-06-19,India,APAC,Primary Care,Speaker Program,S00756,E00578,Market access discussion,109.0
I006951,2025-02-09,United States of America,Americas,Vaccines,1:1 Meeting,S00520,E00493,Market access discussion,20.0
I006952,2024-01-26,ITA,EMEA,Vaccines,Group Meeting,S01211,E00668,Market access discussion,40.0
I006953,2024-03-23,IT,EMEA,Specialty,1:1 Meeting,S01036,E00384,Market access discussion,31.0
I006954,2024-07-13,Brazil,Americas,Primary Care,Congress/Conference,S00462,E00035,Catch-up,95.0
I006955,2025-06-08,IN,APAC,Oncology,Group Meeting,S01203,E00381,Advisory board discussion on unmet needs,34.0
I006956,2024-07-23,France,EMEA,Oncology,1:1 Meeting,S00257,E00399,Advisory board discussion on unmet needs,30.0
I006957,2024-02-09,Brazil,Americas,Specialty,Advisory Board,S00984,E00484,Market access discussion,89.0
I006958,2025-02-01,DE,EMEA,Primary Care,1:1 Meeting,S00178,E00485,Congress meeting and follow-up,43.0
I006959,2025-04-03,India,APAC,Vaccines,1:1 Meeting,S01038,E00671,Congress meeting and follow-up,17.0
I006960,2025-03-03,Brazil,Americas,Oncology,Congress/Conference,S00859,E00215,Speaker program educational session,67.0
I006961,2025-02-28,IN,APAC,Vaccines,Congress/Conference,S01170,E00959,Speaker program educational session,138.0
I006962,2024-03-30,United States of America,Americas,Primary Care,1:1 Meeting,S00371,E00911,Speaker program educational session,27.0
I006963,2025-01-19,U.S.,Americas,Respiratory,1:1 Meeting,S00828,E00198,Product information discussion (on-label),42.0
I006964,2025-06-07,UK,EMEA,Specialty,Congress/Conference,S00956,E00373,Scientific exchange on clinical data,176.0
I006965,2024-08-31,DE,EMEA,Oncology,Speaker Program,S01553,E00312,Speaker program educational session,18.0
I006966,2024-06-27,MEX,Americas,Respiratory,1:1 Meeting,S01601,E00804,Congress meeting and follow-up,
I006967,2024-10-19,CA,Americas,Respiratory,Speaker Program,S01558,E00842,Speaker program educational session,27.0
I006968,2024-09-01,United States of America,Americas,Respiratory,1:1 Meeting,S01200,E00437,Product information discussion (on-label),29.0
I006969,2024-05-28,Mexico,Americas,Primary Care,1:1 Meeting,S01210,E00814,Congress meeting and follow-up,27.0
I006970,2025-06-23,IND,APAC,Respiratory,Congress/Conference,S00171,E00457,Training and best practice sharing,56.0
I006971,2025-02-09,Mexico,Americas,Respiratory,Group Meeting,S01616,E00954,Speaker program educational session,25.0
I006972,2024-08-31,BRA,Americas,Oncology,1:1 Meeting,S00731,E00382,Product information discussion (on-label),44.0
I006973,2025-03-01,USA,Americas,Respiratory,1:1 Meeting,S00631,E00918,Scientific exchange on clinical data,9.0
I006974,2024-01-03,DEU,EMEA,Respiratory,1:1 Meeting,S00729,E00954,Market access discussion,41.0
I006975,2025-04-23,DEU,EMEA,Primary Care,1:1 Meeting,S00685,E00954,Discussed topics,30.0
I006976,2025-06-19,Canada,Americas,Vaccines,Speaker Program,S01064,E00663,Product information discussion (on-label),96.0
I006977,2024-04-08,CA,Americas,Respiratory,Congress/Conference,S01577,E00184,Congress meeting and follow-up,79.0
I006978,2024-05-02,IND,APAC,Oncology,1:1 Meeting,S00962,E00177,Congress meeting and follow-up,14.0
I006979,2024-04-21,BR,Americas,Oncology,Speaker Program,S00104,E00570,Congress meeting and follow-up,98.0
I006980,2025-06-28,FRA,EMEA,Primary Care,Speaker Program,S01528,E00222,Congress meeting and follow-up,123.0
I006981,2024-10-12,IND,APAC,Primary Care,1:1 Meeting,S01133,E00259,Product information discussion (on-label),37.0
I006982,2024-07-04,BR,Americas,Specialty,1:1 Meeting,S00561,E00915,Congress meeting and follow-up,22.0
I006983,2024-08-11,GB,EMEA,Primary Care,1:1 Meeting,S00240,E00977,Scientific exchange on clinical data,18.0
I006984,2024-12-16,MEX,Americas,Respiratory,Group Meeting,S01006,E00437,Advisory board discussion on unmet needs,74.0
I006985,2024-05-26,IT,EMEA,Primary Care,1:1 Meeting,S01207,E00152,Advisory board discussion on unmet needs,12.0
I006986,2024-05-24,IN,APAC,Specialty,1:1 Meeting,S00169,E00273,Speaker program educational session,43.0
I006987,2024-10-03,Brazil,Americas,Specialty,1:1 Meeting,S01251,E00758,Scientific exchange on clinical data,43.0
I006988,2024-11-10,Mexico,Americas,Primary Care,Congress/Conference,S00043,E00249,Advisory board discussion on unmet needs,52.0
I006989,2024-03-11,MEX,Americas,Specialty,1:1 Meeting,S00633,E00632,Training and best practice sharing,35.0
I006990,2024-06-24,United States of America,Americas,Vaccines,1:1 Meeting,S01600,E00293,Product information discussion (on-label),19.0
I006991,2024-03-15,United States,Americas,Vaccines,Speaker Program,S00225,E00587,Training and best practice sharing,90.0
I006992,2024-02-14,U.S.,Americas,Respiratory,Advisory Board,S00225,E00552,Meeting,239.0
I006993,2025-04-13,FR,EMEA,Oncology,1:1 Meeting,S01758,E00775,Market access discussion,30.0
I006994,2025-01-16,U.S.,Americas,Vaccines,Speaker Program,S01014,E00210,Speaker program educational session,78.0
I006995,2024-10-03,BRA,Americas,Oncology,Speaker Program,S00630,E00416,Product information discussion (on-label),72.0
I006996,2024-10-01,ITA,EMEA,Specialty,1:1 Meeting,S00231,E00031,Congress meeting and follow-up,23.0
I006997,2025-05-15,MEX,Americas,Oncology,Group Meeting,S00392,E00582,Scientific exchange on clinical data,58.0
I006998,2025-06-15,DE,EMEA,Primary Care,Speaker Program,S00536,E00466,Advisory board discussion on unmet needs,0.0
I006999,2024-04-01,JPN,APAC,Specialty,1:1 Meeting,S01645,E00746,Product information discussion (on-label),35.0
I007000,2024-01-04,MX,Americas,Vaccines,Congress/Conference,S00215,E00539,Training and best practice sharing,110.0
I002615,2024-10-28,MX,Americas,Primary Care,Group Meeting,S01536,E00159,Meeting,46.0
I002370,2024-11-11,United States,Americas,Specialty,1:1 Meeting,S00153,E00266,Catch-up,17.0
I003088,2024-10-16,FRA,EMEA,Specialty,Group Meeting,S01041,E00794,Business discussion,0.0
I005982,2024-11-26,United States,Americas,Specialty,1:1 Meeting,S01673,E00312,Business discussion,33.0
I003154,2025-03-31,FRA,EMEA,Primary Care,1:1 Meeting,S01775,E00696,Catch-up,27.0
I006358,2024-11-05,India,APAC,Vaccines,1:1 Meeting,S00210,E00434,Discussed topics,42.0
I004335,2025-03-01,India,APAC,Oncology,1:1 Meeting,S00706,E00884,Follow-up,30.0
I005112,2024-10-23,United States of America,Americas,Specialty,Advisory Board,S01531,E00170,Follow-up,93.0
I000448,2025-01-02,Italy,EMEA,Vaccines,Group Meeting,S01164,E00577,Meeting,52.0
I005216,2025-03-21,CAN,Americas,Primary Care,1:1 Meeting,S00421,E00604,Discussed topics,33.0
I003274,2024-02-16,JPN,APAC,Respiratory,1:1 Meeting,S01214,E00181,Meeting,25.0
I005071,2024-08-17,US,Americas,Respiratory,Group Meeting,S01285,E00939,Meeting,45.0
I002113,2024-09-14,US,Americas,Vaccines,Speaker Program,S00912,E00014,Business discussion,95.0
I001615,2024-10-23,IN,APAC,Vaccines,Congress/Conference,S01558,E00221,Business discussion,153.0
I005962,2024-02-20,FR,EMEA,Specialty,Speaker Program,S00365,E00589,Catch-up,104.0
I004880,2025-02-24,IT,EMEA,Oncology,Congress/Conference,S01452,E00352,Follow-up,111.0
I003987,2024-06-10,United States of America,Americas,Primary Care,1:1 Meeting,S01709,E00524,Meeting,16.0
I005135,2024-03-25,Mexico,Americas,Oncology,1:1 Meeting,S00800,E00614,Meeting,25.0
I000286,2024-07-29,Mexico,Americas,Specialty,1:1 Meeting,S01018,E00746,Meeting,14.0
I000953,2024-04-28,DE,EMEA,Vaccines,1:1 Meeting,S00750,E00869,Catch-up,
I004182,2025-03-09,IN,APAC,Oncology,Advisory Board,S01530,E00365,Business discussion,216.0
I005741,2025-04-01,JP,APAC,Primary Care,Group Meeting,S01224,E00488,Follow-up,64.0
I005377,2025-03-18,Italy,EMEA,Oncology,Advisory Board,S00811,E00430,Catch-up,251.0
I004281,2024-08-05,USA,Americas,Vaccines,1:1 Meeting,S00265,E00365,Discussed topics,23.0
I003641,2024-09-21,ITA,EMEA,Respiratory,Speaker Program,S01004,E00735,Discussed topics,101.0
I003453,2024-08-23,US,Americas,Primary Care,1:1 Meeting,S00069,E00133,Follow-up,31.0
I003036,2024-02-05,IND,APAC,Vaccines,1:1 Meeting,S00185,E00714,Discussed topics,43.0
I004159,2024-08-12,Great Britain,EMEA,Specialty,1:1 Meeting,S01790,E00583,Follow-up,28.0
I001241,2024-04-26,IN,APAC,Primary Care,Group Meeting,S01087,E00197,Business discussion,61.0
I000547,2025-03-12,IN,APAC,Primary Care,1:1 Meeting,S00768,E00214,Meeting,21.0
I002733,2024-03-01,IT,EMEA,Specialty,Group Meeting,S00491,E00575,Catch-up,77.0
I006942,2024-07-22,FR,EMEA,Oncology,Congress/Conference,S00067,E00097,Catch-up,149.0
I003503,2025-03-29,U.S.,Americas,Specialty,1:1 Meeting,S00236,E00108,Follow-up,36.0
I006551,2024-09-15,MEX,Americas,Oncology,1:1 Meeting,S00154,E00390,Follow-up,38.0
I006421,2024-01-10,IN,APAC,Vaccines,Group Meeting,S00317,E00496,Discussed topics,48.0
I004268,2024-05-06,GB,EMEA,Specialty,Group Meeting,S00726,E00715,,29.0
I003146,2024-03-17,DEU,EMEA,Oncology,1:1 Meeting,S01053,E00791,Advisory board discussion on unmet needs,36.0
I006357,2025-06-23,BR,Americas,Respiratory,1:1 Meeting,S01471,E00354,Product information discussion (on-label),29.0
I003729,2024-10-24,UK,EMEA,Specialty,Advisory Board,S01472,E00704,Catch-up,314.0
I005119,2024-03-07,IND,APAC,Oncology,1:1 Meeting,S01035,E00523,Training and best practice sharing,49.0
I005972,2024-01-17,USA,Americas,Vaccines,1:1 Meeting,S01017,E00558,Congress meeting and follow-up,53.0
I002643,2024-06-28,FRA,EMEA,Specialty,Group Meeting,S01458,E00944,Product information discussion (on-label),0.0
I006905,2024-12-02,MEX,Americas,Primary Care,Speaker Program,S00459,E00088,Follow-up,72.0
I001011,2024-01-26,United States,Americas,Specialty,1:1 Meeting,S01463,E00594,Training and best practice sharing,12.0
I006822,2024-03-25,IT,EMEA,Specialty,Congress/Conference,S00027,E00106,Training and best practice sharing,93.0
I001776,2024-09-26,Japan,APAC,Oncology,1:1 Meeting,S00197,E00261,Training and best practice sharing,31.0
I005313,2025-03-31,U.S.,Americas,Primary Care,1:1 Meeting,S00600,E00607,Advisory board discussion on unmet needs,33.0
I003398,2024-05-25,ITA,EMEA,Specialty,Group Meeting,S00265,E00311,Training and best practice sharing,59.0
I004328,2024-10-02,France,EMEA,Vaccines,Group Meeting,S00530,E00556,Advisory board discussion on unmet needs,51.0
I005029,2025-05-26,IN,APAC,Primary Care,Speaker Program,S01017,E00807,Market access discussion,47.0
I006386,2024-11-24,GB,EMEA,Primary Care,Speaker Program,S00400,E00287,Product information discussion (on-label),134.0
I005012,2024-10-27,USA,Americas,Respiratory,1:1 Meeting,S01276,E00833,Congress meeting and follow-up,46.0
I004884,2024-04-07,Canada,Americas,Specialty,Group Meeting,S00356,E00836,Speaker program educational session,74.0
I003716,2024-06-20,United States,Americas,Primary Care,1:1 Meeting,S01286,E00284,Speaker program educational session,27.0
I005093,2024-07-05,BR,Americas,Primary Care,Advisory Board,S00954,E00323,Follow-up,97.0
I005076,2024-06-21,JP,APAC,Respiratory,1:1 Meeting,S01101,E00778,Product information discussion (on-label),46.0
I005095,2024-09-16,India,APAC,Vaccines,Advisory Board,S01732,E00747,Catch-up,276.0
I000487,2024-10-14,CA,Americas,Primary Care,1:1 Meeting,S01624,E00972,Congress meeting and follow-up,26.0
I000197,2024-04-29,CAN,Americas,Respiratory,Speaker Program,S01391,E00358,Speaker program educational session,101.0
I004267,2024-11-26,CAN,Americas,Primary Care,1:1 Meeting,S00510,E00750,Product information discussion (on-label),42.0
I005002,2024-10-05,IN,APAC,Specialty,1:1 Meeting,S00113,E00116,Speaker program educational session,
I000860,2025-03-09,IND,APAC,Specialty,1:1 Meeting,S01800,E00260,Catch-up,37.0
I006509,2025-01-09,USA,Americas,Respiratory,1:1 Meeting,S00584,E00898,Scientific exchange on clinical data,21.0
I002224,2025-04-18,Mexico,Americas,Vaccines,Group Meeting,S00822,E00676,Advisory board discussion on unmet needs,49.0
I001543,2024-08-10,U.S.,Americas,Respiratory,1:1 Meeting,S00212,E00945,Product information discussion (on-label),22.0
I002274,2024-07-30,IND,APAC,Specialty,Group Meeting,S00736,E00455,Training and best practice sharing,57.0
I001937,2024-08-08,United States of America,Americas,Primary Care,Speaker Program,S01093,E00153,Scientific exchange on clinical data,86.0
I003736,2024-03-26,Mexico,Americas,Vaccines,1:1 Meeting,S01275,E00692,Advisory board discussion on unmet needs,13.0
I001739,2024-11-12,Mexico,Americas,Vaccines,Group Meeting,S00988,E00851,Training and best practice sharing,88.0
I005587,2024-03-15,IND,APAC,Primary Care,1:1 Meeting,S01551,E00959,Market access discussion,44.0
