spend_id,interaction_id,spend_category,amount_local,currency,amount_usd,payment_date
P000001,I004265,Honoraria,1010.36,INR,12.12,2024-10-09
P000002,I006216,Lodging,350.59,MXN,20.33,2024-03-28
P000003,I004814,Meals,172.39,BRL,34.48,2024-11-30
P000004,I002624,Meals,64.25,BRL,12.85,2024-09-08
P000005,I004228,Meals,48.03,EUR,52.35,2024-04-22
P000006,I006189,Honoraria,1055.25,EUR,1150.22,2025-02-01
P000007,I001475,Honoraria,925.14,BRL,185.03,2025-04-10
P000008,I006296,Meals,71.76,EUR,78.22,2024-06-26
P000009,I001669,Meals,48.8,USD,48.8,2025-02-22
P000010,I002783,Travel,1698.58,INR,20.38,2024-04-10
P000011,I000189,Lodging,525.63,INR,6.31,2024-07-04
P000012,I003573,Honoraria,1549.89,USD,1549.89,2024-12-31
P000013,I004767,Honoraria,718.24,EUR,782.88,2024-06-02
P000014,I005778,Meals,115.89,INR,1.39,2024-04-17
P000015,I005062,Honoraria,853.99,MXN,49.53,2024-06-11
P000016,I006366,Meals,117.27,EUR,127.82,2025-02-07
P000017,I001245,Honoraria,1004.2,GBP,1275.33,2025-04-27
P000018,I003578,Travel,1429.55,INR,17.15,2024-12-04
P000019,I000142,Travel,447.48,GBP,568.3,2024-09-04
P000020,I006592,Travel,708.69,CAD,524.43,2024-08-13
P000021,I000988,Lodging,506.71,BRL,101.34,2024-03-17
P000022,I003372,Meals,67.99,EUR,74.11,2024-05-28
P000023,I002308,Travel,210.12,EUR,229.03,2025-01-09
P000024,I009424,Meals,94.69,JPY,0.63,2024-09-28
P000025,I001423,Honoraria,2086.11,USD,2086.11,2024-04-24
P000026,I000724,Travel,360.91,EUR,393.39,2024-02-29
P000027,I006778,Meals,52.91,USD,52.91,2024-02-03
P000028,I002752,Travel,404.96,EUR,441.41,2025-06-03
P000029,I000328,Meals,173.57,EUR,189.19,2024-05-22
P000030,I005597,Honoraria,1808.74,USD,1808.74,2024-07-27
P000031,I004267,Meals,103.11,USD,103.11,2024-12-16
P000032,I004283,Travel,861.18,USD,861.18,2024-08-02
P000033,I002844,Meals,55.1,INR,0.66,2025-03-09
P000034,I005662,Venue/AV,3328.89,JPY,22.3,2024-05-10
P000035,I006925,Honoraria,1430.9,EUR,1559.68,2025-05-21
P000036,I001544,Meals,66.98,CAD,49.57,2024-05-20
P000037,I004876,Meals,28.72,EUR,31.3,2025-01-08
P000038,I006929,Travel,1814.58,INR,21.77,2024-03-19
P000039,I006482,Travel,338.83,JPY,2.27,2024-12-24
P000040,I005378,Travel,480.63,EUR,523.89,2025-06-04
P000041,I004586,Honoraria,4930.12,EUR,5373.83,2024-10-24
P000042,I003764,Meals,99.56,EUR,108.52,2024-09-08
P000043,I000150,Travel,760.26,MXN,44.1,2025-03-18
P000044,I006203,Travel,747.68,GBP,949.55,2025-01-14
P000045,I002224,Travel,675.93,USD,675.93,2025-05-31
P000046,I006452,Honoraria,1568.04,INR,18.82,2025-01-14
P000047,I000543,Meals,30.15,CAD,22.31,2024-03-30
P000048,I004260,Venue/AV,2949.68,EUR,3215.15,2024-08-12
P000049,I001786,Lodging,173.29,INR,2.08,2024-01-09
P000050,I000236,Meals,51.81,eur,56.47,2024-08-12
P000051,I000696,Venue/AV,1399.77,MXN,81.19,2024-07-16
P000052,I001968,Venue/AV,2464.16,cad,1823.48,2024-07-03
P000053,I002261,Meals,76.86,MXN,4.46,2024-04-28
P000054,I005232,Travel,362.29,BRL,72.46,2024-09-29
P000055,I000953,Meals,80.88,EUR,88.16,2024-05-08
P000056,I005790,Travel,828.26,BRL,165.65,2024-06-24
P000057,I002422,Meals,49.62,CAD,36.72,2024-09-22
P000058,I002536,Honoraria,1314.62,INR,15.78,2024-07-09
P000059,I002101,Meals,80.03,EUR,87.23,2024-06-07
P000060,I006921,Meals,98.1,CAD,72.59,2024-09-28
P000061,I006507,Meals,88.63,USD,88.63,2024-11-11
P000062,I006789,Meals,47.01,CAD,34.79,2025-05-10
P000063,I000141,Meals,182.16,USD,182.16,2024-07-24
P000064,I000761,Honoraria,2483.81,GBP,3154.44,2025-07-29
P000065,I001808,Meals,67.73,EUR,73.83,2024-01-06
P000066,I005161,Venue/AV,4692.71,EUR,5115.05,2025-01-03
P000067,I007471,Meals,84.23,BRL,16.85,2024-03-15
P000068,I002017,Travel,231.61,GBP,294.14,2024-07-15
P000069,I004341,Lodging,455.09,EUR,496.05,2024-06-04
P000070,I004442,Travel,148.94,CAD,110.22,2025-01-08
P000071,I005759,Venue/AV,4168.48,INR,50.02,2024-01-28
P000072,I006942,Meals,56.3,GBP,71.5,2024-08-10
P000073,I006694,Travel,437.09,BRL,87.42,2024-06-08
P000074,I002657,Meals,53.17,INR,0.64,2024-03-25
P000075,I002870,Travel,361.25,BRL,72.25,2024-01-25
P000076,I005215,Travel,333.14,EUR,363.12,2025-06-15
P000077,I003584,Travel,207.04,BRL,41.41,2025-04-16
P000078,I001921,Travel,799.09,JPY,5.35,2024-06-20
P000079,I006273,Honoraria,958.53,CAD,709.31,2024-12-29
P000080,I000747,Travel,264.8,BRL,52.96,2024-06-19
P000081,I002303,Honoraria,1228.84,INR,14.75,2024-06-09
P000082,I005394,Honoraria,984.0,EUR,1072.56,2024-08-22
P000083,I000754,Meals,65.89,MXN,3.82,2024-07-22
P000084,I003263,Travel,176.01,BRL,35.2,2025-02-10
P000085,I003332,Meals,167.19,GBP,212.33,2025-06-11
P000086,I000752,Honoraria,394.82,INR,4.74,2025-02-07
P000087,I005517,Honoraria,534.92,EUR,583.06,2024-07-01
P000088,I002203,Meals,61.42,EUR,,2024-06-30
P000089,I001444,Lodging,50.73,EUR,55.3,2024-06-13
P000090,I002117,Honoraria,595.38,INR,7.14,2024-06-08
P000091,I004744,Meals,145.95,BRL,29.19,2024-09-07
P000092,I008587,Meals,69.88,BRL,13.98,2024-03-03
P000093,I006421,Meals,75.6,JPY,0.51,2024-02-22
P000094,I004331,Lodging,253.23,GBP,321.6,2025-03-04
P000095,I006127,Meals,135.21,CAD,100.06,2025-02-09
P000096,I003328,Honoraria,1793.31,EUR,1954.71,2024-11-10
P000097,I005291,Honoraria,1595.22,EUR,1738.79,2024-12-08
P000098,I001849,Honoraria,1114.77,EUR,1215.1,2024-01-23
P000099,I002569,Meals,132.57,CAD,98.1,2025-04-20
P000100,I004947,Meals,44.49,CAD,32.92,2024-11-11
P000101,I004207,Meals,99.43,USD,99.43,2025-05-31
P000102,I000308,Travel,320.47,EUR,349.31,2024-10-09
P000103,I004280,Honoraria,989.82,MXN,57.41,2024-03-18
P000104,I005670,Travel,247.31,EUR,269.57,2025-01-26
P000105,I000335,Meals,122.35,INR,1.47,2025-03-07
P000106,I006449,Meals,130.36,BRL,26.07,2024-04-28
P000107,I000139,Venue/AV,5570.02,EUR,6071.32,2024-12-12
P000108,I006507,Travel,117.87,BRL,23.57,2024-10-20
P000109,I006460,Meals,162.5,EUR,177.12,2024-08-07
P000110,I004842,Meals,63.77,EUR,69.51,2024-02-12
P000111,I002882,Travel,151.19,USD,151.19,2024-11-14
P000112,I003467,Travel,662.92,EUR,722.58,2024-02-24
P000113,I004726,Honoraria,1553.97,INR,18.65,2024-01-31
P000114,I002985,Travel,144.39,mxn,,2024-08-28
P000115,I006705,Meals,127.33,JPY,0.85,2025-03-23
P000116,I003468,Honoraria,1288.0,MXN,74.7,2024-10-22
P000117,I003182,Meals,54.55,CAD,40.37,2025-01-31
P000118,I001449,Travel,761.32,EUR,829.84,2025/04/17
P000119,I006089,Lodging,317.69,INR,3.81,2024-04-04
P000120,I003133,Honoraria,1296.05,BRL,259.21,2024-03-19
P000121,I005949,Honoraria,869.06,CAD,643.1,2024-05-01
P000122,I003309,Venue/AV,2028.32,GBP,2575.97,2024-12-18
P000123,I005760,Meals,109.05,INR,,2025-02-21
P000124,I003851,Travel,621.63,CAD,460.01,2024-10-09
P000125,I006353,Meals,59.72,EUR,65.09,2024-03-18
P000126,I001953,Meals,69.73,eur,,2024-11-17
P000127,I001649,Meals,243.4,INR,2.92,2024-07-22
P000128,I004651,Travel,757.1,EUR,825.24,2024-08-24
P000129,I004154,Meals,68.17,JPY,0.46,2024-07-01
P000130,I004017,Honoraria,1528.25,GBP,1940.88,2025-05-23
P000131,I004636,Meals,146.96,INR,1.76,2024-09-02
P000132,I008232,Meals,17.7,JPY,0.12,2024-09-06
P000133,I004583,Meals,67.68,GBP,85.95,2024-06-15
P000134,I005314,Honoraria,2377.11,CAD,1759.06,2024-11-30
P000135,I006261,Travel,812.93,USD,812.93,2024-02-20
P000136,I002293,Lodging,1086.06,JPY,7.28,2025-06-17
P000137,I003498,Travel,388.72,BRL,77.74,2024-09-05
P000138,I005486,Honoraria,5468.22,MXN,317.16,2024-02-19
P000139,I005270,Meals,18.54,EUR,20.21,2025-06-14
P000140,I006053,Meals,112.76,EUR,122.91,2024-07-24
P000141,I005708,Meals,45.08,CAD,33.36,2024-05-10
P000142,I002132,Honoraria,897.94,JPY,6.02,2024-11-27
P000143,I000213,Lodging,256.87,CAD,190.08,2024-12-13
P000144,I006100,Travel,460.28,EUR,501.71,2025-03-27
P000145,I006837,Honoraria,625.11,GBP,793.89,2025-01-03
P000146,I003825,Honoraria,3562.28,GBP,4524.1,2024-10-23
P000147,I004229,Travel,587.64,USD,587.64,2025-02-24
P000148,I000456,Travel,158.19,JPY,1.06,2024-06-01
P000149,I000942,Meals,113.61,EUR,123.83,2024-03-02
P000150,I005967,Travel,442.06,INR,5.3,2025-01-21
P000151,I005529,Meals,109.48,CAD,81.02,2024-04-18
P000152,I005133,Meals,129.44,EUR,141.09,2024-05-11
P000153,I000299,Honoraria,1137.58,EUR,1239.96,2025-02-27
P000154,I000650,Venue/AV,1675.19,EUR,1825.96,2024-12-15
P000155,I006683,Travel,123.86,USD,123.86,2025-02-01
P000156,I002598,Travel,293.84,EUR,320.29,2024-05-23
P000157,I000933,Travel,194.72,INR,2.34,2024-09-18
P000158,I003253,Meals,289.19,EUR,315.22,2024-07-24
P000159,I001962,Lodging,587.35,MXN,34.07,2025-02-27
P000160,I003570,Travel,552.97,EUR,602.74,2024-10-30
P000161,I002138,Travel,906.69,BRL,181.34,2024-03-19
P000162,I006140,Meals,55.67,GBP,70.7,2025-06-15
P000163,I009941,Travel,461.14,JPY,3.09,2024-11-09
P000164,I003969,Meals,224.07,MXN,,2025-07-04
P000165,I001516,Lodging,737.17,USD,737.17,2024-10-26
P000166,I000657,Meals,43.3,JPY,0.29,2025-01-19
P000167,I001007,Meals,216.01,EUR,235.45,2025-02-08
P000168,I006482,Meals,265.31,INR,3.18,2025-01-07
P000169,I006029,Meals,91.22,CAD,67.5,2024-06-27
P000170,I002637,Meals,134.7,EUR,146.82,2024-02-09
P000171,I003645,Travel,596.53,INR,7.16,2024-12-13
P000172,I006519,Meals,119.44,CAD,88.39,2024-04-25
P000173,I003083,Meals,143.15,EUR,156.03,2024-09-14
P000174,I009668,Travel,656.41,EUR,715.49,2024-09-16
P000175,I003708,Meals,169.26,GBP,214.96,2024-01-05
P000176,I004820,Venue/AV,3062.06,CAD,2265.92,2024-11-13
P000177,I004825,Lodging,213.42,GBP,271.04,2025-04-04
P000178,I002661,Meals,92.43,MXN,5.36,2025-03-26
P000179,I005817,Meals,90.39,EUR,98.53,2024-09-12
P000180,I003977,Honoraria,665.74,JPY,4.46,2025-03-08
P000181,I000864,Travel,288.57,inr,3.46,2024-03-04
P000182,I005037,Meals,31.89,EUR,34.76,2025-01-17
P000183,I000338,Meals,66.9,USD,66.9,2025-06-12
P000184,I006535,Venue/AV,1935.72,MXN,112.27,2024-06-04
P000185,I000344,Meals,148.05,USD,148.05,2024-10-17
P000186,I008266,Travel,735.54,CAD,544.3,2025-05-13
P000187,I004365,Venue/AV,2197.42,EUR,2395.19,2025-05-29
P000188,I002765,Lodging,546.31,EUR,595.48,2024-05-25
P000189,I000766,Lodging,631.11,USD,631.11,2024-08-03
P000190,I000961,Meals,24.91,BRL,4.98,2024-10-30
P000191,I005697,Meals,154.91,EUR,168.85,2024-09-14
P000192,I004760,Travel,264.33,USD,264.33,2024-08-30
P000193,I004334,Travel,632.81,USD,632.81,2025-03-08
P000194,I000274,Meals,71.38,EUR,77.8,2024-03-11
P000195,I000819,Travel,203.69,EUR,222.02,2025-06-15
P000196,I003232,Honoraria,2125.12,CAD,1572.59,2025-05-15
P000197,I006255,Meals,113.41,EUR,123.62,2024-12-23
P000198,I002057,Meals,199.98,CAD,147.99,2024-08-11
P000199,I005951,Honoraria,2685.79,GBP,3410.95,2024-09-07
P000200,I001839,Venue/AV,2225.24,MXN,129.06,2024-11-05
P000201,I003920,Travel,570.75,CAD,422.36,2025-03-11
P000202,I003036,Honoraria,1541.98,INR,18.5,2024-02-28
P000203,I004268,Travel,204.81,EUR,223.24,2024-06-17
P000204,I006164,Lodging,1230.11,CAD,910.28,2024-09-01
P000205,I005128,Meals,55.61,MXN,3.23,2025-04-15
P000206,I006156,Travel,178.76,INR,2.15,2025-04-07
P000207,I000464,Meals,147.74,MXN,8.57,2025-04-22
P000208,I004891,Meals,40.07,USD,40.07,2024-12-04
P000209,I004178,Honoraria,1406.74,MXN,,2024-06-18
P000210,I005472,Lodging,184.72,GBP,234.59,2024-09-12
P000211,I003351,Travel,432.9,MXN,25.11,2025-02-04
P000212,I001763,Meals,210.76,INR,2.53,2025-03-16
P000213,I002211,Meals,47.73,BRL,9.55,2024-11-08
P000214,I001535,Meals,62.06,BRL,12.41,2024-07-30
P000215,I006085,Meals,69.83,JPY,0.47,2024-04-19
P000216,I006400,Honoraria,3366.09,JPY,22.55,2024-06-24
P000217,I006897,Lodging,369.6,GBP,469.39,2024-09-07
P000218,I004250,Travel,349.83,USD,349.83,2024-04-15
P000219,I004688,Meals,135.45,MXN,7.86,2024-11-17
P000220,I000653,Meals,77.22,EUR,84.17,2024-01-06
P000221,I001387,Honoraria,716.82,CAD,530.45,2024-09-11
P000222,I005022,Meals,82.02,JPY,0.55,2024-05-31
P000223,I004360,Travel,631.34,USD,631.34,2025-03-13
P000224,I009761,Meals,69.46,EUR,75.71,2025-03-19
P000225,I004698,Lodging,128.52,BRL,25.7,2024-04-23
P000226,I004958,Lodging,287.99,EUR,313.91,2024-08-17
P000227,I008472,Travel,339.24,BRL,67.85,2024-05-23
P000228,I006238,Meals,35.34,MXN,2.05,2024-10-19
P000229,I004251,Meals,106.08,MXN,6.15,2024-01-11
P000230,I001294,Travel,1082.73,EUR,1180.18,2025-06-23
P000231,I004973,Meals,61.59,CAD,45.58,2024-10-28
P000232,I005548,Travel,867.05,CAD,641.62,2025-07-02
P000233,I000205,Meals,39.21,BRL,7.84,2024-10-04
P000234,I002419,Meals,106.62,CAD,78.9,2024-07-13
P000235,I006483,Meals,56.97,EUR,62.1,2025-05-29
P000236,I003744,Travel,281.45,MXN,16.32,2025-06-10
P000237,I006295,Meals,74.93,EUR,81.67,2025-06-10
P000238,I003663,Meals,23.91,BRL,4.78,2025-05-14
P000239,I002042,Meals,110.04,INR,1.32,2024-09-22
P000240,I005972,Travel,288.94,CAD,213.82,2024-01-13
P000241,I006907,Meals,32.44,JPY,0.22,2024-06-05
P000242,I004943,Meals,352.69,EUR,384.43,2024-12-06
P000243,I003593,Meals,31.41,MXN,1.82,2024-07-09
P000244,I006764,Travel,253.39,INR,3.04,2024-09-09
P000245,I006255,Meals,148.09,EUR,161.42,2025-01-07
P000246,I004483,Lodging,259.43,MXN,15.05,2024-03-23
P000247,I005872,Meals,49.11,EUR,53.53,2024-06-07
P000248,I006035,Honoraria,431.04,JPY,2.89,2024-02-06
P000249,I004594,Meals,127.32,EUR,138.78,2024-01-26
P000250,I002304,Meals,219.01,JPY,1.47,2025-05-23
P000251,I001438,Meals,44.07,CAD,32.61,2025-02-17
P000252,I000338,Meals,31.98,USD,31.98,2025-05-27
P000253,I000634,Meals,77.63,INR,0.93,2024-10-10
P000254,I002798,Honoraria,823.05,USD,823.05,2024-06-23
P000255,I001654,Meals,124.31,CAD,91.99,2024-07-13
P000256,I006353,Meals,215.95,EUR,235.39,2024-03-22
P000257,I002695,Meals,127.42,CAD,94.29,2024-12-23
P000258,I000549,Meals,153.12,JPY,1.03,
P000259,I010418,Meals,73.14,GBP,92.89,2024-03-25
P000260,I001385,Travel,650.75,JPY,4.36,2024-08-24
P000261,I003969,Meals,49.59,cad,36.7,2025-06-13
P000262,I003379,Travel,157.63,MXN,9.14,2025-04-26
P000263,I002557,Honoraria,1091.57,EUR,1189.81,2025-03-09
P000264,I002899,Honoraria,648.76,MXN,37.63,2025-06-22
P000265,I001264,Lodging,224.66,GBP,285.32,2024-03-13
P000266,I004537,Meals,100.61,INR,1.21,2025-01-19
P000267,I005864,Lodging,928.56,MXN,53.86,2024-12-27
P000268,I003516,Honoraria,1087.43,USD,1087.43,2025-03-19
P000269,I003432,Venue/AV,1674.89,BRL,334.98,2024-02-08
P000270,I002508,Venue/AV,2517.55,CAD,1862.99,2024-04-14
P000271,I004402,Meals,22.34,USD,22.34,2025-05-08
P000272,I004600,Meals,102.16,MXN,5.93,2024-10-04
P000273,I001367,Meals,54.59,INR,0.66,2024-03-22
P000274,I002737,Travel,297.36,EUR,324.12,2024-03-05
P000275,I004134,Meals,63.19,EUR,68.88,2025-04-22
P000276,I006904,Travel,119.81,EUR,130.59,2024-06-13
P000277,I002015,Honoraria,868.99,BRL,173.8,2025-06-07
P000278,I000673,Meals,40.19,MXN,2.33,2025-01-19
P000279,I006629,Travel,150.67,EUR,164.23,2025-04-04
P000280,I004455,Honoraria,309.92,JPY,2.08,2024-11-13
P000281,I001094,Lodging,628.71,MXN,36.47,2024-04-11
P000282,I003324,Lodging,750.17,EUR,817.69,2024-10-06
P000283,I003252,Venue/AV,1567.26,BRL,313.45,2024-07-04
P000284,I001405,Meals,180.02,JPY,1.21,2025-04-26
P000285,I003237,Meals,48.22,EUR,52.56,2024-08-10
P000286,I002946,Meals,34.49,JPY,0.23,2024-02-03
P000287,I000509,Honoraria,776.52,EUR,846.41,2025-01-04
P000288,I004632,Meals,58.11,EUR,63.34,2024-09-12
P000289,I003246,Travel,562.46,EUR,613.08,2024-07-16
P000290,I005058,Meals,57.39,EUR,62.56,2024-09-15
P000291,I005479,Meals,51.46,BRL,10.29,2025-04-08
P000292,I004855,Travel,431.34,MXN,25.02,2024-05-07
P000293,I001232,Venue/AV,1290.4,BRL,258.08,2024-10-05
P000294,I003300,Honoraria,3434.46,CAD,2541.5,2024-10-27
P000295,I003088,Travel,345.69,EUR,376.8,2024-11-10
P000296,I000872,Honoraria,888.25,CAD,657.3,2025-02-13
P000297,I001029,Travel,146.78,GBP,186.41,2024-04-29
P000298,I003605,Meals,86.54,INR,1.04,2024-05-12
P000299,I000303,Meals,131.82,GBP,167.41,2025-02-25
P000300,I006477,Meals,35.37,EUR,38.55,2025-03-30
P000301,I005374,Meals,78.76,INR,0.95,2024-08-17
P000302,I001026,Meals,195.09,CAD,144.37,2025-03-01
P000303,I004932,Meals,43.27,JPY,0.29,2024-07-30
P000304,I003101,Travel,391.25,CAD,289.52,2024-12-01
P000305,I002594,Venue/AV,2700.2,EUR,2943.22,2024-05-23
P000306,I002966,Lodging,357.92,JPY,2.4,2025-07-01
P000307,I002170,Meals,74.56,MXN,4.32,2025-05-29
P000308,I000096,Lodging,240.7,JPY,1.61,2024-04-25
P000309,I005998,Lodging,395.19,EUR,430.76,2024-11-04
P000310,I005274,Lodging,378.91,BRL,75.78,2024-11-07
P000311,I000719,Lodging,412.49,CAD,305.24,2024-02-04
P000312,I006073,Travel,319.76,JPY,2.14,2025-01-03
P000313,I000592,Meals,23.75,BRL,4.75,2024-06-22
P000314,I006972,Meals,97.81,USD,97.81,2024-09-21
P000315,I000055,Meals,65.34,EUR,71.22,2024-03-24
P000316,I003237,Travel,451.5,EUR,492.14,2024-09-05
P000317,I004003,Meals,299.14,JPY,2.0,2024-07-05
P000318,I001801,Meals,85.79,JPY,,2025-04-24
P000319,I006003,Travel,550.23,GBP,698.79,2025-03-20
P000320,I004913,Travel,822.88,EUR,896.94,2024-02-20
P000321,I001633,Meals,29.54,GBP,37.52,2024-10-19
P000322,I004823,Honoraria,1426.83,BRL,285.37,2024-06-10
P000323,I004131,Travel,275.43,BRL,55.09,2025-04-08
P000324,I005892,Travel,914.94,MXN,53.07,2024-09-17
P000325,I000402,Meals,45.44,MXN,2.64,2024-03-06
P000326,I004325,Meals,182.76,USD,182.76,2024-02-20
P000327,I009933,Lodging,241.41,MXN,14.0,2024-02-01
P000328,I006160,Travel,724.51,EUR,789.72,2025-05-24
P000329,I004203,Venue/AV,1663.56,EUR,1813.28,2025-03-15
P000330,I002292,Travel,688.42,BRL,137.68,2025-07-10
P000331,I002948,Travel,562.01,EUR,612.59,2025-07-08
P000332,I002022,Meals,57.08,INR,0.68,2025-03-22
P000333,I005229,Travel,511.79,GBP,649.97,2025-03-28
P000334,I004411,Honoraria,1285.16,EUR,1400.82,2025-02-27
P000335,I003221,Lodging,853.62,CAD,631.68,2024-06-01
P000336,I006236,Meals,129.86,MXN,7.53,2025-05-04
P000337,I003909,Honoraria,345.8,BRL,69.16,2024-01-22
P000338,I002875,Meals,51.37,USD,51.37,2025-04-05
P000339,I000425,Travel,407.22,CAD,301.34,2024-07-16
P000340,I001303,Honoraria,935.19,INR,11.22,2025-03-14
P000341,I004362,Meals,37.45,EUR,40.82,2024-10-16
P000342,I002543,Travel,344.8,EUR,375.83,2024-01-11
P000343,I000858,Travel,427.46,BRL,85.49,2024-02-16
P000344,I005459,Venue/AV,5373.19,CAD,3976.16,2025-04-12
P000345,I002504,Meals,145.45,BRL,29.09,2025-02-14
P000346,I006765,Honoraria,2433.19,BRL,486.64,2024-02-06
P000347,I001038,Honoraria,2272.36,INR,27.27,2024-07-03
P000348,I002942,Travel,233.74,BRL,46.75,2024-11-06
P000349,I002456,Travel,595.51,JPY,3.99,2024-05-31
P000350,I000737,Lodging,411.35,EUR,448.37,2024-12-24
P000351,I001008,Meals,124.82,USD,124.82,2024-03-20
P000352,I005050,Honoraria,1030.89,MXN,59.79,2024-12-03
P000353,I003204,Honoraria,1560.97,INR,18.73,2025-02-22
P000354,I000737,Meals,27.87,EUR,30.38,2024-11-24
P000355,I006982,Honoraria,1633.3,USD,1633.3,2024-07-14
P000356,I000658,Travel,571.01,EUR,622.4,2024-07-06
P000357,I005923,Lodging,511.51,USD,511.51,2025-01-02
P000358,I005564,Meals,149.68,BRL,29.94,2024-07-22
P000359,I003576,Honoraria,866.86,INR,10.4,2025-01-24
P000360,I002063,Travel,467.14,CAD,,2025-03-23
P000361,I005084,Venue/AV,2614.19,USD,2614.19,2025-06-12
P000362,I005338,Lodging,242.65,INR,2.91,2024-11-26
P000363,I001167,Travel,648.98,MXN,37.64,2025-02-06
P000364,I002189,Meals,121.21,BRL,24.24,2024-12-07
P000365,I002274,Meals,49.69,JPY,0.33,2024-08-25
P000366,I001195,Lodging,483.87,BRL,96.77,2024-02-11
P000367,I003975,Travel,185.95,JPY,1.25,2025-01-22
P000368,I004373,Travel,101.77,MXN,5.9,2024-03-17
P000369,I000945,Lodging,259.35,CAD,191.92,2024-06-09
P000370,I004175,Travel,691.36,MXN,40.1,2025-06-15
P000371,I006584,Meals,243.39,JPY,1.63,2024-06-20
P000372,I005234,Lodging,159.44,USD,159.44,2025-04-29
P000373,I001563,Meals,66.59,MXN,3.86,2025-03-27
P000374,I005526,Travel,343.34,EUR,374.24,2024-09-01
P000375,I003027,Travel,817.36,EUR,890.92,2024-06-05
P000376,I004215,Meals,42.41,MXN,2.46,2025-06-05
P000377,I000895,Meals,233.38,USD,233.38,2024-06-06
P000378,I001304,Lodging,437.07,MXN,25.35,2025-03-05
P000379,I002036,Lodging,235.39,GBP,298.95,2024-12-06
P000380,I003620,Meals,104.04,INR,1.25,2024-05-29
P000381,I002430,Honoraria,853.53,CAD,631.61,2025-05-11
P000382,I004967,Honoraria,4217.32,EUR,4596.88,2024-04-19
P000383,I006953,Meals,37.61,EUR,40.99,2024-04-20
P000384,I003552,Meals,131.99,EUR,143.87,2024-08-04
P000385,I005829,Travel,170.35,GBP,216.34,2025-05-04
P000386,I005357,Travel,340.76,EUR,371.43,2024-02-06
P000387,I005017,Meals,160.24,EUR,174.66,2024-02-28
P000388,I004027,Honoraria,1039.92,INR,12.48,2024-03-25
P000389,I002759,Lodging,217.08,brl,43.42,2024-07-04
P000390,I003449,Lodging,277.74,EUR,302.74,2025-07-02
P000391,I001902,Meals,105.53,EUR,115.03,2024-05-26
P000392,I005071,Meals,121.91,MXN,7.07,2024-09-17
P000393,I006437,Meals,66.71,INR,0.8,2025-07-06
P000394,I000174,Travel,1050.32,CAD,777.24,2025-04-08
P000395,I005062,Honoraria,2485.78,USD,2485.78,2024-05-27
P000396,I006980,Travel,484.64,gbp,615.49,2025-07-20
P000397,I003096,Meals,84.64,EUR,92.26,2024-02-25
P000398,I002292,Travel,492.14,USD,492.14,2025-07-07
P000399,I004004,Meals,125.62,GBP,159.54,2024-05-23
P000400,I000982,Honoraria,912.53,EUR,994.66,2025-07-06
P000401,I000682,Travel,455.88,CAD,337.35,2024-11-15
P000402,I006271,Travel,525.13,GBP,666.92,2024-03-19
P000403,I000344,Honoraria,1825.55,MXN,105.88,2024-10-06
P000404,I005962,Meals,84.29,GBP,107.05,2024-02-25
P000405,I006423,Meals,57.31,JPY,0.38,2025-01-11
P000406,I001067,Venue/AV,4991.47,MXN,289.51,2024-02-09
P000407,I004138,Meals,110.02,MXN,6.38,2024-08-20
P000408,I003560,Honoraria,1758.67,CAD,1301.42,2025-06-23
P000409,I006965,Meals,137.08,EUR,149.42,2024-10-06
P000410,I004376,Honoraria,1065.84,JPY,7.14,2025-06-07
P000411,I002726,Honoraria,1352.07,INR,16.22,2024-02-14
P000412,I001238,Meals,368.54,INR,4.42,2025-03-12
P000413,I003904,Travel,341.05,JPY,2.29,2025-05-02
P000414,I005771,Meals,69.89,BRL,13.98,2024-03-25
P000415,I005844,Meals,44.59,EUR,48.6,2025-03-08
P000416,I005229,Meals,66.43,EUR,72.41,2025-04-07
P000417,I004982,Honoraria,630.47,MXN,36.57,2024-08-25
P000418,I006731,Lodging,211.46,GBP,268.55,2025-01-19
P000419,I003131,Meals,80.87,USD,80.87,2025-02-08
P000420,I006953,Meals,122.33,EUR,133.34,2024-04-09
P000421,I004180,Meals,75.89,GBP,96.38,2025-06-27
P000422,I005816,Lodging,609.41,EUR,664.26,2024-09-09
P000423,I004040,Lodging,595.91,MXN,34.56,2024-10-10
P000424,I004289,Honoraria,1203.64,eur,1311.97,2025-05-04
P000425,I000452,Lodging,280.49,USD,280.49,2024-01-23
P000426,I001416,Honoraria,2068.55,INR,24.82,2025-06-20
P000427,I002223,Travel,204.44,USD,204.44,2024-10-01
P000428,I004818,Venue/AV,2273.83,USD,2273.83,2025-06-07
P000429,I006942,Meals,46.71,GBP,59.32,2024-08-21
P000430,I002802,Travel,138.37,USD,138.37,2025-01-13
P000431,I006322,Travel,256.36,JPY,1.72,2024-03-30
P000432,I001505,Lodging,748.32,MXN,43.4,2024-06-09
P000433,I003275,Honoraria,710.74,GBP,902.64,2024-03-03
P000434,I002005,Venue/AV,1614.93,GBP,2050.96,2024-04-28
P000435,I005159,Meals,61.44,EUR,66.97,2024-02-15
P000436,I005735,Travel,236.68,INR,2.84,2025-03-13
P000437,I002435,Meals,71.33,EUR,77.75,2025-07-19
P000438,I003114,Travel,923.97,EUR,1007.13,2024-04-25
P000439,I000522,Honoraria,1665.07,BRL,333.01,2024-02-17
P000440,I001853,Honoraria,1055.65,JPY,7.07,2024-09-29
P000441,I006204,Meals,44.15,MXN,2.56,2025-06-16
P000442,I001604,Meals,175.77,JPY,1.18,2025-04-26
P000443,I003452,Travel,100.32,INR,1.2,2024-02-17
P000444,I003954,Meals,123.78,EUR,134.92,2024-09-11
P000445,I002097,Venue/AV,2260.68,BRL,452.14,2025-06-20
P000446,I004173,Lodging,601.59,EUR,655.73,2024-05-22
P000447,I002879,Honoraria,1033.93,USD,1033.93,2024-04-26
P000448,I002966,Lodging,616.52,INR,7.4,2025-06-07
P000449,I003586,Meals,110.94,INR,1.33,2024-04-22
P000450,I004096,Travel,466.12,JPY,3.12,2024-04-18
P000451,I001963,Travel,617.7,INR,7.41,2025-04-12
P000452,I000421,Meals,45.51,INR,0.55,2024-07-12
P000453,I005454,Meals,62.05,BRL,12.41,2025-06-28
P000454,I005770,Meals,35.7,EUR,38.91,2024-04-22
P000455,I004160,Lodging,384.01,EUR,418.57,2024-05-06
P000456,I002073,Meals,28.84,EUR,31.44,2025-04-22
P000457,I005661,Travel,193.46,MXN,11.22,2024-06-08
P000458,I003652,Venue/AV,6291.63,CAD,4655.81,2024-10-03
P000459,I006509,Honoraria,808.94,cad,598.62,2025-01-18
P000460,I006790,Meals,182.06,GBP,231.22,2025-06-28
P000461,I003389,Meals,135.89,GBP,172.58,2024-04-09
P000462,I002501,Lodging,557.8,BRL,111.56,2024-11-05
P000463,I003278,Honoraria,1317.57,BRL,263.51,2025-06-04
P000464,I001775,Meals,28.5,EUR,31.07,2024-05-10
P000465,I001835,Meals,166.67,BRL,33.33,2024-11-01
P000466,I006027,Venue/AV,1384.02,INR,16.61,2024-10-24
P000467,I005070,Travel,254.37,GBP,323.05,2024-10-24
P000468,I004923,Meals,125.99,GBP,160.01,2024-10-28
P000469,I006239,Meals,32.35,MXN,1.88,2024-12-22
P000470,I000873,Meals,93.17,CAD,68.95,2025-08-02
P000471,I004595,Meals,137.36,EUR,149.72,2024-07-10
P000472,I002615,Meals,35.58,USD,35.58,2024-11-20
P000473,I005329,Travel,1039.75,JPY,6.97,2024-05-25
P000474,I004665,Travel,368.81,JPY,2.47,2024-08-12
P000475,I001302,Honoraria,2450.45,EUR,2670.99,2025-05-05
P000476,I000652,Meals,140.35,CAD,103.86,2025-04-04
P000477,I005581,Meals,197.9,BRL,39.58,2024-12-22
P000478,I006733,Meals,68.32,JPY,0.46,2024-07-14
P000479,I003707,Honoraria,2375.17,EUR,2588.94,2024-11-29
P000480,I001759,Travel,287.07,JPY,1.92,2025-04-10
P000481,I005281,Travel,526.64,BRL,105.33,2024-10-19
P000482,I000445,Honoraria,1006.14,USD,1006.14,2024-04-09
P000483,I000860,Travel,406.77,INR,4.88,2025-03-28
P000484,I003837,Meals,107.76,MXN,,2025-02-23
P000485,I005388,Meals,104.67,EUR,114.09,2024-01-20
P000486,I003883,Honoraria,5298.16,EUR,5774.99,2024-06-28
P000487,I006943,Travel,243.62,INR,2.92,2025-01-29
P000488,I003860,Meals,84.22,INR,1.01,2025-02-05
P000489,I004730,Travel,216.18,CAD,159.97,2024-06-27
P000490,I001681,Venue/AV,2843.37,BRL,568.67,2024-10-17
P000491,I006145,Meals,47.14,CAD,34.88,2024-03-11
P000492,I000259,Meals,63.87,GBP,81.11,2024-02-19
P000493,I005327,Meals,33.19,USD,33.19,2025-01-03
P000494,I003665,Honoraria,1282.24,INR,15.39,2024-05-26
P000495,I002852,Travel,490.9,USD,490.9,2024-12-09
P000496,I006869,Venue/AV,3557.21,USD,3557.21,2024-04-22
P000497,I006405,Honoraria,1045.52,EUR,1139.62,2025-05-17
P000498,I005645,Meals,131.48,INR,1.58,2025-02-21
P000499,I003345,Travel,124.09,EUR,135.26,2024-11-14
P000500,I001761,Honoraria,738.41,EUR,804.87,2024-05-23
P000501,I006789,Meals,59.02,USD,59.02,2025-06-10
P000502,I006080,Lodging,911.08,JPY,6.1,2024-07-30
P000503,I003783,Honoraria,1679.51,gbp,2132.98,2024-10-02
P000504,I002417,Meals,115.5,JPY,0.77,2024-04-26
P000505,I004928,Meals,110.84,BRL,22.17,2025-05-15
P000506,I003845,Travel,369.15,EUR,402.37,2025-07-10
P000507,I003196,Honoraria,774.56,USD,774.56,2024-03-24
P000508,I002802,Meals,113.51,BRL,22.7,2024-12-31
P000509,I004085,Meals,78.23,INR,0.94,2025-04-10
P000510,I003757,Travel,85.55,USD,85.55,2025-02-21
P000511,I003081,Honoraria,2401.69,GBP,3050.15,2025-04-03
P000512,I002850,Meals,51.01,INR,0.61,2024-06-25
P000513,I004650,Lodging,502.49,GBP,638.16,2024-07-14
P000514,I000505,Honoraria,1269.5,USD,1269.5,2025-06-18
P000515,I001367,Meals,152.27,JPY,1.02,2024-05-04
P000516,I004704,Venue/AV,2511.15,CAD,1858.25,2025-03-11
P000517,I000134,Lodging,340.4,MXN,19.74,2024-11-17
P000518,I000024,Honoraria,1676.98,EUR,1827.91,2024-04-18
P000519,I006810,Meals,84.28,INR,1.01,2024-05-25
P000520,I004334,Honoraria,1286.81,USD,1286.81,2025-04-13
P000521,I006697,Lodging,821.55,BRL,164.31,2025-06-01
P000522,I006082,Travel,581.4,CAD,430.24,2025-02-14
P000523,I003224,Meals,165.62,BRL,33.12,2024-02-26
P000524,I006313,Honoraria,1330.78,CAD,984.78,2024-02-25
P000525,I000604,Meals,99.22,INR,1.19,2024-06-20
P000526,I005345,Travel,498.56,MXN,28.92,2024-05-30
P000527,I002331,Travel,272.74,EUR,297.29,2025-05-17
P000528,I002746,Travel,309.6,MXN,17.96,2024-03-08
P000529,I002547,Lodging,162.67,USD,162.67,2024-06-30
P000530,I004642,Meals,33.79,EUR,36.83,2024-01-15
P000531,I000682,Honoraria,595.12,MXN,34.52,2024-11-07
P000532,I001387,Travel,618.87,MXN,35.89,2024-10-05
P000533,I006689,Travel,437.34,EUR,476.7,2024-06-13
P000534,I000793,Travel,97.63,INR,1.17,2025-06-11
P000535,I005764,Meals,28.71,MXN,1.67,2024-11-11
P000536,I003257,Meals,48.9,INR,0.59,2024-11-04
P000537,I002155,Honoraria,449.96,EUR,490.46,2025-03-07
P000538,I004735,Meals,34.27,INR,0.41,2025/06/27
P000539,I008769,Lodging,501.56,MXN,29.09,2024-02-22
P000540,I005158,Meals,108.92,MXN,6.32,2024-08-26
P000541,I005980,Meals,69.61,BRL,13.92,2024-05-22
P000542,I005607,Travel,204.43,eur,222.83,2024-07-01
P000543,I006757,Travel,221.29,EUR,241.21,2025-01-17
P000544,I005690,Lodging,176.64,INR,2.12,2024-02-18
P000545,I002391,Meals,51.27,INR,0.62,2024-10-19
P000546,I004049,Travel,209.79,EUR,228.67,2024-03-19
P000547,I003802,Meals,90.18,MXN,,2024-02-27
P000548,I004337,Travel,272.06,EUR,296.55,2024-12-09
P000549,I004130,Venue/AV,1732.17,JPY,11.61,2025-03-01
P000550,I005029,Meals,77.67,INR,0.93,2025-06-25
P000551,I000651,Lodging,470.0,MXN,27.26,2024-08-29
P000552,I003613,Meals,62.71,CAD,46.41,2025-06-14
P000553,I006809,Honoraria,899.35,GBP,1142.17,2025-02-08
P000554,I001970,Meals,118.57,BRL,23.71,2024-05-21
P000555,I000499,Travel,129.08,EUR,140.7,2025-01-06
P000556,I004566,Lodging,226.55,CAD,167.65,2024-06-11
P000557,I002756,Meals,68.2,GBP,86.61,2025-06-02
P000558,I001763,Honoraria,2159.89,INR,25.92,2025-03-17
P000559,I004212,Travel,269.69,GBP,342.51,2024-11-03
P000560,I001904,Lodging,252.77,INR,3.03,2025-05-09
P000561,I004725,Honoraria,2514.7,CAD,1860.88,2024-12-13
P000562,I000078,Lodging,141.75,CAD,104.89,2024-10-30
P000563,I001695,Travel,534.8,USD,534.8,2025-02-13
P000564,I001536,Venue/AV,785.68,JPY,5.26,2024-08-22
P000565,I004925,Venue/AV,4109.94,GBP,5219.62,2024-02-14
P000566,I001769,Travel,515.84,EUR,,2025-02-19
P000567,I000512,Travel,167.42,EUR,182.49,2024-03-12
P000568,I001914,Travel,290.44,INR,3.49,2024-10-08
P000569,I004444,Meals,50.89,BRL,10.18,2024-11-28
P000570,I002322,Honoraria,682.43,GBP,866.69,2024-03-12
P000571,I001987,Honoraria,3609.86,JPY,24.19,2024-06-01
P000572,I000115,Meals,144.82,JPY,0.97,2024-09-17
P000573,I000962,Travel,383.25,MXN,22.23,2024-01-19
P000574,I004894,Honoraria,3333.98,eur,3634.04,2024-01-22
P000575,I004475,Travel,408.42,CAD,302.23,2024-08-15
P000576,I004964,Travel,392.5,EUR,427.83,2024-11-08
P000577,I002653,Lodging,505.79,EUR,551.31,2024/07/01
P000578,I006345,Travel,308.57,INR,3.7,2024-07-05
P000579,I003976,Meals,109.87,EUR,119.76,2024-08-31
P000580,I000844,Meals,74.18,EUR,80.86,2024-10-23
P000581,I002139,Honoraria,694.3,JPY,4.65,2024-04-08
P000582,I001011,Travel,92.85,BRL,18.57,2024-01-25
P000583,I002892,Travel,694.63,JPY,4.65,2025-02-24
P000584,I001776,Meals,65.11,INR,0.78,2024-10-01
P000585,I005594,Travel,224.97,GBP,285.71,2024-05-29
P000586,I002103,Meals,78.01,EUR,,2025-01-08
P000587,I006799,Venue/AV,1820.45,JPY,12.2,2024-10-22
P000588,I006785,Meals,35.58,JPY,0.24,2024-04-30
P000589,I006471,Meals,112.41,INR,1.35,2025-03-20
P000590,I008239,Meals,37.81,USD,37.81,2024-04-18
P000591,I006872,Travel,164.25,EUR,179.03,2024-11-23
P000592,I001329,Venue/AV,3772.58,EUR,4112.11,2024-08-04
P000593,I005897,Meals,187.9,EUR,204.81,2024-03-10
P000594,I002670,Meals,65.07,CAD,48.15,2025-01-03
P000595,I000383,Travel,166.88,MXN,9.68,2024-12-17
P000596,I003211,Meals,31.12,EUR,33.92,2024-08-28
P000597,I002104,Honoraria,558.99,MXN,32.42,2025-01-28
P000598,I002724,Meals,114.16,CAD,,2024-09-10
P000599,I002558,Meals,52.98,EUR,57.75,2025-08-02
P000600,I001832,Meals,106.39,INR,1.28,2024-11-14
P000601,I006890,Meals,158.51,JPY,1.06,2024-09-04
P000602,I002121,Travel,444.41,GBP,564.4,2024-03-28
P000603,I001752,Meals,64.16,USD,64.16,2025-07-18
P000604,I005592,Meals,55.8,JPY,0.37,2025-07-07
P000605,I002426,Honoraria,1160.71,USD,1160.71,2024-11-19
P000606,I005346,Meals,68.06,BRL,13.61,2024-10-12
P000607,I000440,Meals,216.73,BRL,43.35,2025-06-05
P000608,I005139,Meals,146.3,MXN,8.49,2024-02-07
P000609,I003518,Travel,247.05,CAD,182.82,2024-04-03
P000610,I003967,Meals,69.82,JPY,0.47,2025-01-23
P000611,I003580,Meals,49.65,EUR,54.12,2024-05-04
P000612,I001609,Honoraria,1528.07,gbp,1940.65,2025-07-29
P000613,I002270,Travel,163.84,GBP,208.08,2025-05-05
P000614,I005826,Meals,143.85,INR,1.73,2025-04-26
P000615,I001866,Travel,1043.64,EUR,1137.57,2025-04-01
P000616,I004408,Honoraria,778.0,MXN,45.12,2025-03-17
P000617,I000869,Meals,119.49,USD,119.49,2024-07-14
P000618,I001350,Meals,52.57,EUR,57.3,2025-05-18
P000619,I000326,Honoraria,947.41,JPY,6.35,2024-11-03
P000620,I000353,Travel,586.25,CAD,433.82,2025-04-28
P000621,I002044,Honoraria,1172.69,JPY,7.86,2025-04-18
P000622,I001009,Meals,58.91,INR,0.71,2025-03-30
P000623,I003766,Travel,778.47,GBP,988.66,2024-02-13
P000624,I006193,Venue/AV,1999.11,INR,23.99,2024-07-16
P000625,I002650,Travel,558.16,CAD,413.04,2024-07-21
P000626,I004273,Meals,156.99,CAD,116.17,2024-07-13
P000627,I003498,Meals,129.94,BRL,25.99,2024-09-13
P000628,I003672,Travel,496.29,BRL,99.26,2025-05-03
P000629,I005452,Honoraria,785.89,EUR,856.62,2024-11-17
P000630,I000104,Meals,84.88,CAD,62.81,2024-03-18
P000631,I001247,Travel,272.07,GBP,345.53,2024-09-05
P000632,I000932,Meals,53.3,EUR,58.1,2024-12-11
P000633,I004547,Meals,90.32,EUR,98.45,2024-06-14
P000634,I003159,Honoraria,641.3,JPY,4.3,2024-08-28
P000635,I005890,Lodging,357.8,CAD,264.77,2025-04-02
P000636,I006029,Meals,62.54,USD,62.54,2024-07-26
P000637,I004559,Lodging,418.64,GBP,531.67,2025-06-30
P000638,I005765,Meals,86.18,CAD,63.77,2024-11-14
P000639,I006357,Meals,99.36,USD,99.36,2025-06-25
P000640,I002730,Meals,57.57,CAD,42.6,2024-06-25
P000641,I005145,Travel,381.63,EUR,415.98,2024-11-26
P000642,I002398,Lodging,779.92,INR,9.36,2025-02-18
P000643,I005608,Meals,161.38,EUR,175.9,2024-09-26
P000644,I004312,Lodging,469.98,EUR,512.28,2025-03-31
P000645,I000410,Travel,300.95,JPY,2.02,2024-01-28
P000646,I006118,Honoraria,1033.45,EUR,1126.46,2024-06-22
P000647,I000438,Meals,49.41,USD,49.41,2025-03-27
P000648,I003234,Venue/AV,3179.49,EUR,,2024-11-18
P000649,I005203,Meals,37.08,EUR,40.42,2024-03-06
P000650,I005968,Lodging,384.15,mxn,22.28,2024-07-19
P000651,I002084,Lodging,284.55,BRL,56.91,2024-10-17
P000652,I000767,Honoraria,1388.64,BRL,277.73,2024-05-24
P000653,I004892,Venue/AV,1205.8,BRL,241.16,2024-07-07
P000654,I004442,Travel,305.64,USD,305.64,2024-11-29
P000655,I003977,Meals,70.68,JPY,0.47,2025-02-18
P000656,I006894,Meals,86.02,EUR,93.76,2024-07-17
P000657,I004584,Travel,222.03,USD,222.03,2025-03-19
P000658,I001460,Meals,150.97,BRL,30.19,2025-07-01
P000659,I003603,Meals,85.76,INR,1.03,2025-05-13
P000660,I001778,Travel,369.88,MXN,21.45,2025-04-06
P000661,I001891,Meals,85.66,JPY,0.57,2024-10-03
P000662,I001306,Meals,71.04,MXN,4.12,2025-05-24
P000663,I001705,Honoraria,339.36,USD,339.36,2025-02-09
P000664,I000799,Meals,35.62,INR,0.43,2025-04-18
P000665,I006957,Meals,100.59,MXN,5.83,2024-02-29
P000666,I004920,Meals,106.08,USD,106.08,2025-04-14
P000667,I006126,Meals,85.89,MXN,4.98,2024-05-01
P000668,I000465,Meals,120.19,EUR,131.01,2024-11-04
P000669,I006375,Meals,61.65,USD,61.65,2025-06-08
P000670,I003075,Honoraria,1099.76,MXN,63.79,2024-07-30
P000671,I006653,Honoraria,1066.36,EUR,1162.33,2025-03-26
P000672,I001803,Meals,31.9,MXN,1.85,2024-06-02
P000673,I006609,Honoraria,1688.44,EUR,1840.4,2024-02-01
P000674,I005067,Meals,43.38,GBP,,2025-03-24
P000675,I007745,Meals,57.54,BRL,11.51,2025-04-05
P000676,I005595,Lodging,697.1,USD,697.1,2025-04-24
P000677,I003824,Lodging,211.93,BRL,42.39,2024-03-30
P000678,I003323,Meals,27.25,JPY,0.18,2024-11-18
P000679,I006301,Meals,152.24,EUR,165.94,2024-07-08
P000680,I011804,Travel,1182.62,CAD,875.14,2025-01-10
P000681,I004796,Meals,42.75,MXN,2.48,2024-07-31
P000682,I003494,Travel,257.61,JPY,1.73,2024-12-12
P000683,I001187,Lodging,792.9,JPY,5.31,2024-05-31
P000684,I003012,Meals,129.44,EUR,141.09,2024-02-16
P000685,I005695,Venue/AV,4070.18,EUR,4436.5,2024-08-02
P000686,I001600,Lodging,276.98,JPY,1.86,2025-06-18
P000687,I005509,Meals,236.74,EUR,258.05,2025-03-13
P000688,I005311,Travel,389.59,USD,389.59,2024-11-03
P000689,I006681,Meals,135.49,EUR,,2025-06-06
P000690,I004493,Travel,319.96,MXN,18.56,2024-05-22
P000691,I006274,Meals,85.23,EUR,92.9,2025-01-11
P000692,I003532,Lodging,332.5,CAD,246.05,2024-02-12
P000693,I004720,Meals,57.5,MXN,3.33,2025-07-11
P000694,I005326,Travel,580.54,EUR,632.79,2024-06-08
P000695,I006172,Meals,56.9,USD,56.9,2025-07-14
P000696,I005246,Travel,355.0,JPY,2.38,2025-04-10
P000697,I006042,Meals,47.2,EUR,51.45,2024-03-27
P000698,I006949,Honoraria,732.57,EUR,798.5,2025-04-01
P000699,I000716,Venue/AV,591.0,MXN,34.28,2025-04-16
P000700,I006448,Venue/AV,1805.54,BRL,361.11,2024-12-27
P000701,I001150,Honoraria,1453.24,JPY,9.74,2025-01-16
P000702,I005014,Honoraria,3452.72,INR,41.43,2024-12-06
P000703,I006511,Meals,72.13,MXN,4.18,2024-08-13
P000704,I003373,Meals,67.03,INR,0.8,2024-09-24
P000705,I004984,Meals,79.63,JPY,0.53,2024-04-25
P000706,I003614,Meals,70.11,JPY,,2024-12-25
P000707,I004504,Travel,290.01,USD,290.01,2025-06-25
P000708,I000125,Travel,497.6,BRL,99.52,2024-05-27
P000709,I005019,Honoraria,684.04,JPY,4.58,2025-05-12
P000710,I005946,Meals,78.68,EUR,85.76,2024-12-17
P000711,I005616,Venue/AV,2398.74,CAD,1775.07,2024-01-26
P000712,I004459,Lodging,732.15,EUR,798.04,2024-10-06
P000713,I005129,Honoraria,1047.13,CAD,774.88,2024-12-09
P000714,I004414,Meals,75.25,CAD,55.69,2025-01-17
P000715,I004775,Meals,133.68,BRL,26.74,2024-11-24
P000716,I004118,Travel,282.11,MXN,16.36,2025-06-30
P000717,I000605,Honoraria,1429.66,EUR,1558.33,2025-06-07
P000718,I003777,Honoraria,1160.51,INR,13.93,2025-03-09
P000719,I004888,Lodging,342.19,INR,4.11,2024/05/14
P000720,I004433,Lodging,365.68,INR,4.39,2025-01-06
P000721,I003457,Travel,695.08,EUR,757.64,2024-02-13
P000722,I005471,Meals,39.82,EUR,43.4,2024-08-21
P000723,I005290,Honoraria,1181.79,GBP,1500.87,2024-06-18
P000724,I002294,Travel,726.02,JPY,4.86,2025-07-01
P000725,I003794,Meals,40.09,USD,40.09,2025-02-24
P000726,I003000,Travel,283.44,MXN,16.44,2024-02-21
P000727,I002017,Honoraria,2492.48,EUR,2716.8,2024-07-31
P000728,I002561,Lodging,319.79,CAD,236.64,2024-10-28
P000729,I000061,Travel,276.03,EUR,300.87,2024-11-23
P000730,I001193,Honoraria,1529.85,JPY,10.25,2024-07-27
P000731,I000673,Travel,216.17,USD,216.17,2025-01-24
P000732,I003600,Meals,59.7,BRL,11.94,2024-04-02
P000733,I006323,Honoraria,2481.28,EUR,2704.6,2024-03-31
P000734,I002914,Meals,107.61,BRL,,2024-10-01
P000735,I002901,Lodging,407.39,EUR,444.06,2024-07-05
P000736,I002393,Travel,253.47,USD,253.47,2024-04-18
P000737,I002205,Honoraria,1920.87,INR,23.05,2024-12-12
P000738,I002246,Lodging,385.76,JPY,2.58,2025-05-28
P000739,I004106,Meals,104.23,EUR,113.61,2024-07-26
P000740,I000501,Travel,300.4,INR,,2025-02-17
P000741,I003017,Travel,262.16,INR,3.15,2024-10-27
P000742,I003802,Travel,214.6,USD,214.6,2024-03-23
P000743,I006056,Meals,269.13,INR,3.23,2025-03-13
P000744,I001198,Venue/AV,1235.11,EUR,1346.27,2024-02-16
P000745,I005163,Lodging,441.84,JPY,2.96,2024-01-18
P000746,I001064,Lodging,944.01,GBP,1198.89,2025-02-02
P000747,I006335,Lodging,251.17,CAD,185.87,2024-10-03
P000748,I001095,Meals,154.63,GBP,196.38,2025-03-26
P000749,I005169,Honoraria,500.5,EUR,545.55,2024-08-05
P000750,I004898,Meals,81.73,EUR,89.09,2024-06-12
P000751,I000267,Meals,85.22,BRL,17.04,2024-02-06
P000752,I003410,Meals,40.24,EUR,43.86,2025-03-11
P000753,I005379,Honoraria,650.85,GBP,826.58,2025-05-15
P000754,I001246,Meals,77.85,EUR,84.86,2024-09-30
P000755,I004425,Meals,23.63,EUR,25.76,2024-06-13
P000756,I000424,Meals,106.25,BRL,21.25,2024-07-28
P000757,I001665,Lodging,638.72,BRL,127.74,2024-09-25
P000758,I001334,Meals,153.24,USD,153.24,2024-09-05
P000759,I002079,Meals,83.82,MXN,4.86,2025-02-27
P000760,I003223,Travel,678.1,JPY,4.54,2024-10-28
P000761,I001797,Meals,40.21,EUR,43.83,2025-02-09
P000762,I006734,Honoraria,921.92,EUR,1004.89,2024-10-02
P000763,I003210,Meals,79.42,GBP,,2024-11-08
P000764,I004295,Meals,115.31,USD,115.31,2024-10-28
P000765,I006655,Honoraria,673.89,JPY,4.52,2025-05-07
P000766,I006236,Meals,52.22,CAD,38.64,2025-04-07
P000767,I004724,Meals,91.46,INR,1.1,2025-03-20
P000768,I001210,Honoraria,1684.46,EUR,1836.06,2025-03-27
P000769,I003322,Meals,254.98,MXN,14.79,2024-01-31
P000770,I004776,Honoraria,657.1,EUR,716.24,2024-06-28
P000771,I000386,Meals,53.47,EUR,58.28,2025-04-27
P000772,I002091,Lodging,260.65,INR,3.13,2024-12-11
P000773,I002916,Lodging,229.09,GBP,290.94,2025-06-05
P000774,I005367,Meals,53.55,JPY,0.36,2024-12-14
P000775,I005300,Venue/AV,1159.39,GBP,1472.43,2024-06-18
P000776,I000076,Lodging,338.87,EUR,369.37,2024-12-05
P000777,I008969,Meals,67.06,GBP,85.17,2024-04-29
P000778,I003257,Travel,308.25,JPY,2.07,2024-11-27
P000779,I003842,Meals,133.11,EUR,145.09,2024-12-29
P000780,I005331,Travel,474.17,INR,5.69,2025-03-15
P000781,I004774,Meals,75.78,EUR,82.6,2024-03-18
P000782,I003791,Honoraria,4079.36,EUR,4446.5,2025-06-02
P000783,I006692,Meals,126.17,BRL,25.23,2024-10-15
P000784,I004191,Meals,67.19,INR,0.81,2024-01-28
P000785,I005723,Lodging,246.27,CAD,182.24,2025-04-01
P000786,I005962,Honoraria,4438.11,EUR,4837.54,2024-02-21
P000787,I001706,Travel,225.82,MXN,13.1,2024-09-14
P000788,I006494,Meals,72.57,EUR,79.1,2025-05-21
P000789,I000300,Travel,451.84,MXN,26.21,2024-10-04
P000790,I003062,Meals,229.16,MXN,13.29,2025-01-06
P000791,I002093,Honoraria,1418.76,JPY,9.51,2025-06-25
P000792,I002155,Honoraria,328.43,EUR,357.99,2025-02-19
P000793,I005743,Honoraria,1115.82,GBP,1417.09,2024-07-19
P000794,I004214,Honoraria,1548.75,JPY,10.38,2024-05-21
P000795,I004019,Lodging,464.53,BRL,92.91,2024-11-23
P000796,I006768,Honoraria,3663.23,MXN,212.47,2025-02-17
P000797,I004954,Meals,278.96,MXN,16.18,2024-09-20
P000798,I005323,Honoraria,1050.35,USD,1050.35,2024-04-28
P000799,I002655,Venue/AV,1116.88,EUR,1217.4,2024-02-17
P000800,I003853,Meals,84.86,USD,84.86,2024-09-07
P000801,I004558,Travel,267.47,CAD,197.93,2024-07-02
P000802,I001628,Honoraria,1031.5,MXN,59.83,2025-05-11
P000803,I001091,Travel,92.24,USD,92.24,2024-11-20
P000804,I004992,Honoraria,349.03,JPY,2.34,2024-08-05
P000805,I002139,Meals,71.15,JPY,0.48,2024-04-20
P000806,I003830,Meals,37.82,JPY,0.25,2024-10-31
P000807,I005039,Meals,64.35,MXN,3.73,2024-06-11
P000808,I004308,Meals,59.17,JPY,0.4,2025-02-27
P000809,I004715,Travel,227.81,MXN,13.21,2024-05-04
P000810,I000160,Lodging,663.53,EUR,723.25,2024-09-06
P000811,I005129,Lodging,656.98,MXN,38.1,2025-01-11
P000812,I003768,Meals,48.86,GBP,62.05,2024-09-01
P000813,I000769,Meals,73.65,USD,73.65,2025-01-08
P000814,I002726,Travel,295.58,JPY,1.98,2024-02-24
P000815,I005356,Honoraria,2319.04,CAD,1716.09,2024-03-29
P000816,I006794,Meals,189.38,GBP,240.51,2024-04-20
P000817,I001727,Meals,66.69,CAD,49.35,2024-04-11
P000818,I002853,Lodging,309.67,GBP,393.28,2024-10-03
P000819,I005271,Travel,154.78,MXN,8.98,2025-03-19
P000820,I004349,Honoraria,640.99,BRL,128.2,2024-11-19
P000821,I000561,Meals,107.68,EUR,117.37,2024-11-07
P000822,I002194,Travel,243.27,BRL,48.65,2024-04-05
P000823,I000744,Meals,111.7,MXN,6.48,2025-05-26
P000824,I002990,Meals,80.07,EUR,87.28,2024-04-10
P000825,I001238,Venue/AV,3392.69,INR,40.71,2025-03-12
P000826,I006357,Travel,513.22,mxn,29.77,2025-06-19
P000827,I006132,Meals,205.57,BRL,41.11,2025-01-11
P000828,I004821,Honoraria,665.01,CAD,492.11,2025-01-25
P000829,I006403,Meals,90.86,JPY,0.61,2025-04-20
P000830,I005853,Honoraria,1187.21,USD,1187.21,2024-02-05
P000831,I009034,Meals,132.68,EUR,144.62,2024-07-16
P000832,I001727,Travel,535.22,BRL,107.04,2024-04-28
P000833,I000777,Meals,34.87,CAD,25.8,2025-01-05
P000834,I001653,Meals,68.28,CAD,50.53,2024-04-24
P000835,I002030,Lodging,663.21,EUR,722.9,2024-07-07
P000836,I006027,Honoraria,1073.81,JPY,7.19,2024-10-04
P000837,I002342,Meals,71.39,MXN,4.14,2025-06-12
P000838,I001859,Lodging,332.98,EUR,362.95,2024-12-12
P000839,I003114,Meals,61.07,EUR,66.57,2024-05-04
P000840,I004571,Meals,58.91,eur,,2024-10-16
P000841,I000794,Meals,114.61,BRL,22.92,2024-09-06
P000842,I004239,Lodging,971.17,EUR,1058.58,2024-09-15
P000843,I005458,Meals,109.33,BRL,21.87,2024-08-04
P000844,I000952,Meals,96.22,USD,96.22,2025-02-05
P000845,I006614,Meals,235.72,CAD,174.43,2025-05-30
P000846,I004830,Meals,78.11,EUR,85.14,2024-02-12
P000847,I005192,Meals,106.5,GBP,135.25,2024-12-29
P000848,I006985,Travel,469.29,GBP,596.0,2024-06-12
P000849,I002697,Travel,254.82,CAD,188.57,2024-10-25
P000850,I011268,Meals,139.17,MXN,8.07,2024-10-27
P000851,I005788,Meals,57.23,GBP,72.68,2024-12-23
P000852,I001164,Lodging,829.59,BRL,165.92,2025-03-22
P000853,I001370,Venue/AV,2665.82,JPY,17.86,2023-12-29
P000854,I006233,Meals,143.27,BRL,28.65,2025-05-14
P000855,I003251,Travel,356.58,CAD,263.87,2025-06-14
P000856,I005031,Lodging,1028.48,USD,1028.48,2025-05-11
P000857,I000749,Venue/AV,4028.38,MXN,233.65,2024-04-15
P000858,I005351,Honoraria,2947.21,MXN,170.94,2024-06-19
P000859,I006392,Meals,40.86,EUR,44.54,2025-07-14
P000860,I003295,Meals,94.14,GBP,119.56,2024-10-16
P000861,I008033,Meals,26.14,BRL,5.23,2024-08-28
P000862,I002742,Meals,109.57,JPY,0.73,2024-02-22
P000863,I003967,Travel,621.6,INR,7.46,2025-01-28
P000864,I001096,Meals,186.4,BRL,37.28,2024-10-13
P000865,I000548,Meals,129.72,CAD,95.99,2024-12-11
P000866,I001575,Travel,209.02,USD,209.02,2024-07-21
P000867,I004771,Meals,210.74,USD,210.74,2025-05-16
P000868,I000847,Meals,163.87,EUR,178.62,2025-04-28
P000869,I002227,Honoraria,708.66,USD,708.66,2025-06-21
P000870,I001596,Honoraria,1096.29,INR,13.16,2024-11-25
P000871,I000245,Travel,106.56,JPY,0.71,2024-06-28
P000872,I005962,Venue/AV,3492.03,GBP,4434.88,2024-02-25
P000873,I006924,Meals,42.35,CAD,31.34,2024-02-11
P000874,I000651,Travel,269.66,USD,269.66,2024-08-20
P000875,I003722,Meals,48.85,BRL,9.77,2024-07-27
P000876,I002262,Travel,245.17,EUR,267.24,2024-11-29
P000877,I000562,Travel,256.12,MXN,14.85,2025-04-21
P000878,I003699,Travel,530.09,GBP,673.21,2024-02-01
P000879,I001996,Lodging,351.22,USD,351.22,2025-05-11
P000880,I006416,Lodging,389.85,BRL,77.97,2024-05-29
P000881,I004525,Meals,128.07,EUR,139.6,2024/07/30
P000882,I006472,Travel,284.74,EUR,310.37,2024-01-01
P000883,I006979,Travel,70.64,USD,70.64,2024-05-27
P000884,I006812,Honoraria,1755.06,BRL,351.01,2024-04-18
P000885,I002658,Meals,104.78,EUR,114.21,2024-10-10
P000886,I000746,Meals,48.8,EUR,53.19,2025-05-13
P000887,I004737,Lodging,608.68,CAD,450.42,2024-10-24
P000888,I005278,Meals,115.4,JPY,0.77,2025-01-08
P000889,I005609,Meals,139.55,MXN,8.09,2024-10-03
P000890,I000904,Meals,70.6,GBP,,2024-05-29
P000891,I001459,Travel,293.43,EUR,319.84,2025-06-01
P000892,I006372,Honoraria,711.67,CAD,526.64,2025-06-23
P000893,I001129,Meals,158.12,EUR,172.35,2024-04-21
P000894,I004967,Honoraria,1296.73,EUR,1413.44,2024-05-03
P000895,I000092,Honoraria,900.21,EUR,981.23,2024-07-21
P000896,I004454,Travel,429.93,JPY,2.88,2024-07-26
P000897,I003354,Lodging,441.26,USD,441.26,2025-03-31
P000898,I001008,Travel,249.15,MXN,14.45,2024-02-11
P000899,I006296,Meals,55.8,EUR,60.82,2024-06-29
P000900,I003692,Travel,148.76,MXN,8.63,2025-06-18
P000901,I006350,Honoraria,505.76,EUR,551.28,2024-05-26
P000902,I000447,Meals,100.29,JPY,0.67,2024-11-08
P000903,I004378,Travel,250.76,MXN,14.54,2024-06-25
P000904,I003130,Travel,531.88,EUR,579.75,2024/12/12
P000905,I005286,Honoraria,1001.73,EUR,1091.89,2024-06-10
P000906,I006048,Travel,171.26,BRL,34.25,2025-05-15
P000907,I006610,Meals,49.85,JPY,0.33,2024-09-10
P000908,I006638,Meals,34.89,CAD,25.82,2024-03-28
P000909,I004334,Meals,97.43,MXN,5.65,2025-03-09
P000910,I010853,Travel,285.63,GBP,,2024-06-28
P000911,I005019,Meals,127.96,INR,1.54,2025-06-11
P000912,I003219,Meals,41.35,INR,0.5,2024-10-05
P000913,I001958,Honoraria,3768.25,EUR,4107.39,2024-06-27
P000914,I005410,Venue/AV,943.26,BRL,188.65,2024-06-29
P000915,I003525,Meals,319.76,GBP,406.1,2025-03-13
P000916,I002121,Travel,410.77,EUR,447.74,2024-05-02
P000917,I006552,Honoraria,718.67,USD,718.67,2025-01-08
P000918,I004881,Honoraria,1165.65,INR,13.99,2024-09-27
P000919,I006927,Travel,240.6,EUR,262.25,2024-09-20
P000920,I001847,Meals,95.24,INR,1.14,2025-03-14
P000921,I003725,Meals,125.3,EUR,136.58,2024-04-22
P000922,I006269,Honoraria,1557.46,EUR,1697.63,2025-05-12
P000923,I001193,Travel,180.27,jpy,1.21,2024-07-26
P000924,I006187,Meals,191.24,JPY,1.28,2024-02-18
P000925,I003880,Travel,722.82,GBP,917.98,2024-08-04
P000926,I002103,Meals,36.08,EUR,39.33,2025-02-19
P000927,I004043,Travel,295.36,CAD,218.57,2024-09-04
P000928,I005950,Meals,46.41,MXN,2.69,2024-11-14
P000929,I006109,Meals,24.25,EUR,26.43,2025-04-13
P000930,I000710,Travel,527.0,USD,527.0,2024-03-20
P000931,I004780,Meals,62.38,MXN,3.62,2024-12-20
P000932,I004742,Travel,971.72,EUR,1059.17,2024-03-30
P000933,I003157,Meals,125.27,USD,125.27,2024-10-10
P000934,I005808,Meals,77.64,EUR,84.63,2024-10-23
P000935,I003556,Meals,202.88,USD,202.88,2024-09-07
P000936,I006116,Travel,546.33,EUR,595.5,2024-06-28
P000937,I003299,Honoraria,1606.18,USD,1606.18,2024-05-01
P000938,I004884,Travel,222.24,BRL,44.45,2024-05-01
P000939,I002200,Travel,229.36,BRL,45.87,2024-05-26
P000940,I001991,Travel,233.59,INR,2.8,2025-03-01
P000941,I005271,Travel,329.98,USD,329.98,2025-02-25
P000942,I000249,Honoraria,4287.96,BRL,857.59,2024-04-09
P000943,I003302,Travel,298.56,GBP,379.17,2024-04-26
P000944,I002421,Venue/AV,1290.13,INR,15.48,2024-07-06
P000945,I000869,Meals,61.39,MXN,3.56,2024-07-18
P000946,I001781,Honoraria,2095.95,CAD,1551.0,2024-02-19
P000947,I003654,Meals,55.01,MXN,3.19,2024-02-09
P000948,I003666,Meals,31.29,EUR,34.11,2024-11-18
P000949,I002096,Meals,42.45,CAD,31.41,2024-09-08
P000950,I000284,Honoraria,1018.23,USD,1018.23,2024-03-27
P000951,I002525,Honoraria,3751.94,INR,45.02,2024-10-18
P000952,I004688,Travel,773.91,BRL,154.78,2024-11-29
P000953,I003478,Travel,1179.21,INR,14.15,2025-07-10
P000954,I005067,Honoraria,268.69,GBP,341.24,2025-03-04
P000955,I003689,Meals,37.91,EUR,41.32,2025-06-12
P000956,I006073,Meals,86.91,INR,1.04,2025-02-02
P000957,I001988,Travel,1068.03,EUR,1164.15,2025-02-20
P000958,I004582,Meals,59.68,USD,59.68,2024-06-03
P000959,I001009,Honoraria,1348.77,JPY,9.04,2025-03-01
P000960,I003062,Travel,153.66,USD,153.66,2025-01-15
P000961,I003687,Lodging,152.67,CAD,112.98,2024-05-28
P000962,I003017,Meals,115.16,INR,1.38,2024-11-06
P000963,I000639,Lodging,390.13,BRL,78.03,2025-01-16
P000964,I006073,Meals,207.19,JPY,1.39,2025-01-21
P000965,I006883,Meals,82.86,EUR,90.32,2025-03-12
P000966,I001345,Travel,977.75,JPY,6.55,2025-04-03
P000967,I000234,Travel,252.35,MXN,14.64,2024-02-21
P000968,I002060,Honoraria,2337.65,GBP,2968.82,2025-05-02
P000969,I005554,Meals,53.43,INR,0.64,2024-03-17
P000970,I002678,Travel,914.32,GBP,1161.19,2024-12-03
P000971,I000890,Honoraria,1022.91,MXN,59.33,2024-05-04
P000972,I005691,Meals,29.29,USD,29.29,2025-04-22
P000973,I000152,Meals,59.4,USD,59.4,2024-08-26
P000974,I004543,Meals,95.0,BRL,19.0,2025-04-21
P000975,I003646,Travel,514.15,MXN,29.82,2024-12-25
P000976,I002092,Honoraria,2150.08,CAD,1591.06,2024-02-16
P000977,I000381,Meals,31.69,INR,0.38,2024-08-04
P000978,I005352,Travel,191.71,INR,2.3,2024-01-30
P000979,I005013,Travel,205.64,CAD,152.17,2024-02-13
P000980,I006846,Meals,44.05,BRL,8.81,2024-05-09
P000981,I002198,Meals,156.89,EUR,171.01,2024-09-24
P000982,I004474,Lodging,499.71,MXN,28.98,2025-02-09
P000983,I004005,Meals,31.96,USD,31.96,2024-10-10
P000984,I006363,Meals,182.63,MXN,10.59,2025-06-20
P000985,I006335,Meals,66.1,CAD,48.91,2024-09-12
P000986,I001557,Venue/AV,2158.73,JPY,14.46,2025-07-01
P000987,I003968,Travel,209.84,GBP,266.5,2024-03-28
P000988,I000626,Travel,108.95,CAD,80.62,2024-08-04
P000989,I003262,Meals,17.88,MXN,1.04,2025-04-12
P000990,I004355,Meals,80.49,BRL,16.1,2025-06-20
P000991,I006955,Meals,22.79,JPY,0.15,2025-06-19
P000992,I002333,Meals,71.79,GBP,91.17,2024-06-28
P000993,I000389,Meals,142.46,CAD,105.42,2024-09-23
P000994,I006709,Meals,108.42,GBP,137.69,2024-04-08
P000995,I003629,Honoraria,967.35,EUR,1054.41,2025-03-20
P000996,I003373,Meals,87.63,JPY,0.59,2024-08-28
P000997,I000681,Meals,53.45,CAD,39.55,2025-05-14
P000998,I004154,Meals,37.96,INR,0.46,2024-06-28
P000999,I005951,Honoraria,771.27,EUR,840.68,2024-09-13
P001000,I004239,Meals,133.39,EUR,145.4,2024-09-13
P001001,I006117,Honoraria,2416.03,INR,28.99,2024-11-08
P001002,I000718,Meals,138.03,EUR,150.45,2024-08-06
P001003,I002247,Meals,154.71,MXN,8.97,2025-05-02
P001004,I003966,Meals,138.71,EUR,151.19,2024-11-09
P001005,I001689,Travel,301.4,USD,301.4,2024-05-19
P001006,I006339,Travel,270.86,GBP,343.99,2024-11-02
P001007,I006175,Honoraria,693.73,EUR,756.17,2025-04-01
P001008,I003741,Travel,121.64,MXN,7.06,2024-02-20
P001009,I000462,Honoraria,1907.24,GBP,2422.19,2024-11-18
P001010,I002869,Travel,525.45,CAD,388.83,2024-02-21
P001011,I003562,Travel,257.91,JPY,1.73,2025-05-05
P001012,I003154,Lodging,367.07,EUR,400.11,2025-05-01
P001013,I004539,Lodging,175.5,CAD,129.87,2024-11-13
P001014,I005525,Travel,519.98,INR,6.24,2024-06-23
P001015,I000086,Honoraria,2359.28,GBP,2996.29,2024-07-16
P001016,I003881,Lodging,163.93,EUR,178.68,2024-06-20
P001017,I004849,Travel,453.16,CAD,335.34,2025-02-16
P001018,I009265,Lodging,322.61,USD,322.61,2024-01-30
P001019,I003359,Honoraria,3479.33,MXN,201.8,2025-04-25
P001020,I006306,Honoraria,1396.16,USD,1396.16,2024-01-16
P001021,I001134,Lodging,557.64,JPY,3.74,2024-12-22
P001022,I004267,Meals,29.97,BRL,5.99,2024-12-09
P001023,I006754,Meals,71.46,EUR,77.89,2024-05-10
P001024,I002069,Honoraria,1933.8,CAD,1431.01,2025-05-09
P001025,I001928,Honoraria,2842.47,CAD,2103.43,2025-04-26
P001026,I000374,Meals,20.99,JPY,0.14,2024-02-18
P001027,I001141,Travel,826.7,INR,9.92,2024-10-24
P001028,I005575,Honoraria,2198.21,CAD,1626.68,2025-05-15
P001029,I001961,Meals,35.97,mxn,,2024-10-22
P001030,I003894,Meals,51.56,JPY,0.35,2024-05-18
P001031,I005567,Honoraria,660.16,BRL,132.03,2024-01-08
P001032,I005572,Meals,82.65,INR,0.99,2024-04-19
P001033,I003551,Meals,141.09,EUR,153.79,2024-04-03
P001034,I003454,Honoraria,570.65,EUR,622.01,2024-06-26
P001035,I002274,Lodging,83.7,INR,1.0,2024-07-28
P001036,I004983,Meals,35.83,USD,35.83,2025-07-27
P001037,I003715,Travel,1118.72,INR,13.42,2025-06-22
P001038,I001388,Lodging,158.2,CAD,117.07,2024-07-04
P001039,I004415,Travel,276.97,BRL,55.39,2024-11-30
P001040,I004172,Honoraria,2330.31,EUR,2540.04,2025-07-15
P001041,I000890,Travel,406.73,USD,406.73,2024-04-16
P001042,I000810,Honoraria,593.39,CAD,439.11,2025-05-24
P001043,I002602,Meals,104.91,CAD,77.63,2024-12-26
P001044,I001488,Travel,358.47,MXN,20.79,2024-07-14
P001045,I006088,Meals,87.32,GBP,110.9,2024-05-13
P001046,I004707,Honoraria,1945.92,EUR,2121.05,2024-08-21
P001047,I003413,Meals,194.21,BRL,38.84,2024-03-08
P001048,I004426,Venue/AV,1093.05,CAD,,2024-08-13
P001049,I004737,Honoraria,817.12,MXN,47.39,2024-11-06
P001050,I004184,Lodging,514.82,CAD,380.97,2025-02-12
P001051,I003248,Lodging,942.0,JPY,6.31,2024-10-22
P001052,I006532,Lodging,161.46,INR,1.94,2025-04-28
P001053,I005394,Honoraria,1125.84,GBP,1429.82,2024-08-29
P001054,I006761,Honoraria,2797.14,BRL,559.43,2025-01-23
P001055,I003097,Travel,1319.25,EUR,1437.98,2024-10-12
P001056,I000844,Honoraria,469.26,EUR,,2024-10-24
P001057,I004171,Travel,256.37,EUR,279.44,2024-08-03
P001058,I001593,Meals,183.97,INR,2.21,2025-05-29
P001059,I001599,Meals,72.8,GBP,92.46,2024-06-16
P001060,I005918,Meals,69.65,EUR,75.92,2024-02-27
P001061,I000801,Honoraria,1444.23,EUR,1574.21,2024-05-17
P001062,I004970,Meals,100.25,INR,1.2,2024-10-09
P001063,I004555,Travel,470.32,MXN,27.28,2025-03-03
P001064,I006413,Meals,59.55,BRL,11.91,2025-01-08
P001065,I004183,Travel,457.2,USD,457.2,2024-02-13
P001066,I004827,Honoraria,3017.66,USD,3017.66,2024-03-03
P001067,I002084,Venue/AV,2122.63,USD,2122.63,2024-10-10
P001068,I001680,Honoraria,2044.38,USD,2044.38,2024-03-26
P001069,I002951,Meals,136.13,CAD,100.74,2025-05-12
P001070,I002293,Travel,420.98,INR,5.05,2025-05-03
P001071,I000953,Lodging,249.35,EUR,271.79,2024-06-11
P001072,I001358,Meals,67.13,JPY,0.45,2025-02-17
P001073,I002038,Travel,121.55,GBP,154.37,2025-04-12
P001074,I006649,Travel,322.72,INR,3.87,2024-02-25
P001075,I002342,Lodging,744.44,CAD,550.89,2025-06-13
P001076,I003657,Travel,1199.15,MXN,69.55,2024-03-04
P001077,I002032,Meals,106.91,EUR,116.53,2024-04-05
P001078,I004684,Meals,144.67,EUR,157.69,2025-06-10
P001079,I005358,Meals,153.47,CAD,113.57,2025-02-28
P001080,I005497,Travel,632.15,EUR,689.04,2025-02-02
P001081,I006057,Honoraria,3096.96,BRL,619.39,2025-07-11
P001082,I002087,Meals,78.51,GBP,99.71,2024-09-02
P001083,I000150,Travel,292.92,CAD,216.76,2025-03-07
P001084,I002168,Venue/AV,2071.79,BRL,414.36,2024-07-16
P001085,I002631,Honoraria,1986.85,USD,1986.85,2025-06-15
P001086,I002158,Meals,109.69,USD,109.69,2025-03-26
P001087,I004649,Meals,41.85,EUR,45.62,2024-05-31
P001088,I003717,Meals,120.32,EUR,131.15,2024-02-22
P001089,I001816,Honoraria,1639.82,USD,1639.82,2025-04-05
P001090,I000246,Meals,46.85,GBP,59.5,2024-02-14
P001091,I005977,Meals,91.2,GBP,115.82,2024-12-07
P001092,I000303,Travel,216.59,GBP,275.07,2025-02-20
P001093,I003269,Meals,84.88,USD,84.88,2025-06-15
P001094,I002683,Travel,500.69,EUR,545.75,2025-02-14
P001095,I000127,Honoraria,563.57,MXN,32.69,2025-01-25
P001096,I003758,Travel,286.33,EUR,312.1,2025-04-20
P001097,I001683,Travel,517.61,MXN,30.02,2025-03-23
P001098,I002452,Travel,182.66,JPY,1.22,2024-02-11
P001099,I004482,Travel,125.84,EUR,137.17,2025-05-31
P001100,I010052,Meals,47.96,GBP,60.91,2025-05-09
P001101,I003457,Lodging,659.95,EUR,719.35,2024-02-25
P001102,I002221,Travel,310.58,BRL,62.12,2024-09-01
P001103,I005784,Meals,63.59,INR,0.76,2024-10-25
P001104,I002397,Venue/AV,1139.23,USD,1139.23,2025-04-05
P001105,I000829,Honoraria,914.16,USD,914.16,2024-09-29
P001106,I000006,Travel,245.24,GBP,311.45,2025-01-13
P001107,I002622,Travel,279.21,EUR,304.34,2025-03-28
P001108,I005657,Meals,74.11,USD,74.11,2025-04-26
P001109,I000338,Lodging,458.8,BRL,91.76,2025-06-19
P001110,I005278,Meals,50.22,INR,0.6,2025-01-31
P001111,I000021,Meals,107.11,MXN,6.21,2024-01-08
P001112,I003549,Meals,43.75,INR,0.53,2025-04-25
P001113,I005140,Lodging,266.65,MXN,15.47,2025-02-26
P001114,I000700,Meals,58.71,MXN,3.41,2025-03-08
P001115,I004014,Meals,70.75,GBP,89.85,2025-06-18
P001116,I005232,Honoraria,874.8,USD,874.8,2024-10-20
P001117,I004496,Travel,203.87,EUR,222.22,2024-04-04
P001118,I001669,Meals,53.18,USD,53.18,2025-04-04
P001119,I002784,Venue/AV,1581.46,EUR,1723.79,2025-06-30
P001120,I001241,Meals,69.01,JPY,0.46,2024-05-29
P001121,I008801,Honoraria,2829.8,USD,2829.8,2024-04-18
P001122,I006318,Meals,51.96,EUR,56.64,2024-11-08
P001123,I006684,Travel,647.74,CAD,479.33,2024-02-04
P001124,I003804,Meals,115.01,EUR,125.36,2025-02-25
P001125,I002016,Meals,96.79,MXN,5.61,2024-10-19
P001126,I003816,Travel,191.97,MXN,11.13,2024-11-25
P001127,I003740,Travel,463.57,USD,463.57,2024-07-28
P001128,I000422,Meals,63.18,CAD,46.75,2024-10-03
P001129,I002667,Travel,681.38,GBP,865.35,2024-05-23
P001130,I002737,Travel,378.38,EUR,412.43,2024-04-16
P001131,I006281,Meals,31.51,eur,34.35,2024-08-31
P001132,I001374,Honoraria,611.09,BRL,122.22,2025-01-27
P001133,I000505,Travel,742.35,CAD,549.34,2025-05-07
P001134,I004326,Honoraria,1608.13,EUR,1752.86,2024-09-05
P001135,I002584,Travel,240.55,GBP,,2024-12-26
P001136,I000491,Lodging,131.72,EUR,143.57,2025-03-10
P001137,I005471,Travel,335.43,EUR,365.62,2024-09-24
P001138,I001147,Honoraria,2103.24,JPY,14.09,2024-12-21
P001139,I000238,Meals,128.91,GBP,163.72,2024/05/17
P001140,I009784,Honoraria,2671.32,INR,32.06,2024-03-10
P001141,I001178,Meals,73.17,EUR,79.76,2025-01-21
P001142,I000191,Travel,320.58,MXN,18.59,2024-07-23
P001143,I001518,Meals,92.58,JPY,0.62,2024-02-18
P001144,I006087,Lodging,776.3,USD,776.3,2024-07-14
P001145,I005713,Lodging,226.32,EUR,246.69,2025-06-04
P001146,I003194,Travel,400.67,MXN,23.24,2024-02-20
P001147,I005365,Meals,155.66,MXN,9.03,2024-06-18
P001148,I005406,Honoraria,1051.5,MXN,60.99,2025-05-09
P001149,I002825,Meals,126.89,JPY,0.85,2024-04-06
P001150,I003741,Meals,34.92,MXN,2.03,2024-02-11
P001151,I006008,Travel,401.54,GBP,,2024-02-06
P001152,I004804,Meals,114.13,GBP,144.95,2024-06-05
P001153,I005947,Meals,147.99,GBP,187.95,2025-04-28
P001154,I001213,Meals,111.03,MXN,6.44,2025-03-24
P001155,I006753,Meals,153.99,EUR,167.85,2025-05-30
P001156,I005252,Meals,154.31,BRL,30.86,2024-06-29
P001157,I002336,Meals,80.08,EUR,87.29,2024-02-16
P001158,I006129,Meals,47.38,INR,0.57,2024-09-14
P001159,I001411,Travel,638.81,EUR,696.3,2024-08-25
P001160,I006925,Honoraria,776.27,EUR,846.13,2025-06-13
P001161,I004131,Travel,287.51,CAD,212.76,2025-04-14
P001162,I004028,Travel,2594.74,BRL,518.95,2024-04-14
P001163,I003689,Meals,147.84,EUR,161.15,2025-06-13
P001164,I005530,Travel,353.91,GBP,449.47,2024-04-12
P001165,I000330,Meals,105.11,JPY,0.7,2024-04-05
P001166,I000253,Lodging,534.22,BRL,106.84,2024-10-09
P001167,I004840,Travel,391.25,GBP,496.89,2025-05-28
P001168,I004197,Meals,78.13,EUR,85.16,2024-04-30
P001169,I004026,Honoraria,1297.28,EUR,1414.04,2024-06-04
P001170,I004438,Meals,82.94,MXN,4.81,2024-10-13
P001171,I000184,Meals,93.78,BRL,18.76,2024-11-08
P001172,I000749,Meals,84.81,MXN,4.92,2024-04-06
P001173,I001151,Meals,106.26,BRL,21.25,2024-07-15
P001174,I003548,Travel,325.87,MXN,18.9,2024-01-31
P001175,I002266,Venue/AV,1996.43,EUR,2176.11,2025-07-03
P001176,I006035,Travel,505.15,INR,6.06,2024-02-23
P001177,I002682,Meals,215.02,INR,2.58,2025-01-26
P001178,I002387,Honoraria,965.27,GBP,1225.89,2024-03-17
P001179,I006021,Travel,155.79,GBP,197.85,2025-06-06
P001180,I006053,Meals,197.42,EUR,215.19,2024-07-21
P001181,I006802,Honoraria,844.54,JPY,5.66,2025-07-23
P001182,I002381,Meals,70.58,INR,0.85,2025-03-30
P001183,I006178,Travel,158.89,jpy,1.06,2024-12-21
P001184,I008500,Meals,70.52,CAD,52.18,2024-02-24
P001185,I005735,Honoraria,478.77,INR,5.75,2025-03-27
P001186,I001030,Meals,79.61,USD,79.61,2025-06-01
P001187,I001694,Travel,231.66,GBP,294.21,2024-06-02
P001188,I002307,Travel,256.72,EUR,279.82,2025-07-09
P001189,I006374,Meals,24.46,EUR,26.66,2024-12-29
P001190,I001177,Honoraria,982.58,EUR,1071.01,2024-11-05
P001191,I004487,Meals,18.73,USD,18.73,2024-03-10
P001192,I006708,Meals,58.62,USD,58.62,2024-08-11
P001193,I007515,Travel,190.17,EUR,207.29,2024-10-27
P001194,I003669,Meals,66.9,INR,0.8,2024-12-27
P001195,I003449,Venue/AV,2028.54,EUR,2211.11,2025-06-22
P001196,I001206,Meals,81.84,MXN,4.75,2024-12-19
P001197,I000691,Meals,236.47,INR,2.84,2025-03-18
P001198,I003052,Lodging,477.86,JPY,3.2,2025-05-04
P001199,I000874,Meals,94.95,MXN,5.51,2025-07-02
P001200,I003974,Meals,71.23,GBP,90.46,2024-12-19
P001201,I001191,Travel,1077.34,CAD,797.23,2024-03-06
P001202,I005138,Honoraria,2145.59,BRL,429.12,2024-05-28
P001203,I006725,Travel,253.58,BRL,50.72,2025-05-16
P001204,I004287,Lodging,215.98,USD,215.98,2025-07-05
P001205,I004926,Travel,372.64,EUR,406.18,2025-07-28
P001206,I006654,Venue/AV,2519.47,JPY,16.88,2024-05-02
P001207,I001092,Lodging,398.42,INR,4.78,2024-02-16
P001208,I001313,Travel,169.38,EUR,184.62,2024-06-03
P001209,I000873,Travel,206.31,MXN,11.97,2025-08-09
P001210,I006208,Meals,50.64,BRL,10.13,2025-01-02
P001211,I000992,Travel,335.19,EUR,365.36,2025-07-19
P001212,I004744,Honoraria,2736.71,USD,2736.71,2024-09-13
P001213,I006819,Travel,214.46,BRL,42.89,2025-06-20
P001214,I003886,Venue/AV,1291.36,JPY,8.65,2024-12-05
P001215,I001420,Honoraria,576.81,BRL,115.36,2024-04-18
P001216,I006696,Meals,26.39,MXN,1.53,2024-09-11
P001217,I000602,Meals,85.36,BRL,17.07,2024-10-24
P001218,I006510,Travel,3050.12,BRL,610.02,2024-03-25
P001219,I005729,Travel,121.29,INR,1.46,2025-01-03
P001220,I004320,Lodging,614.61,USD,614.61,2025-02-17
P001221,I003496,Travel,331.03,USD,331.03,2024-08-05
P001222,I002051,Travel,192.05,MXN,11.14,2025-06-27
P001223,I005707,Lodging,1013.06,MXN,58.76,2024-09-12
P001224,I003821,Meals,56.27,MXN,3.26,2024-01-27
P001225,I002901,Meals,28.06,EUR,30.59,2024-06-27
P001226,I006213,Honoraria,1873.45,MXN,,2025-01-30
P001227,I000406,Meals,187.16,BRL,37.43,2025-07-28
P001228,I000863,Travel,419.88,inr,5.04,2024-12-14
P001229,I006088,Honoraria,554.52,EUR,,2024-05-22
P001230,I006581,Travel,275.55,MXN,15.98,2024-03-09
P001231,I002960,Meals,129.86,JPY,0.87,2025-04-07
P001232,I006512,Honoraria,345.19,MXN,20.02,2024-10-19
P001233,I001355,Travel,306.09,USD,306.09,2024-09-13
P001234,I002224,Honoraria,1397.21,BRL,279.44,2025-04-28
P001235,I001172,Travel,411.38,GBP,522.45,2024-03-12
P001236,I000835,Meals,52.17,USD,52.17,2025-03-25
P001237,I000697,Meals,61.06,CAD,45.18,2025-06-15
P001238,I005772,Honoraria,1315.91,EUR,1434.34,2024-09-26
P001239,I001230,Venue/AV,3089.99,MXN,179.22,2024-09-14
P001240,I001055,Meals,76.68,USD,76.68,2024-07-28
P001241,I001793,Meals,36.83,USD,36.83,2025-03-24
P001242,I000899,Travel,433.1,BRL,86.62,2024-11-01
P001243,I002537,Venue/AV,2871.17,GBP,3646.39,2024-10-21
P001244,I002995,Meals,80.38,CAD,59.48,2025-03-14
P001245,I004089,Lodging,572.09,BRL,114.42,2024-02-24
P001246,I002688,Travel,334.05,USD,334.05,2024-08-18
P001247,I003093,Travel,559.5,USD,559.5,2025-03-30
P001248,I001597,Meals,191.56,JPY,1.28,2025-06-10
P001249,I002060,Meals,25.78,EUR,28.1,2025-05-14
P001250,I003641,Meals,89.12,EUR,97.14,2024-09-29
P001251,I005798,Meals,86.6,EUR,94.39,2025-01-05
P001252,I004229,Meals,84.98,CAD,62.89,2025-02-17
P001253,I003694,Meals,97.9,EUR,106.71,2025-03-02
P001254,I004224,Meals,31.61,USD,31.61,2024-11-16
P001255,I002754,Meals,104.17,GBP,132.3,2024-07-29
P001256,I005816,Travel,423.06,GBP,537.29,2024-08-12
P001257,I006782,Meals,37.38,BRL,7.48,2025-02-02
P001258,I010844,Honoraria,424.38,MXN,24.61,2025-07-13
P001259,I000166,Travel,158.11,EUR,172.34,2025-01-12
P001260,I005515,Travel,436.7,brl,87.34,2024-06-11
P001261,I003274,Travel,217.06,INR,2.6,2024-03-21
P001262,I001227,Meals,89.07,inr,1.07,2025-07-01
P001263,I001325,Travel,447.63,inr,5.37,2024-05-15
P001264,I005964,Meals,23.17,CAD,17.15,2024-09-17
P001265,I006101,Honoraria,1794.13,USD,1794.13,2025-04-08
P001266,I006120,Travel,430.18,EUR,468.9,2025-05-08
P001267,I003802,Lodging,323.43,CAD,239.34,2024-03-15
P001268,I000067,Travel,420.55,MXN,24.39,2024-08-05
P001269,I000401,Honoraria,998.37,CAD,738.79,2024-11-07
P001270,I001162,Meals,119.15,EUR,129.87,2025-07-07
P001271,I005975,Meals,223.28,JPY,1.5,2024-02-20
P001272,I000890,Travel,234.8,BRL,46.96,2024-05-10
P001273,I003370,Honoraria,593.72,MXN,34.44,2024-06-22
P001274,I000865,Meals,82.44,GBP,104.7,2024-07-17
P001275,I001957,Meals,49.27,EUR,53.7,2024-02-10
P001276,I000863,Travel,286.92,JPY,1.92,2024-12-31
P001277,I004335,Meals,103.71,JPY,0.69,2025-04-09
P001278,I001545,Lodging,486.17,INR,,2025-01-14
P001279,I005161,Venue/AV,1369.05,EUR,1492.26,2024-12-18
P001280,I000554,Meals,50.74,EUR,55.31,2024-09-19
P001281,I005979,Meals,59.6,EUR,64.96,2024-10-05
P001282,I000581,Meals,39.25,EUR,42.78,2024-11-08
P001283,I006454,Travel,469.86,JPY,,2024-05-07
P001284,I004111,Meals,74.17,INR,0.89,2024-07-26
P001285,I003669,Meals,55.68,JPY,0.37,2024-12-22
P001286,I001106,Honoraria,772.39,USD,772.39,2025-04-01
P001287,I000327,Meals,123.67,CAD,91.52,2025-01-23
P001288,I002886,Meals,41.92,MXN,2.43,2025-04-02
P001289,I001619,Travel,492.88,JPY,3.3,2025-04-20
P001290,I002115,Meals,63.33,INR,0.76,2025-05-01
P001291,I002404,Venue/AV,3129.41,EUR,3411.06,2024-08-24
P001292,I005233,Travel,1114.52,EUR,1214.83,2024-09-12
P001293,I004550,Honoraria,2395.97,MXN,138.97,2024-08-09
P001294,I006558,Travel,92.3,INR,1.11,2024-05-10
P001295,I002786,Meals,104.01,CAD,76.97,2024-09-01
P001296,I000064,Honoraria,1721.95,USD,1721.95,2025-03-12
P001297,I002254,Meals,27.04,JPY,0.18,2025-05-07
P001298,I001992,Honoraria,715.63,INR,8.59,2025-05-02
P001299,I002284,Meals,95.58,BRL,19.12,2025-05-13
P001300,I011566,Honoraria,1349.77,USD,1349.77,2024-08-14
P001301,I001570,Meals,98.66,GBP,125.3,2024-04-02
P001302,I002765,Meals,106.59,EUR,116.18,2024-06-13
P001303,I002708,Travel,513.5,JPY,3.44,2024-05-07
P001304,I003816,Meals,64.78,mxn,3.76,2024-11-16
P001305,I002028,Meals,240.43,MXN,13.94,2024-09-28
P001306,I001776,Honoraria,3512.23,INR,42.15,2024-09-30
P001307,I005045,Meals,44.65,EUR,48.67,2024-11-02
P001308,I003924,Travel,341.76,INR,4.1,2025-03-21
P001309,I003954,Meals,56.49,EUR,61.57,2024-09-01
P001310,I004521,Honoraria,837.46,eur,912.83,2024-01-23
P001311,I002272,Venue/AV,2394.85,BRL,478.97,2025-01-13
P001312,I003118,Travel,2847.55,EUR,3103.83,2025-06-29
P001313,I001963,Meals,47.47,JPY,0.32,
P001314,I003929,Travel,137.13,INR,1.65,2024-07-21
P001315,I001358,Meals,165.02,INR,1.98,2025-02-10
P001316,I003893,Meals,87.97,USD,87.97,2024-08-24
P001317,I001357,Travel,1657.09,CAD,1226.25,2024-12-20
P001318,I004115,Honoraria,1835.98,EUR,2001.22,2025-05-13
P001319,I006948,Lodging,491.68,EUR,535.93,2024-09-21
P001320,I004108,Meals,41.88,EUR,45.65,2024-03-10
P001321,I004336,Honoraria,862.66,GBP,1095.58,2024-04-02
P001322,I004990,Meals,107.09,EUR,116.73,2025-01-04
P001323,I004875,Honoraria,2310.63,BRL,462.13,2024-07-11
P001324,I006841,Meals,21.03,EUR,22.92,2024-06-14
P001325,I000201,Travel,416.81,MXN,24.17,2024-05-11
P001326,I004053,Honoraria,1955.94,MXN,113.44,2025-05-13
P001327,I002698,Venue/AV,3748.13,USD,3748.13,2024-05-05
P001328,I004288,Meals,129.78,USD,129.78,2024-02-12
P001329,I000237,Honoraria,1876.99,USD,1876.99,2024-06-29
P001330,I001315,Meals,80.91,JPY,0.54,2024-03-09
P001331,I001170,Lodging,613.3,BRL,122.66,2024-12-31
P001332,I006161,Travel,384.26,BRL,76.85,2024-06-26
P001333,I006590,Honoraria,719.51,GBP,913.78,2024-01-26
P001334,I000148,Meals,27.98,JPY,0.19,2024-07-15
P001335,I003593,Meals,54.85,BRL,10.97,2024-06-17
P001336,I003608,Meals,66.45,JPY,0.45,2025-06-02
P001337,I005527,Meals,66.51,BRL,13.3,2024-11-06
P001338,I002372,Meals,119.54,GBP,151.82,2025-05-15
P001339,I003921,Honoraria,1826.15,EUR,1990.5,2024-03-19
P001340,I000990,Travel,379.05,INR,4.55,2024-10-04
P001341,I000988,Meals,49.44,CAD,36.59,2024-03-16
P001342,I005267,Honoraria,1660.99,GBP,2109.46,2024-09-14
P001343,I002577,Lodging,880.44,EUR,959.68,2025-05-19
P001344,I006225,Honoraria,710.85,CAD,526.03,2024-02-27
P001345,I000910,Travel,310.77,MXN,18.02,2025-05-11
P001346,I004607,Meals,59.13,EUR,64.45,2024-05-20
P001347,I006392,Lodging,125.84,EUR,137.17,2025-07-01
P001348,I000837,Meals,71.18,EUR,77.59,2024-06-02
P001349,I005707,Lodging,290.58,BRL,58.12,2024-08-09
P001350,I002489,Travel,416.65,EUR,454.15,2025-03-07
P001351,I003983,Meals,41.43,USD,41.43,2025-03-13
P001352,I005380,Meals,79.25,EUR,86.38,2024-06-29
P001353,I001100,Lodging,471.67,USD,471.67,2025-01-04
P001354,I006753,Meals,72.08,EUR,78.57,2025-05-25
P001355,I001618,Travel,339.47,MXN,19.69,2024-06-10
P001356,I004225,Lodging,399.36,BRL,79.87,2024-01-17
P001357,I000288,Meals,33.36,EUR,36.36,2024-01-22
P001358,I001623,Meals,53.48,EUR,58.29,2024-02-24
P001359,I001221,Travel,301.85,CAD,223.37,2025-01-24
P001360,I006163,Meals,135.68,INR,1.63,2025-04-05
P001361,I006099,Meals,150.58,MXN,8.73,2024-04-22
P001362,I003630,Meals,51.22,JPY,0.34,2025-05-29
P001363,I004079,Meals,103.05,EUR,112.32,2024-05-01
P001364,I006206,Travel,332.97,USD,332.97,2025-03-25
P001365,I003152,Travel,1219.84,MXN,,2024-11-07
P001366,I003401,Honoraria,3597.64,GBP,4569.0,2024-08-02
P001367,I000539,Meals,71.6,INR,0.86,2024-10-23
P001368,I005894,Honoraria,910.27,GBP,1156.04,2024-05-09
P001369,I002960,Meals,48.48,JPY,0.32,2025-05-09
P001370,I000702,Honoraria,876.16,EUR,955.01,2024-09-04
P001371,I000914,Honoraria,1409.02,EUR,1535.83,2024-03-31
P001372,I000902,Travel,313.27,CAD,231.82,2024-06-02
P001373,I004725,Meals,49.94,MXN,2.9,2024-11-25
P001374,I002030,Meals,135.08,GBP,171.55,2024-07-07
P001375,I005071,Lodging,1025.13,CAD,758.6,2024-09-28
P001376,I006322,Meals,41.34,INR,0.5,2024-04-27
P001377,I006354,Meals,36.53,MXN,2.12,2024-07-13
P001378,I001293,Meals,106.61,INR,1.28,2025-02-05
P001379,I005387,Meals,66.48,BRL,13.3,2024-03-23
P001380,I006824,Honoraria,1017.08,MXN,58.99,2024-11-06
P001381,I001700,Meals,40.37,EUR,44.0,2024-04-25
P001382,I000304,Travel,286.56,MXN,16.62,2024-12-10
P001383,I000111,Meals,85.11,MXN,4.94,2024-10-14
P001384,I000133,Travel,402.72,JPY,2.7,2024-08-21
P001385,I000459,Honoraria,1221.66,JPY,8.19,2025-05-22
P001386,I000076,Travel,7827.97,GBP,9941.52,2024-11-09
P001387,I005374,Lodging,273.23,INR,3.28,2024-09-11
P001388,I004756,Travel,321.75,EUR,350.71,2024-02-29
P001389,I000862,Travel,387.06,EUR,421.9,2024-07-05
P001390,I005661,Travel,196.41,CAD,145.34,2024-06-05
P001391,I002061,Venue/AV,5303.04,USD,5303.04,2024-02-06
P001392,I002622,Honoraria,4647.88,eur,5066.19,2025-03-26
P001393,I003310,Meals,73.86,INR,0.89,2025-06-16
P001394,I005734,Meals,76.47,EUR,83.35,2025-06-03
P001395,I003293,Meals,108.92,INR,1.31,2025-01-01
P001396,I004152,Lodging,599.12,BRL,119.82,2024-12-08
P001397,I001930,Travel,981.35,BRL,196.27,2024-11-16
P001398,I001901,Honoraria,1093.84,CAD,809.44,2024-04-14
P001399,I000185,Honoraria,1294.23,BRL,258.85,2025-01-03
P001400,I002129,Lodging,474.17,CAD,350.89,2024-06-22
P001401,I005312,Travel,311.56,GBP,395.68,2024-10-25
P001402,I002369,Honoraria,2479.06,INR,29.75,2024-09-10
P001403,I000976,Meals,174.82,JPY,1.17,2024-03-11
P001404,I007563,Venue/AV,2884.73,GBP,3663.61,2024-11-18
P001405,I002343,Meals,132.6,USD,132.6,2025-03-23
P001406,I000372,Venue/AV,5547.35,INR,66.57,2024-06-25
P001407,I006172,Travel,118.91,MXN,6.9,2025-07-31
P001408,I004528,Travel,424.13,INR,5.09,2025-05-27
P001409,I003784,Meals,163.01,MXN,9.45,2024-10-15
P001410,I005722,Travel,103.44,CAD,76.55,2025-03-06
P001411,I004131,Meals,196.35,USD,196.35,2025-04-04
P001412,I003480,Meals,131.52,MXN,7.63,2024-05-09
P001413,I000522,Travel,1122.56,MXN,65.11,2024-02-04
P001414,I003196,Meals,146.95,USD,146.95,2024-03-25
P001415,I002849,Meals,154.04,CAD,113.99,2024-08-23
P001416,I000678,Meals,65.2,BRL,13.04,2025-03-07
P001417,I006819,Venue/AV,2574.43,MXN,149.32,2025-07-16
P001418,I003959,Travel,334.29,BRL,66.86,2024-04-17
P001419,I005255,Honoraria,643.88,INR,7.73,2024-09-06
P001420,I008546,Lodging,232.16,EUR,253.05,2025-01-08
P001421,I005265,Venue/AV,1189.77,BRL,237.95,2024-03-17
P001422,I004488,Lodging,1127.03,BRL,225.41,2024-04-02
P001423,I005220,Travel,1170.7,JPY,,2024-06-10
P001424,I001607,Meals,86.16,GBP,109.42,2024-12-23
P001425,I005900,Travel,270.17,USD,270.17,2024-12-19
P001426,I003700,Travel,133.78,INR,1.61,2025-02-20
P001427,I002911,Travel,874.17,GBP,1110.2,2024-12-07
P001428,I003048,Meals,107.95,GBP,,2024-07-27
P001429,I002277,Lodging,304.3,INR,3.65,2024-09-14
P001430,I005714,Meals,143.66,USD,143.66,2025-06-13
P001431,I000697,Travel,211.22,MXN,12.25,2025-05-10
P001432,I004976,Travel,1618.23,USD,1618.23,2025-07-09
P001433,I002350,Honoraria,1216.07,CAD,899.89,2025-01-11
P001434,I006346,Travel,301.37,USD,301.37,2024-12-28
P001435,I005088,Meals,33.84,JPY,0.23,2024-03-25
P001436,I001314,Meals,65.61,EUR,71.51,2024-08-19
P001437,I006250,Meals,46.46,GBP,59.0,2024-12-01
P001438,I006038,Lodging,983.42,EUR,,2024-04-28
P001439,I001692,Lodging,972.39,CAD,719.57,2025-01-02
P001440,I006071,Meals,117.5,BRL,23.5,2024-10-24
P001441,I004456,Honoraria,1569.0,JPY,10.51,2024-09-20
P001442,I005392,Meals,91.98,EUR,100.26,2025-06-15
P001443,I003151,Meals,71.17,EUR,77.58,2024-08-12
P001444,I006439,Honoraria,1087.51,CAD,804.76,2024-05-17
P001445,I004080,Travel,1070.27,EUR,1166.59,2025-01-30
P001446,I005241,Meals,144.42,EUR,157.42,2024-10-07
P001447,I001755,Meals,36.75,CAD,27.2,2024-05-31
P001448,I005872,Venue/AV,1118.15,GBP,,2024-06-13
P001449,I001689,Meals,55.23,CAD,40.87,2024-06-27
P001450,I001963,Travel,528.93,inr,6.35,2025-04-13
P001451,I001542,Travel,665.05,GBP,844.61,2024-10-20
P001452,I005657,Honoraria,883.54,BRL,176.71,2025-04-23
P001453,I006039,Lodging,522.16,USD,522.16,2024-06-02
P001454,I000750,Meals,126.52,MXN,7.34,2024-06-28
P001455,I011610,Travel,148.49,USD,148.49,2024-07-29
P001456,I000089,Meals,63.92,USD,63.92,2024-10-16
P001457,I002874,Meals,86.44,EUR,94.22,2024-10-24
P001458,I004109,Honoraria,711.36,MXN,41.26,2024-02-04
P001459,I004285,Venue/AV,4327.27,CAD,3202.18,2025-03-02
P001460,I006948,Meals,42.71,EUR,46.55,2024-10-12
P001461,I003294,Meals,58.96,INR,0.71,2024-04-30
P001462,I006239,Travel,518.06,USD,518.06,2024-12-21
P001463,I000843,Meals,119.69,JPY,0.8,2024-07-19
P001464,I005618,Travel,232.94,GBP,295.83,2025-01-08
P001465,I006780,Meals,106.77,BRL,21.35,2025-06-25
P001466,I002336,Honoraria,1181.22,gbp,1500.15,2024-02-19
P001467,I003201,Meals,191.01,USD,191.01,2024-02-15
P001468,I002362,Lodging,347.05,CAD,256.82,2025-03-07
P001469,I006973,Travel,509.47,USD,509.47,2025-03-23
P001470,I003338,Lodging,275.11,MXN,15.96,2025-01-21
P001471,I000324,Meals,53.62,GBP,68.1,2024-04-21
P001472,I002274,Lodging,338.99,JPY,2.27,2024-07-27
P001473,I002084,Honoraria,2132.89,USD,2132.89,2024-10-21
P001474,I000823,Travel,293.07,GBP,372.2,2024-04-11
P001475,I006515,Honoraria,1947.89,EUR,2123.2,2024-10-27
P001476,I006280,Travel,829.44,GBP,1053.39,2024-02-14
P001477,I003011,Honoraria,469.55,MXN,27.23,2024-03-15
P001478,I002826,Meals,45.96,GBP,58.37,2025-06-15
P001479,I000012,Meals,30.26,BRL,6.05,2025-05-11
P001480,I001636,Meals,304.16,MXN,17.64,2025-03-20
P001481,I004478,Meals,305.95,EUR,333.49,2024-06-16
P001482,I003769,Lodging,210.43,USD,210.43,2024-09-05
P001483,I004481,Travel,243.17,EUR,265.06,2024-06-29
P001484,I002875,Meals,35.79,USD,35.79,2025-05-16
P001485,I003887,Honoraria,1434.04,CAD,1061.19,2025-06-29
P001486,I001467,Meals,52.31,EUR,57.02,2025-01-03
P001487,I003454,Travel,346.44,GBP,439.98,2024-06-25
P001488,I001868,Meals,90.49,INR,1.09,2025-02-23
P001489,I004225,Meals,27.9,USD,27.9,2024-02-18
P001490,I001492,Meals,53.13,BRL,10.63,2024-12-13
P001491,I006919,Honoraria,1580.91,MXN,91.69,2025-06-30
P001492,I005854,Meals,90.72,BRL,18.14,2024-09-07
P001493,I002303,Honoraria,350.11,JPY,2.35,2024-05-20
P001494,I004594,Meals,90.02,EUR,98.12,2024-01-13
P001495,I000705,Meals,39.54,CAD,29.26,2024-04-21
P001496,I002550,Meals,135.63,MXN,7.87,2024-02-09
P001497,I001114,Travel,239.37,BRL,47.87,2024-06-24
P001498,I001531,Travel,410.52,INR,4.93,2024-08-10
P001499,I006494,Travel,119.05,EUR,129.76,2025-06-18
P001500,I002070,Travel,141.3,USD,141.3,2024-12-31
P001501,I006174,Travel,133.79,MXN,7.76,2024-02-14
P001502,I003623,Honoraria,960.85,MXN,55.73,2024-02-04
P001503,I005012,Travel,651.52,USD,651.52,2024-11-21
P001504,I006747,Lodging,800.86,CAD,592.64,2025-06-15
P001505,I002984,Meals,150.13,EUR,163.64,2025-01-27
P001506,I003792,Meals,46.05,GBP,58.48,2025-06-21
P001507,I003650,Honoraria,1656.93,JPY,11.1,2024-12-10
P001508,I005066,Lodging,233.2,JPY,1.56,2024-07-21
P001509,I006334,Honoraria,2566.64,MXN,148.87,2024-04-10
P001510,I000695,Meals,34.67,JPY,0.23,2024-12-30
P001511,I003500,Travel,357.56,USD,357.56,2024-08-08
P001512,I005650,Meals,77.53,BRL,15.51,2024-04-28
P001513,I002370,Travel,393.54,CAD,291.22,2024-12-20
P001514,I001214,Honoraria,795.9,JPY,5.33,2025-01-20
P001515,I001990,Meals,16.28,INR,0.2,2025-03-15
P001516,I006543,Travel,267.42,INR,3.21,2024-04-19
P001517,I000481,Meals,111.74,BRL,22.35,2024-06-19
P001518,I002066,Travel,172.23,USD,172.23,2025-06-22
P001519,I002350,Lodging,269.29,MXN,15.62,2025-02-05
P001520,I005657,Travel,363.92,USD,363.92,2025-05-19
P001521,I000487,Meals,154.79,CAD,114.54,2024-10-25
P001522,I005938,Honoraria,679.33,EUR,740.47,2024-10-22
P001523,I000528,Meals,185.6,BRL,37.12,2025-05-04
P001524,I001941,Travel,367.75,CAD,272.13,2025-03-20
P001525,I000091,Honoraria,5463.17,EUR,5954.86,2024-03-30
P001526,I004423,Travel,793.88,BRL,158.78,2024-03-14
P001527,I000122,Meals,51.53,MXN,2.99,2024-04-25
P001528,I000697,Honoraria,688.44,BRL,137.69,2025-05-16
P001529,I002075,Travel,251.33,BRL,50.27,2025-06-15
P001530,I005774,Travel,198.03,EUR,215.85,2024-11-25
P001531,I006183,Travel,861.24,BRL,172.25,2024-08-07
P001532,I000547,Honoraria,737.68,JPY,4.94,2025-04-17
P001533,I004416,Travel,322.28,BRL,64.46,2024-09-10
P001534,I005543,Travel,181.55,MXN,10.53,2025-05-23
P001535,I000451,Lodging,2843.2,EUR,3099.09,2024-11-30
P001536,I007458,Honoraria,622.18,MXN,36.09,2024-08-22
P001537,I005040,Honoraria,776.9,JPY,5.21,2025-03-14
P001538,I006340,Honoraria,1337.57,MXN,77.58,2024-06-05
P001539,I003314,Lodging,673.01,JPY,4.51,2024-05-26
P001540,I000513,Meals,84.79,GBP,107.68,2024-03-03
P001541,I002240,Honoraria,1439.6,EUR,1569.16,2024-05-11
P001542,I004956,Travel,426.91,JPY,2.86,2024-03-29
P001543,I003674,Meals,59.45,EUR,64.8,2025-01-03
P001544,I002003,Travel,268.47,USD,268.47,2024-06-12
P001545,I000809,Travel,509.41,CAD,376.96,2025-05-26
P001546,I006976,Meals,67.96,BRL,13.59,2025-06-28
P001547,I002924,Honoraria,216.0,BRL,43.2,2025-01-04
P001548,I002113,Meals,140.87,CAD,104.24,2024-10-12
P001549,I005234,Meals,64.07,USD,64.07,2025-05-04
P001550,I001708,Honoraria,652.94,EUR,711.7,2024-04-12
P001551,I001331,Venue/AV,1203.27,EUR,1311.56,2024-05-10
P001552,I005575,Meals,50.45,USD,50.45,2025-04-01
P001553,I006419,Honoraria,662.23,EUR,721.83,2024-06-06
P001554,I001921,Meals,91.2,INR,1.09,2024-07-07
P001555,I002508,Meals,87.79,BRL,17.56,2024-05-19
P001556,I005643,Travel,356.55,JPY,2.39,2024-09-17
P001557,I001543,Meals,44.65,BRL,8.93,2024-09-05
P001558,I000732,Lodging,247.58,BRL,49.52,2024-08-30
P001559,I004750,Meals,100.34,INR,1.2,2024-10-29
P001560,I005100,Travel,602.28,GBP,764.9,2024-09-18
P001561,I000593,Travel,174.42,EUR,190.12,2025-01-08
P001562,I006761,Travel,697.18,CAD,515.91,2025-02-08
P001563,I002156,Meals,89.44,BRL,,
P001564,I001177,Honoraria,921.41,EUR,1004.34,2024-11-12
P001565,I006667,Lodging,294.24,USD,294.24,2024-09-28
P001566,I002474,Travel,494.77,EUR,539.3,2024-08-09
P001567,I004788,Meals,220.89,BRL,44.18,2025-03-08
P001568,I005192,Meals,73.34,EUR,79.94,2025-01-09
P001569,I006309,Honoraria,3172.08,GBP,4028.54,2025-03-03
P001570,I000528,Travel,584.73,MXN,33.91,2025-04-30
P001571,I003255,Travel,358.36,INR,4.3,2024-05-07
P001572,I001431,Honoraria,1547.57,EUR,1686.85,2024-05-23
P001573,I005029,Honoraria,1048.93,INR,12.59,2025-06-21
P001574,I002898,Honoraria,846.41,eur,922.59,2024-05-31
P001575,I006035,Travel,548.29,JPY,3.67,2024-03-10
P001576,I002797,Honoraria,1047.14,EUR,1141.38,2024-12-08
P001577,I001239,Venue/AV,3435.14,EUR,3744.3,2024-04-25
P001578,I003756,Meals,97.51,BRL,19.5,2024-07-13
P001579,I004390,Meals,59.42,EUR,64.77,2024-03-26
P001580,I001088,Honoraria,1931.66,BRL,386.33,2024-07-25
P001581,I006293,Honoraria,618.07,USD,618.07,2025-01-01
P001582,I011248,Travel,447.22,GBP,567.97,2024-07-31
P001583,I006532,Venue/AV,1410.12,INR,16.92,2025-04-27
P001584,I006535,Venue/AV,2295.1,CAD,1698.37,2024-05-13
P001585,I003276,Travel,227.24,CAD,168.16,2025-07-11
P001586,I006930,Honoraria,547.47,INR,6.57,2024-08-04
P001587,I001014,Meals,47.7,mxn,2.77,2024-06-30
P001588,I005070,Meals,51.84,EUR,56.51,2024-10-30
P001589,I001193,Meals,162.64,JPY,1.09,2024-07-21
P001590,I004280,Travel,503.87,CAD,372.86,2024-03-23
P001591,I000678,Meals,109.46,BRL,,2025-03-24
P001592,I006798,Meals,103.11,BRL,20.62,2024-07-25
P001593,I002050,Meals,83.64,USD,83.64,2024-03-18
P001594,I000896,Meals,61.28,BRL,12.26,2024-12-14
P001595,I001433,Meals,49.53,GBP,62.9,2024-10-19
P001596,I006892,Lodging,569.58,INR,6.83,2025-07-23
P001597,I003405,Honoraria,808.2,CAD,598.07,2025-06-16
P001598,I000453,Travel,279.45,CAD,206.79,2025-01-04
P001599,I006903,Lodging,220.68,GBP,280.26,2024-01-26
P001600,I000703,Lodging,302.95,EUR,,2024-04-20
P001601,I001019,Travel,481.32,EUR,524.64,2024-12-06
P001602,I003112,Travel,2409.46,EUR,2626.31,2024-12-25
P001603,I001587,Venue/AV,2440.94,MXN,141.57,2024-09-14
P001604,I000799,Honoraria,1382.17,JPY,9.26,2025-05-01
P001605,I000761,Honoraria,1327.8,EUR,,2025-08-08
P001606,I004060,Travel,274.1,EUR,298.77,2025-07-05
P001607,I006214,Venue/AV,1795.33,MXN,104.13,2024-09-18
P001608,I001658,Travel,1226.31,EUR,1336.68,2025-03-28
P001609,I002838,Meals,64.04,MXN,3.71,2025-07-19
P001610,I002726,Lodging,442.77,JPY,2.97,2024-02-12
P001611,I002064,Travel,389.16,CAD,287.98,2024-07-29
P001612,I002966,Meals,67.63,JPY,0.45,2025-06-23
P001613,I002564,Meals,66.44,BRL,13.29,2024-05-10
P001614,I006907,Venue/AV,1928.42,INR,23.14,2024-07-08
P001615,I001153,Travel,252.99,CAD,187.21,2025-04-20
P001616,I006497,Meals,55.51,MXN,3.22,2025-02-18
P001617,I001414,Meals,231.22,MXN,13.41,2024-02-12
P001618,I001161,Travel,218.83,MXN,12.69,2024-07-18
P001619,I000766,Meals,70.29,CAD,52.01,2024-09-02
P001620,I004198,Meals,75.77,CAD,56.07,2025-07-14
P001621,I000863,Meals,52.14,INR,0.63,2024-12-16
P001622,I004003,Honoraria,1389.75,JPY,9.31,2024-06-14
P001623,I001372,Meals,100.59,EUR,109.64,2024-09-25
P001624,I002641,Lodging,1152.38,GBP,1463.52,2024-11-08
P001625,I003412,Honoraria,813.52,BRL,162.7,2025-07-11
P001626,I002373,Honoraria,1432.1,EUR,1560.99,2025-03-01
P001627,I004700,Honoraria,499.88,BRL,99.98,2024-10-02
P001628,I000372,Meals,84.83,INR,1.02,2024-06-11
P001629,I005875,Travel,463.88,GBP,589.13,2024-05-16
P001630,I000058,Lodging,305.41,GBP,387.87,2024-11-10
P001631,I004829,Travel,336.27,EUR,366.53,2024-09-13
P001632,I008570,Travel,553.97,JPY,3.71,2024-08-01
P001633,I000535,Travel,408.99,GBP,519.42,2024-07-25
P001634,I005283,Meals,127.19,USD,127.19,2025-03-08
P001635,I000346,Meals,122.99,EUR,134.06,2024-05-26
P001636,I004624,Meals,105.05,BRL,21.01,2024-10-15
P001637,I004201,Meals,35.86,GBP,45.54,2024-01-23
P001638,I001845,Honoraria,2158.82,CAD,,2024-12-17
P001639,I004076,Lodging,1641.57,BRL,328.31,2025-06-12
P001640,I002545,Travel,75.89,EUR,82.72,2024-10-08
P001641,I006284,Honoraria,1559.1,jpy,10.45,2024-09-21
P001642,I006768,Lodging,723.14,CAD,535.12,2025-02-15
P001643,I002658,Meals,69.34,EUR,75.58,2024-11-11
P001644,I005530,Meals,127.28,EUR,138.74,2024-04-18
P001645,I002112,Travel,203.17,EUR,221.46,2024-08-01
P001646,I000406,Meals,80.34,MXN,4.66,2025-07-05
P001647,I002678,Meals,79.05,eur,86.16,2024-11-27
P001648,I002212,Travel,482.56,EUR,525.99,2024-08-17
P001649,I005322,Meals,179.74,MXN,10.42,2024-06-09
P001650,I003080,Meals,77.16,JPY,0.52,2024-08-13
P001651,I006367,Honoraria,1360.71,BRL,272.14,2024-04-14
P001652,I005153,Venue/AV,1785.86,GBP,2268.04,2025-05-16
P001653,I003729,Meals,112.88,EUR,123.04,2024-11-30
P001654,I002871,Meals,20.84,INR,0.25,2024-02-23
P001655,I005366,Honoraria,673.4,JPY,4.51,2024-07-13
P001656,I003288,Travel,476.41,USD,476.41,2024-06-30
P001657,I006538,Lodging,321.59,MXN,18.65,2025-04-06
P001658,I002135,Honoraria,711.98,EUR,,2025-02-28
P001659,I001212,Lodging,145.92,BRL,29.18,2024-06-16
P001660,I005674,Meals,138.36,EUR,150.81,2024-06-16
P001661,I000839,Travel,793.37,GBP,1007.58,2024-10-15
P001662,I000706,Travel,78.56,INR,0.94,2024-05-12
P001663,I005813,Honoraria,973.5,MXN,56.46,2025-02-25
P001664,I002942,Honoraria,1576.67,BRL,315.33,2024-10-30
P001665,I003683,Meals,125.89,CAD,93.16,2025-01-26
P001666,I006502,Honoraria,1423.63,MXN,82.57,2025-02-03
P001667,I000425,Venue/AV,4798.35,BRL,959.67,2024-06-30
P001668,I003875,Meals,153.68,INR,1.84,2024-01-28
P001669,I004487,Meals,103.4,BRL,20.68,2024-02-11
P001670,I004288,Meals,46.26,USD,46.26,2024-02-21
P001671,I001246,Travel,1534.87,EUR,1673.01,2024-10-13
P001672,I001946,Travel,248.53,MXN,14.41,2024-04-21
P001673,I006888,Meals,155.22,JPY,1.04,2024-12-17
P001674,I002063,Honoraria,421.01,MXN,24.42,2025-02-28
P001675,I000169,Meals,81.0,CAD,59.94,2024-10-01
P001676,I004348,Meals,56.71,USD,56.71,2025-01-15
P001677,I006529,Meals,66.78,USD,66.78,2024-06-27
P001678,I002483,Honoraria,1318.31,EUR,1436.96,2024-01-17
P001679,I006207,Meals,142.21,GBP,180.61,2024-02-07
P001680,I001191,Travel,265.62,USD,265.62,2024-03-04
P001681,I000056,Travel,779.83,EUR,850.01,2024-04-18
P001682,I005320,Meals,175.81,JPY,1.18,2025-02-06
P001683,I003057,Travel,458.45,EUR,499.71,2025-04-18
P001684,I000414,Meals,38.94,BRL,7.79,2024-05-02
P001685,I003843,Meals,45.55,EUR,49.65,2024-12-06
P001686,I000393,Honoraria,448.05,EUR,488.37,2025-03-13
P001687,I003895,Meals,119.31,CAD,88.29,2025-02-25
P001688,I001031,Honoraria,2355.24,EUR,2567.21,2024-03-05
P001689,I001404,Meals,25.5,JPY,0.17,2025-05-04
P001690,I004323,Meals,146.46,BRL,29.29,2024-10-24
P001691,I001874,Travel,243.59,EUR,265.51,2024-02-01
P001692,I006509,Honoraria,1026.25,usd,1026.25,2025-01-05
P001693,I005323,Meals,60.23,CAD,44.57,2024-05-08
P001694,I005741,Travel,162.28,INR,1.95,2025-04-02
P001695,I002301,Meals,47.87,usd,47.87,2024-02-10
P001696,I002863,Travel,205.71,MXN,11.93,2025-06-16
P001697,I001789,Honoraria,445.73,EUR,,2024-10-27
P001698,I005403,Travel,190.66,CAD,141.09,2025-05-22
P001699,I001517,Honoraria,911.77,INR,10.94,2024-06-24
P001700,I002841,Honoraria,1357.83,EUR,1480.03,2024-10-08
P001701,I005093,Honoraria,684.39,BRL,136.88,2024-08-11
P001702,I000057,Travel,232.79,USD,232.79,2024-06-20
P001703,I005297,Venue/AV,3176.21,INR,38.11,2025-01-15
P001704,I003837,Meals,233.87,CAD,173.06,2025-02-03
P001705,I005505,Lodging,515.53,EUR,561.93,2024-04-06
P001706,I005077,Lodging,144.87,USD,144.87,2024-11-08
P001707,I006007,Meals,35.53,INR,0.43,2025-03-29
P001708,I000298,Meals,61.67,GBP,78.32,2024-09-07
P001709,I005088,Travel,168.25,INR,2.02,2024-04-12
P001710,I006525,Meals,174.39,EUR,190.09,2024-04-25
P001711,I006618,Venue/AV,2006.66,JPY,13.44,2025-05-18
P001712,I004955,Travel,236.97,MXN,13.74,2024-10-01
P001713,I006224,Travel,261.5,USD,261.5,2025-03-01
P001714,I002762,Lodging,132.34,MXN,7.68,2025-04-19
P001715,I001098,Meals,50.75,USD,50.75,2024-05-26
P001716,I001896,Honoraria,3710.15,EUR,4044.06,2025-01-12
P001717,I000955,Meals,69.21,JPY,0.46,2025-03-03
P001718,I002222,Venue/AV,1431.02,USD,1431.02,2024-01-27
P001719,I006490,Meals,25.71,EUR,28.02,2024-05-15
P001720,I000077,Meals,32.05,GBP,40.7,2024-07-19
P001721,I002968,Meals,83.18,JPY,0.56,2024-03-17
P001722,I000759,Meals,40.06,MXN,2.32,
P001723,I003752,Travel,217.2,MXN,12.6,2024-09-11
P001724,I003245,Meals,63.77,USD,63.77,2024-08-21
P001725,I000223,Lodging,804.31,CAD,595.19,2024-07-24
P001726,I004708,Honoraria,984.64,BRL,196.93,2024-07-14
P001727,I004656,Honoraria,809.36,EUR,882.2,2024-06-29
P001728,I000920,Meals,52.2,EUR,56.9,2024-08-13
P001729,I005030,Meals,35.12,USD,35.12,2025-01-22
P001730,I006577,Meals,29.63,GBP,37.63,2025-06-09
P001731,I000264,Lodging,182.57,BRL,36.51,2024-05-08
P001732,I000897,Meals,95.93,EUR,,2024-10-06
P001733,I006580,Meals,102.06,GBP,129.62,2024-08-29
P001734,I004225,Meals,216.62,BRL,43.32,2024-01-09
P001735,I001409,Honoraria,870.38,INR,10.44,2025-07-17
P001736,I003251,Meals,71.44,BRL,14.29,2025-06-30
P001737,I003724,Lodging,283.83,CAD,210.03,2024-02-25
P001738,I003809,Travel,582.93,EUR,635.39,2024-12-06
P001739,I004564,Meals,67.74,MXN,3.93,2024-10-07
P001740,I003035,Travel,372.76,MXN,21.62,2025-04-27
P001741,I000489,Meals,114.39,JPY,0.77,2024-12-09
P001742,I001089,Lodging,283.54,CAD,209.82,2025-07-01
P001743,I002489,Meals,29.52,EUR,32.18,2025-02-23
P001744,I004266,Meals,68.72,jpy,0.46,2024-08-13
P001745,I006619,Travel,409.85,JPY,2.75,2024-06-15
P001746,I004320,Meals,69.94,BRL,13.99,2025-02-02
P001747,I004818,Meals,94.09,CAD,69.63,2025-05-22
P001748,I003019,Meals,91.22,JPY,0.61,2025-06-25
P001749,I003027,Travel,399.21,EUR,435.14,2024-05-30
P001750,I004920,Lodging,278.77,CAD,206.29,2025-04-09
P001751,I001163,Travel,190.65,BRL,38.13,2024-09-11
P001752,I001530,Meals,163.06,INR,1.96,2024-10-16
P001753,I000719,Honoraria,1564.81,USD,1564.81,2024-01-28
P001754,I005358,Honoraria,1087.58,MXN,63.08,2025-02-02
P001755,I005048,Meals,97.37,MXN,5.65,2024-09-25
P001756,I000878,Meals,32.72,CAD,24.21,2024-02-08
P001757,I002700,Honoraria,1308.66,EUR,1426.44,2024-09-03
P001758,I003319,Lodging,887.0,MXN,51.45,2024-06-18
P001759,I004910,Travel,365.22,EUR,398.09,2025-02-21
P001760,I005521,Meals,118.71,EUR,129.39,2024-03-20
P001761,I003467,Honoraria,952.43,GBP,1209.59,2024-03-13
P001762,I004379,Meals,51.54,EUR,56.18,2025-03-15
P001763,I005249,Honoraria,633.22,INR,7.6,2024-05-31
P001764,I006304,Meals,119.15,EUR,129.87,2024-09-03
P001765,I006743,Honoraria,730.14,INR,8.76,2025-03-13
P001766,I005652,Meals,97.56,BRL,19.51,2025-02-10
P001767,I001679,Meals,36.71,JPY,0.25,2024-12-24
P001768,I006278,Travel,178.69,MXN,10.36,2025-07-13
P001769,I005626,Lodging,382.25,EUR,416.65,2024-07-18
P001770,I001684,Meals,79.51,CAD,58.84,2025-03-17
P001771,I003190,Meals,45.19,CAD,33.44,2025-03-23
P001772,I002493,Meals,106.32,BRL,21.26,2025-04-12
P001773,I006378,Lodging,584.5,GBP,742.32,2025-04-21
P001774,I002757,Meals,40.6,USD,40.6,2024-12-21
P001775,I000695,Meals,148.87,JPY,1.0,2025-01-03
P001776,I003187,Lodging,839.24,MXN,48.68,2024-06-12
P001777,I000451,Honoraria,653.47,EUR,712.28,2024-12-11
P001778,I000882,Lodging,376.03,EUR,409.87,2024-04-09
P001779,I001425,Honoraria,705.16,jpy,4.72,2024-09-02
P001780,I001614,Travel,816.79,EUR,890.3,2024-08-12
P001781,I003609,Meals,59.42,EUR,64.77,2025-05-03
P001782,I006882,Meals,250.92,USD,250.92,2025-02-04
P001783,I002126,Honoraria,420.69,MXN,24.4,2025-06-09
P001784,I003858,Meals,150.39,CAD,111.29,2025-03-16
P001785,I002357,Meals,47.16,JPY,0.32,2024/07/06
P001786,I002468,Meals,267.53,JPY,1.79,2024-05-22
P001787,I002785,Travel,639.59,BRL,127.92,2025-02-11
P001788,I004722,Travel,405.33,GBP,514.77,2025-07-05
P001789,I006764,Meals,80.08,JPY,0.54,2024-08-25
P001790,I002678,Meals,117.12,EUR,127.66,2024-12-05
P001791,I005249,Honoraria,1199.31,JPY,8.04,2024-05-28
P001792,I004656,Travel,503.4,GBP,639.32,2024-06-07
P001793,I002263,Venue/AV,2495.04,EUR,2719.59,2024-12-24
P001794,I004001,Travel,540.32,GBP,686.21,2025-02-24
P001795,I005308,Meals,116.74,GBP,148.26,2024-03-20
P001796,I002667,Honoraria,1141.17,EUR,1243.88,2024-06-08
P001797,I005960,Meals,37.92,EUR,41.33,2024-07-30
P001798,I006986,Honoraria,474.94,JPY,3.18,2024-07-07
P001799,I001481,Travel,969.78,EUR,1057.06,2025-05-12
P001800,I003699,Meals,68.87,EUR,75.07,2024-02-08
P001801,I000364,Honoraria,1821.63,BRL,364.33,2024-07-09
P001802,I001657,Meals,86.29,INR,1.04,2024-12-16
P001803,I003923,Meals,43.1,USD,43.1,2024-09-21
P001804,I006332,Meals,53.0,INR,0.64,2024-05-04
P001805,I004732,Meals,44.9,BRL,8.98,2024-11-20
P001806,I001683,Travel,165.03,CAD,122.12,2025-05-10
P001807,I000086,Meals,103.5,GBP,131.44,2024-08-05
P001808,I002600,Honoraria,3434.86,BRL,686.97,2024-12-19
P001809,I000769,Meals,152.64,MXN,8.85,2024-11-29
P001810,I003532,Honoraria,523.28,BRL,104.66,2024-02-06
P001811,I000043,Meals,41.01,INR,0.49,2025-06-23
P001812,I003185,Meals,54.68,INR,0.66,2025-06-17
P001813,I000103,Meals,38.08,EUR,41.51,2025-07-12
P001814,I003192,Travel,325.76,EUR,355.08,2024-02-27
P001815,I005211,Meals,60.16,EUR,65.57,2024-07-04
P001816,I004431,Lodging,406.82,INR,4.88,2025-06-14
P001817,I003793,Meals,96.41,EUR,105.09,2024-09-20
P001818,I003749,Travel,1349.92,INR,16.2,2025-03-19
P001819,I003912,Travel,580.89,GBP,737.73,2025-01-04
P001820,I001049,Meals,88.88,EUR,96.88,2025-05-09
P001821,I002796,Meals,59.79,BRL,11.96,2025-04-02
P001822,I000874,Meals,109.81,USD,109.81,2025-07-01
P001823,I005539,Meals,22.79,USD,22.79,2025-04-15
P001824,I003324,Lodging,180.16,EUR,196.37,2024-10-09
P001825,I002759,Travel,148.33,MXN,8.6,2024-06-17
P001826,I001204,Lodging,602.63,USD,602.63,2025-03-01
P001827,I001265,Travel,279.52,BRL,55.9,2024-11-10
P001828,I005340,Meals,137.24,EUR,149.59,2024-02-11
P001829,I004444,Meals,126.44,MXN,7.33,2024-12-04
P001830,I005459,Honoraria,559.51,USD,559.51,2025-04-29
P001831,I003310,Travel,416.14,INR,4.99,2025-07-13
P001832,I004176,Travel,84.47,JPY,0.57,2024-09-06
P001833,I004393,Lodging,228.85,INR,2.75,2024-09-13
P001834,I006320,Meals,152.04,BRL,30.41,2024-02-15
P001835,I000170,Travel,396.44,BRL,79.29,2025-05-13
P001836,I000412,Meals,61.32,BRL,12.26,2025-06-08
P001837,I003650,Meals,48.2,INR,0.58,2025-01-16
P001838,I005349,Meals,109.84,USD,109.84,2024-06-30
P001839,I000368,Travel,347.21,BRL,69.44,2024-10-13
P001840,I006234,Travel,105.53,EUR,115.03,2024-04-30
P001841,I000739,Honoraria,912.45,MXN,52.92,2025-06-20
P001842,I001893,Meals,64.02,USD,64.02,2024-02-13
P001843,I004659,Meals,12.23,GBP,15.53,2024-11-20
P001844,I001349,Meals,70.24,CAD,51.98,2024-01-27
P001845,I005914,Meals,139.61,EUR,152.17,2025-03-30
P001846,I001685,Lodging,509.72,JPY,3.42,2025-07-05
P001847,I005288,Lodging,1321.74,EUR,1440.7,2024-11-08
P001848,I001434,Lodging,191.12,USD,191.12,2024-09-20
P001849,I000653,Meals,39.73,GBP,50.46,2024-01-30
P001850,I005291,Venue/AV,1562.85,GBP,1984.82,2024-11-18
P001851,I003399,Lodging,560.29,MXN,32.5,2025-07-17
P001852,I005579,Travel,477.18,GBP,606.02,2024-08-18
P001853,I003356,Venue/AV,3551.91,EUR,3871.58,2024-11-26
P001854,I001876,Meals,92.84,INR,1.11,2024-08-20
P001855,I004756,Honoraria,1953.29,EUR,2129.09,2024-03-01
P001856,I005113,Meals,152.92,EUR,166.68,2025-05-11
P001857,I001981,Meals,76.08,USD,76.08,2024-02-28
P001858,I005080,Travel,317.2,EUR,345.75,2024-06-20
P001859,I000985,Meals,40.99,BRL,8.2,2024-05-11
P001860,I010050,Travel,216.86,USD,216.86,2024-05-29
P001861,I005071,Meals,37.04,USD,37.04,2024-09-16
P001862,I006080,Meals,87.23,INR,1.05,
P001863,I006896,Meals,37.5,EUR,40.88,2024-06-04
P001864,I005584,Meals,87.39,EUR,95.26,2024-10-09
P001865,I005461,Travel,236.71,EUR,258.01,2025-07-13
P001866,I005906,Meals,69.3,EUR,75.54,2024-03-14
P001867,I005360,Meals,38.06,INR,0.46,2024-07-10
P001868,I001981,Travel,203.55,USD,203.55,2024-02-08
P001869,I001469,Meals,88.1,MXN,5.11,2024-11-16
P001870,I000339,Honoraria,2680.38,JPY,17.96,2024-08-18
P001871,I003169,Venue/AV,2834.29,GBP,3599.55,2024-11-27
P001872,I005940,Honoraria,872.54,CAD,645.68,2025-06-16
P001873,I006620,Meals,220.71,GBP,280.3,2024-04-04
P001874,I001706,Venue/AV,8329.69,MXN,483.12,2024-09-13
P001875,I001436,Meals,20.77,CAD,15.37,2024-08-28
P001876,I004598,Meals,87.39,MXN,5.07,2024-06-05
P001877,I004754,Meals,30.21,CAD,22.36,2024-02-20
P001878,I003919,Venue/AV,1559.39,EUR,1699.74,2025-02-20
P001879,I001523,Meals,141.5,EUR,154.24,2024-11-29
P001880,I006352,Travel,414.72,GBP,526.69,2025-06-03
P001881,I002361,Travel,524.92,EUR,572.16,2024-09-13
P001882,I004797,Meals,26.21,BRL,5.24,2024-04-01
P001883,I002669,Meals,100.61,CAD,74.45,2024-06-06
P001884,I003702,Lodging,491.38,EUR,535.6,2024-12-15
P001885,I000085,Meals,98.37,GBP,124.93,2024-11-28
P001886,I006587,Meals,166.59,GBP,211.57,2024-10-24
P001887,I005319,Meals,54.4,BRL,10.88,2024-06-27
P001888,I001745,Lodging,572.63,INR,6.87,2024-10-28
P001889,I006750,Travel,218.73,INR,2.62,2024-03-14
P001890,I004534,Meals,46.82,USD,46.82,2024-09-25
P001891,I005000,Honoraria,1205.39,BRL,241.08,2024-03-08
P001892,I003367,Honoraria,1233.62,INR,14.8,2024-02-21
P001893,I002910,Honoraria,664.95,USD,664.95,2025-07-02
P001894,I002776,Honoraria,1039.73,JPY,6.97,2025-04-13
P001895,I005591,Venue/AV,3501.35,GBP,4446.71,2025-05-20
P001896,I005047,Meals,199.87,JPY,1.34,2025-06-08
P001897,I003373,Travel,946.0,INR,11.35,2024-09-21
P001898,I005541,Honoraria,1681.72,INR,20.18,2024-07-22
P001899,I000085,Travel,483.06,EUR,526.54,2024-11-18
P001900,I000132,Meals,77.77,MXN,4.51,2024-04-29
P001901,I003256,Travel,371.04,EUR,404.43,2025-07-15
P001902,I000776,Meals,47.39,EUR,51.66,2024-03-11
P001903,I001318,Honoraria,1048.47,EUR,1142.83,2024-09-02
P001904,I006486,Lodging,601.2,USD,601.2,2024-09-07
P001905,I005998,Travel,182.0,EUR,198.38,2024-11-12
P001906,I003700,Venue/AV,2958.79,INR,35.51,2025-02-08
P001907,I000257,Meals,28.8,INR,0.35,2025-07-01
P001908,I002475,Travel,830.57,MXN,48.17,2024-12-09
P001909,I003606,Meals,91.0,INR,1.09,2025-01-04
P001910,I003957,Travel,405.77,USD,405.77,2024-05-19
P001911,I000090,Travel,160.39,MXN,9.3,2025-07-23
P001912,I001049,Meals,36.55,EUR,39.84,2025-04-02
P001913,I006587,Travel,551.84,EUR,601.51,2024-10-09
P001914,I002845,Meals,48.63,USD,48.63,2024-06-08
P001915,I005195,Meals,47.56,GBP,60.4,2024-08-26
P001916,I001768,Venue/AV,848.45,MXN,49.21,2024-05-26
P001917,I004861,Meals,59.45,MXN,3.45,2025-05-30
P001918,I003533,Meals,54.92,BRL,10.98,2024-08-08
P001919,I002766,Travel,377.89,MXN,21.92,2025-04-30
P001920,I006650,Meals,192.0,BRL,38.4,2025-04-19
P001921,I002227,Travel,760.01,USD,760.01,2025-05-15
P001922,I006946,Meals,44.23,JPY,0.3,2024-02-09
P001923,I004113,Honoraria,1019.27,USD,1019.27,2024-08-16
P001924,I000691,Meals,157.95,INR,1.9,2025-03-27
P001925,I004292,Meals,109.51,BRL,21.9,2024-04-08
P001926,I000287,Travel,390.5,EUR,425.65,2025-03-17
P001927,I000090,Honoraria,664.9,USD,664.9,2025-07-22
P001928,I006176,Lodging,747.85,EUR,815.16,2024-11-11
P001929,I005105,Meals,89.13,INR,1.07,2024-12-13
P001930,I003235,Meals,95.9,INR,1.15,2024-06-22
P001931,I000594,Honoraria,1515.72,EUR,1652.13,2025-01-28
P001932,I001457,Meals,124.11,EUR,135.28,2025-07-18
P001933,I003583,Travel,431.52,BRL,86.3,2025-07-23
P001934,I002081,Honoraria,1063.34,inr,,2025-07-03
P001935,I003736,Travel,535.93,CAD,396.59,2024-03-26
P001936,I005690,Meals,75.9,JPY,,2024-02-18
P001937,I001432,Lodging,226.39,BRL,45.28,2024-07-26
P001938,I005786,Honoraria,908.6,INR,10.9,2024-07-02
P001939,I004177,Honoraria,2115.17,CAD,1565.23,2025-07-01
P001940,I004288,Lodging,659.55,USD,659.55,2024-02-15
P001941,I002714,Meals,59.96,BRL,11.99,2025-05-22
P001942,I003316,Meals,139.19,EUR,151.72,2024-09-03
P001943,I004008,Meals,136.89,EUR,149.21,2025-02-12
P001944,I006270,Meals,169.72,EUR,184.99,2024-09-01
P001945,I002919,Meals,55.48,GBP,70.46,2024-06-29
P001946,I000969,Meals,67.56,INR,0.81,2024-12-09
P001947,I005353,Meals,217.53,EUR,237.11,2024-05-02
P001948,I001979,Travel,1306.28,JPY,8.75,2024-07-07
P001949,I003477,Meals,98.38,USD,98.38,2024-09-27
P001950,I006330,Honoraria,1206.78,GBP,1532.61,2024-01-21
P001951,I001526,Venue/AV,2378.52,MXN,137.95,2024-06-22
P001952,I003243,Honoraria,392.36,INR,4.71,2025-06-13
P001953,I004585,Meals,59.23,JPY,0.4,2025-05-23
P001954,I005844,Meals,63.06,GBP,80.09,2025-04-12
P001955,I001890,Meals,55.75,MXN,3.23,2025-06-28
P001956,I006011,Travel,212.0,JPY,1.42,2024-08-08
P001957,I001244,Meals,72.99,JPY,0.49,2025-05-06
P001958,I005743,Meals,48.74,EUR,53.13,2024-07-16
P001959,I011081,Travel,164.04,MXN,9.51,2024-11-14
P001960,I005300,Lodging,799.88,EUR,871.87,2024-07-23
P001961,I003744,Meals,40.74,BRL,8.15,2025-07-03
P001962,I002726,Meals,135.26,JPY,0.91,2024-02-25
P001963,I006699,Travel,978.31,usd,978.31,2024-07-22
P001964,I004897,Meals,90.99,GBP,115.56,2025-06-05
P001965,I002651,Meals,93.05,INR,1.12,2024-07-15
P001966,I002205,Meals,142.53,JPY,0.95,2024-12-22
P001967,I003563,Meals,114.38,EUR,124.67,2024-08-06
P001968,I005306,Venue/AV,3100.71,EUR,3379.77,2024-08-20
P001969,I002817,Travel,212.7,BRL,42.54,2025-07-15
P001970,I005956,Honoraria,531.93,USD,531.93,2025-06-29
P001971,I004280,Meals,49.94,MXN,2.9,2024-03-12
P001972,I001516,Travel,432.15,BRL,86.43,2024-10-16
P001973,I001801,Venue/AV,2497.4,INR,29.97,2025-04-18
P001974,I005607,Travel,452.05,EUR,492.73,2024-06-25
P001975,I004243,Meals,78.15,INR,0.94,2025-02-16
P001976,I002604,Meals,66.68,INR,0.8,2025-08-04
P001977,I004935,Meals,59.38,EUR,64.72,2024-09-05
P001978,I003179,Honoraria,790.19,INR,9.48,2024-03-19
P001979,I003196,Travel,813.42,BRL,162.68,2024-05-04
P001980,I003055,Meals,336.83,GBP,427.77,2025-01-30
P001981,I000357,Honoraria,476.73,EUR,519.64,2025-02-08
P001982,I003325,Venue/AV,2299.25,GBP,2920.05,2024-12-18
P001983,I005462,Travel,515.67,MXN,29.91,2024-02-07
P001984,I004391,Honoraria,600.15,JPY,4.02,2024-10-30
P001985,I005638,Meals,146.08,CAD,108.1,2025-04-16
P001986,I002508,Meals,16.53,BRL,3.31,2024-04-09
P001987,I000935,Meals,82.46,BRL,16.49,2024-08-09
P001988,I001116,Meals,125.62,MXN,7.29,2025-02-16
P001989,I000955,Travel,433.8,INR,5.21,2025-02-27
P001990,I003160,Meals,50.74,USD,50.74,2024-09-20
P001991,I000867,Meals,52.6,EUR,57.33,2024-10-05
P001992,I004075,Travel,151.06,EUR,164.66,2024-08-08
P001993,I003945,Travel,192.0,BRL,38.4,2024-08-02
P001994,I000467,Meals,82.73,EUR,90.18,2024-05-24
P001995,I004689,Honoraria,1300.01,EUR,1417.01,2024-04-25
P001996,I002075,Meals,38.93,CAD,28.81,2025-05-11
P001997,I006793,Meals,22.32,EUR,24.33,2024-12-18
P001998,I002098,Meals,88.46,EUR,,2025-04-25
P001999,I004167,Travel,277.91,USD,277.91,2025-02-11
P002000,I006525,Meals,82.33,EUR,89.74,2024-06-11
P002001,I006961,Travel,630.32,INR,7.56,2025-02-26
P002002,I000456,Honoraria,1822.04,INR,21.86,2024-05-19
P002003,I000302,Meals,63.49,MXN,3.68,2025-08-09
P002004,I000945,Honoraria,1236.25,MXN,71.7,2024-06-25
P002005,I006348,Meals,50.17,USD,50.17,2024-11-26
P002006,I004463,Honoraria,1400.11,USD,1400.11,2025-03-14
P002007,I000806,Meals,51.15,BRL,,2024-01-22
P002008,I002556,Honoraria,412.98,INR,4.96,
P002009,I000025,Meals,158.65,USD,158.65,2024-04-28
P002010,I000578,Meals,83.69,BRL,16.74,2025-06-03
P002011,I002324,Travel,260.72,EUR,284.18,2024-12-08
P002012,I005443,Meals,136.91,JPY,0.92,2024-09-20
P002013,I004409,Meals,61.93,MXN,3.59,2024-10-05
P002014,I004793,Lodging,258.81,BRL,51.76,2025-02-21
P002015,I004660,Lodging,316.95,EUR,345.48,2025-01-18
P002016,I001679,Meals,77.73,INR,0.93,2024-11-20
P002017,I004322,Lodging,685.04,GBP,870.0,2024-10-15
P002018,I001677,Meals,77.13,MXN,4.47,2024-08-09
P002019,I006975,Travel,414.82,EUR,452.15,2025-05-01
P002020,I006246,Honoraria,3526.02,GBP,4478.05,2025-04-19
P002021,I006218,Travel,1151.61,INR,13.82,2025-06-23
P002022,I003961,Meals,38.41,EUR,41.87,2025-02-07
P002023,I000295,Travel,976.01,USD,976.01,2024-07-11
P002024,I004567,Meals,67.88,INR,0.81,2024-09-19
P002025,I000203,Travel,127.44,EUR,138.91,2024-12-07
P002026,I004965,Travel,379.67,JPY,2.54,2024-03-05
P002027,I001507,Travel,758.22,eur,826.46,2024-11-05
P002028,I000615,Travel,261.3,MXN,15.16,2025-02-17
P002029,I004283,Meals,75.75,USD,75.75,2024-07-08
P002030,I001535,Honoraria,486.22,CAD,359.8,2024-08-19
P002031,I001481,Honoraria,1545.61,EUR,1684.71,2025-06-02
P002032,I001507,Meals,20.58,EUR,22.43,2024-10-25
P002033,I000633,Meals,30.75,INR,0.37,2024-09-01
P002034,I003447,Meals,96.07,BRL,19.21,2024-09-14
P002035,I001301,Meals,77.47,CAD,57.33,2024-07-10
P002036,I000558,Honoraria,405.2,BRL,81.04,2024-02-26
P002037,I004813,Meals,89.56,USD,89.56,2025-04-30
P002038,I000960,Travel,664.36,CAD,491.63,2024-11-21
P002039,I004520,Meals,140.46,JPY,0.94,2024-03-01
P002040,I006375,Meals,260.06,USD,260.06,2025-05-20
P002041,I003406,Honoraria,1363.32,MXN,79.07,2024-07-30
P002042,I002202,Meals,141.39,JPY,0.95,2025-05-15
P002043,I002032,Honoraria,1074.14,GBP,,2025-06-15
P002044,I005961,Venue/AV,2727.15,BRL,545.43,2024-03-26
P002045,I000663,Meals,130.7,JPY,0.88,2025-04-13
P002046,I001952,Meals,46.87,EUR,51.09,2025-03-04
P002047,I001651,Meals,32.48,BRL,6.5,2025-01-31
P002048,I001138,Lodging,671.56,EUR,732.0,2024-10-15
P002049,I006987,Venue/AV,2334.65,brl,466.93,2024-10-28
P002050,I005034,Honoraria,681.26,INR,8.18,2024-10-05
P002051,I003040,Meals,69.49,JPY,0.47,2025-05-01
P002052,I000213,Meals,40.57,CAD,30.02,2024-12-05
P002053,I007698,Travel,302.57,INR,3.63,2024-07-19
P002054,I004480,Honoraria,901.62,USD,901.62,2024-04-14
P002055,I002062,Lodging,256.38,USD,256.38,2024-07-22
P002056,I005962,Meals,132.28,EUR,144.19,2024-02-23
P002057,I006827,Lodging,250.94,MXN,14.55,2025-07-25
P002058,I003088,Meals,23.18,GBP,29.44,2024-10-23
P002059,I005377,Meals,140.03,EUR,152.63,2025-03-19
P002060,I005781,Meals,70.19,USD,70.19,2024-10-02
P002061,I002786,Travel,801.06,MXN,46.46,2024-09-08
P002062,I003070,Meals,540.23,JPY,,2024-10-22
P002063,I004061,Meals,111.26,INR,,2025-06-13
P002064,I005160,Meals,100.22,USD,100.22,2024-05-12
P002065,I004640,Meals,38.15,USD,38.15,2024-09-13
P002066,I005168,Venue/AV,1346.24,USD,1346.24,2025-06-24
P002067,I002367,Meals,46.18,JPY,0.31,2025-06-05
P002068,I006158,Lodging,214.49,USD,214.49,2025-04-04
P002069,I002279,Travel,369.42,CAD,273.37,2025-05-27
P002070,I001158,Meals,279.62,EUR,304.79,2024-12-03
P002071,I005017,Meals,61.16,EUR,66.66,2024-03-05
P002072,I005314,Meals,103.27,CAD,76.42,2024-11-13
P002073,I003852,Travel,179.2,EUR,195.33,2025-04-15
P002074,I002334,Travel,617.52,BRL,123.5,2025-02-25
P002075,I000635,Meals,160.24,CAD,118.58,2025-03-08
P002076,I000885,Honoraria,1642.79,BRL,328.56,2024-07-30
P002077,I003739,Travel,441.77,MXN,25.62,2024-06-18
P002078,I006099,Meals,43.38,USD,43.38,2024-05-01
P002079,I006896,Honoraria,5056.67,EUR,5511.77,2024-06-21
P002080,I003672,Travel,1030.47,BRL,206.09,2025-04-16
P002081,I001119,Meals,195.43,USD,195.43,2025-01-31
P002082,I003756,Travel,274.72,MXN,15.93,2024-08-17
P002083,I003586,Travel,581.05,JPY,3.89,2024-04-22
P002084,I002952,Travel,440.82,usd,440.82,2025-01-31
P002085,I006523,Meals,2844.84,CAD,2105.18,2024-12-28
P002086,I000743,Meals,66.29,BRL,13.26,2025-01-23
P002087,I000263,Travel,134.12,EUR,146.19,2024-12-29
P002088,I005924,Venue/AV,1734.87,JPY,11.62,2024-06-13
P002089,I000262,Lodging,465.9,USD,465.9,2024-03-10
P002090,I005733,Meals,210.85,EUR,229.83,2025-02-28
P002091,I001805,Travel,522.26,MXN,30.29,2025-07-24
P002092,I005036,Meals,178.76,EUR,194.85,2025-03-03
P002093,I004478,Travel,363.46,EUR,396.17,2024-07-10
P002094,I002265,Meals,156.67,BRL,31.33,2024-09-15
P002095,I006426,Honoraria,2397.42,BRL,479.48,2025-06-29
P002096,I002694,Meals,52.53,CAD,38.87,2024-09-25
P002097,I001602,Travel,693.33,EUR,755.73,2024-09-23
P002098,I006640,Meals,79.69,JPY,,2024-12-08
P002099,I001330,Meals,50.08,USD,50.08,2025-07-21
P002100,I002022,Meals,113.71,INR,1.36,2025-03-10
P002101,I006466,Meals,38.98,CAD,28.85,2024-11-03
P002102,I005614,Honoraria,3230.33,USD,3230.33,2025-02-26
P002103,I001025,Meals,32.15,USD,32.15,2024-08-27
P002104,I002108,Meals,64.8,CAD,47.95,2024-07-26
P002105,I003078,Meals,67.76,EUR,73.86,2025-02-15
P002106,I000029,Meals,85.42,JPY,0.57,2025-04-01
P002107,I000090,Honoraria,2063.27,BRL,412.65,2025-07-13
P002108,I004649,Honoraria,1341.65,GBP,1703.9,2024-05-23
P002109,I000972,Meals,226.75,BRL,45.35,2024-04-13
P002110,I006544,Meals,83.4,CAD,61.72,2024-04-04
P002111,I005891,Meals,107.19,GBP,136.13,2025-03-31
P002112,I000979,Lodging,2815.02,USD,2815.02,2025-01-07
P002113,I003105,Travel,787.84,MXN,45.69,2024-08-26
P002114,I004503,Meals,87.96,JPY,0.59,2025-02-17
P002115,I004964,Honoraria,992.87,EUR,1082.23,2024-10-28
P002116,I003078,Lodging,570.75,EUR,622.12,2025-01-19
P002117,I003426,Honoraria,699.65,GBP,888.56,2024-02-08
P002118,I000284,Meals,63.78,BRL,,2024-03-18
P002119,I002000,Meals,69.03,MXN,4.0,2025-05-06
P002120,I001830,Travel,231.7,JPY,1.55,2025-01-20
P002121,I002409,Meals,171.24,BRL,34.25,2024-04-26
P002122,I006513,Meals,23.88,USD,23.88,2024-12-31
P002123,I005927,Meals,36.65,INR,0.44,2025-02-12
P002124,I005840,Meals,141.96,EUR,154.74,2024-10-23
P002125,I006788,Meals,50.87,EUR,55.45,2024-01-18
P002126,I001211,Meals,58.04,MXN,3.37,2024-10-08
P002127,I004548,Honoraria,679.39,MXN,39.4,2024-02-28
P002128,I004193,Meals,107.38,INR,1.29,2024-12-12
P002129,I001330,Honoraria,1187.01,BRL,237.4,2025-07-21
P002130,I005800,Meals,49.45,EUR,53.9,2024-07-16
P002131,I001066,Meals,94.83,GBP,120.43,2024-05-02
P002132,I005433,Honoraria,966.49,JPY,6.48,2024-03-14
P002133,I000883,Honoraria,756.75,MXN,43.89,2024-02-02
P002134,I001292,Venue/AV,3331.84,MXN,193.25,2024-09-28
P002135,I004079,Meals,13.15,EUR,,2024-03-28
P002136,I006328,Meals,47.13,USD,47.13,2024-09-11
P002137,I006074,Travel,494.27,MXN,28.67,2024-07-09
P002138,I003767,Travel,219.52,EUR,239.28,2025-04-21
P002139,I003658,Meals,138.04,BRL,27.61,2024-02-26
P002140,I002824,Lodging,185.97,GBP,236.18,2025-07-11
P002141,I003600,Honoraria,1051.27,BRL,210.25,2024-04-10
P002142,I006722,Lodging,220.08,CAD,162.86,2025-04-17
P002143,I006702,Honoraria,499.36,INR,5.99,2024-10-20
P002144,I000528,Meals,80.81,BRL,16.16,2025-05-18
P002145,I000721,Meals,72.66,EUR,79.2,2025-04-21
P002146,I000603,Meals,42.56,EUR,46.39,2024-10-20
P002147,I006684,Meals,58.26,MXN,3.38,2024-03-14
P002148,I004498,Travel,917.65,INR,11.01,2024-08-26
P002149,I004944,Meals,54.95,CAD,40.66,2025-06-12
P002150,I003101,Meals,89.97,CAD,66.58,2024-12-24
P002151,I008463,Travel,386.1,CAD,285.71,2025-06-10
P002152,I003053,Meals,47.67,MXN,2.76,2025-05-14
P002153,I006266,Meals,41.66,EUR,,2025-07-12
P002154,I002990,Meals,64.3,EUR,70.09,2024-04-12
P002155,I006032,Lodging,390.62,JPY,2.62,2024-05-17
P002156,I005950,Travel,417.12,USD,417.12,2024-11-09
P002157,I004852,Travel,259.27,BRL,51.85,2024-10-21
P002158,I004540,Lodging,333.26,GBP,423.24,2024-02-04
P002159,I005094,Venue/AV,1909.41,JPY,12.79,2025-03-04
P002160,I001218,Honoraria,940.29,EUR,1024.92,2024-09-16
P002161,I002606,Meals,99.28,MXN,5.76,2024-11-17
P002162,I002900,Meals,25.14,USD,25.14,2024-09-11
P002163,I002064,Meals,38.97,USD,38.97,2024-07-25
P002164,I006968,Meals,105.98,CAD,78.43,2024-10-08
P002165,I002444,Lodging,924.25,USD,924.25,2025-01-06
P002166,I002453,Honoraria,4521.74,GBP,5742.61,2025-05-25
P002167,I004356,Travel,594.8,BRL,118.96,2025-05-03
P002168,I005073,Lodging,104.74,MXN,6.07,2025-03-28
P002169,I006154,Lodging,657.1,INR,7.89,2024-02-01
P002170,I000793,Honoraria,1431.21,JPY,9.59,2025-06-09
P002171,I003168,Meals,40.62,JPY,0.27,2024-12-04
P002172,I001770,Meals,29.57,EUR,32.23,2025-03-16
P002173,I000850,Meals,65.69,EUR,71.6,2025-05-19
P002174,I003492,Meals,47.83,EUR,52.13,2024-09-25
P002175,I002320,Travel,471.49,CAD,348.9,2025-02-26
P002176,I003118,Meals,144.26,EUR,157.24,2025-06-10
P002177,I007456,Honoraria,1445.93,INR,17.35,2024-08-03
P002178,I006515,Honoraria,1302.4,GBP,1654.05,2024-10-05
P002179,I001604,Meals,25.22,JPY,0.17,2025-04-02
P002180,I005676,Honoraria,974.11,USD,974.11,2024-07-23
P002181,I006599,Meals,107.6,USD,107.6,2024-07-28
P002182,I004634,Venue/AV,1201.02,EUR,1309.11,2025-03-18
P002183,I003149,Meals,153.27,CAD,113.42,2024-07-28
P002184,I006358,Honoraria,828.0,INR,9.94,2024-11-09
P002185,I006455,Travel,329.93,EUR,359.62,2024-11-06
P002186,I001165,Honoraria,4065.76,EUR,4431.68,2025-03-10
P002187,I003730,Meals,186.64,GBP,237.03,2024-07-31
P002188,I001721,Meals,17.17,INR,0.21,2024-10-10
P002189,I006447,Lodging,363.65,CAD,269.1,2024-12-18
P002190,I004924,Travel,259.33,BRL,51.87,2024-05-25
P002191,I002045,Travel,531.92,MXN,30.85,2025-05-30
P002192,I006738,Travel,306.58,BRL,61.32,2024-11-10
P002193,I006939,Honoraria,371.34,MXN,21.54,2025-05-06
P002194,I000055,Meals,91.58,EUR,99.82,2024-03-24
P002195,I003675,Meals,47.18,EUR,51.43,2025-07-20
P002196,I003030,Travel,245.58,INR,2.95,2025-02-08
P002197,I001369,Meals,197.73,EUR,215.53,2024-07-23
P002198,I005228,Travel,215.82,JPY,1.45,2024-08-05
P002199,I004235,Travel,165.92,INR,1.99,2024-06-01
P002200,I006123,Meals,73.63,USD,73.63,2024-09-28
P002201,I002781,Meals,55.78,EUR,60.8,2024-03-05
P002202,I005301,Meals,58.06,USD,58.06,2025-02-09
P002203,I006495,Travel,457.45,EUR,498.62,2024-03-29
P002204,I003390,Meals,86.0,mxn,4.99,2024-07-12
P002205,I006998,Travel,319.55,EUR,348.31,2025-07-09
P002206,I004052,Lodging,1151.48,EUR,1255.11,2025-01-10
P002207,I002377,Honoraria,882.95,EUR,962.42,2025-01-23
P002208,I002805,Meals,103.68,MXN,6.01,2024-09-09
P002209,I006855,Honoraria,1290.0,MXN,74.82,2024-12-21
P002210,I004900,Meals,120.39,JPY,0.81,2024-03-29
P002211,I005493,Lodging,235.42,EUR,256.61,2025-06-02
P002212,I000241,Honoraria,630.95,CAD,466.9,2025-06-19
P002213,I001591,Meals,82.35,JPY,0.55,2024-08-30
P002214,I004725,Lodging,1333.79,BRL,266.76,2024-12-05
P002215,I006702,Honoraria,837.76,INR,10.05,2024-10-19
P002216,I003274,Lodging,764.9,JPY,5.12,2024-03-29
P002217,I006372,Travel,269.02,MXN,15.6,2025-06-02
P002218,I002699,Meals,51.19,CAD,37.88,2025-06-18
P002219,I001271,Meals,44.26,BRL,8.85,2024-05-15
P002220,I004909,Meals,92.28,EUR,100.59,2025-05-04
P002221,I006722,Lodging,705.41,usd,705.41,2025-04-12
P002222,I000728,Meals,169.53,CAD,125.45,2025-02-03
P002223,I003630,Meals,59.24,INR,0.71,2025-05-04
P002224,I003852,Meals,60.62,EUR,66.08,2025-04-25
P002225,I001067,Honoraria,983.95,CAD,728.12,2024-03-10
P002226,I002142,Honoraria,1480.65,JPY,9.92,2025-04-19
P002227,I006861,Travel,233.98,BRL,46.8,2024-03-12
P002228,I001248,Meals,106.05,EUR,115.59,2024-05-24
P002229,I004851,Honoraria,1816.27,BRL,363.25,2025-05-06
P002230,I000004,Meals,100.42,JPY,0.67,2024-05-15
P002231,I004045,Meals,48.92,JPY,0.33,2024-02-25
P002232,I006215,Meals,33.18,USD,33.18,2024-03-22
P002233,I003112,Meals,59.43,GBP,75.48,2025-01-23
P002234,I005110,Meals,74.1,BRL,14.82,2024-09-10
P002235,I001796,Lodging,387.08,MXN,22.45,2024-04-11
P002236,I003972,Honoraria,2564.14,INR,30.77,2025-03-25
P002237,I002049,Travel,130.71,EUR,142.47,2024-06-08
P002238,I003327,Meals,65.32,CAD,48.34,2024-03-03
P002239,I006890,Meals,54.96,JPY,0.37,2024-09-09
P002240,I006377,Travel,461.0,JPY,3.09,2024-05-08
P002241,I001002,Honoraria,1503.51,BRL,300.7,2024-09-13
P002242,I002103,Travel,268.16,EUR,292.29,2025-01-06
P002243,I006107,Meals,70.9,INR,0.85,2024-07-16
P002244,I004861,Travel,202.36,CAD,149.75,2025-04-18
P002245,I001908,Travel,990.63,EUR,1079.79,2024-08-03
P002246,I003300,Meals,64.51,MXN,3.74,2024-10-08
P002247,I005153,Meals,166.26,EUR,181.22,2025-06-02
P002248,I002545,Honoraria,534.07,EUR,582.14,2024-10-07
P002249,I002952,Honoraria,613.55,CAD,454.03,2025-02-02
P002250,I000751,Lodging,331.46,EUR,361.29,2024-07-25
P002251,I004136,Meals,74.36,JPY,0.5,2024-12-21
P002252,I002857,Travel,507.22,EUR,,2025-02-01
P002253,I001917,Honoraria,2413.14,EUR,2630.32,2025-03-25
P002254,I003549,Travel,170.98,INR,2.05,2025-04-27
P002255,I005455,Meals,80.53,BRL,16.11,2024-11-11
P002256,I005598,Meals,37.51,USD,37.51,2025-04-02
P002257,I003988,Travel,350.45,EUR,381.99,2024-05-01
P002258,I002267,Honoraria,1588.44,USD,1588.44,2025-04-16
P002259,I002347,Meals,33.99,MXN,1.97,2024-06-26
P002260,I002011,Venue/AV,1948.25,EUR,2123.59,2025-07-29
P002261,I006637,Travel,782.48,EUR,852.9,2025-04-22
P002262,I001881,Honoraria,1555.07,CAD,1150.75,2024-05-16
P002263,I001865,Meals,37.77,INR,0.45,2024-12-13
P002264,I006875,Honoraria,1499.08,INR,17.99,2025-07-07
P002265,I005895,Honoraria,1271.43,CAD,940.86,2024-02-15
P002266,I003810,Meals,21.68,USD,21.68,2024-09-04
P002267,I010191,Meals,114.49,JPY,0.77,2024-04-03
P002268,I003839,Meals,37.81,JPY,0.25,2025-04-04
P002269,I005556,Travel,267.09,GBP,339.2,2024-03-15
P002270,I004743,Meals,57.09,INR,0.69,2025-05-13
P002271,I003789,Meals,37.65,GBP,47.82,2024-05-28
P002272,I001106,Travel,107.98,BRL,21.6,2025-04-13
P002273,I005457,Meals,23.92,USD,23.92,2024-04-15
P002274,I001199,Meals,123.5,INR,1.48,2024-09-01
P002275,I001159,Meals,128.0,MXN,,2024-07-07
P002276,I002379,Meals,50.35,EUR,,2024-03-15
P002277,I004205,Meals,97.04,JPY,0.65,2024-08-01
P002278,I004053,Meals,187.69,BRL,37.54,2025-06-04
P002279,I003828,Meals,29.23,JPY,0.2,2024-01-07
P002280,I005039,Meals,123.46,CAD,91.36,2024-06-11
P002281,I001396,Travel,187.44,EUR,204.31,2024-03-04
P002282,I005739,Honoraria,1469.76,EUR,1602.04,2024-06-15
P002283,I002728,Meals,46.01,JPY,0.31,2025-06-17
P002284,I003163,Meals,86.92,BRL,17.38,2024-02-13
P002285,I002911,Lodging,987.4,EUR,1076.27,2025-01-06
P002286,I001452,Lodging,1243.51,EUR,1355.43,2024-07-13
P002287,I004056,Meals,76.25,EUR,83.11,2024-05-26
P002288,I006429,Meals,29.29,USD,29.29,2024-08-26
P002289,I009656,Honoraria,812.81,EUR,885.96,2024-12-14
P002290,I003758,Meals,89.61,GBP,113.8,2025-03-22
P002291,I003620,Travel,219.02,INR,2.63,2024-04-17
P002292,I000149,Travel,671.75,MXN,38.96,2025-02-18
P002293,I001940,Honoraria,2129.09,GBP,2703.94,2024-04-11
P002294,I003395,Lodging,311.11,USD,311.11,2024-03-09
P002295,I001318,Honoraria,1162.91,EUR,1267.57,2024-09-16
P002296,I002171,Travel,557.72,USD,557.72,2025-03-12
P002297,I002174,Travel,621.69,JPY,4.17,2025-06-25
P002298,I001029,Lodging,878.28,EUR,957.33,2024-04-23
P002299,I000023,Honoraria,1053.99,GBP,1338.57,2024-06-25
P002300,I004529,Travel,230.36,EUR,251.09,2024-07-28
P002301,I002624,Meals,52.6,MXN,,2024-09-15
P002302,I003587,Lodging,317.58,CAD,235.01,2024-12-11
P002303,I000255,Venue/AV,1738.49,EUR,1894.95,2024-04-08
P002304,I001435,Meals,64.67,BRL,12.93,2024-12-14
P002305,I003955,Meals,46.52,USD,46.52,2024-01-09
P002306,I006593,Meals,140.79,EUR,,2025-07-03
P002307,I003130,Lodging,273.89,EUR,298.54,2024-11-25
P002308,I003739,Meals,53.59,MXN,3.11,2024-05-24
P002309,I000904,Travel,331.99,GBP,421.63,2024-04-20
P002310,I002927,Meals,77.47,CAD,57.33,2024-11-06
P002311,I006903,Meals,180.42,EUR,196.66,2024-02-22
P002312,I000392,Lodging,426.21,BRL,85.24,2025-03-24
P002313,I004348,Meals,60.75,MXN,3.52,2024-12-21
P002314,I001752,Venue/AV,1992.62,CAD,1474.54,2025-06-06
P002315,I002808,Travel,144.07,JPY,0.97,2024-08-04
P002316,I002177,Travel,337.51,MXN,19.58,2024-06-19
P002317,I003987,Honoraria,525.18,CAD,388.63,2024-07-08
P002318,I004046,Meals,164.97,BRL,32.99,2024-10-30
P002319,I004210,Travel,184.27,MXN,10.69,2024-12-29
P002320,I003479,Lodging,530.15,INR,6.36,2024-11-27
P002321,I004830,Lodging,820.06,EUR,893.87,2024-03-04
P002322,I005209,Travel,281.26,MXN,16.31,2025-02-19
P002323,I004880,Meals,111.86,EUR,121.93,2025-04-01
P002324,I004402,Meals,62.91,CAD,46.55,2025-06-11
P002325,I005944,Lodging,222.11,mxn,12.88,2024-10-23
P002326,I003461,Meals,60.67,GBP,77.05,2024-07-22
P002327,I003379,Lodging,264.2,USD,264.2,2025-04-25
P002328,I004515,Venue/AV,1904.84,INR,22.86,2024-08-29
P002329,I003708,Travel,339.99,EUR,370.59,2024-01-02
P002330,I004033,Travel,361.93,GBP,459.65,2024-07-20
P002331,I001473,Travel,149.44,EUR,162.89,2024-10-07
P002332,I000288,Meals,174.61,EUR,190.32,2024-01-22
P002333,I001704,Honoraria,2079.8,USD,2079.8,2025-04-16
P002334,I004935,Meals,175.52,EUR,191.32,2024-09-01
P002335,I006294,Lodging,347.3,INR,4.17,2025-07-29
P002336,I000038,Honoraria,795.75,BRL,159.15,2025-05-23
P002337,I004388,Meals,48.83,INR,0.59,2024-08-31
P002338,I005799,Venue/AV,2437.7,CAD,1803.9,2024-04-03
P002339,I002809,Meals,86.52,EUR,94.31,2024-10-24
P002340,I001031,Honoraria,1009.55,EUR,1100.41,2024-04-14
P002341,I003668,Venue/AV,2031.58,CAD,1503.37,2025-05-21
P002342,I001209,Honoraria,2273.34,MXN,,2024-09-27
P002343,I001784,Lodging,811.0,INR,9.73,2024-10-09
P002344,I003846,Meals,72.67,USD,72.67,2024-05-22
P002345,I004049,Lodging,860.45,EUR,937.89,2024-03-03
P002346,I005504,Honoraria,5958.97,INR,71.51,2024-08-31
P002347,I001869,Meals,166.44,JPY,1.12,2025-01-13
P002348,I003951,Meals,443.96,EUR,483.92,2024-11-17
P002349,I003785,Honoraria,1258.88,EUR,1372.18,2024-04-26
P002350,I004268,Travel,172.57,EUR,188.1,2024-05-20
P002351,I002313,Meals,37.17,JPY,0.25,2024-05-07
P002352,I006134,Travel,433.17,EUR,472.16,2024-02-21
P002353,I004432,Meals,56.18,BRL,11.24,2024-12-17
P002354,I000623,Travel,146.94,EUR,160.16,2024-10-22
P002355,I002961,Honoraria,1713.45,MXN,,2025-03-25
P002356,I003257,Meals,32.77,INR,0.39,2024-11-08
P002357,I005475,Meals,292.17,USD,292.17,2025-03-12
P002358,I003980,Honoraria,3272.48,JPY,21.93,2025-07-28
P002359,I000887,Lodging,196.21,CAD,145.2,2024-04-24
P002360,I002175,Travel,1046.26,BRL,209.25,2025-05-18
P002361,I005784,Travel,253.94,INR,3.05,2024-10-13
P002362,I004491,Travel,215.69,EUR,235.1,2024-08-19
P002363,I005330,Meals,292.22,EUR,318.52,2025-03-24
P002364,I002577,Meals,14.77,GBP,18.76,2025-05-16
P002365,I005342,Travel,387.07,BRL,77.41,2024-02-09
P002366,I003107,Meals,55.85,MXN,3.24,2024-06-23
P002367,I003087,Travel,303.13,JPY,2.03,2025-01-30
P002368,I000965,Meals,60.9,EUR,66.38,2025-05-09
P002369,I004510,Honoraria,1097.75,JPY,7.35,2024-07-31
P002370,I003497,Meals,142.82,INR,1.71,2024-09-01
P002371,I001652,Honoraria,872.74,INR,10.47,2024-06-13
P002372,I005851,Honoraria,1063.87,USD,1063.87,2025-05-13
P002373,I006665,Honoraria,280.19,BRL,56.04,2024-06-30
P002374,I004268,Meals,1308.17,EUR,1425.91,2024-05-15
P002375,I003757,Meals,58.48,MXN,3.39,2025-03-02
P002376,I000711,Travel,241.13,JPY,1.62,2024-06-29
P002377,I006351,Lodging,225.46,INR,2.71,2025-04-11
P002378,I003379,Lodging,678.89,BRL,135.78,2025-04-24
P002379,I004599,Meals,103.62,GBP,131.6,2025-04-02
P002380,I002972,Travel,560.21,USD,560.21,2024-11-06
P002381,I002790,Travel,461.78,USD,461.78,2024-11-06
P002382,I005706,Honoraria,1965.42,CAD,1454.41,2025-02-20
P002383,I006708,Honoraria,2250.49,USD,2250.49,2024-08-19
P002384,I004859,Lodging,319.62,EUR,348.39,2025-02-23
P002385,I002768,Meals,125.98,BRL,25.2,2025-03-27
P002386,I001162,Travel,200.76,EUR,218.83,2025-06-27
P002387,I002091,Meals,78.99,JPY,0.53,2024-12-02
P002388,I003298,Meals,77.45,GBP,98.36,2025-04-11
P002389,I003150,Travel,197.94,EUR,215.75,2024-05-05
P002390,I002955,Travel,182.52,EUR,198.95,2025-01-13
P002391,I000503,Meals,166.01,MXN,9.63,2025-03-29
P002392,I005098,Travel,720.1,MXN,41.77,2024-08-31
P002393,I005023,Meals,124.22,EUR,135.4,2025-04-29
P002394,I003053,Meals,125.78,USD,125.78,2025-05-07
P002395,I004653,Meals,61.15,USD,61.15,2024-12-18
P002396,I002436,Honoraria,277.25,JPY,,2025-04-24
P002397,I001062,Meals,32.21,MXN,,2024-12-05
P002398,I005390,Meals,64.0,GBP,81.28,2025-03-31
P002399,I002650,Travel,59.44,BRL,11.89,2024-08-08
P002400,I005913,Meals,406.18,EUR,442.74,2024-04-16
P002401,I005672,Travel,286.5,MXN,16.62,2024-10-16
P002402,I003308,Honoraria,4320.68,EUR,4709.54,2025-02-13
P002403,I004546,Meals,41.39,CAD,30.63,2024-09-17
P002404,I003719,Honoraria,1489.18,JPY,9.98,2025-04-30
P002405,I000746,Travel,306.64,GBP,389.43,2025-06-11
P002406,I005910,Travel,611.32,BRL,122.26,2025-01-10
P002407,I003591,Travel,193.33,CAD,143.06,2025-05-21
P002408,I006008,Lodging,437.36,GBP,555.45,2024-02-03
P002409,I000171,Meals,60.6,JPY,0.41,2024-12-09
P002410,I003163,Lodging,474.47,MXN,27.52,2024-01-11
P002411,I005188,Honoraria,865.34,EUR,943.22,2024-02-13
P002412,I000716,Meals,51.2,MXN,2.97,2025-03-24
P002413,I002582,Meals,27.79,BRL,5.56,2025-07-08
P002414,I000288,Travel,484.0,EUR,527.56,2024-02-13
P002415,I006346,Travel,422.17,BRL,,2024-12-25
P002416,I005165,Honoraria,2174.12,USD,2174.12,2024-05-17
P002417,I001957,Meals,42.68,GBP,54.2,2024-02-16
P002418,I000339,Honoraria,1817.08,JPY,12.17,2024-08-07
P002419,I004707,Travel,158.27,GBP,201.0,2024-08-12
P002420,I003004,Lodging,745.49,MXN,43.24,2024-02-20
P002421,I003479,Honoraria,3688.17,INR,44.26,2024-12-21
P002422,I005708,Travel,150.21,BRL,30.04,2024-04-05
P002423,I006236,Travel,383.58,USD,383.58,2025-04-09
P002424,I006452,Honoraria,1797.96,JPY,12.05,2025-01-10
P002425,I002879,Meals,59.01,MXN,3.42,2024-05-18
P002426,I001879,Travel,175.89,INR,2.11,2024-08-03
P002427,I003798,Travel,242.84,GBP,308.41,2024-03-27
P002428,I004240,Lodging,384.88,INR,4.62,2025-04-23
P002429,I005376,Meals,87.53,EUR,95.41,2024-07-08
P002430,I001895,Honoraria,1057.51,EUR,1152.69,2024-12-11
P002431,I001750,Meals,88.72,INR,1.06,2025-07-11
P002432,I002800,Honoraria,7224.41,BRL,,2025-01-11
P002433,I001024,Honoraria,549.88,JPY,3.68,2025-02-14
P002434,I002668,Honoraria,1234.29,EUR,1345.38,2024-09-18
P002435,I005029,Travel,511.27,INR,6.14,2025-06-29
P002436,I006242,Meals,55.47,USD,55.47,2024-05-26
P002437,I005920,Lodging,197.54,MXN,11.46,2024-03-16
P002438,I002442,Meals,98.4,EUR,107.26,2024-02-10
P002439,I003106,Lodging,325.89,BRL,65.18,2024-09-19
P002440,I003407,Honoraria,2377.41,MXN,137.89,2024-10-29
P002441,I003790,Meals,38.26,BRL,7.65,2024-04-11
P002442,I000730,Honoraria,901.24,EUR,982.35,2024-07-08
P002443,I004096,Meals,116.27,JPY,0.78,2024-03-27
P002444,I004470,Honoraria,2002.64,EUR,2182.88,2024-05-09
P002445,I005369,Meals,166.8,CAD,123.43,2025-03-03
P002446,I005929,Meals,109.54,BRL,21.91,2024-08-04
P002447,I006192,Meals,37.94,MXN,,2024-03-05
P002448,I001533,Meals,44.31,USD,44.31,2024-02-23
P002449,I006101,Honoraria,2695.42,BRL,539.08,2025-03-03
P002450,I000923,Honoraria,785.92,BRL,157.18,2025-01-13
P002451,I004719,Venue/AV,4202.21,MXN,,2024-07-24
P002452,I004860,Honoraria,1806.37,JPY,12.1,2024-12-17
P002453,I003267,Travel,254.99,JPY,1.71,2025-04-11
P002454,I002286,Meals,42.54,USD,42.54,2025-04-02
P002455,I003123,Meals,91.98,CAD,68.07,2025-05-31
P002456,I006671,Meals,72.56,MXN,4.21,2025-06-18
P002457,I003294,Venue/AV,1213.31,JPY,8.13,2024-04-14
P002458,I006083,Meals,61.17,EUR,66.68,2024-04-30
P002459,I003691,Meals,135.73,USD,135.73,2025-03-01
P002460,I002309,Travel,376.36,BRL,75.27,2024-03-29
P002461,I002379,Meals,95.08,EUR,103.64,2024-03-18
P002462,I001015,Travel,180.71,USD,180.71,2024-08-01
P002463,I000057,Meals,57.03,CAD,42.2,2024-06-06
P002464,I006981,Meals,57.01,JPY,0.38,2024-11-11
P002465,I000364,Travel,688.71,USD,688.71,2024-07-17
P002466,I003258,Lodging,749.16,CAD,554.38,2024-02-16
P002467,I002191,Venue/AV,1502.08,MXN,87.12,2024-06-02
P002468,I000356,Travel,501.16,GBP,636.47,2025-05-14
P002469,I001679,Travel,401.15,INR,4.81,2024-12-26
P002470,I001778,Meals,82.96,MXN,4.81,2025-04-18
P002471,I008082,Travel,1177.61,BRL,235.52,2025-03-27
P002472,I005475,Travel,350.86,BRL,70.17,2025-03-17
P002473,I003071,Travel,168.8,CAD,124.91,2025-07-20
P002474,I001744,Meals,154.46,JPY,1.03,2024-06-06
P002475,I003551,Honoraria,994.74,EUR,1084.27,2024-03-12
P002476,I003985,Meals,149.1,CAD,110.33,2025-03-20
P002477,I006827,Meals,75.02,BRL,15.0,2025-07-05
P002478,I004171,Meals,113.98,EUR,124.24,2024-06-20
P002479,I000281,Meals,59.71,EUR,65.08,2024-05-04
P002480,I003078,Meals,123.28,EUR,134.38,2025-02-25
P002481,I001679,Meals,77.01,INR,0.92,2024-12-03
P002482,I003236,Honoraria,1045.59,BRL,209.12,2024-04-18
P002483,I002315,Honoraria,1841.33,INR,22.1,2024-10-13
P002484,I001098,Honoraria,715.44,USD,715.44,2024-06-30
P002485,I006230,Travel,636.33,CAD,470.88,2024-08-29
P002486,I006040,Venue/AV,7473.67,JPY,50.07,2024-05-21
P002487,I000257,Venue/AV,331.81,JPY,2.22,2025-06-12
P002488,I003187,Lodging,158.06,MXN,9.17,2024-06-26
P002489,I003864,Venue/AV,3093.23,CAD,2288.99,2025-03-02
P002490,I001455,Meals,59.51,EUR,64.87,2025-05-27
P002491,I005906,Honoraria,966.26,EUR,1053.22,2024-03-13
P002492,I001121,Lodging,428.61,INR,5.14,2025-03-16
P002493,I003708,Meals,65.45,EUR,71.34,2024-01-19
P002494,I000047,Meals,42.33,eur,46.14,2024-09-12
P002495,I004700,Meals,88.08,USD,88.08,2024-09-16
P002496,I004919,Travel,449.14,CAD,332.36,2025-01-05
P002497,I004328,Lodging,51.87,GBP,65.87,2024-10-27
P002498,I002120,Meals,222.37,JPY,1.49,2024-10-09
P002499,I006633,Lodging,334.62,CAD,247.62,2024-07-09
P002500,I003776,Meals,77.99,JPY,0.52,2025-04-13
P002501,I006396,Meals,108.76,BRL,21.75,2024-12-24
P002502,I001278,Travel,317.67,GBP,,2024-04-05
P002503,I002512,Meals,66.01,EUR,71.95,2025-05-10
P002504,I003415,Travel,329.92,EUR,359.61,2024-02-21
P002505,I004973,Meals,155.1,USD,155.1,2024-10-25
P002506,I004130,Honoraria,1551.23,JPY,10.39,2025-02-20
P002507,I002123,Meals,80.87,INR,0.97,2024-03-29
P002508,I003482,Meals,142.08,JPY,0.95,2024-12-08
P002509,I000536,Meals,15.02,CAD,11.11,2024-04-10
P002510,I000577,Travel,623.99,EUR,680.15,2024-04-08
P002511,I005604,Meals,107.27,EUR,116.92,2025-03-01
P002512,I004704,Meals,52.41,BRL,10.48,2025-02-05
P002513,I004636,Meals,89.86,INR,1.08,2024-10-11
P002514,I003515,Honoraria,984.88,INR,11.82,2024-06-25
P002515,I002947,Travel,303.95,USD,303.95,2024-11-23
P002516,I001392,Meals,43.37,EUR,47.27,2024-07-31
P002517,I005905,Meals,43.73,MXN,2.54,2024-09-01
P002518,I003862,Honoraria,4078.96,USD,4078.96,2025-05-21
P002519,I001106,Meals,78.62,BRL,15.72,2025-03-25
P002520,I004428,Meals,43.82,USD,43.82,2024-12-31
P002521,I002904,Honoraria,818.38,EUR,892.03,2024-03-12
P002522,I003837,Meals,119.67,BRL,,2025-02-10
P002523,I004928,Honoraria,680.94,MXN,39.49,2025-05-22
P002524,I001795,Travel,731.87,CAD,541.58,2025-01-16
P002525,I003703,Lodging,523.3,EUR,570.4,2025-07-19
P002526,I002610,Travel,104.21,USD,104.21,2025-04-05
P002527,I006909,Meals,22.84,INR,0.27,2025-04-23
P002528,I002092,Honoraria,1009.93,MXN,58.58,2024-02-06
P002529,I004091,Travel,280.81,USD,280.81,2024-12-22
P002530,I003746,Meals,22.9,GBP,29.08,2024-12-11
P002531,I002727,Meals,48.61,USD,48.61,2025-03-28
P002532,I004989,Honoraria,1858.46,INR,22.3,2024-04-13
P002533,I001014,Honoraria,909.29,BRL,181.86,2024-06-08
P002534,I006973,Travel,378.23,BRL,75.65,2025-04-11
P002535,I000161,Travel,261.41,MXN,15.16,2024-11-30
P002536,I005910,Lodging,558.61,CAD,413.37,2025-01-16
P002537,I002716,Travel,690.36,JPY,4.63,2024-10-12
P002538,I005646,Meals,47.22,INR,0.57,2024-07-01
P002539,I002979,Honoraria,673.09,CAD,498.09,2024-09-26
P002540,I004857,Travel,291.21,EUR,317.42,2024-11-19
P002541,I005616,Venue/AV,1156.99,BRL,231.4,2024-02-05
P002542,I003976,Travel,539.17,EUR,587.7,2024-10-04
P002543,I002223,Meals,67.51,BRL,13.5,2024-09-26
P002544,I000695,Travel,538.17,INR,6.46,2024-12-15
P002545,I001936,Travel,938.77,EUR,1023.26,2024-12-07
P002546,I004710,Meals,71.65,JPY,0.48,2024-03-19
P002547,I002805,Travel,607.28,USD,607.28,2024/08/31
P002548,I001841,Honoraria,603.5,MXN,35.0,2024-08-06
P002549,I006038,Meals,72.58,EUR,79.11,2024-05-18
P002550,I005772,Honoraria,677.34,eur,738.3,2024-09-13
P002551,I000267,Travel,471.49,BRL,94.3,2024-01-29
P002552,I002317,Meals,44.69,MXN,2.59,2024-04-06
P002553,I005172,Honoraria,1243.59,EUR,,2024-03-17
P002554,I000687,Travel,92.6,GBP,117.6,2024-07-07
P002555,I002431,Travel,467.23,INR,5.61,2024-03-08
P002556,I002936,Meals,114.09,USD,114.09,2024-07-04
P002557,I000648,Meals,78.08,EUR,85.11,2025-06-12
P002558,I003745,Honoraria,2605.87,CAD,1928.34,2024-04-03
P002559,I001322,Travel,405.81,EUR,442.33,2024-11-21
P002560,I010641,Meals,30.28,USD,30.28,2024-03-17
P002561,I001331,Travel,572.64,EUR,624.18,2024-05-21
P002562,I003216,Lodging,474.01,MXN,27.49,2024-11-29
P002563,I001194,Meals,148.78,mxn,8.63,2024-05-03
P002564,I003781,Meals,82.46,INR,0.99,2024-02-20
P002565,I002216,Honoraria,724.76,JPY,4.86,2025-04-05
P002566,I000190,Travel,101.14,EUR,110.24,2025-03-11
P002567,I003174,Venue/AV,2462.72,EUR,2684.36,2025-03-31
P002568,I004375,Meals,108.34,BRL,21.67,2024-02-17
P002569,I006228,Meals,63.38,INR,0.76,2025-04-09
P002570,I002614,Meals,36.96,EUR,40.29,2025-07-27
P002571,I006864,Meals,57.7,INR,0.69,2024-11-01
P002572,I005639,Meals,123.4,USD,123.4,2024-08-18
P002573,I003790,Meals,20.94,BRL,4.19,2024-03-31
P002574,I006605,Lodging,997.3,EUR,1087.06,2024-05-14
P002575,I006652,Meals,114.83,GBP,145.83,2024-08-03
P002576,I005356,Lodging,272.12,USD,272.12,2024-04-04
P002577,I002348,Meals,81.75,CAD,60.49,2024-11-12
P002578,I000586,Meals,80.05,EUR,87.25,2024-08-29
P002579,I003036,Travel,330.69,JPY,2.22,2024-02-15
P002580,I006464,Lodging,1596.94,CAD,1181.74,2024-04-25
P002581,I000690,Honoraria,1060.24,MXN,61.49,2025-02-18
P002582,I004511,Meals,52.39,USD,52.39,2025-02-23
P002583,I002982,Venue/AV,2568.52,GBP,3262.02,2024-11-30
P002584,I005401,Meals,66.33,EUR,,2024-05-04
P002585,I001369,Meals,115.04,EUR,125.39,2024-07-07
P002586,I008643,Meals,205.21,JPY,1.37,2024-10-25
P002587,I000286,Travel,298.12,BRL,59.62,2024-07-28
P002588,I004242,Lodging,339.2,JPY,2.27,2025-04-08
P002589,I004692,Travel,397.35,BRL,79.47,2024-12-24
P002590,I001198,Honoraria,1912.76,EUR,2084.91,2024-04-01
P002591,I003861,Travel,989.78,MXN,57.41,2024-08-08
P002592,I005981,Meals,56.51,JPY,0.38,2024-01-26
P002593,I005465,Lodging,197.39,BRL,39.48,2024-03-23
P002594,I003564,Meals,37.27,BRL,7.45,2025-07-12
P002595,I001155,Lodging,308.68,USD,308.68,2024-04-21
P002596,I002505,Meals,101.53,JPY,0.68,2025-03-17
P002597,I001405,Lodging,128.38,INR,1.54,2025-03-20
P002598,I000839,Meals,30.4,EUR,33.14,2024-10-12
P002599,I001209,Travel,550.91,BRL,110.18,2024/10/10
P002600,I000171,Honoraria,823.42,JPY,5.52,2024-12-20
P002601,I004109,Meals,92.05,MXN,5.34,2023-12-30
P002602,I001369,Meals,27.08,EUR,29.52,2024-07-08
P002603,I002903,Meals,158.48,BRL,31.7,2025-06-26
P002604,I000655,Meals,57.5,MXN,3.33,2024-11-22
P002605,I001333,Honoraria,2880.34,GBP,3658.03,2024-05-01
P002606,I006798,Honoraria,2340.97,BRL,468.19,2024-07-09
P002607,I002975,Travel,429.65,JPY,2.88,2025-01-11
P002608,I002613,Honoraria,2095.22,INR,,2025/07/12
P002609,I004779,Meals,227.39,CAD,168.27,2024-07-28
P002610,I002572,Meals,52.51,EUR,57.24,2025-02-15
P002611,I003929,Travel,179.03,JPY,1.2,2024-06-17
P002612,I003618,Travel,168.09,CAD,124.39,2024-05-03
P002613,I005179,Lodging,316.82,CAD,234.45,2024-03-24
P002614,I003325,Meals,80.53,GBP,102.27,2024-12-28
P002615,I000945,Meals,51.24,USD,51.24,2024-05-20
P002616,I002344,Travel,397.54,MXN,23.06,2024-06-10
P002617,I006101,Meals,76.9,BRL,15.38,2025-03-11
P002618,I004061,Meals,221.05,INR,2.65,2025-05-03
P002619,I002480,Honoraria,972.58,JPY,6.52,2025-04-22
P002620,I005768,Meals,119.67,CAD,88.56,2025-01-23
P002621,I006851,Travel,334.41,EUR,364.51,2024-09-06
P002622,I003814,Travel,542.53,EUR,591.36,2024-04-26
P002623,I006942,Travel,487.28,GBP,618.85,2024-07-22
P002624,I001373,Travel,443.41,USD,443.41,2024-11-21
P002625,I004588,Meals,41.04,EUR,44.73,2024-12-09
P002626,I002179,Meals,19.54,INR,0.23,2025-03-22
P002627,I004479,Venue/AV,2377.93,EUR,2591.94,2025-04-13
P002628,I002499,Meals,72.91,USD,72.91,2024-12-21
P002629,I004176,Meals,38.28,JPY,0.26,2024-08-28
P002630,I003996,Travel,433.54,CAD,320.82,2025-06-30
P002631,I003332,Venue/AV,6654.82,EUR,7253.75,2025-05-21
P002632,I001652,Honoraria,1555.16,INR,18.66,2024-06-10
P002633,I002311,Honoraria,2249.17,EUR,2451.6,2024-04-17
P002634,I004146,Meals,110.35,USD,110.35,2025-05-08
P002635,I003197,Lodging,1419.24,brl,283.85,2024-02-13
P002636,I001998,Meals,71.09,CAD,52.61,2024-01-02
P002637,I000697,Meals,56.8,BRL,,2025-05-26
P002638,I000892,Travel,321.88,EUR,350.85,2025-03-05
P002639,I002356,Meals,72.65,JPY,0.49,2024-01-30
P002640,I004302,Meals,190.97,BRL,38.19,2024-07-26
P002641,I005218,Travel,161.72,JPY,1.08,2024-11-20
P002642,I002770,Meals,32.6,BRL,6.52,2025-03-04
P002643,I004048,Meals,60.97,MXN,3.54,2024-06-20
P002644,I004166,Honoraria,323.22,MXN,18.75,2024-03-27
P002645,I004919,Honoraria,980.63,USD,980.63,2025-01-27
P002646,I006439,Travel,297.75,CAD,220.34,2024-06-27
P002647,I006364,Travel,336.9,INR,4.04,2024-12-04
P002648,I003908,Meals,43.4,JPY,0.29,2025-05-23
P002649,I003613,Lodging,222.85,brl,44.57,2025-05-24
P002650,I001825,Meals,119.8,EUR,130.58,2024-03-16
P002651,I003062,Lodging,421.56,MXN,24.45,2025-01-30
P002652,I003247,Lodging,1524.38,BRL,304.88,2025-04-07
P002653,I005299,Honoraria,1164.22,USD,1164.22,2024-12-13
P002654,I000404,Meals,34.24,INR,0.41,2025-03-09
P002655,I001317,Travel,256.54,EUR,279.63,2024-06-15
P002656,I004578,Honoraria,3477.17,BRL,695.43,2025-02-11
P002657,I002820,Travel,334.65,MXN,19.41,2025-04-08
P002658,I003563,Honoraria,429.52,EUR,468.18,2024-08-13
P002659,I004430,Travel,499.98,INR,6.0,2025-06-15
P002660,I005367,Honoraria,1105.09,JPY,7.4,2025-01-05
P002661,I001820,Meals,61.65,CAD,45.62,2024-04-30
P002662,I000906,Travel,176.46,GBP,224.1,2024-10-09
P002663,I004657,Meals,29.38,USD,29.38,2025-03-10
P002664,I002628,Honoraria,1773.96,MXN,102.89,2024-02-24
P002665,I005262,Lodging,229.55,EUR,250.21,2024-12-03
P002666,I000305,Meals,79.02,CAD,58.47,2024-09-19
P002667,I002673,Meals,115.84,EUR,126.27,2025-07-05
P002668,I001566,Travel,149.94,EUR,163.43,2024-09-26
P002669,I006919,Meals,30.06,MXN,1.74,2025-05-26
P002670,I006199,Lodging,68.8,EUR,74.99,2025-05-15
P002671,I001064,Meals,54.74,EUR,59.67,2025-02-04
P002672,I000471,Meals,27.69,BRL,5.54,2024-07-15
P002673,I003161,Venue/AV,2899.51,INR,34.79,2025-04-15
P002674,I001138,Travel,200.99,EUR,219.08,2024-11-08
P002675,I003323,Honoraria,1459.81,JPY,9.78,2024-10-31
P002676,I002673,Meals,85.29,EUR,92.97,2025-06-18
P002677,I006206,Travel,845.59,BRL,169.12,2025-03-29
P002678,I003013,Meals,223.77,EUR,243.91,2024-12-29
P002679,I000623,Venue/AV,511.38,GBP,649.45,2024-10-19
P002680,I003568,Venue/AV,1810.16,INR,21.72,2024-05-21
P002681,I002554,Lodging,405.04,EUR,441.49,2024-03-15
P002682,I002757,Venue/AV,1976.98,MXN,114.66,2024-12-18
P002683,I000166,Travel,584.34,EUR,636.93,2024-12-30
P002684,I005216,Lodging,317.04,USD,317.04,2025-03-24
P002685,I000102,Travel,524.88,INR,6.3,2024-12-10
P002686,I003836,Meals,105.19,EUR,114.66,2024-06-26
P002687,I010583,Meals,126.22,JPY,0.85,2024-03-26
P002688,I006625,Travel,276.71,USD,276.71,2024-06-26
P002689,I003832,Meals,45.06,INR,0.54,2025-04-20
P002690,I004183,Travel,193.39,CAD,143.11,2024-03-13
P002691,I005714,Meals,30.56,USD,30.56,2025-05-29
P002692,I002528,Venue/AV,4381.15,CAD,3242.05,2024-04-12
P002693,I004233,Meals,50.55,INR,0.61,2024-07-26
P002694,I005712,Honoraria,1387.08,INR,16.64,2025-05-29
P002695,I000566,Travel,330.92,EUR,360.7,2024-10-14
P002696,I002564,Meals,50.39,MXN,2.92,2024-05-07
P002697,I000846,Meals,38.65,EUR,42.13,2024-04-16
P002698,I006493,Honoraria,2966.38,INR,35.6,2024-04-01
P002699,I001108,Meals,49.68,JPY,0.33,2024-04-20
P002700,I006954,Honoraria,2503.14,BRL,500.63,2024-07-18
P002701,I005855,Travel,599.62,BRL,119.92,2024-10-11
P002702,I001006,Meals,126.27,CAD,93.44,2024-07-19
P002703,I004033,Honoraria,6302.78,GBP,8004.53,2024-08-20
P002704,I001713,Honoraria,1584.36,CAD,,2025-07-31
P002705,I005961,Meals,328.02,CAD,242.73,2024-04-13
P002706,I004361,Travel,380.08,CAD,281.26,2025-03-21
P002707,I003862,Meals,279.96,BRL,55.99,2025-04-24
P002708,I004918,Meals,44.74,MXN,2.59,2025-03-19
P002709,I004561,Lodging,348.91,JPY,,2024-05-05
P002710,I004255,Honoraria,356.36,USD,356.36,2025-01-03
P002711,I006653,Meals,25.69,EUR,28.0,2025-04-26
P002712,I002027,Lodging,596.11,JPY,3.99,2024-03-09
P002713,I009144,Honoraria,647.31,MXN,37.54,2024-12-05
P002714,I011103,Honoraria,554.02,EUR,603.88,2024-12-08
P002715,I001186,Travel,436.59,USD,436.59,2024-08-27
P002716,I005242,Travel,183.4,CAD,135.72,2024-09-01
P002717,I001994,Meals,74.48,CAD,55.12,2025-03-15
P002718,I002801,Travel,437.1,brl,87.42,2024-02-29
P002719,I005873,Travel,211.79,USD,211.79,2024-10-08
P002720,I009850,Meals,95.41,BRL,19.08,2024-06-21
P002721,I002723,Lodging,215.77,BRL,43.15,2025-01-28
P002722,I001590,Meals,70.73,MXN,4.1,2025-01-14
P002723,I002063,Honoraria,835.95,CAD,618.6,2025-03-14
P002724,I003837,Meals,48.32,BRL,9.66,2025-02-26
P002725,I006652,Meals,85.63,EUR,93.34,2024-08-14
P002726,I001729,Meals,125.56,INR,1.51,2024-09-28
P002727,I000165,Honoraria,441.15,EUR,480.85,2025-05-26
P002728,I005241,Venue/AV,870.93,EUR,949.31,2024-10-17
P002729,I005012,Meals,21.12,MXN,1.22,2024-10-26
P002730,I001494,Meals,106.34,EUR,115.91,2025-02-22
P002731,I001163,Meals,99.27,MXN,5.76,2024-08-22
P002732,I001141,Lodging,428.71,INR,5.14,2024-10-18
P002733,I000006,Meals,165.63,EUR,180.54,2025-01-19
P002734,I004300,Meals,104.07,GBP,132.17,2024-09-05
P002735,I002060,Honoraria,557.19,GBP,707.63,2025-04-09
P002736,I004443,Meals,166.23,BRL,33.25,2024-09-16
P002737,I004744,Meals,60.72,CAD,44.93,2024-08-24
P002738,I006694,Lodging,235.08,MXN,13.63,2024-07-08
P002739,I000469,Travel,341.37,USD,341.37,2025-04-07
P002740,I002423,Meals,55.38,GBP,,2024-10-04
P002741,I000567,Venue/AV,1392.37,USD,1392.37,2025-03-30
P002742,I003708,Meals,49.87,EUR,54.36,2024-01-10
P002743,I000286,Travel,507.49,CAD,375.54,2024-08-30
P002744,I001887,Meals,34.69,INR,0.42,2024-03-27
P002745,I002877,Meals,33.25,CAD,24.61,2025-05-21
P002746,I000570,Venue/AV,2234.87,JPY,14.97,2025-02-05
P002747,I002337,Meals,86.43,CAD,63.96,2024-04-25
P002748,I006723,Travel,380.99,INR,4.57,2025-04-12
P002749,I004069,Travel,613.81,BRL,122.76,2024-07-24
P002750,I001128,Venue/AV,851.43,EUR,928.06,2025-05-07
P002751,I001145,Travel,639.25,GBP,811.85,2025-05-09
P002752,I003651,Meals,35.2,BRL,7.04,2024-08-09
P002753,I001718,Meals,86.35,JPY,0.58,2024-06-30
P002754,I006853,Meals,58.77,EUR,64.06,2025-08-09
P002755,I005996,Lodging,307.91,EUR,335.62,2024-03-12
P002756,I003298,Honoraria,1369.66,EUR,1492.93,2025-03-29
P002757,I003969,Travel,146.73,USD,146.73,2025-06-16
P002758,I003969,Meals,131.45,MXN,7.62,2025-06-03
P002759,I000653,Venue/AV,2028.03,EUR,2210.55,2023-12-31
P002760,I003164,Meals,202.3,USD,202.3,2024-01-31
P002761,I001422,Travel,186.93,MXN,10.84,2024-05-20
P002762,I000351,Meals,402.83,JPY,2.7,2024-04-20
P002763,I005350,Travel,178.24,EUR,194.28,2024-08-02
P002764,I000970,Honoraria,716.03,USD,716.03,2025-02-24
P002765,I002207,Meals,114.94,MXN,6.67,2024-09-18
P002766,I006317,Meals,76.18,GBP,96.75,2025-04-17
P002767,I005800,Travel,248.48,GBP,315.57,2024-07-13
P002768,I006002,Meals,37.3,CAD,27.6,2024-03-28
P002769,I002504,Travel,260.53,MXN,,2025-02-28
P002770,I000748,Travel,317.73,BRL,63.55,2024-08-06
P002771,I003969,Meals,65.87,mxn,3.82,2025-05-29
P002772,I006865,Meals,28.98,EUR,31.59,2024-07-25
P002773,I004554,Meals,66.61,BRL,,2024-09-24
P002774,I006840,Lodging,383.78,EUR,418.32,2024-05-28
P002775,I000724,Lodging,5066.2,EUR,5522.16,2024-01-25
P002776,I002903,Honoraria,2661.08,usd,2661.08,2025-07-08
P002777,I003913,Travel,503.87,BRL,100.77,2024-05-12
P002778,I005733,Meals,151.27,EUR,164.88,2025-04-14
P002779,I000400,Honoraria,2634.8,MXN,152.82,2025-06-10
P002780,I006162,Travel,566.43,BRL,113.29,2025-03-01
P002781,I003906,Meals,66.65,GBP,84.65,2024-02-17
P002782,I001990,Travel,246.02,INR,2.95,2025-03-14
P002783,I010597,Meals,96.75,BRL,19.35,2024-03-31
P002784,I006461,Travel,493.59,BRL,98.72,2025-04-13
P002785,I002901,Meals,79.26,EUR,,2024-06-20
P002786,I000225,Venue/AV,4244.26,GBP,5390.21,2024-11-03
P002787,I002750,Meals,233.68,EUR,254.71,2025-04-06
P002788,I004862,Travel,341.11,INR,4.09,2024-12-03
P002789,I002146,Venue/AV,847.54,BRL,169.51,2024-07-08
P002790,I005878,Lodging,1004.34,INR,12.05,2025-01-16
P002791,I006663,Travel,67.56,MXN,3.92,2025-06-26
P002792,I006478,Honoraria,4362.02,CAD,3227.89,2024-05-12
P002793,I001225,Venue/AV,1683.31,EUR,1834.81,2025-04-03
P002794,I011980,Meals,71.4,JPY,0.48,2024-10-20
P002795,I006398,Travel,1471.95,USD,1471.95,2024-12-09
P002796,I001333,Travel,345.89,EUR,377.02,2024-05-02
P002797,I000915,Meals,194.82,CAD,144.17,2024-12-20
P002798,I003037,Meals,93.64,BRL,18.73,2025-05-25
P002799,I006492,Meals,145.99,BRL,29.2,2024-07-06
P002800,I005113,Meals,279.11,EUR,304.23,2025-05-13
P002801,I003950,Honoraria,971.9,INR,11.66,2025-05-07
P002802,I003007,Travel,1245.85,USD,1245.85,2024-10-19
P002803,I006788,Travel,502.4,GBP,638.05,2024-02-20
P002804,I006838,Travel,590.62,JPY,3.96,2024-11-03
P002805,I004228,Travel,161.87,EUR,176.44,2024-04-24
P002806,I002488,Meals,142.71,EUR,155.55,2024-05-12
P002807,I005918,Meals,32.41,EUR,35.33,2025-03-07
P002808,I004449,Lodging,591.5,EUR,644.74,2024-09-10
P002809,I000571,Travel,412.34,INR,4.95,2024-10-13
P002810,I006545,Lodging,508.29,INR,6.1,2024-09-12
P002811,I004177,Honoraria,1409.63,CAD,1043.13,2025-07-05
P002812,I006168,Meals,112.4,EUR,122.52,2024-07-08
P002813,I002735,Meals,134.87,EUR,147.01,2025-06-21
P002814,I004746,Lodging,354.01,CAD,261.97,2025-05-02
P002815,I000861,Meals,172.35,GBP,218.88,2024-06-16
P002816,I001128,Meals,48.38,EUR,52.73,2025-04-05
P002817,I001049,Honoraria,1291.09,GBP,1639.68,2025-04-15
P002818,I002641,Travel,375.8,EUR,409.62,2024-09-26
P002819,I002517,Meals,28.85,CAD,21.35,2024-08-14
P002820,I000880,Meals,89.35,EUR,97.39,2024-08-06
P002821,I009789,Meals,231.24,GBP,293.67,2024-08-15
P002822,I005812,Meals,182.74,EUR,199.19,2024-09-06
P002823,I003874,Meals,147.96,INR,1.78,2024-06-13
P002824,I004796,Travel,333.4,MXN,19.34,2024-07-18
P002825,I005459,Lodging,525.1,CAD,388.57,2025-04-08
P002826,I003629,Lodging,397.69,GBP,505.07,2025-04-08
P002827,I004706,Honoraria,506.18,CAD,374.57,2025-07-03
P002828,I005240,Meals,86.34,MXN,5.01,2025-06-14
P002829,I005261,Meals,46.33,BRL,9.27,2025-06-05
P002830,I000267,Lodging,352.33,USD,352.33,2024-02-19
P002831,I001581,Meals,38.8,brl,7.76,2024-08-13
P002832,I003108,Meals,82.68,JPY,0.55,2025-05-16
P002833,I006035,Meals,193.57,JPY,1.3,2024-02-15
P002834,I001005,Honoraria,1666.69,INR,,2025-06-21
P002835,I005930,Venue/AV,6424.25,MXN,372.61,2024-10-07
P002836,I000323,Meals,114.82,INR,1.38,2024-05-23
P002837,I005193,Travel,342.9,INR,4.11,2024-03-31
P002838,I001797,Meals,125.48,EUR,136.77,2025-03-12
P002839,I000137,Lodging,1139.84,EUR,1242.43,2024-09-21
P002840,I000098,Travel,361.81,usd,361.81,2024-01-16
P002841,I004163,Lodging,264.1,INR,3.17,2025-07-12
P002842,I005766,Meals,113.75,BRL,22.75,2025-06-30
P002843,I005939,Meals,28.25,JPY,0.19,2025-02-24
P002844,I000283,Meals,97.77,EUR,106.57,2024-03-04
P002845,I000638,Honoraria,1254.24,USD,1254.24,2024-04-29
P002846,I005375,Meals,284.87,EUR,310.51,2024-12-11
P002847,I003656,Lodging,393.15,EUR,428.53,2025-01-10
P002848,I000520,Travel,579.49,CAD,428.82,2024-05-17
P002849,I004223,Meals,217.68,EUR,237.27,2025-05-23
P002850,I008265,Travel,466.4,CAD,,2024-08-17
P002851,I000705,Meals,100.0,CAD,74.0,2024-05-18
P002852,I002755,Honoraria,940.4,EUR,1025.04,2024-10-08
P002853,I003509,Meals,26.63,INR,0.32,2024-08-31
P002854,I004337,Travel,176.78,EUR,192.69,2024-12-01
P002855,I001051,Venue/AV,2926.61,EUR,3190.0,2024-08-16
P002856,I006944,Travel,230.11,BRL,46.02,2025-07-31
P002857,I006803,Meals,172.02,INR,2.06,2025-01-18
P002858,I006775,Lodging,286.41,EUR,312.19,2025-04-20
P002859,I002281,Travel,633.48,INR,7.6,2024-10-01
P002860,I004621,Meals,21.04,MXN,1.22,2024-02-26
P002861,I005678,Meals,79.18,CAD,58.59,2024-05-01
P002862,I002017,Meals,192.01,EUR,209.29,2024-07-21
P002863,I003243,Meals,79.24,INR,0.95,2025-06-24
P002864,I002033,Lodging,270.04,EUR,294.34,2024-06-03
P002865,I003712,Lodging,548.4,GBP,696.47,2025-04-07
P002866,I002016,Meals,72.34,CAD,53.53,2024-10-06
P002867,I003794,Travel,359.37,CAD,265.93,2025-02-20
P002868,I004545,Meals,51.22,GBP,65.05,2025-02-10
P002869,I005763,Honoraria,1171.45,GBP,1487.74,2025-01-19
P002870,I002129,Honoraria,1265.75,CAD,936.65,2024-05-31
P002871,I002287,Travel,241.54,EUR,263.28,2024-06-15
P002872,I004835,Meals,49.85,JPY,0.33,2024-06-02
P002873,I004789,Meals,17.8,BRL,3.56,2024-04-14
P002874,I004410,Travel,864.74,INR,10.38,2025-02-06
P002875,I004832,Travel,159.6,usd,159.6,2025-06-29
P002876,I002129,Meals,153.79,MXN,8.92,2024-06-11
P002877,I004633,Meals,40.2,EUR,43.82,2024-12-01
P002878,I005598,Meals,71.25,BRL,14.25,2025-04-16
P002879,I001097,Honoraria,639.42,BRL,127.88,2024-07-14
P002880,I001669,Travel,371.61,MXN,21.55,2025-03-22
P002881,I004005,Travel,185.1,CAD,136.97,2024-11-05
P002882,I005437,Meals,25.07,MXN,1.45,2024-07-18
P002883,I006625,Lodging,848.23,BRL,169.65,2024-06-22
P002884,I002709,Meals,80.34,MXN,4.66,2024-12-22
P002885,I002627,Venue/AV,1477.67,GBP,1876.64,2025-03-23
P002886,I001073,Meals,67.3,EUR,73.36,2024-09-12
P002887,I004508,Meals,41.96,CAD,31.05,2025-06-05
P002888,I000347,Meals,49.09,MXN,2.85,2024-11-28
P002889,I000873,Meals,126.72,BRL,25.34,2025-07-13
P002890,I002585,Meals,89.41,BRL,17.88,2024-05-16
P002891,I005345,Meals,77.84,CAD,57.6,2024-05-20
P002892,I002668,Honoraria,1058.49,EUR,1153.75,2024-10-16
P002893,I002802,Honoraria,1656.87,CAD,1226.08,2025-01-03
P002894,I006402,Honoraria,1281.16,CAD,948.06,2024-07-27
P002895,I003603,Meals,53.01,JPY,0.36,2025-05-18
P002896,I006205,Lodging,913.33,MXN,52.97,2024-04-11
P002897,I001505,Travel,1084.71,CAD,802.69,2024-07-02
P002898,I003242,Travel,333.0,EUR,362.97,2025-02-11
P002899,I003989,Meals,128.02,USD,128.02,2025-02-15
P002900,I000420,Meals,78.95,BRL,15.79,2024-07-09
P002901,I002320,Meals,72.19,MXN,4.19,2025-03-15
P002902,I002065,Honoraria,964.91,INR,11.58,2025-01-23
P002903,I002281,Meals,237.84,JPY,1.59,2024-09-01
P002904,I006159,Meals,74.78,JPY,0.5,2024-05-12
P002905,I001510,Travel,510.43,EUR,556.37,2024-06-30
P002906,I005732,Honoraria,1860.63,INR,22.33,2024-08-16
P002907,I004729,Travel,170.96,BRL,34.19,2025-01-05
P002908,I002063,Meals,49.35,CAD,36.52,2025-02-15
P002909,I005532,Meals,25.65,JPY,0.17,2025-02-21
P002910,I006666,Meals,96.08,BRL,19.22,2025-01-12
P002911,I000864,Meals,54.01,JPY,0.36,2024-04-08
P002912,I005980,Meals,260.45,BRL,52.09,2024-06-23
P002913,I004957,Venue/AV,1277.15,CAD,945.09,2024-07-26
P002914,I003332,Meals,113.56,GBP,144.22,2025-05-15
P002915,I003588,Meals,87.51,EUR,95.39,2024-05-18
P002916,I001771,Meals,67.39,CAD,49.87,2025-04-28
P002917,I002059,Meals,155.28,JPY,,2025-02-26
P002918,I006424,Meals,30.35,BRL,,2024-12-19
P002919,I004100,Travel,225.72,JPY,1.51,2025-01-12
P002920,I005387,Travel,338.25,CAD,250.31,2024-02-26
P002921,I006585,Honoraria,1192.27,USD,1192.27,2025-02-13
P002922,I003783,Meals,140.5,EUR,153.15,2024-09-15
P002923,I000928,Venue/AV,1598.74,MXN,92.73,2025-07-01
P002924,I005231,Meals,59.78,JPY,0.4,2025-04-02
P002925,I004194,Meals,30.92,BRL,6.18,2025-06-16
P002926,I005527,Meals,51.66,CAD,38.23,2024-11-11
P002927,I005533,Travel,507.23,EUR,552.88,2025-03-30
P002928,I006829,Meals,135.78,INR,1.63,2024-04-28
P002929,I005912,Travel,209.71,JPY,1.41,2024-03-08
P002930,I004114,Meals,140.35,USD,140.35,2024-04-04
P002931,I001055,Meals,62.16,brl,12.43,2024-09-07
P002932,I001488,Honoraria,1981.73,CAD,1466.48,2024-06-23
P002933,I002644,Travel,239.35,EUR,260.89,2024-03-23
P002934,I006005,Honoraria,1639.17,EUR,1786.7,2024-09-04
P002935,I003127,Meals,59.44,EUR,64.79,2024-04-23
P002936,I000824,Honoraria,2206.97,EUR,2405.6,2024-01-16
P002937,I004491,Meals,72.32,EUR,78.83,2024-08-30
P002938,I002796,Honoraria,1377.75,USD,1377.75,2025-04-02
P002939,I002008,Lodging,1507.94,EUR,1643.65,2024-08-23
P002940,I000177,Honoraria,2223.8,USD,2223.8,2025-05-15
P002941,I002468,Meals,63.55,JPY,0.43,2024-05-27
P002942,I006773,Travel,424.59,JPY,2.84,2024-01-07
P002943,I000610,Venue/AV,3742.04,GBP,4752.39,2024-11-14
P002944,I000706,Meals,40.47,INR,0.49,2024-04-25
P002945,I003204,Meals,130.25,JPY,0.87,2025-02-17
P002946,I002151,Meals,25.71,BRL,5.14,2024-07-22
P002947,I006347,Honoraria,313.01,eur,341.18,2025-06-19
P002948,I002675,Travel,553.95,EUR,,2025-06-13
P002949,I006514,Meals,177.3,JPY,1.19,2025-04-28
P002950,I006172,Travel,191.27,BRL,38.25,2025-07-16
P002951,I002367,Meals,52.06,JPY,0.35,2025-05-17
P002952,I006397,Meals,144.86,USD,144.86,2024-07-01
P002953,I005783,Honoraria,999.18,EUR,1089.11,2025-01-27
P002954,I006156,Meals,71.8,INR,0.86,2025-04-04
P002955,I002648,Meals,201.1,MXN,11.66,2024-01-24
P002956,I000150,Meals,91.79,BRL,18.36,2025-04-09
P002957,I005725,Travel,239.52,CAD,177.24,2024-07-17
P002958,I005954,Travel,142.56,JPY,0.96,2025-01-03
P002959,I001131,Travel,350.35,EUR,381.88,2025-06-18
P002960,I005717,Meals,51.15,INR,0.61,2024-11-02
P002961,I004421,Lodging,250.86,INR,3.01,2024-03-18
P002962,I004333,Travel,758.34,EUR,826.59,2025-01-10
P002963,I001417,Honoraria,1401.6,CAD,1037.18,2024-01-23
P002964,I001080,Meals,48.98,BRL,9.8,2024-03-28
P002965,I005308,Travel,328.22,EUR,357.76,2024-03-23
P002966,I006337,Meals,108.57,jpy,0.73,2025-05-11
P002967,I003769,Honoraria,505.54,MXN,29.32,2024-09-21
P002968,I001959,Honoraria,1467.54,EUR,1599.62,2025-03-17
P002969,I002796,Travel,376.11,CAD,278.32,2025-03-24
P002970,I005410,Lodging,218.32,BRL,43.66,2024-05-20
P002971,I006400,Travel,248.1,INR,2.98,2024-05-29
P002972,I001186,Meals,127.92,USD,127.92,2024-09-14
P002973,I006963,Travel,238.04,BRL,47.61,2025-01-20
P002974,I003798,Travel,244.16,EUR,266.13,2024-02-17
P002975,I004095,Meals,87.17,USD,87.17,2025-03-13
P002976,I003356,Travel,363.29,EUR,395.99,2024-11-05
P002977,I007601,Travel,147.51,BRL,29.5,2024-11-22
P002978,I005481,Meals,146.21,BRL,29.24,2024-06-09
P002979,I003629,Meals,108.73,EUR,118.52,2025-04-22
P002980,I001071,Meals,125.15,EUR,136.41,2025-04-25
P002981,I003581,Lodging,324.71,USD,324.71,2024-02-27
P002982,I000068,Meals,57.73,EUR,62.93,2024-04-02
P002983,I006448,Meals,24.84,BRL,4.97,2024-12-31
P002984,I001650,Lodging,849.06,MXN,49.25,2024-11-12
P002985,I005793,Travel,209.58,INR,2.51,2024-10-02
P002986,I001996,Meals,40.02,USD,40.02,2025-05-01
P002987,I002779,Meals,48.14,USD,48.14,2024-10-20
P002988,I002225,Meals,167.18,EUR,182.23,2024-02-25
P002989,I004925,Meals,35.75,GBP,45.4,2024-01-15
P002990,I002708,Honoraria,1623.29,JPY,10.88,2024-06-05
P002991,I004957,Meals,71.29,CAD,,2024-08-05
P002992,I006492,Venue/AV,1814.88,BRL,362.98,2024-05-19
P002993,I003065,Meals,45.38,INR,0.54,2024-03-07
P002994,I002334,Meals,424.54,USD,424.54,2025-03-24
P002995,I004944,Lodging,611.31,CAD,452.37,2025-06-10
P002996,I005093,Meals,88.36,USD,88.36,2024-07-20
P002997,I004106,Meals,41.54,EUR,45.28,2024-07-25
P002998,I005365,Lodging,1339.37,BRL,267.87,2024-07-10
P002999,I006386,Honoraria,1056.77,GBP,1342.1,2024-11-28
P003000,I004684,Meals,213.38,EUR,232.58,2025-06-11
P003001,I005088,Honoraria,685.35,INR,8.22,2024-04-10
P003002,I011952,Meals,81.36,EUR,88.68,2024-08-15
P003003,I001334,Meals,84.68,CAD,62.66,2024-09-16
P003004,I005617,Meals,217.17,INR,2.61,2025-02-25
P003005,I004303,Meals,111.37,INR,,2025-03-15
P003006,I002820,Travel,353.61,MXN,20.51,2025-03-05
P003007,I003050,Meals,98.29,EUR,107.14,2024-11-01
P003008,I003931,Meals,167.55,INR,2.01,2025-06-04
P003009,I003414,Meals,60.42,CAD,44.71,2024-11-18
P003010,I003718,Meals,154.27,CAD,114.16,2024-07-20
P003011,I002046,Travel,401.11,EUR,437.21,2024-11-29
P003012,I004379,Meals,40.03,EUR,43.63,2025-03-13
P003013,I006254,Meals,56.18,USD,56.18,2024-11-17
P003014,I002964,Travel,335.06,GBP,425.53,2024-01-29
P003015,I000495,Meals,83.03,USD,83.03,2024-02-29
P003016,I005849,Meals,69.9,USD,69.9,2025-01-29
P003017,I000750,Lodging,624.47,BRL,124.89,2024-06-28
P003018,I003357,Meals,272.92,BRL,54.58,2025-05-30
P003019,I002364,Meals,46.49,CAD,34.4,2025-07-30
P003020,I006549,Travel,619.99,EUR,675.79,2025-05-23
P003021,I005614,Meals,50.71,CAD,37.53,2025-02-16
P003022,I002909,Travel,431.57,BRL,86.31,2024-04-30
P003023,I002119,Meals,38.16,EUR,41.59,2025-05-20
P003024,I005672,Meals,94.24,CAD,69.74,2024-10-19
P003025,I001794,Travel,276.01,GBP,350.53,2024-08-18
P003026,I000522,Meals,62.21,USD,62.21,2024-03-05
P003027,I005893,Meals,87.79,EUR,95.69,2024-05-29
P003028,I000097,Meals,43.85,CAD,32.45,2025-01-22
P003029,I004025,Travel,734.46,JPY,4.92,2024-04-30
P003030,I010851,Meals,184.37,INR,2.21,2024-10-07
P003031,I005698,Meals,72.9,BRL,14.58,2025-03-04
P003032,I000504,Meals,113.3,cad,83.84,2024-11-25
P003033,I001064,Travel,924.26,EUR,1007.44,2025-01-23
P003034,I004741,Meals,128.18,USD,128.18,2024-09-26
P003035,I000186,Meals,59.35,USD,59.35,2024-09-26
P003036,I002704,Travel,285.82,USD,285.82,2025-04-02
P003037,I000877,Travel,219.14,JPY,1.47,2024-10-26
P003038,I004633,Travel,730.39,EUR,796.13,2024-11-07
P003039,I002316,Meals,78.44,EUR,85.5,2024-04-29
P003040,I004963,Lodging,550.43,BRL,110.09,2025-04-30
P003041,I000899,Meals,23.98,CAD,17.75,2024-10-22
P003042,I004162,Travel,518.76,EUR,565.45,2024-08-09
P003043,I006540,Lodging,231.69,CAD,171.45,2024-04-30
P003044,I001253,Travel,556.94,EUR,607.06,2024-10-23
P003045,I006259,Travel,602.16,CAD,445.6,2024-05-02
P003046,I006048,Lodging,298.05,CAD,220.56,2025-05-12
P003047,I002527,Honoraria,1073.72,JPY,7.19,2024-09-09
P003048,I005070,Travel,694.16,EUR,756.63,2024-11-12
P003049,I001155,Meals,37.84,CAD,28.0,2024-03-31
P003050,I005989,Honoraria,2838.76,EUR,3094.25,2025-04-10
P003051,I001435,Honoraria,1399.25,CAD,1035.44,2024-11-13
P003052,I000441,Travel,182.93,INR,2.2,2025-03-10
P003053,I004453,Travel,214.2,JPY,1.44,2024-10-27
P003054,I006603,Meals,40.46,MXN,2.35,2025-06-26
P003055,I006400,Meals,96.97,JPY,0.65,2024-06-14
P003056,I003864,Meals,323.79,MXN,18.78,2025-03-03
P003057,I004973,Meals,80.83,MXN,,2024-11-30
P003058,I005738,Honoraria,1297.96,BRL,259.59,2024-10-12
P003059,I000540,Meals,126.21,EUR,137.57,2025-06-08
P003060,I003215,Meals,42.13,CAD,31.18,2024-07-02
P003061,I001980,Meals,126.6,GBP,160.78,2025-02-05
P003062,I002056,Travel,893.24,EUR,973.63,2024-05-30
P003063,I005245,Meals,75.05,CAD,55.54,2025-01-29
P003064,I000162,Meals,64.17,CAD,47.49,2024-02-25
P003065,I000646,Venue/AV,611.91,MXN,35.49,2025-04-07
P003066,I004746,Meals,68.24,USD,68.24,2025-05-20
P003067,I003983,Honoraria,1309.84,CAD,969.28,2025-02-26
P003068,I005572,Meals,163.49,INR,1.96,2024-05-01
P003069,I005540,Honoraria,868.2,EUR,946.34,2024-06-07
P003070,I004638,Honoraria,3185.45,BRL,637.09,2024-10-27
P003071,I005535,Meals,188.32,GBP,239.17,2025-02-04
P003072,I004208,Lodging,883.65,JPY,5.92,2025-04-26
P003073,I004407,Honoraria,971.65,EUR,1059.1,2025-07-17
P003074,I005386,Meals,96.41,EUR,105.09,2024-01-26
P003075,I000585,Honoraria,1762.38,EUR,1920.99,2025-06-25
P003076,I001518,Meals,114.62,JPY,0.77,2024-01-21
P003077,I003279,Meals,230.11,INR,2.76,2024-07-25
P003078,I003647,Travel,227.05,GBP,288.35,2025-06-18
P003079,I000260,Venue/AV,741.45,JPY,4.97,2025-06-06
P003080,I004193,Lodging,397.41,INR,4.77,2024-12-20
P003081,I000833,Meals,60.18,EUR,65.6,2024-12-30
P003082,I001809,Meals,67.96,CAD,50.29,2024-10-20
P003083,I001082,Honoraria,1485.47,GBP,1886.55,2024-11-30
P003084,I005166,Meals,74.96,INR,0.9,2025-04-22
P003085,I005491,Travel,338.36,MXN,19.62,2025-02-21
P003086,I000775,Meals,86.42,INR,1.04,2024-07-20
P003087,I002284,Venue/AV,2478.57,USD,2478.57,2025-06-14
P003088,I006336,Meals,25.33,EUR,27.61,2024-04-23
P003089,I003759,Meals,87.46,MXN,5.07,2025-07-19
P003090,I005489,Meals,487.99,EUR,531.91,2024-06-08
P003091,I005554,Travel,259.57,INR,3.11,2024-02-16
P003092,I000753,Travel,860.9,JPY,5.77,2024-05-10
P003093,I004341,Honoraria,768.76,EUR,837.95,2024-05-08
P003094,I004199,Meals,85.52,USD,85.52,2024-02-03
P003095,I005330,Meals,328.81,EUR,358.4,2025-04-01
P003096,I002768,Venue/AV,841.03,CAD,622.36,2025-03-10
P003097,I006469,Meals,45.52,EUR,49.62,2024-02-28
P003098,I000190,Venue/AV,1393.74,EUR,1519.18,2025-03-23
P003099,I002653,Honoraria,1300.99,EUR,1418.08,2024-07-24
P003100,I004058,Venue/AV,1747.58,INR,20.97,2024-06-16
P003101,I002982,Lodging,207.33,GBP,263.31,2024-11-27
P003102,I003011,Meals,59.37,MXN,3.44,2024-03-12
P003103,I002398,Meals,62.03,INR,0.74,2025-03-10
P003104,I005184,Honoraria,1264.93,USD,1264.93,2025-03-22
P003105,I000029,Travel,165.74,INR,1.99,2025-04-08
P003106,I006010,Meals,70.54,MXN,4.09,2024-03-02
P003107,I003602,Lodging,607.79,EUR,662.49,2024-09-18
P003108,I002343,Travel,624.17,BRL,124.83,2025-04-20
P003109,I002383,Meals,31.73,BRL,6.35,2024-06-04
P003110,I006404,Meals,84.56,JPY,0.57,2024-12-31
P003111,I006124,Meals,96.55,MXN,5.6,2025-04-02
P003112,I006681,Lodging,434.06,EUR,473.13,2025-06-28
P003113,I000625,Honoraria,1383.73,USD,1383.73,2025-04-01
P003114,I002301,Travel,171.81,MXN,9.96,2024-01-13
P003115,I002004,Lodging,181.38,EUR,197.7,2025-04-04
P003116,I004336,Travel,263.11,GBP,334.15,2024-03-13
P003117,I002410,Meals,131.48,JPY,,2024-07-02
P003118,I000392,Meals,31.08,USD,31.08,2025-03-22
P003119,I001620,Venue/AV,5427.51,BRL,,2024-01-31
P003120,I004836,Lodging,510.2,INR,6.12,2024-02-14
P003121,I000505,Meals,91.59,MXN,5.31,2025-06-01
P003122,I002349,Meals,170.83,EUR,186.2,2024-10-24
P003123,I002035,Venue/AV,2149.98,BRL,430.0,2024-04-05
P003124,I005492,Honoraria,1295.09,USD,1295.09,2025-01-04
P003125,I006539,Meals,44.58,EUR,48.59,2025-05-10
P003126,I006040,Meals,117.75,INR,1.41,2024-05-01
P003127,I005112,Honoraria,468.89,CAD,346.98,2024-12-04
P003128,I005390,Meals,46.47,EUR,50.65,2025-02-19
P003129,I006323,Travel,605.8,EUR,660.32,2024-03-18
P003130,I004467,Travel,246.98,EUR,269.21,2024-09-08
P003131,I001968,Honoraria,471.72,BRL,94.34,2024-07-26
P003132,I004784,Travel,165.58,EUR,180.48,2025-06-14
P003133,I000575,Meals,89.67,BRL,17.93,2025-01-25
P003134,I001634,Meals,77.87,CAD,57.62,2024-05-20
P003135,I004343,Meals,46.03,BRL,9.21,2024-09-03
P003136,I003369,Meals,990.62,USD,990.62,2024-01-22
P003137,I006680,Honoraria,2212.88,GBP,2810.36,2024-09-29
P003138,I003010,Meals,77.65,INR,0.93,2024-10-26
P003139,I003508,Travel,294.03,MXN,17.05,2024-11-15
P003140,I001279,Meals,85.5,EUR,93.2,2024-01-16
P003141,I003227,Honoraria,3132.01,CAD,2317.69,2024-10-07
P003142,I003965,Travel,404.96,EUR,441.41,2025-02-01
P003143,I003206,Lodging,112.5,MXN,6.53,2024-10-11
P003144,I003580,Travel,380.08,EUR,414.29,2024-06-04
P003145,I002353,Meals,87.52,JPY,0.59,2024-04-02
P003146,I003342,Meals,144.5,USD,144.5,2024-11-09
P003147,I001498,Venue/AV,651.94,BRL,130.39,2024-09-04
P003148,I004398,Travel,473.85,MXN,27.48,2025-05-08
P003149,I006281,Travel,572.84,EUR,624.4,2024-07-25
P003150,I005391,Travel,384.81,GBP,488.71,2024-10-30
P003151,I004513,Meals,123.7,MXN,7.17,2024-05-10
P003152,I000094,Travel,200.43,INR,2.41,2024-04-19
P003153,I004163,Travel,596.76,JPY,4.0,2025-06-19
P003154,I001373,Meals,41.84,MXN,2.43,2024-12-12
P003155,I006502,Honoraria,831.59,BRL,166.32,2025-02-20
P003156,I002330,Honoraria,1746.48,inr,20.96,2024-02-08
P003157,I000779,Meals,274.74,BRL,54.95,2024-07-15
P003158,I003950,Meals,237.61,JPY,1.59,2025-04-19
P003159,I004912,Venue/AV,3049.76,EUR,3324.24,2024-08-25
P003160,I000624,Meals,137.04,EUR,149.37,2025-02-23
P003161,I002007,Meals,33.08,BRL,6.62,2024-09-20
P003162,I005527,Honoraria,1683.35,CAD,1245.68,2024-12-05
P003163,I005287,Meals,139.09,USD,139.09,2025-03-10
P003164,I005978,Honoraria,3390.71,EUR,3695.87,2024-06-01
P003165,I003290,Meals,149.55,JPY,1.0,2024-06-01
P003166,I004662,Meals,40.96,MXN,2.38,2024-06-01
P003167,I006793,Honoraria,2954.81,EUR,3220.74,2024-12-22
P003168,I004747,Venue/AV,1841.31,JPY,12.34,2024-05-18
P003169,I004591,Honoraria,2797.53,USD,2797.53,2024-12-10
P003170,I006438,Meals,192.02,USD,192.02,2024-10-15
P003171,I002070,Travel,301.15,MXN,17.47,2025-01-18
P003172,I005127,Meals,45.36,USD,45.36,2024-02-22
P003173,I003378,Honoraria,694.54,BRL,138.91,2025-07-08
P003174,I000074,Travel,435.45,BRL,87.09,2024-02-29
P003175,I005314,Lodging,450.84,USD,450.84,2024-11-24
P003176,I001959,Meals,100.25,GBP,127.32,2025-03-20
P003177,I002125,Travel,341.1,EUR,,2025-03-30
P003178,I004825,Honoraria,600.09,GBP,762.11,2025-04-24
P003179,I001310,Meals,88.57,INR,1.06,2025-05-03
P003180,I000604,Lodging,355.95,INR,4.27,2024-07-01
P003181,I001852,Meals,18.28,INR,0.22,2024-02-02
P003182,I008086,Travel,278.02,CAD,205.73,2024-08-30
P003183,I006278,Meals,82.95,CAD,61.38,2025-06-30
P003184,I001399,Venue/AV,997.24,CAD,737.96,2024-04-24
P003185,I004668,Meals,63.73,INR,0.76,2025-06-06
P003186,I007782,Meals,126.83,JPY,0.85,2024-02-08
P003187,I004196,Honoraria,2945.4,BRL,589.08,2024-01-28
P003188,I006235,Meals,28.74,BRL,5.75,2025-03-24
P003189,I002240,Travel,352.57,EUR,384.3,2024-04-18
P003190,I002196,Meals,32.53,MXN,1.89,2024-08-08
P003191,I005327,Meals,191.19,USD,191.19,2025-01-02
P003192,I003879,Travel,304.75,EUR,332.18,2024-06-06
P003193,I006673,Meals,45.17,INR,0.54,2025-02-03
P003194,I003046,Meals,226.42,GBP,287.55,2025-02-09
P003195,I000854,Meals,71.87,JPY,0.48,2025-06-05
P003196,I004825,Meals,137.62,GBP,,2025-05-02
P003197,I006510,Meals,90.38,USD,90.38,2024-02-18
P003198,I002123,Travel,343.46,INR,,2024-04-23
P003199,I005800,Travel,597.86,EUR,651.67,2024-08-10
P003200,I003649,Travel,163.88,MXN,9.51,2024-05-28
P003201,I002277,Travel,831.56,JPY,5.57,2024-10-13
P003202,I002473,Lodging,255.06,BRL,51.01,2025-02-23
P003203,I000989,Meals,26.96,BRL,5.39,2024-08-13
P003204,I002489,Travel,491.71,EUR,,2025-03-01
P003205,I002099,Venue/AV,6683.97,GBP,,2025-01-30
P003206,I000818,Meals,85.93,MXN,4.98,2024-05-15
P003207,I007000,Lodging,317.75,USD,317.75,2024-01-02
P003208,I002119,Lodging,197.47,EUR,215.24,2025-06-22
P003209,I006766,Travel,334.97,CAD,247.88,2025-06-03
P003210,I006452,Lodging,268.77,INR,3.23,2024-12-12
P003211,I002308,Travel,130.16,EUR,141.87,2024-12-27
P003212,I001318,Lodging,278.34,GBP,,2024-09-12
P003213,I003305,Meals,37.57,JPY,0.25,2024-06-22
P003214,I001116,Meals,68.47,MXN,3.97,2025-03-01
P003215,I003321,Meals,125.28,INR,1.5,2024-03-07
P003216,I002643,Honoraria,1486.37,EUR,1620.14,2024-07-02
P003217,I005156,Meals,41.3,EUR,45.02,2025-06-16
P003218,I004833,Meals,236.09,eur,257.34,2025-04-11
P003219,I006958,Venue/AV,1491.52,EUR,1625.76,2025-02-22
P003220,I000598,Travel,370.07,EUR,403.38,2025-03-27
P003221,I001132,Meals,70.58,EUR,76.93,2025-06-23
P003222,I003274,Honoraria,843.53,INR,10.12,2024-03-06
P003223,I006178,Travel,459.47,INR,5.51,2024-12-26
P003224,I002230,Honoraria,3041.06,EUR,3314.76,2024-06-06
P003225,I000568,Lodging,519.17,BRL,103.83,2025-01-29
P003226,I001839,Meals,276.9,BRL,55.38,2024-10-13
P003227,I003242,Lodging,506.47,GBP,643.22,2025-01-26
P003228,I006957,Meals,211.33,USD,211.33,2024-03-08
P003229,I001592,Travel,72.41,EUR,78.93,2024-07-27
P003230,I002773,Meals,30.26,USD,30.26,2025-02-01
P003231,I001925,Travel,272.63,CAD,201.75,2024-06-29
P003232,I002053,Meals,95.75,mxn,5.55,2025-06-09
P003233,I004524,Travel,557.62,MXN,32.34,2024-06-01
P003234,I000456,Honoraria,1693.01,JPY,11.34,2024-05-24
P003235,I002144,Venue/AV,2510.85,JPY,16.82,2025-06-23
P003236,I006007,Honoraria,2256.52,JPY,15.12,2025-03-28
P003237,I001571,Meals,144.84,JPY,0.97,2025-03-02
P003238,I004872,Meals,27.56,BRL,5.51,2024-11-12
P003239,I004182,Meals,95.92,INR,1.15,2025-03-23
P003240,I006858,Honoraria,4239.77,JPY,28.41,2024-06-20
P003241,I006887,Travel,283.18,JPY,1.9,2024-03-15
P003242,I011532,Meals,50.87,INR,0.61,2024-02-09
P003243,I001725,Meals,219.33,JPY,1.47,2024-02-21
P003244,I004994,Travel,245.01,USD,245.01,2024-06-22
P003245,I006132,Travel,404.12,CAD,299.05,2024-12-17
P003246,I001633,Honoraria,938.55,EUR,1023.02,2024-10-14
P003247,I002930,Meals,65.28,GBP,82.91,2025-02-14
P003248,I000913,Honoraria,1312.4,EUR,1430.52,2024-07-04
P003249,I000813,Meals,76.64,BRL,15.33,2025-04-30
P003250,I001978,Meals,24.77,INR,0.3,2024-09-22
P003251,I004483,Honoraria,1195.06,USD,1195.06,2024-03-19
P003252,I000414,Meals,270.12,CAD,199.89,2024-05-21
P003253,I001919,Travel,312.55,INR,3.75,2025-03-23
P003254,I000792,Meals,42.99,EUR,46.86,2024-03-04
P003255,I005224,Venue/AV,1827.8,EUR,1992.3,2025-06-05
P003256,I001510,Meals,114.91,EUR,125.25,2024-06-25
P003257,I005829,Travel,332.8,EUR,362.75,2025-05-12
P003258,I000349,Travel,465.91,USD,465.91,2024-06-27
P003259,I005700,Travel,295.51,MXN,17.14,2024-03-19
P003260,I006304,Travel,730.97,GBP,928.33,2024-09-12
P003261,I003591,Travel,315.9,MXN,18.32,2025-05-22
P003262,I000401,Travel,249.12,CAD,,2024-10-12
P003263,I002781,Honoraria,1122.81,EUR,,2024-02-25
P003264,I000094,Travel,236.99,INR,2.84,2024-03-29
P003265,I004575,Meals,40.59,JPY,0.27,2024-06-08
P003266,I004668,Meals,204.77,JPY,1.37,2025-05-08
P003267,I001839,Lodging,1091.91,CAD,808.01,2024-10-29
P003268,I002676,Travel,376.36,CAD,278.51,2025-01-14
P003269,I001957,Travel,215.75,EUR,235.17,2024-02-19
P003270,I004378,Travel,582.83,USD,582.83,2024-05-28
P003271,I000370,Travel,327.28,CAD,242.19,2025-04-22
P003272,I005579,Honoraria,1997.85,EUR,2177.66,2024-07-29
P003273,I004571,Meals,52.27,EUR,56.97,2024-10-19
P003274,I006751,Meals,58.46,JPY,0.39,2024-07-27
P003275,I002338,Meals,138.6,USD,138.6,2025-03-13
P003276,I002792,Honoraria,3156.76,USD,3156.76,2024-06-04
P003277,I005984,Honoraria,442.61,USD,442.61,2025-01-22
P003278,I003966,Honoraria,1047.29,EUR,1141.55,2024-12-15
P003279,I002426,Meals,24.89,CAD,18.42,2024-11-29
P003280,I006854,Meals,64.46,BRL,12.89,2024-12-30
P003281,I000663,Venue/AV,2933.55,JPY,19.65,2025-04-01
P003282,I004930,Travel,347.83,BRL,69.57,2024-05-22
P003283,I000290,Travel,41.76,INR,0.5,2024-08-17
P003284,I001402,Meals,53.28,MXN,3.09,2025-03-08
P003285,I006237,Travel,593.01,JPY,3.97,2025-03-10
P003286,I001423,Meals,70.06,MXN,4.06,2024-05-08
P003287,I006059,Meals,88.55,CAD,65.53,2025-01-28
P003288,I002809,Meals,173.63,EUR,189.26,2024-09-23
P003289,I004228,Meals,135.85,EUR,148.08,2024-05-13
P003290,I000143,Honoraria,739.39,GBP,939.03,2025-06-27
P003291,I003672,Meals,94.21,CAD,69.72,2025-05-09
P003292,I001143,Meals,58.9,BRL,11.78,2024-10-23
P003293,I001490,Meals,96.24,GBP,122.22,2024-12-07
P003294,I004329,Honoraria,1220.89,EUR,1330.77,2025-02-10
P003295,I002756,Travel,205.4,EUR,223.89,2025-05-11
P003296,I005264,Meals,46.92,EUR,51.14,2025-03-16
P003297,I003430,Travel,301.39,INR,3.62,2024-03-04
P003298,I000784,Honoraria,2843.56,MXN,164.93,2024-11-14
P003299,I002908,Travel,459.66,GBP,583.77,2024-02-12
P003300,I001610,Honoraria,864.7,MXN,50.15,2024-03-11
P003301,I005628,Meals,85.37,MXN,,2024-06-30
P003302,I000534,Travel,1109.96,EUR,1209.86,2025-02-08
P003303,I011320,Meals,100.83,EUR,109.9,2025-04-23
P003304,I007901,Travel,468.04,GBP,594.41,2024-04-28
P003305,I001270,Meals,84.75,JPY,0.57,2024-03-10
P003306,I003125,Meals,151.67,EUR,165.32,2024-03-25
P003307,I006025,Lodging,368.98,BRL,73.8,2024-08-06
P003308,I005580,Meals,58.02,EUR,63.24,2024-07-02
P003309,I006323,Honoraria,1258.89,EUR,1372.19,2024-03-13
P003310,I005569,Travel,301.7,GBP,383.16,2024-12-15
P003311,I005000,Honoraria,2172.06,BRL,434.41,2024-03-06
P003312,I000203,Meals,124.86,GBP,158.57,2024-12-12
P003313,I001524,Meals,48.31,EUR,52.66,2024-08-18
P003314,I004819,Travel,310.89,USD,310.89,2024-05-24
P003315,I003901,Meals,33.33,MXN,1.93,2025-04-09
P003316,I003374,Honoraria,1564.69,EUR,1705.51,2024-10-04
P003317,I001783,Meals,65.2,EUR,71.07,2024-02-12
P003318,I005680,Venue/AV,4483.13,MXN,260.02,2024-11-28
P003319,I006865,Meals,95.51,GBP,121.3,2024-07-16
P003320,I003570,Honoraria,436.68,EUR,475.98,2024-10-23
P003321,I006699,Travel,923.01,MXN,,2024-07-23
P003322,I005132,Travel,494.69,BRL,98.94,2024-09-04
P003323,I002472,Meals,58.2,MXN,3.38,2025-07-17
P003324,I003344,Meals,42.87,JPY,0.29,2024-12-21
P003325,I001452,Meals,55.82,EUR,60.84,2024-07-14
P003326,I000043,Honoraria,964.42,INR,11.57,2025-05-24
P003327,I006286,Meals,56.3,BRL,11.26,2025-05-04
P003328,I001531,Meals,193.18,INR,2.32,2024-07-30
P003329,I000040,Travel,413.45,eur,450.66,2024-08-07
P003330,I005609,Meals,30.42,brl,6.08,2024-10-19
P003331,I003073,Meals,78.39,CAD,58.01,2024-09-16
P003332,I002913,Travel,340.3,BRL,68.06,2024-07-11
P003333,I002986,Meals,44.71,INR,0.54,2024-08-17
P003334,I000848,Meals,70.27,USD,70.27,2025-05-13
P003335,I004775,Meals,34.6,BRL,6.92,2024-11-30
P003336,I006537,Meals,173.09,MXN,10.04,2024-11-02
P003337,I006903,Meals,35.69,GBP,45.33,2024-02-07
P003338,I000711,Travel,519.69,JPY,3.48,2024-06-27
P003339,I003584,Meals,91.42,CAD,67.65,2025-04-16
P003340,I001769,Lodging,692.32,EUR,754.63,2025-03-11
P003341,I006097,Honoraria,1517.58,cad,1123.01,2024-11-03
P003342,I002867,Meals,46.28,MXN,2.68,2025-05-14
P003343,I004929,Honoraria,1064.14,JPY,7.13,2024-03-21
P003344,I006388,Travel,265.1,USD,265.1,2024-04-17
P003345,I003117,Lodging,437.7,EUR,477.09,2024-03-09
P003346,I006203,Travel,307.69,GBP,390.77,2025-01-17
P003347,I003140,Lodging,617.24,JPY,4.14,2024-06-01
P003348,I004555,Honoraria,1775.88,BRL,355.18,2025-04-01
P003349,I003438,Venue/AV,877.5,INR,10.53,2024-07-20
P003350,I002104,Meals,42.7,MXN,2.48,2025-01-27
P003351,I005107,Travel,492.16,INR,5.91,2024-06-05
P003352,I006499,Meals,47.73,MXN,2.77,2024-04-14
P003353,I000441,Meals,69.54,INR,0.83,2025-02-14
P003354,I006080,Honoraria,1060.77,JPY,7.11,2024-08-03
P003355,I000585,Meals,69.12,EUR,75.34,2025-06-11
P003356,I004880,Meals,63.58,GBP,80.75,2025-03-28
P003357,I006573,Travel,144.38,BRL,28.88,2024-08-06
P003358,I000058,Meals,47.34,EUR,51.6,2024-12-14
P003359,I006171,Venue/AV,2828.99,BRL,565.8,2025-04-20
P003360,I003530,Travel,469.48,EUR,,2025-02-01
P003361,I002918,Meals,81.6,CAD,60.38,2024-04-04
P003362,I000783,Meals,40.85,GBP,51.88,2024-07-04
P003363,I005153,Meals,23.56,EUR,25.68,2025-06-28
P003364,I002110,Travel,536.52,EUR,584.81,2024-06-15
P003365,I000207,Meals,107.3,EUR,116.96,2024-12-27
P003366,I003548,Honoraria,385.36,BRL,77.07,2024-01-20
P003367,I000266,Meals,71.6,INR,0.86,2025-03-28
P003368,I006816,Travel,351.48,EUR,383.11,2024-03-03
P003369,I001304,Meals,34.67,BRL,6.93,2025-02-25
P003370,I006821,Venue/AV,1926.18,MXN,111.72,2025-04-20
P003371,I005866,Honoraria,1387.65,EUR,1512.54,2024-02-01
P003372,I001579,Meals,52.28,EUR,56.99,2024-03-12
P003373,I003980,Honoraria,659.81,JPY,4.42,2025-07-12
P003374,I004980,Honoraria,1743.3,EUR,1900.2,2024-10-01
P003375,I003885,Meals,225.5,JPY,1.51,2024-12-14
P003376,I003930,Travel,104.7,USD,104.7,2024-03-10
P003377,I005396,Meals,103.13,CAD,76.32,2024-02-05
P003378,I003601,Travel,161.88,EUR,176.45,2024-07-09
P003379,I006638,Meals,44.39,MXN,2.57,2024-03-27
P003380,I002631,Travel,305.49,USD,305.49,2025-07-01
P003381,I003939,Travel,336.94,MXN,19.54,2024-05-07
P003382,I003926,Lodging,96.13,MXN,5.58,2024-07-05
P003383,I001985,Meals,54.38,EUR,59.27,2024-12-25
P003384,I000088,Meals,47.47,GBP,60.29,2025-02-20
P003385,I006388,Meals,64.02,MXN,3.71,2024-05-31
P003386,I001298,Travel,286.43,CAD,211.96,2024-03-14
P003387,I002523,Travel,340.06,MXN,19.72,2025-02-23
P003388,I004245,Honoraria,1981.27,MXN,114.91,2024-08-02
P003389,I005183,Meals,33.61,INR,0.4,2024-10-01
P003390,I004536,Meals,54.6,EUR,59.51,2024-05-13
P003391,I006481,Honoraria,827.26,INR,9.93,2024-08-14
P003392,I000197,Meals,334.56,CAD,247.57,2024-06-04
P003393,I000892,Meals,48.51,EUR,52.88,2025-02-27
P003394,I005886,Venue/AV,1864.56,INR,22.37,2024-01-12
P003395,I005718,Meals,30.46,JPY,0.2,2024-09-24
P003396,I006587,Meals,110.84,GBP,140.77,2024-10-22
P003397,I000069,Meals,150.49,USD,150.49,2025-03-24
P003398,I005452,Travel,119.01,EUR,129.72,2024-10-17
P003399,I002825,Travel,349.67,INR,4.2,2024-04-20
P003400,I001505,Meals,41.19,CAD,30.48,2024-06-06
P003401,I005500,Travel,284.97,BRL,56.99,2024-11-01
P003402,I001273,Travel,141.14,EUR,,2024-11-29
P003403,I001954,Travel,333.15,JPY,2.23,2024-04-09
P003404,I004933,Travel,199.89,EUR,217.88,2025-07-03
P003405,I006850,Venue/AV,2014.6,EUR,2195.91,2025-07-02
P003406,I000576,Meals,75.98,BRL,15.2,2024-10-01
P003407,I005343,Honoraria,2821.7,EUR,3075.65,2024-03-08
P003408,I001515,Honoraria,2205.2,USD,2205.2,2025-06-27
P003409,I006427,Meals,106.34,INR,1.28,2024-04-28
P003410,I002563,Honoraria,1000.46,BRL,200.09,2025-03-18
P003411,I006772,Travel,153.09,MXN,8.88,2024-07-22
P003412,I001202,Lodging,672.82,INR,8.07,2024-04-01
P003413,I000938,Travel,875.69,MXN,50.79,2024-06-20
P003414,I000109,Travel,399.37,MXN,23.16,2024-08-05
P003415,I003338,Travel,881.08,CAD,652.0,2024-12-31
P003416,I002122,Honoraria,904.91,EUR,986.35,2024-11-25
P003417,I006081,Honoraria,1100.38,USD,1100.38,2024-02-23
P003418,I006488,Meals,80.96,MXN,4.7,2024-11-28
P003419,I005579,Meals,76.24,EUR,83.1,2024-07-23
P003420,I004132,Travel,233.6,EUR,254.62,2025-02-03
P003421,I000901,Meals,42.29,EUR,46.1,2025-07-10
P003422,I000010,Honoraria,888.76,INR,10.67,2024/10/16
P003423,I004385,Meals,126.33,MXN,7.33,2024-06-28
P003424,I002230,Meals,46.37,GBP,58.89,2024-06-06
P003425,I004260,Honoraria,666.4,EUR,726.38,2024-08-02
P003426,I001901,Travel,552.9,USD,552.9,2024-03-22
P003427,I000745,Honoraria,665.56,EUR,725.46,2024-03-19
P003428,I002464,Meals,152.29,CAD,,2025-05-15
P003429,I004871,Honoraria,2977.83,CAD,2203.59,2025-03-21
P003430,I006197,Meals,108.16,USD,108.16,2025-05-07
P003431,I004436,Honoraria,1768.17,INR,21.22,2025-05-31
P003432,I004297,Venue/AV,4090.95,CAD,3027.3,2024-10-20
P003433,I003383,Meals,102.61,BRL,20.52,2024-05-04
P003434,I006964,Meals,205.08,EUR,223.54,2025-06-30
P003435,I000411,Meals,173.57,USD,173.57,2025-01-13
P003436,I004734,Meals,115.75,INR,1.39,2024-09-10
P003437,I007043,Travel,117.74,CAD,87.13,2024-08-27
P003438,I000668,Travel,553.68,GBP,703.17,2025-04-03
P003439,I005981,Meals,56.36,inr,0.68,2024-01-12
P003440,I004071,Meals,226.52,CAD,167.62,2024-06-25
P003441,I006666,Lodging,378.2,MXN,21.94,2025-01-14
P003442,I000893,Honoraria,933.18,BRL,186.64,2025-01-14
P003443,I004908,Meals,86.69,INR,1.04,2025-01-01
P003444,I006191,Honoraria,734.91,CAD,543.83,2024-08-28
P003445,I002562,Honoraria,1305.18,JPY,8.74,2025-06-02
P003446,I003172,Meals,109.76,CAD,81.22,2024-03-05
P003447,I004351,Travel,196.12,GBP,249.07,2024-03-04
P003448,I004428,Meals,150.72,mxn,8.74,2024-12-06
P003449,I006820,Travel,234.62,USD,234.62,2024-12-25
P003450,I001762,Travel,268.46,MXN,15.57,2025-05-24
P003451,I006905,Travel,230.91,CAD,170.87,2025-01-10
P003452,I003857,Travel,207.53,BRL,41.51,2025-04-19
P003453,I003949,Travel,739.98,EUR,806.58,2024-03-14
P003454,I002068,Travel,835.09,GBP,1060.56,2024-02-19
P003455,I004395,Travel,246.22,inr,2.95,2024-07-14
P003456,I004462,Meals,156.35,MXN,9.07,2025-05-11
P003457,I000279,Venue/AV,845.96,BRL,169.19,2025-07-05
P003458,I002345,Meals,66.71,MXN,3.87,2025-03-15
P003459,I000535,Travel,338.0,EUR,368.42,2024-08-29
P003460,I004993,Meals,94.45,EUR,102.95,2025-02-23
P003461,I006629,Meals,82.01,EUR,89.39,2025-04-07
P003462,I000631,Honoraria,515.06,JPY,3.45,2024-04-21
P003463,I005593,Travel,400.52,EUR,436.57,2024-12-09
P003464,I000613,Meals,47.2,EUR,51.45,2025-04-02
P003465,I002712,Meals,139.98,mxn,8.12,2025-07-06
P003466,I002079,Travel,92.49,CAD,,2025-01-30
P003467,I006632,Meals,71.47,brl,14.29,2024-07-30
P003468,I005221,Honoraria,1832.47,CAD,1356.03,2024-09-16
P003469,I001513,Meals,60.28,GBP,76.56,2024-02-22
P003470,I003478,Travel,373.34,INR,4.48,2025-06-28
P003471,I004275,Meals,72.44,EUR,78.96,2024-02-16
P003472,I003173,Honoraria,1019.21,EUR,1110.94,2025-01-31
P003473,I003023,Travel,348.2,EUR,379.54,2025-04-20
P003474,I001037,Meals,146.5,JPY,0.98,2024-09-26
P003475,I005542,Travel,477.18,JPY,3.2,2024-09-02
P003476,I000680,Lodging,787.8,JPY,5.28,2025-04-02
P003477,I004818,Venue/AV,2128.48,BRL,425.7,2025-04-27
P003478,I000494,Meals,84.81,EUR,92.44,2024-06-01
P003479,I002175,Travel,601.37,CAD,445.01,2025-05-23
P003480,I006320,Meals,44.87,BRL,8.97,2024-01-28
P003481,I006151,Travel,1949.21,USD,1949.21,2024-03-18
P003482,I001802,Venue/AV,1319.53,JPY,8.84,2025-02-02
P003483,I003189,Venue/AV,1242.71,CAD,919.61,2024-10-13
P003484,I002085,Meals,151.46,EUR,165.09,2024-10-25
P003485,I006227,Honoraria,2085.03,EUR,2272.68,2025-05-20
P003486,I002275,Travel,216.39,CAD,160.13,2025-05-15
P003487,I003931,Travel,103.77,JPY,0.7,2025-06-28
P003488,I002036,Lodging,646.86,GBP,821.51,2024-12-24
P003489,I002889,Travel,738.27,EUR,804.71,2024-01-01
P003490,I000160,Meals,178.27,EUR,194.31,2024-09-06
P003491,I003773,Meals,69.13,BRL,13.83,2024-11-03
P003492,I003586,Lodging,557.19,INR,6.69,2024-04-03
P003493,I000787,Travel,479.05,EUR,522.16,2025-04-05
P003494,I003323,Honoraria,1032.53,INR,12.39,2024-11-04
P003495,I001248,Meals,74.78,GBP,94.97,2024-05-22
P003496,I005744,Meals,70.83,EUR,77.2,2025-03-23
P003497,I000825,Lodging,771.52,USD,771.52,2024-05-23
P003498,I003223,Meals,33.95,JPY,0.23,2024-10-17
P003499,I000547,Travel,89.7,INR,1.08,2025-03-30
P003500,I000868,Travel,590.25,EUR,643.37,2024-09-11
P003501,I001783,Honoraria,824.71,EUR,898.93,2024-01-27
P003502,I004919,Meals,68.57,MXN,3.98,2025-01-13
P003503,I004271,Travel,185.03,EUR,201.68,2025-06-14
P003504,I004188,Meals,102.72,BRL,20.54,2025-06-15
P003505,I002219,Meals,82.3,MXN,4.77,2024-10-31
P003506,I006433,Honoraria,2082.13,BRL,416.43,2024-08-30
P003507,I002736,Meals,55.11,CAD,40.78,2024-12-02
P003508,I006409,Meals,322.05,EUR,351.03,2025-03-03
P003509,I000592,Travel,641.88,BRL,128.38,2024-07-08
P003510,I001085,Travel,188.02,EUR,204.94,2025-04-16
P003511,I001912,Honoraria,1706.21,BRL,341.24,2024-07-13
P003512,I005263,Travel,385.65,EUR,420.36,2024-03-31
P003513,I004134,Honoraria,2180.72,GBP,2769.51,2025-03-24
P003514,I002607,Honoraria,833.65,CAD,616.9,2024-10-23
P003515,I003373,Meals,66.22,JPY,0.44,2024-09-18
P003516,I003739,Honoraria,651.2,USD,651.2,2024-05-07
P003517,I000307,Meals,148.7,MXN,8.62,2025-02-05
P003518,I006893,Meals,136.56,INR,1.64,2025-02-16
P003519,I006800,Meals,124.84,GBP,158.55,2024-04-08
P003520,I002164,Meals,54.92,JPY,0.37,2024-06-27
P003521,I005296,Meals,62.86,EUR,68.52,2024-08-03
P003522,I005297,Honoraria,1706.48,INR,20.48,2025-02-15
P003523,I000781,Honoraria,829.8,JPY,5.56,2025-03-04
P003524,I000124,Travel,176.7,USD,176.7,2024-09-03
P003525,I001644,Lodging,1171.32,CAD,866.78,2025-04-22
P003526,I004065,Meals,48.58,EUR,52.95,2024-06-19
P003527,I000218,Honoraria,827.89,USD,827.89,2024-02-16
P003528,I005032,Meals,83.14,JPY,0.56,2025-03-02
P003529,I005114,Travel,515.07,INR,6.18,2025-05-11
P003530,I001086,Honoraria,1150.83,INR,13.81,2024-08-25
P003531,I006756,Travel,138.96,BRL,27.79,2025-02-04
P003532,I000698,Honoraria,1160.71,MXN,67.32,2024-11-18
P003533,I000129,Lodging,1511.55,MXN,87.67,2024-02-08
P003534,I001984,Meals,88.67,GBP,112.61,2025-07-15
P003535,I004589,Meals,39.3,EUR,42.84,2024-10-05
P003536,I006837,Meals,35.91,EUR,39.14,2024-12-13
P003537,I002203,Meals,128.44,EUR,140.0,2024-07-03
P003538,I004528,Venue/AV,3895.12,JPY,26.1,2025-05-20
P003539,I006277,Travel,533.84,USD,533.84,2024-03-24
P003540,I001669,Honoraria,831.94,BRL,166.39,2025-03-19
P003541,I000258,Meals,87.22,EUR,95.07,2024-10-19
P003542,I002008,Meals,37.79,EUR,41.19,2024-08-02
P003543,I005760,Meals,67.06,JPY,0.45,2025-03-17
P003544,I000280,Meals,30.88,BRL,6.18,2025-03-04
P003545,I004233,Venue/AV,3840.47,INR,46.09,2024/07/21
P003546,I003108,Travel,284.08,INR,3.41,2025-06-16
P003547,I005947,Travel,374.59,EUR,408.3,2025-05-13
P003548,I002347,Travel,1244.35,MXN,72.17,2024-06-10
P003549,I004918,Meals,57.78,CAD,42.76,2025-03-07
P003550,I001144,Lodging,521.05,CAD,385.58,2024-11-26
P003551,I001069,Venue/AV,740.67,MXN,42.96,2025-04-07
P003552,I002865,Meals,26.98,CAD,19.97,2025-01-18
P003553,I004842,Meals,72.19,EUR,78.69,2024-03-06
P003554,I004093,Meals,94.98,EUR,103.53,2025-03-21
P003555,I001998,Travel,440.28,CAD,325.81,2024-02-02
P003556,I004744,Meals,137.44,BRL,27.49,2024-09-14
P003557,I001316,Travel,245.1,MXN,14.22,2025-03-17
P003558,I004423,Travel,366.17,MXN,21.24,2024-03-10
P003559,I002586,Travel,733.92,INR,8.81,2025-06-15
P003560,I004455,Meals,73.26,INR,0.88,2024-12-01
P003561,I005349,Honoraria,817.3,MXN,47.4,2024-07-30
P003562,I005035,Travel,220.28,BRL,44.06,2024-09-23
P003563,I003915,Meals,107.8,INR,1.29,2025-02-11
P003564,I006555,Honoraria,1441.59,MXN,83.61,2024-10-19
P003565,I000355,Honoraria,550.8,EUR,600.37,2025-01-17
P003566,I000557,Meals,36.68,GBP,46.58,2025-04-09
P003567,I005680,Travel,171.42,CAD,,2024-12-09
P003568,I003378,Travel,219.48,USD,219.48,2025-07-03
P003569,I002886,Lodging,361.95,USD,361.95,2025-03-15
P003570,I006010,Meals,76.4,USD,76.4,2024-02-06
P003571,I005683,Honoraria,1349.31,GBP,1713.62,2024-10-10
P003572,I006312,Lodging,828.57,USD,828.57,2025-03-05
P003573,I002839,Venue/AV,1550.36,USD,1550.36,2024-11-15
P003574,I004190,Meals,77.34,MXN,4.49,2024-06-12
P003575,I005413,Honoraria,1271.49,CAD,940.9,2024-08-16
P003576,I002742,Travel,176.24,JPY,1.18,2024-03-08
P003577,I002596,Venue/AV,6860.16,BRL,1372.03,2025-04-29
P003578,I001027,Honoraria,827.58,EUR,,2024-02-14
P003579,I005496,Travel,96.49,INR,1.16,2025-05-10
P003580,I003847,Honoraria,1648.47,BRL,329.69,2024-10-28
P003581,I006663,Travel,599.79,MXN,34.79,2025-06-18
P003582,I001433,Lodging,741.27,GBP,941.41,2024-11-15
P003583,I001575,Travel,191.57,USD,191.57,2024-07-06
P003584,I005612,Meals,84.68,JPY,0.57,2024-05-29
P003585,I002831,Lodging,637.95,EUR,695.37,2024-06-25
P003586,I002674,Travel,547.33,USD,547.33,2024-02-10
P003587,I000853,Travel,152.62,USD,152.62,2024-04-06
P003588,I005006,Meals,147.06,USD,147.06,2025-04-01
P003589,I003485,Honoraria,1580.69,EUR,1722.95,2025-02-23
P003590,I000934,Travel,572.67,JPY,3.84,2024-10-13
P003591,I003857,Meals,89.13,CAD,65.96,2025-03-23
P003592,I005378,Honoraria,1773.84,EUR,1933.49,2025/05/16
P003593,I001939,Honoraria,1025.97,JPY,6.87,2024-06-04
P003594,I002298,Meals,64.71,GBP,82.18,2024-03-22
P003595,I000205,Lodging,578.01,USD,578.01,2024/09/30
P003596,I002886,Meals,40.31,CAD,29.83,2025-03-28
P003597,I002913,Honoraria,1559.98,USD,1559.98,2024-08-12
P003598,I004219,Lodging,476.57,USD,476.57,2024-11-05
P003599,I004037,Meals,99.25,MXN,5.76,2024-04-19
P003600,I000640,Meals,86.56,INR,1.04,2024-03-07
P003601,I002732,Honoraria,750.42,USD,750.42,2025-04-05
P003602,I001137,Travel,610.76,BRL,122.15,2024-04-01
P003603,I005450,Honoraria,430.87,MXN,24.99,2025-07-11
P003604,I002725,Lodging,718.13,EUR,782.76,2025-01-12
P003605,I003714,Meals,227.96,MXN,13.22,2024-06-16
P003606,I001039,Meals,67.02,USD,67.02,2024-05-08
P003607,I006739,Honoraria,1712.3,USD,1712.3,2024-08-03
P003608,I002930,Travel,194.46,EUR,211.96,2025-01-16
P003609,I003716,Meals,21.29,CAD,15.75,2024-07-01
P003610,I000367,Honoraria,1735.01,GBP,2203.46,2024-05-05
P003611,I006326,Lodging,203.71,EUR,222.04,2025-06-15
P003612,I003688,Lodging,146.2,BRL,29.24,2024-11-05
P003613,I011530,Meals,129.44,USD,129.44,2024/11/19
P003614,I002489,Honoraria,861.69,EUR,939.24,2025-01-28
P003615,I003838,Meals,47.26,EUR,51.51,2024-06-01
P003616,I002767,Travel,681.34,BRL,136.27,2024-11-09
P003617,I005624,Meals,30.73,EUR,33.5,2024-07-12
P003618,I006536,Meals,141.32,MXN,8.2,2024-05-29
P003619,I003786,Meals,201.68,JPY,1.35,2024-07-28
P003620,I006799,Meals,25.77,INR,0.31,2024-10-05
P003621,I003473,Travel,637.33,CAD,471.62,2025-06-26
P003622,I002562,Venue/AV,1033.25,INR,12.4,2025-05-27
P003623,I003436,Travel,180.95,CAD,133.9,2025-06-03
P003624,I002693,Travel,295.89,GBP,375.78,2024-06-17
P003625,I003084,Meals,20.37,MXN,1.18,2024-08-31
P003626,I006043,Travel,392.47,JPY,2.63,2025-05-15
P003627,I004431,Meals,107.91,INR,1.29,2025-06-05
P003628,I002516,Meals,58.81,BRL,11.76,2024-11-30
P003629,I001969,Travel,137.71,EUR,150.1,2024-11-22
P003630,I001756,Travel,350.36,BRL,70.07,2024-05-25
P003631,I009540,Honoraria,1142.32,USD,1142.32,2024-03-31
P003632,I004385,Travel,522.0,MXN,30.28,2024-08-09
P003633,I001090,Honoraria,1511.52,EUR,1647.56,2024-02-19
P003634,I003097,Travel,547.01,GBP,694.7,2024-09-30
P003635,I004121,Venue/AV,2085.74,MXN,120.97,2024-04-16
P003636,I003007,Travel,274.61,BRL,54.92,2024-10-02
P003637,I005509,Honoraria,1380.04,GBP,1752.65,2025-02-24
P003638,I000508,Meals,89.3,MXN,5.18,2025-05-06
P003639,I000250,Travel,384.52,BRL,76.9,2025-05-20
P003640,I003573,Meals,102.79,MXN,5.96,2025-01-24
P003641,I004865,Honoraria,1074.72,EUR,1171.44,2024-11-18
P003642,I001901,Honoraria,1615.08,CAD,1195.16,2024-04-06
P003643,I004424,Meals,91.66,EUR,99.91,2024-11-21
P003644,I002337,Meals,87.38,USD,87.38,2024-04-10
P003645,I002942,Meals,100.97,USD,100.97,2024-11-20
P003646,I001425,Honoraria,1074.42,JPY,7.2,2024-08-23
P003647,I005334,Travel,354.04,MXN,20.53,2024-08-09
P003648,I001458,Venue/AV,2398.69,BRL,479.74,2024-09-05
P003649,I004666,Travel,74.37,JPY,0.5,2024-03-28
P003650,I010114,Travel,310.59,CAD,229.84,2025-01-23
P003651,I006728,Honoraria,9759.24,JPY,65.39,2024-03-27
P003652,I004081,Lodging,371.11,INR,4.45,2024-11-18
P003653,I003007,Meals,161.79,CAD,119.72,2024-09-18
P003654,I005400,Travel,533.01,GBP,676.92,2025-06-18
P003655,I005418,Travel,853.78,USD,853.78,2024-04-24
P003656,I004734,Meals,78.61,INR,0.94,2024-09-03
P003657,I001231,Venue/AV,2342.71,EUR,2553.55,2024-08-11
P003658,I004868,Honoraria,1192.27,EUR,1299.57,2025-04-24
P003659,I000780,Lodging,395.22,BRL,79.04,2025-01-15
P003660,I003585,Meals,26.37,BRL,5.27,2025-07-07
P003661,I000227,Honoraria,776.72,EUR,846.62,2024-04-28
P003662,I002932,Meals,103.2,BRL,20.64,2025-02-01
P003663,I004049,Meals,27.22,GBP,34.57,2024-03-23
P003664,I003671,Travel,551.09,USD,551.09,2025-04-24
P003665,I001036,Meals,255.58,EUR,278.58,2025-02-04
P003666,I003400,Meals,119.96,USD,119.96,2025-03-23
P003667,I002716,Meals,270.36,INR,3.24,2024-09-30
P003668,I002754,Honoraria,1284.09,EUR,1399.66,2024-07-14
P003669,I001553,Meals,58.79,JPY,0.39,2025-02-10
P003670,I002805,Meals,105.73,CAD,78.24,2024-08-29
P003671,I009716,Travel,214.68,JPY,1.44,2025-05-25
P003672,I004506,Lodging,249.93,EUR,,2024-05-02
P003673,I002466,Meals,146.5,GBP,,2024-10-31
P003674,I006945,Meals,62.18,MXN,3.61,2024-02-20
P003675,I004494,Meals,104.18,BRL,20.84,2025-07-11
P003676,I003313,Lodging,951.52,USD,951.52,2024-05-24
P003677,I002144,Honoraria,692.21,INR,8.31,2025-05-17
P003678,I006134,Meals,125.22,EUR,136.49,2024-03-05
P003679,I002022,Venue/AV,2494.54,INR,29.93,2025-04-05
P003680,I005850,Travel,989.0,EUR,1078.01,2024-08-07
P003681,I006534,Meals,179.59,JPY,1.2,2025-07-14
P003682,I000215,Honoraria,6194.08,MXN,359.26,2024-10-01
P003683,I001219,Venue/AV,2112.64,CAD,1563.35,2024-04-05
P003684,I000976,Meals,104.01,JPY,0.7,2024-03-07
P003685,I003336,Meals,160.08,USD,160.08,2024-02-25
P003686,I006804,Honoraria,1157.91,EUR,1262.12,2025-04-04
P003687,I000469,Venue/AV,3536.57,USD,3536.57,2025-04-22
P003688,I003702,Lodging,377.08,GBP,478.89,2024-11-26
P003689,I004241,Meals,64.99,INR,0.78,2024-06-26
P003690,I003900,Travel,131.63,GBP,167.17,2025-02-05
P003691,I006299,Meals,58.64,JPY,0.39,2024-02-02
P003692,I004806,Meals,91.76,EUR,100.02,2025-05-22
P003693,I004503,Travel,441.31,INR,5.3,2025-01-25
P003694,I003545,Meals,93.61,EUR,102.03,2024-10-13
P003695,I001408,Meals,28.83,EUR,31.42,2024-01-22
P003696,I001122,Meals,69.24,MXN,4.02,2025-02-19
P003697,I005052,Meals,51.87,EUR,56.54,2024-09-11
P003698,I001359,Venue/AV,3880.01,JPY,26.0,2024-06-17
P003699,I000785,Honoraria,1315.15,JPY,8.81,2025-04-25
P003700,I002781,Meals,80.3,eur,87.53,2024-02-21
P003701,I003672,Meals,87.32,MXN,5.06,2025-05-06
P003702,I005406,Honoraria,660.98,USD,660.98,2025-06-25
P003703,I003922,Honoraria,777.09,EUR,847.03,2024-08-01
P003704,I006310,Honoraria,590.41,USD,590.41,2024-09-04
P003705,I002477,Venue/AV,2048.66,USD,2048.66,2024-05-25
P003706,I006619,Travel,171.03,INR,2.05,2024-07-05
P003707,I006861,Travel,678.58,USD,678.58,2024-03-03
P003708,I004753,Meals,63.53,BRL,12.71,2024-12-30
P003709,I010340,Lodging,335.99,GBP,426.71,2024-05-04
P003710,I006014,Meals,34.69,CAD,25.67,2024-11-18
P003711,I000542,Travel,287.61,EUR,313.49,2025-06-08
P003712,I006059,Honoraria,2041.14,USD,2041.14,2025-02-11
P003713,I005240,Travel,144.68,CAD,107.06,2025-05-22
P003714,I001890,Meals,62.58,USD,62.58,2025-06-10
P003715,I001629,Meals,53.59,BRL,10.72,2024-06-25
P003716,I006072,Travel,648.18,EUR,706.52,2024-10-10
P003717,I004527,Meals,81.83,EUR,89.19,2025-03-21
P003718,I004947,Meals,125.11,MXN,7.26,2024-11-03
P003719,I004348,Travel,100.47,USD,100.47,2024-12-13
P003720,I000336,Meals,97.58,CAD,72.21,2025-03-11
P003721,I001319,Travel,209.62,JPY,1.4,2024-12-27
P003722,I004477,Travel,341.82,USD,341.82,2024-07-23
P003723,I004918,Honoraria,514.68,BRL,,2025-02-24
P003724,I003096,Honoraria,1972.15,GBP,2504.63,2024-02-07
P003725,I002355,Meals,165.68,BRL,33.14,2025-02-03
P003726,I005806,Venue/AV,4317.93,USD,4317.93,2024-10-04
P003727,I001091,Venue/AV,2093.11,USD,2093.11,2024-10-11
P003728,I000676,Meals,118.84,CAD,87.94,2024-03-16
P003729,I005369,Honoraria,1047.02,USD,1047.02,2025-03-06
P003730,I005347,Meals,85.98,EUR,,2024-12-24
P003731,I005129,Meals,17.29,BRL,3.46,2024-12-22
P003732,I002768,Meals,49.95,cad,36.96,2025-03-19
P003733,I005480,Travel,939.99,EUR,1024.59,2024-11-11
P003734,I003245,Meals,28.33,MXN,1.64,2024-09-26
P003735,I005321,Lodging,470.28,INR,5.64,2024-09-08
P003736,I000844,Travel,409.76,GBP,520.4,2024-10-25
P003737,I001817,Meals,77.12,USD,77.12,2024-08-23
P003738,I001074,Travel,292.39,JPY,1.96,2024-03-08
P003739,I006593,Meals,17.59,EUR,19.17,2025-05-31
P003740,I000013,Meals,74.29,CAD,54.97,2025-04-14
P003741,I003609,Meals,26.59,EUR,28.98,2025-05-08
P003742,I003181,Meals,118.12,JPY,0.79,2024-09-27
P003743,I006713,Meals,60.53,JPY,0.41,2024-12-05
P003744,I005633,Meals,134.05,MXN,7.77,2024-04-15
P003745,I001483,Lodging,221.39,JPY,1.48,2025-02-08
P003746,I003787,Meals,115.13,MXN,6.68,2024-03-19
P003747,I003511,Travel,346.79,EUR,378.0,2025-06-30
P003748,I006738,Honoraria,923.76,MXN,53.58,2024-11-28
P003749,I005000,Travel,421.06,USD,421.06,2024-04-13
P003750,I000203,Lodging,542.92,GBP,689.51,2025-01-04
P003751,I001666,Travel,205.86,EUR,224.39,2024-08-23
P003752,I001178,Meals,98.17,EUR,107.01,2025-01-14
P003753,I007292,Meals,40.39,USD,40.39,2025-02-28
P003754,I000902,Travel,186.29,CAD,137.85,2024-06-23
P003755,I000260,Lodging,356.15,JPY,2.39,2025-05-14
P003756,I005216,Travel,635.37,CAD,470.17,2025-04-11
P003757,I002236,Meals,19.67,USD,19.67,2024-09-26
P003758,I005736,Meals,75.6,EUR,82.4,2024-02-10
P003759,I000957,Travel,272.82,INR,3.27,2024-06-22
P003760,I005207,Meals,76.07,EUR,82.92,2025-06-01
P003761,I004737,Meals,65.53,USD,65.53,2024-11-12
P003762,I002379,Venue/AV,1605.22,EUR,1749.69,2024-02-20
P003763,I003884,Meals,85.89,JPY,0.58,2025-08-02
P003764,I005534,Meals,299.53,CAD,221.65,2024-04-21
P003765,I003533,Travel,464.46,BRL,92.89,2024-09-01
P003766,I005960,Meals,45.01,EUR,49.06,2024-07-12
P003767,I002436,Honoraria,442.91,inr,5.31,2025-05-18
P003768,I004054,Travel,431.58,EUR,470.42,2024-09-24
P003769,I005309,Meals,128.43,EUR,139.99,2024-07-08
P003770,I002563,Lodging,550.66,MXN,31.94,2025-02-26
P003771,I001657,Honoraria,539.86,JPY,3.62,2024-11-10
P003772,I011684,Meals,58.93,CAD,43.61,2025-01-03
P003773,I006417,Meals,170.51,brl,,2024-08-23
P003774,I004946,Venue/AV,658.79,GBP,836.66,2024-04-26
P003775,I006218,Honoraria,1958.3,INR,23.5,2025-07-05
P003776,I002646,Honoraria,1523.86,EUR,1661.01,2024-12-28
P003777,I005845,Lodging,538.06,BRL,107.61,2024-08-28
P003778,I003025,Travel,605.18,MXN,35.1,2024-10-26
P003779,I001323,Meals,126.0,EUR,137.34,2024-06-17
P003780,I002199,Honoraria,2097.15,GBP,2663.38,2024-03-26
P003781,I003529,Meals,25.92,EUR,28.25,2024-04-15
P003782,I005074,Meals,69.19,MXN,4.01,2024-08-02
P003783,I006117,Honoraria,528.15,JPY,,2024-11-26
P003784,I003175,Honoraria,1093.33,USD,1093.33,2024-11-17
P003785,I003924,Meals,610.18,JPY,4.09,2025-03-02
P003786,I005329,Honoraria,419.03,JPY,2.81,2024-06-25
P003787,I002248,Meals,199.11,EUR,217.03,2025-04-04
P003788,I004341,Meals,88.94,GBP,112.95,2024-05-11
P003789,I003012,Honoraria,2004.83,EUR,2185.26,2024-01-22
P003790,I002258,Meals,182.07,INR,2.18,2025-03-28
P003791,I005560,Travel,123.2,GBP,156.46,2024-10-12
P003792,I006925,Meals,47.44,EUR,51.71,2025-06-10
P003793,I003252,Honoraria,1785.99,cad,1321.63,2024-07-06
P003794,I005921,Travel,291.97,INR,3.5,2025-07-24
P003795,I000552,Meals,68.06,MXN,3.95,2024-08-07
P003796,I001739,Lodging,543.14,MXN,31.5,2024-12-11
P003797,I000188,Meals,56.17,EUR,61.23,2024-06-02
P003798,I002720,Honoraria,1463.1,EUR,1594.78,2024-12-06
P003799,I001573,Honoraria,2204.56,GBP,2799.79,2024-11-12
P003800,I006517,Honoraria,1645.46,EUR,1793.55,2024-09-17
P003801,I002992,Meals,70.13,GBP,89.07,2025-04-22
P003802,I003956,Meals,21.54,EUR,23.48,2024-02-02
P003803,I003592,Meals,327.08,MXN,18.97,2024-10-16
P003804,I005019,Meals,95.85,JPY,0.64,2025-05-07
P003805,I005863,Honoraria,998.14,CAD,738.62,2025-06-01
P003806,I000635,Travel,676.96,USD,676.96,2025-04-01
P003807,I006803,Venue/AV,2584.93,JPY,17.32,2025-01-05
P003808,I004293,Travel,293.16,INR,3.52,2024-05-19
P003809,I004335,Travel,301.91,JPY,2.02,2025-03-17
P003810,I006275,Meals,71.99,EUR,78.47,2024-06-11
P003811,I000545,Meals,85.54,BRL,17.11,2024-02-20
P003812,I001438,Meals,116.85,MXN,6.78,2025-02-04
P003813,I005725,Meals,66.52,BRL,13.3,2024-07-06
P003814,I006226,Meals,27.57,GBP,35.01,2024-08-26
P003815,I005322,Honoraria,1665.51,USD,1665.51,2024-06-08
P003816,I001265,Honoraria,1190.23,MXN,69.03,2024-10-08
P003817,I005055,Venue/AV,1412.3,BRL,282.46,2025-06-27
P003818,I002798,Meals,88.14,USD,88.14,2024-06-27
P003819,I001038,Travel,222.85,JPY,1.49,2024-07-04
P003820,I006980,Meals,83.43,EUR,90.94,2025-07-26
P003821,I003624,Meals,58.08,GBP,73.76,2024-06-29
P003822,I000255,Venue/AV,2027.86,EUR,2210.37,2024-04-14
P003823,I002373,Honoraria,1035.0,EUR,1128.15,2025-03-12
P003824,I001438,Meals,93.91,USD,93.91,2025-02-17
P003825,I005702,Meals,122.16,EUR,133.15,2024-01-10
P003826,I005752,Travel,180.83,GBP,229.65,2024-07-06
P003827,I006478,Lodging,602.84,MXN,34.96,2024-04-27
P003828,I005816,Travel,136.12,GBP,172.87,2024-08-29
P003829,I007191,Meals,72.6,EUR,79.13,2025-02-18
P003830,I004879,Meals,44.53,BRL,8.91,2025-02-28
P003831,I006210,Honoraria,1250.31,CAD,925.23,2025-07-31
P003832,I004339,Meals,117.89,CAD,87.24,2024-11-22
P003833,I006097,Travel,702.71,MXN,40.76,2024-11-29
P003834,I006557,Honoraria,2064.68,CAD,1527.86,2024-03-17
P003835,I005894,Meals,44.92,EUR,48.96,2024-05-15
P003836,I003431,Meals,151.03,USD,151.03,2025-05-22
P003837,I002685,Meals,64.64,BRL,12.93,2024-07-11
P003838,I006317,Travel,462.57,GBP,587.46,2025-05-08
P003839,I002976,Travel,277.08,USD,277.08,2024-08-04
P003840,I006735,Travel,643.26,INR,7.72,2024-11-27
P003841,I003308,Venue/AV,1949.71,EUR,2125.18,2025-02-20
P003842,I001623,Honoraria,830.43,EUR,905.17,2024-02-19
P003843,I004750,Meals,188.67,JPY,1.26,2024-07-31
P003844,I002952,Lodging,383.74,CAD,283.97,2025-02-27
P003845,I000449,Lodging,741.7,MXN,43.02,2025-06-06
P003846,I006466,Travel,137.87,BRL,27.57,2024-12-09
P003847,I000448,Travel,494.8,GBP,628.4,2024-12-28
P003848,I001750,Venue/AV,2013.21,JPY,13.49,2025-07-18
P003849,I004060,Meals,119.77,EUR,130.55,2025-06-28
P003850,I005043,Meals,119.39,INR,1.43,2024-03-25
P003851,I002876,Venue/AV,3525.3,GBP,4477.13,2024-10-26
P003852,I006344,Honoraria,2789.78,INR,33.48,2024-11-24
P003853,I004295,Travel,464.7,BRL,92.94,2024-11-18
P003854,I004594,Honoraria,2344.0,EUR,2554.96,2024-01-14
P003855,I000704,Meals,73.51,BRL,14.7,2024-10-24
P003856,I006862,Lodging,289.94,USD,289.94,2025-04-30
P003857,I000760,Honoraria,553.08,JPY,3.71,2025-06-02
P003858,I005079,Meals,88.49,EUR,96.45,2024-10-08
P003859,I003946,Meals,41.93,EUR,45.7,2025-03-28
P003860,I001491,Lodging,1176.41,CAD,,2024-12-04
P003861,I001145,Lodging,343.01,EUR,373.88,2025-04-25
P003862,I002661,Travel,124.65,USD,124.65,2025-03-15
P003863,I002606,Honoraria,500.8,BRL,100.16,2024-11-11
P003864,I000676,Travel,456.47,USD,456.47,2024-03-12
P003865,I003033,Meals,25.7,EUR,28.01,2025-07-29
P003866,I003841,Meals,69.73,EUR,76.01,2024-03-15
P003867,I004787,Meals,162.15,INR,1.95,2024-04-12
P003868,I003496,Travel,374.66,CAD,277.25,2024-08-27
P003869,I003976,Travel,347.13,EUR,378.37,2024-10-01
P003870,I006403,Travel,251.97,INR,3.02,2025-04-19
P003871,I006425,Honoraria,1020.96,USD,1020.96,2025-02-09
P003872,I001209,Meals,28.46,CAD,,2024-10-02
P003873,I006566,Lodging,245.47,EUR,267.56,2024-06-15
P003874,I006915,Meals,240.29,EUR,261.92,2024-09-20
P003875,I005407,Travel,611.46,BRL,122.29,2025-01-03
P003876,I000627,Meals,136.61,EUR,148.9,2024-04-05
P003877,I006555,Lodging,398.56,BRL,79.71,2024-11-12
P003878,I005788,Meals,136.85,EUR,149.17,2024-12-12
P003879,I000994,Meals,33.07,gbp,42.0,2025-03-12
P003880,I011536,Meals,59.8,INR,0.72,2024-10-07
P003881,I001194,Venue/AV,717.02,CAD,530.59,2024-04-24
P003882,I005803,Travel,879.16,GBP,1116.53,2025-07-07
P003883,I002199,Travel,285.56,EUR,311.26,2024-04-09
P003884,I000867,Meals,30.38,GBP,38.58,2024-10-29
P003885,I000770,Travel,209.4,BRL,41.88,2025-04-28
P003886,I001649,Honoraria,1280.32,INR,15.36,2024-07-20
P003887,I004430,Meals,42.72,INR,0.51,2025-07-07
P003888,I005527,Meals,127.83,USD,127.83,2024-12-18
P003889,I002018,Travel,201.52,CAD,149.12,2025-05-31
P003890,I000980,Meals,55.08,EUR,60.04,2025-07-03
P003891,I003121,Meals,144.54,BRL,28.91,2024-11-27
P003892,I001863,Honoraria,836.8,MXN,48.53,2025-03-23
P003893,I000554,Travel,1378.87,EUR,1502.97,2024-10-06
P003894,I006171,Travel,622.82,CAD,460.89,2025-04-18
P003895,I000796,Lodging,626.97,EUR,683.4,2025-05-03
P003896,I000260,Meals,173.85,JPY,1.16,2025-05-01
P003897,I001999,Venue/AV,3006.6,USD,3006.6,2024-06-30
P003898,I006110,Meals,79.61,USD,79.61,2024-11-29
P003899,I004967,Meals,213.45,GBP,271.08,2024-04-25
P003900,I005756,Travel,313.85,MXN,18.2,2025-06-11
P003901,I001538,Travel,683.94,CAD,506.12,2025-01-18
P003902,I001499,Meals,54.3,CAD,40.18,2025-02-06
P003903,I005109,Honoraria,1495.79,CAD,1106.88,2025-02-26
P003904,I001484,Lodging,835.41,jpy,5.6,2025-02-16
P003905,I005942,Meals,72.52,MXN,4.21,2025-05-19
P003906,I000815,Venue/AV,423.56,MXN,24.57,2025-03-12
P003907,I003130,Honoraria,1709.38,EUR,1863.22,2024-12-19
P003908,I004704,Venue/AV,1090.09,USD,1090.09,2025-03-20
P003909,I003965,Lodging,127.59,GBP,162.04,2025-02-18
P003910,I002583,Venue/AV,1749.74,EUR,1907.22,2024-02-22
P003911,I005493,Travel,738.99,EUR,805.5,2025-05-19
P003912,I004005,Meals,46.92,USD,46.92,2024-11-09
P003913,I005972,Travel,280.53,BRL,56.11,2024-02-10
P003914,I003819,Meals,93.6,EUR,102.02,2024-06-20
P003915,I004346,Travel,1157.16,INR,13.89,2024-09-10
P003916,I002725,Travel,443.2,EUR,483.09,2025-01-28
P003917,I004960,Meals,37.96,BRL,7.59,2024-03-22
P003918,I006517,Meals,101.76,EUR,110.92,2024-09-13
P003919,I001133,Meals,54.47,CAD,40.31,2025-05-02
P003920,I000982,Meals,33.28,EUR,36.28,2025-06-21
P003921,I002762,Travel,412.02,BRL,82.4,2025-04-20
P003922,I004541,Meals,63.87,EUR,69.62,2025-06-09
P003923,I003713,Venue/AV,1322.82,CAD,978.89,2024-03-05
P003924,I001769,Honoraria,1820.53,GBP,2312.07,2025-03-22
P003925,I003921,Meals,67.42,EUR,73.49,2024-02-25
P003926,I002455,Lodging,170.18,MXN,9.87,2024-03-02
P003927,I004316,Honoraria,1112.05,BRL,222.41,2024-03-22
P003928,I000961,Meals,198.31,BRL,39.66,2024-10-22
P003929,I002385,Venue/AV,4081.22,INR,48.97,2025-07-18
P003930,I000847,Meals,184.43,EUR,,2025-04-23
P003931,I005936,Meals,47.52,INR,0.57,2024-05-30
P003932,I005103,Travel,261.63,CAD,193.61,2024-11-12
P003933,I001058,Meals,103.25,INR,1.24,2025-02-17
P003934,I001779,Honoraria,812.88,JPY,5.45,2024-12-25
P003935,I001789,Honoraria,4419.38,GBP,5612.61,2024-10-14
P003936,I006718,Travel,813.14,BRL,162.63,2025-01-27
P003937,I002816,Travel,95.66,EUR,104.27,2024-01-22
P003938,I004848,Meals,241.05,MXN,13.98,2024-02-19
P003939,I005364,Travel,1399.83,eur,1525.81,2024-12-17
P003940,I003461,Honoraria,959.4,EUR,1045.75,2024-07-26
P003941,I002349,Meals,253.04,EUR,275.81,2024-10-27
P003942,I006362,Travel,542.59,EUR,591.42,2024-03-13
P003943,I003773,Travel,557.29,CAD,412.39,2024-09-26
P003944,I003278,Lodging,302.22,USD,302.22,2025-06-19
P003945,I002122,Honoraria,1595.96,EUR,1739.6,2024-11-23
P003946,I002799,Honoraria,557.08,BRL,111.42,2024-09-01
P003947,I000952,Meals,36.18,CAD,26.77,2025-01-18
P003948,I003836,Travel,247.66,GBP,314.53,2024-07-06
P003949,I001241,Lodging,923.67,JPY,6.19,2024-05-22
P003950,I005071,Meals,44.05,USD,44.05,2024-08-13
P003951,I006316,Lodging,448.34,EUR,488.69,2024-12-05
P003952,I000404,Travel,1775.46,INR,21.31,2025-03-05
P003953,I000700,Meals,113.27,MXN,6.57,2025-04-14
P003954,I004017,Meals,51.16,EUR,55.76,2025-04-12
P003955,I001872,Travel,292.95,EUR,319.32,2024-01-19
P003956,I003745,Honoraria,1011.87,MXN,58.69,2024-05-01
P003957,I000849,Meals,37.66,BRL,,2024-05-22
P003958,I006291,Travel,488.15,CAD,361.23,2025-06-30
P003959,I003537,Travel,431.4,EUR,470.23,2025-03-16
P003960,I005621,Travel,303.64,USD,303.64,2024-07-01
P003961,I006555,Travel,167.78,cad,124.16,2024-10-25
P003962,I001908,Meals,151.83,GBP,192.82,2024-07-17
P003963,I000241,Honoraria,243.72,CAD,180.35,2025-07-27
P003964,I005794,Travel,342.13,JPY,2.29,2024-06-03
P003965,I004207,Meals,41.44,MXN,2.4,2025-06-23
P003966,I006234,Venue/AV,2056.08,GBP,2611.22,2024-05-11
P003967,I001615,Venue/AV,3103.23,JPY,20.79,2024-11-22
P003968,I000555,Honoraria,2057.0,GBP,2612.39,2024-04-20
P003969,I003422,Meals,35.2,BRL,7.04,2024-04-07
P003970,I001937,Travel,764.84,CAD,565.98,2024-09-03
P003971,I006003,Travel,130.16,EUR,141.87,2025-03-13
P003972,I005158,Honoraria,1501.65,USD,1501.65,2024-08-16
P003973,I004733,Meals,287.5,EUR,313.38,2025-03-22
P003974,I001171,Lodging,1351.6,JPY,9.06,2025-02-12
P003975,I000103,Travel,227.56,EUR,248.04,2025-07-28
P003976,I002048,Meals,60.17,EUR,65.59,2024-05-31
P003977,I006494,Meals,183.5,GBP,233.05,2025-05-31
P003978,I005622,Honoraria,1132.15,BRL,226.43,2024-04-02
P003979,I004014,Meals,31.73,GBP,40.3,2025-07-10
P003980,I006367,Honoraria,1258.57,MXN,73.0,2024-04-17
P003981,I005675,Meals,74.45,JPY,,2024-10-07
P003982,I005593,Travel,231.95,EUR,252.83,2024-12-17
P003983,I006423,Meals,91.28,INR,1.1,2025-01-16
P003984,I001878,Travel,558.81,MXN,32.41,2024-05-10
P003985,I001142,Honoraria,2112.07,EUR,2302.16,2025-04-29
P003986,I002688,Meals,61.21,USD,61.21,2024-07-23
P003987,I002135,Travel,245.81,EUR,267.93,2025-02-13
P003988,I002123,Meals,93.82,INR,1.13,2024-04-10
P003989,I006382,Lodging,213.37,CAD,157.89,2024-11-15
P003990,I003808,Lodging,745.72,USD,745.72,2024-12-31
P003991,I000592,Meals,50.22,MXN,2.91,2024-07-31
P003992,I001163,Honoraria,1186.0,USD,1186.0,2024-09-29
P003993,I001989,Meals,48.96,CAD,36.23,2024-03-29
P003994,I006921,Venue/AV,1094.78,CAD,810.14,2024-10-10
P003995,I002301,Meals,732.28,BRL,146.46,2024-01-29
P003996,I001739,Meals,15.7,USD,15.7,2024-11-10
P003997,I001145,Honoraria,312.99,GBP,397.5,2025-05-16
P003998,I006092,Lodging,448.54,JPY,3.01,2025-01-08
P003999,I006219,Honoraria,534.57,EUR,582.68,2024-05-19
P004000,I001270,Lodging,323.07,INR,3.88,2024-03-07
P004001,I004546,Meals,57.35,CAD,42.44,2024-09-18
P004002,I001696,Meals,169.79,EUR,185.07,2025-02-11
P004003,I000076,Travel,577.15,GBP,732.98,2024-11-28
P004004,I000145,Travel,692.29,MXN,40.15,2024-05-27
P004005,I000641,Honoraria,1447.03,INR,17.36,2025-07-13
P004006,I003857,Meals,70.71,BRL,14.14,2025-03-29
P004007,I003209,Honoraria,809.84,EUR,,2024-12-25
P004008,I002277,Honoraria,1318.86,JPY,8.84,2024-09-12
P004009,I002473,Meals,150.37,CAD,111.27,2025-01-29
P004010,I002093,Honoraria,937.91,JPY,6.28,2025-06-16
P004011,I001599,Meals,36.51,EUR,39.8,2024-06-07
P004012,I006099,Honoraria,789.03,BRL,157.81,2024-04-26
P004013,I002206,Travel,214.24,EUR,233.52,2024-12-11
P004014,I000197,Meals,86.91,BRL,17.38,2024-05-08
P004015,I002429,Meals,83.49,USD,83.49,2025-01-26
P004016,I000074,Lodging,751.14,CAD,555.84,2024-03-07
P004017,I002043,Honoraria,748.51,GBP,950.61,2024-06-11
P004018,I005656,Lodging,1045.46,INR,12.55,2025-01-05
P004019,I005884,Meals,72.09,BRL,14.42,2024-06-26
P004020,I001509,Meals,52.98,JPY,0.35,2024-08-12
P004021,I005663,Lodging,552.34,EUR,602.05,2025-03-27
P004022,I001040,Meals,53.13,INR,0.64,2024-07-10
P004023,I003614,Travel,481.54,JPY,3.23,2024-11-27
P004024,I005860,Travel,137.23,INR,1.65,2024-08-30
P004025,I006063,Venue/AV,3479.56,INR,41.75,2025-06-13
P004026,I001178,Lodging,701.84,GBP,891.34,2024-12-30
P004027,I005141,Honoraria,999.59,EUR,1089.55,2024-11-06
P004028,I002408,Travel,312.24,EUR,340.34,2024-02-05
P004029,I000463,Meals,16.33,BRL,3.27,2024-04-17
P004030,I004852,Honoraria,3539.24,USD,3539.24,2024-11-11
P004031,I003763,Honoraria,834.67,EUR,909.79,2024-05-26
P004032,I006972,Honoraria,1202.08,USD,1202.08,2024-09-04
P004033,I001086,Meals,80.59,INR,0.97,2024-07-25
P004034,I005315,Meals,197.77,EUR,215.57,2024-12-14
P004035,I005404,Meals,41.26,GBP,52.4,2024/11/02
P004036,I011237,Meals,125.69,EUR,137.0,2024-04-21
P004037,I002730,Honoraria,1190.46,BRL,238.09,2024-07-26
P004038,I006234,Lodging,419.0,EUR,456.71,2024-04-22
P004039,I003985,Meals,94.22,MXN,5.46,2025-03-17
P004040,I001438,Travel,151.47,CAD,112.09,2025-03-16
P004041,I002867,Travel,123.87,USD,123.87,2025-05-18
P004042,I001835,Honoraria,1217.94,MXN,70.64,2024-11-08
P004043,I001254,Meals,189.48,EUR,206.53,2024-02-15
P004044,I000993,Meals,145.28,GBP,184.51,2025-06-12
P004045,I004284,Venue/AV,2770.26,EUR,3019.58,2025-04-13
P004046,I004806,Honoraria,1044.02,EUR,1137.98,2025-05-12
P004047,I003310,Travel,698.17,INR,8.38,2025-06-12
P004048,I002042,Travel,436.65,INR,5.24,2024-09-16
P004049,I002497,Travel,242.33,BRL,48.47,2025-05-14
P004050,I001726,Travel,191.02,JPY,1.28,2025-04-07
P004051,I005713,Honoraria,1427.56,EUR,1556.04,2025-05-17
P004052,I002807,Meals,55.22,INR,0.66,2024-06-22
P004053,I001531,Travel,196.39,JPY,1.32,2024/07/19
P004054,I004008,Travel,308.87,EUR,336.67,2025-02-18
P004055,I001512,Honoraria,470.66,MXN,27.3,2024-11-04
P004056,I004548,Travel,288.4,MXN,16.73,2024-01-15
P004057,I000837,Honoraria,773.04,EUR,842.61,2024-05-12
P004058,I003421,Meals,194.02,CAD,143.57,2025-03-05
P004059,I005326,Meals,128.86,EUR,140.46,2024-06-21
P004060,I005739,Meals,158.36,GBP,201.12,2024-05-11
P004061,I006884,Meals,40.94,MXN,2.37,2024-04-29
P004062,I000016,Meals,275.28,EUR,300.06,2024-12-03
P004063,I006183,Meals,72.92,CAD,53.96,2024-08-12
P004064,I000593,Meals,53.21,EUR,58.0,2024-12-10
P004065,I006021,Honoraria,603.59,EUR,657.91,2025-05-01
P004066,I000960,Meals,78.36,BRL,15.67,2024-11-09
P004067,I002740,Meals,73.08,EUR,,2025-06-15
P004068,I000221,Travel,286.52,MXN,16.62,2024-02-19
P004069,I005927,Travel,300.4,JPY,2.01,2025-02-04
P004070,I006021,Lodging,607.04,eur,661.67,2025-05-18
P004071,I004243,Travel,416.6,JPY,2.79,2025-01-13
P004072,I005794,Travel,142.87,INR,1.71,2024-06-18
P004073,I000196,Honoraria,877.21,INR,10.53,2025-06-13
P004074,I006570,Meals,143.32,BRL,28.66,2024-05-26
P004075,I004476,Travel,554.04,EUR,603.9,2025-03-13
P004076,I000416,Travel,674.38,USD,674.38,2025-02-12
P004077,I005452,Meals,56.28,EUR,61.35,2024-10-28
P004078,I000665,Lodging,342.72,EUR,373.56,2024-09-21
P004079,I003598,Travel,161.75,JPY,1.08,2024-02-24
P004080,I002506,Meals,69.9,JPY,0.47,2024-07-27
P004081,I002293,Travel,157.64,JPY,1.06,2025-05-13
P004082,I003861,Honoraria,567.29,MXN,32.9,2024-07-15
P004083,I001260,Meals,395.1,JPY,2.65,2025-01-23
P004084,I005058,Meals,105.74,GBP,,2024-08-19
P004085,I000722,Venue/AV,926.86,MXN,53.76,2025-04-27
P004086,I003679,Meals,186.54,INR,2.24,2025-06-06
P004087,I002900,Meals,73.54,BRL,14.71,2024-09-14
P004088,I000880,Meals,82.75,GBP,105.09,2024-08-06
P004089,I004442,Honoraria,1198.5,BRL,239.7,2025-01-06
P004090,I006479,Honoraria,1582.72,JPY,10.6,2025-03-03
P004091,I005639,Meals,660.37,MXN,38.3,2024-09-11
P004092,I003426,Travel,607.34,EUR,662.0,2024-01-08
P004093,I000727,Lodging,114.88,EUR,125.22,2024-01-24
P004094,I005290,Meals,64.97,EUR,70.82,2024-06-28
P004095,I000297,Honoraria,3606.63,BRL,721.33,2024-03-22
P004096,I005448,Meals,51.96,EUR,56.64,2024-04-02
P004097,I001157,Meals,1447.93,CAD,1071.47,2024-05-24
P004098,I003261,Meals,163.79,EUR,178.53,2025-02-25
P004099,I004572,Meals,71.99,EUR,78.47,2025-07-29
P004100,I003854,Meals,51.87,EUR,56.54,2024-10-28
P004101,I001084,Honoraria,1035.36,INR,12.42,2024-04-04
P004102,I006875,Lodging,126.59,INR,1.52,2025-07-13
P004103,I002007,Honoraria,1270.39,BRL,254.08,2024-10-04
P004104,I004899,Meals,52.81,EUR,57.56,2025-04-17
P004105,I000926,Travel,128.29,BRL,25.66,2024-11-19
P004106,I002964,Travel,417.71,EUR,455.3,2024-01-30
P004107,I003409,Honoraria,3358.14,EUR,3660.37,2025-05-22
P004108,I010497,Honoraria,1094.88,EUR,1193.42,2024-02-26
P004109,I004141,Honoraria,1118.94,CAD,828.02,2024-05-30
P004110,I005254,Honoraria,210.01,CAD,155.41,2025-06-12
P004111,I004076,Travel,646.5,MXN,37.5,2025-06-17
P004112,I004226,Lodging,246.22,EUR,268.38,2025-05-09
P004113,I001284,Honoraria,1272.26,USD,1272.26,2025-07-16
P004114,I002298,Travel,529.34,EUR,576.98,2024-04-01
P004115,I001576,Travel,354.06,INR,4.25,2024-11-29
P004116,I000132,Travel,188.35,MXN,10.92,2024-05-12
P004117,I003910,Venue/AV,3301.52,EUR,3598.66,2024-08-30
P004118,I003566,Travel,465.02,INR,5.58,2024-06-10
P004119,I003330,Honoraria,1917.16,EUR,2089.7,2025-01-15
P004120,I000141,Meals,179.07,CAD,132.51,2024-06-25
P004121,I006677,Honoraria,781.62,INR,9.38,2024-10-23
P004122,I006751,Travel,527.36,JPY,3.53,2024-07-29
P004123,I004664,Lodging,250.47,EUR,273.01,2024-12-15
P004124,I011099,Meals,86.64,JPY,0.58,2024-04-20
P004125,I002650,Meals,140.49,MXN,8.15,2024-08-01
P004126,I000170,Lodging,330.48,brl,66.1,2025-05-15
P004127,I005985,Meals,60.63,JPY,0.41,2024-04-19
P004128,I000564,Lodging,155.79,CAD,115.28,2024-02-27
P004129,I008043,Meals,87.3,EUR,95.16,2025-06-26
P004130,I006743,Venue/AV,4963.76,JPY,33.26,2025-03-02
P004131,I004498,Meals,45.47,INR,0.55,2024-08-05
P004132,I005629,Honoraria,3438.6,CAD,2544.56,2024-05-20
P004133,I006394,Meals,253.26,EUR,276.05,2024-07-30
P004134,I005585,Travel,361.88,INR,,2024-07-09
P004135,I006430,Meals,63.16,JPY,0.42,2024-03-16
P004136,I001060,Meals,57.82,CAD,42.79,2024-03-02
P004137,I005797,Honoraria,553.24,USD,553.24,2025-01-04
P004138,I004126,Travel,882.99,EUR,962.46,2024-06-24
P004139,I006359,Meals,137.84,EUR,150.25,2024-10-26
P004140,I004344,Honoraria,1707.65,USD,1707.65,2024-04-30
P004141,I004084,Honoraria,628.6,EUR,685.17,2025-04-24
P004142,I002033,Meals,231.07,EUR,251.87,2024-05-30
P004143,I001486,Meals,35.91,MXN,2.08,2024-03-25
P004144,I002545,Meals,73.03,EUR,79.6,2024-09-28
P004145,I001071,Lodging,405.18,EUR,441.65,2025-05-25
P004146,I004074,Travel,412.63,USD,412.63,2024-03-18
P004147,I006363,Meals,72.63,MXN,4.21,2025-06-19
P004148,I005990,Travel,210.9,JPY,1.41,2024-07-12
P004149,I001435,Honoraria,707.26,MXN,41.02,2024-12-25
P004150,I004240,Travel,1097.25,JPY,7.35,2025-03-25
P004151,I003274,Meals,171.11,INR,2.05,2024-02-17
P004152,I001838,Honoraria,1066.37,EUR,1162.34,2024-01-24
P004153,I001492,Travel,172.02,BRL,34.4,2024-12-05
P004154,I001092,Lodging,136.71,JPY,0.92,2024-02-27
P004155,I004883,Honoraria,1702.42,JPY,11.41,2024-07-16
P004156,I005033,Travel,88.98,USD,88.98,2024-12-05
P004157,I006606,Lodging,1462.79,EUR,1594.44,2024-04-15
P004158,I003092,Honoraria,533.76,EUR,581.8,2024-08-08
P004159,I003563,Honoraria,1595.81,EUR,1739.43,2024-08-16
P004160,I004802,Travel,268.59,CAD,198.76,2024-07-16
P004161,I000686,Honoraria,1791.17,CAD,1325.47,2025-05-16
P004162,I005877,Meals,71.57,USD,71.57,2025-02-11
P004163,I002492,Travel,455.64,BRL,91.13,2025-07-05
P004164,I005221,Meals,63.15,USD,63.15,2024-09-05
P004165,I000542,Meals,84.31,EUR,91.9,2025/05/18
P004166,I004135,Honoraria,3535.88,INR,42.43,2024-08-21
P004167,I003982,Lodging,469.87,EUR,512.16,2024-09-09
P004168,I003596,Travel,210.85,MXN,12.23,2025-04-17
P004169,I000007,Meals,14.96,INR,0.18,2024-02-22
P004170,I004014,Meals,67.29,EUR,73.35,2025-06-24
P004171,I006124,Meals,119.96,USD,119.96,2025-04-03
P004172,I002179,Meals,26.79,INR,0.32,2025-04-19
P004173,I002411,Meals,341.35,BRL,68.27,2024-04-26
P004174,I003609,Honoraria,1179.79,EUR,1285.97,2025-05-09
P004175,I000052,Lodging,323.15,USD,323.15,2025-05-30
P004176,I002716,Travel,377.17,INR,4.53,2024-10-11
P004177,I004074,Lodging,585.24,BRL,117.05,2024-02-28
P004178,I004702,Meals,78.94,INR,0.95,2025-04-04
P004179,I001011,Meals,49.64,MXN,2.88,2024-02-29
P004180,I001911,Meals,57.41,USD,57.41,2024-06-09
P004181,I002950,Travel,93.52,INR,1.12,2025-03-28
P004182,I001839,Meals,97.18,BRL,19.44,2024-10-02
P004183,I000562,Venue/AV,9087.1,brl,1817.42,2025-03-12
P004184,I000955,Meals,27.38,JPY,0.18,2025-03-10
P004185,I006867,Travel,126.42,BRL,25.28,2024-07-08
P004186,I003309,Honoraria,1229.48,EUR,1340.13,2024-12-14
P004187,I003535,Travel,269.55,EUR,293.81,2025-04-01
P004188,I001656,Meals,121.48,CAD,89.9,2024-08-07
P004189,I005862,Travel,183.65,MXN,10.65,2025-01-07
P004190,I001742,Honoraria,1259.64,EUR,1373.01,2024-11-28
P004191,I001565,Meals,302.84,USD,302.84,2024-05-06
P004192,I004148,Travel,494.9,MXN,28.7,2025-02-14
P004193,I005800,Meals,56.47,EUR,61.55,2024-07-03
P004194,I003891,Meals,24.27,EUR,26.45,2024-09-11
P004195,I005718,Meals,153.03,JPY,1.03,2024-10-20
P004196,I001809,Honoraria,1514.92,MXN,87.87,2024-10-02
P004197,I001419,Meals,42.09,EUR,45.88,2024-05-24
P004198,I002257,Lodging,882.13,CAD,652.78,2024-08-05
P004199,I006926,Honoraria,678.84,JPY,4.55,2024-03-20
P004200,I000109,Meals,53.44,CAD,39.55,2024-08-02
P004201,I006129,Honoraria,1278.73,JPY,8.57,2024-09-16
P004202,I002340,Travel,248.17,USD,248.17,2024-10-29
P004203,I002138,Honoraria,926.82,BRL,185.36,2024-05-06
P004204,I002419,Travel,371.82,BRL,74.36,2024-07-19
P004205,I005017,Travel,325.57,EUR,354.87,2024-02-27
P004206,I000119,Honoraria,1462.66,GBP,1857.58,2025-05-01
P004207,I000891,Lodging,393.19,BRL,78.64,2024-07-06
P004208,I000249,Meals,123.9,MXN,7.19,2024-05-07
P004209,I005540,Honoraria,1066.19,EUR,1162.15,2024-05-24
P004210,I000106,Travel,456.53,GBP,579.79,2025-02-17
P004211,I004993,Honoraria,775.84,EUR,845.67,2025-03-11
P004212,I005094,Lodging,396.7,INR,4.76,2025-03-09
P004213,I006775,Meals,98.72,GBP,125.37,2025-04-23
P004214,I004550,Meals,15.9,CAD,11.77,2024-07-17
P004215,I006113,Meals,71.31,EUR,77.73,2024-04-20
P004216,I001994,Lodging,555.93,CAD,411.39,2025-02-26
P004217,I005802,Meals,68.56,JPY,0.46,2025-04-15
P004218,I001745,Honoraria,707.66,INR,8.49,2024-11-05
P004219,I002231,Lodging,1695.85,usd,1695.85,2024-08-03
P004220,I006499,Travel,319.53,CAD,236.45,2024-04-19
P004221,I001539,Honoraria,742.27,BRL,148.45,2024-12-07
P004222,I002390,Meals,76.28,MXN,4.42,2024-05-05
P004223,I001128,Honoraria,4112.38,EUR,4482.49,2025-04-05
P004224,I008656,Meals,74.18,EUR,80.86,2024-10-08
P004225,I000116,Meals,206.18,INR,2.47,2025-01-09
P004226,I004329,Meals,156.86,EUR,170.98,2025-03-01
P004227,I006100,Venue/AV,1483.07,EUR,1616.55,2025-04-18
P004228,I006550,Venue/AV,1100.98,USD,1100.98,2024-12-01
P004229,I002133,Travel,835.8,INR,10.03,2025-03-10
P004230,I004234,Travel,255.39,EUR,278.38,2024-07-02
P004231,I006927,Travel,141.58,EUR,154.32,2024-09-18
P004232,I004104,Meals,39.75,JPY,0.27,2024-07-10
P004233,I001167,Travel,589.15,CAD,435.97,2025-02-14
P004234,I000080,Meals,44.16,EUR,48.13,2024-11-13
P004235,I005574,Meals,216.84,INR,2.6,2024-08-18
P004236,I001721,Travel,366.88,INR,4.4,2024-10-09
P004237,I002888,Travel,434.6,CAD,321.6,2024-11-01
P004238,I004231,Travel,992.04,EUR,1081.32,2025-01-28
P004239,I004661,Meals,94.21,EUR,102.69,2024-10-13
P004240,I002252,Travel,133.89,EUR,145.94,2024-05-15
P004241,I004048,Travel,119.32,BRL,23.86,2024-06-18
P004242,I005551,Meals,95.66,CAD,70.79,2025-01-22
P004243,I008016,Meals,62.93,EUR,68.59,2024-02-17
P004244,I002104,Meals,90.52,BRL,18.1,2025-01-22
P004245,I000921,Travel,567.35,MXN,32.91,2024-07-09
P004246,I003667,Meals,63.75,CAD,47.17,2024-12-22
P004247,I001712,Meals,83.47,EUR,90.98,2024-06-28
P004248,I003150,Honoraria,161.82,GBP,205.51,2024-05-14
P004249,I004138,Honoraria,1748.16,USD,1748.16,2024-07-27
P004250,I005644,Travel,370.54,MXN,21.49,2025-05-12
P004251,I001848,Meals,34.05,USD,34.05,2025-02-08
P004252,I002075,Travel,187.11,CAD,138.46,2025-05-27
P004253,I004380,Lodging,261.21,USD,261.21,2025-07-14
P004254,I003146,Honoraria,1659.31,EUR,1808.65,2024-04-09
P004255,I006357,Lodging,884.43,BRL,176.89,2025-07-13
P004256,I001446,Venue/AV,2057.7,EUR,2242.89,2025-06-20
P004257,I000166,Meals,112.67,EUR,122.81,2025-01-20
P004258,I002218,Honoraria,2869.77,EUR,3128.05,2024-02-23
P004259,I004622,Meals,105.93,EUR,115.46,2024-01-15
P004260,I001625,Travel,716.82,USD,716.82,2024-07-15
P004261,I002356,Lodging,405.41,INR,4.86,2024-03-15
P004262,I000286,Lodging,574.91,CAD,425.43,2024-08-04
P004263,I001643,Meals,301.03,CAD,,2024-07-15
P004264,I003233,Venue/AV,1709.25,INR,20.51,2025-06-01
P004265,I002956,Meals,231.07,JPY,1.55,2024-11-02
P004266,I001628,Honoraria,1662.43,USD,1662.43,2025-05-09
P004267,I001424,Travel,356.92,MXN,20.7,2025-05-16
P004268,I006615,Meals,66.45,USD,66.45,2024-02-13
P004269,I004157,Lodging,279.78,CAD,207.04,2024-08-30
P004270,I004157,Meals,66.76,USD,66.76,2024-09-04
P004271,I001202,Lodging,523.04,INR,6.28,2024-04-08
P004272,I006990,Honoraria,875.03,CAD,647.52,2024-07-09
P004273,I006161,Honoraria,1032.09,BRL,206.42,2024-05-31
P004274,I005267,Travel,308.92,EUR,336.72,2024-10-13
P004275,I004240,Travel,154.33,INR,1.85,2025-04-06
P004276,I005129,Honoraria,2126.75,CAD,1573.8,2025-01-16
P004277,I002314,Lodging,182.53,EUR,198.96,2024-10-11
P004278,I006839,Meals,112.26,USD,112.26,2025-01-11
P004279,I001551,Meals,77.5,EUR,84.48,2025-03-01
P004280,I001541,Venue/AV,1782.77,INR,21.39,2024-05-19
P004281,I002874,Meals,27.09,EUR,29.53,2024-10-20
P004282,I002781,Travel,457.1,EUR,498.24,2024-04-03
P004283,I003098,Meals,120.18,MXN,6.97,2025-05-15
P004284,I004917,Travel,404.99,BRL,81.0,2025-02-11
P004285,I003189,Venue/AV,2275.79,BRL,455.16,2024-09-21
P004286,I000874,Honoraria,1938.31,MXN,112.42,2025-07-07
P004287,I003256,Meals,42.81,EUR,46.66,2025-07-19
P004288,I000077,Meals,85.66,EUR,,2024-07-01
P004289,I000252,Meals,66.44,BRL,13.29,2025-02-02
P004290,I005807,Meals,49.51,CAD,36.64,2024-02-16
P004291,I003044,Lodging,378.82,USD,378.82,2025-01-19
P004292,I004964,Meals,52.65,EUR,57.39,2024-09-30
P004293,I003478,Meals,206.19,INR,2.47,2025-06-26
P004294,I002269,Venue/AV,5435.99,JPY,36.42,2025-03-29
P004295,I006275,Meals,42.85,GBP,54.42,2024-07-02
P004296,I001135,Meals,48.6,GBP,61.72,2024-12-21
P004297,I005485,Travel,932.97,CAD,690.4,2025-05-31
P004298,I001629,Meals,49.06,USD,49.06,2024-06-26
P004299,I002329,Meals,59.92,GBP,76.1,2025-06-20
P004300,I003024,Meals,137.36,GBP,174.45,2024-07-08
P004301,I002261,Honoraria,1610.38,CAD,1191.68,2024-04-30
P004302,I002986,Meals,90.34,JPY,0.61,2024-07-28
P004303,I004995,Travel,524.09,GBP,665.59,2024-04-28
P004304,I006703,Honoraria,1331.37,JPY,8.92,2024-03-09
P004305,I000539,Travel,275.38,INR,3.3,2024-11-07
P004306,I004909,Meals,76.92,EUR,83.84,2025-05-04
P004307,I003946,Meals,77.73,EUR,84.73,2025-03-16
P004308,I002658,Honoraria,2292.34,EUR,2498.65,2024-11-11
P004309,I000538,Travel,130.97,GBP,166.33,2024-09-24
P004310,I004135,Meals,186.4,INR,2.24,2024-09-26
P004311,I000500,Travel,287.21,EUR,313.06,2024-08-10
P004312,I006923,Meals,62.93,EUR,68.59,2025-03-03
P004313,I003799,Meals,38.32,USD,38.32,2024-04-05
P004314,I003515,Meals,119.08,INR,1.43,2024-06-06
P004315,I002074,Meals,26.16,EUR,28.51,2025-02-28
P004316,I002995,Venue/AV,1023.03,CAD,757.04,2025-03-04
P004317,I006156,Meals,54.57,JPY,0.37,2025-03-21
P004318,I001652,Travel,561.12,INR,6.73,2024-05-30
P004319,I003074,Meals,71.12,JPY,0.48,2024-11-29
P004320,I001226,Venue/AV,2626.83,BRL,525.37,2024-09-13
P004321,I001392,Lodging,503.04,EUR,,2024-08-05
P004322,I005690,Honoraria,714.9,JPY,4.79,2024-02-05
P004323,I003800,Lodging,114.46,USD,114.46,2024-02-08
P004324,I000266,Honoraria,2222.84,INR,26.67,2025-02-23
P004325,I000100,Lodging,386.34,BRL,77.27,2024-04-04
P004326,I000868,Meals,67.01,EUR,73.04,2024-08-05
P004327,I000953,Meals,31.01,EUR,33.8,2024-04-25
P004328,I001005,Lodging,186.24,JPY,1.25,2025-06-25
P004329,I003472,Meals,54.52,CAD,40.34,2025-01-14
P004330,I005937,Travel,274.77,EUR,299.5,2024-05-24
P004331,I003261,Meals,50.57,GBP,64.22,2025-03-02
P004332,I002045,Meals,30.93,CAD,22.89,2025-05-31
P004333,I006074,Lodging,1001.22,CAD,740.9,2024-06-23
P004334,I004636,Travel,480.03,JPY,3.22,2024-10-07
P004335,I001331,Travel,433.63,EUR,472.66,2024-05-12
P004336,I001665,Meals,56.36,BRL,,2024-08-20
P004337,I004577,Travel,701.11,BRL,140.22,2025-06-09
P004338,I005694,Honoraria,1693.76,JPY,11.35,2024-02-18
P004339,I002242,Meals,37.4,CAD,27.68,2024-12-23
P004340,I001225,Travel,1034.62,EUR,1127.74,2025-03-14
P004341,I002404,Meals,156.94,EUR,171.06,2024-08-11
P004342,I002578,Meals,93.68,GBP,118.97,2024-08-17
P004343,I005107,Meals,116.08,JPY,0.78,2024-06-10
P004344,I005489,Meals,59.73,EUR,65.11,2024-05-23
P004345,I004812,Lodging,1009.21,MXN,,2025-06-13
P004346,I001288,Lodging,255.9,USD,255.9,2024-08-18
P004347,I005690,Meals,63.18,INR,0.76,2024-01-27
P004348,I004683,Venue/AV,1083.81,GBP,1376.44,2024-09-09
P004349,I004869,Meals,85.35,JPY,0.57,2024-06-08
P004350,I004816,Honoraria,1897.32,EUR,2068.08,2024-11-17
P004351,I004269,Travel,594.86,USD,594.86,2024-10-05
P004352,I006030,Meals,184.06,MXN,10.68,2024-03-15
P004353,I006127,Meals,233.41,BRL,46.68,2025-01-18
P004354,I004987,Honoraria,1365.68,EUR,1488.59,2024-04-29
P004355,I000598,Travel,632.08,EUR,688.97,2025-04-03
P004356,I005930,Honoraria,1450.1,CAD,1073.07,2024-10-31
P004357,I006023,Travel,405.27,INR,4.86,2025-06-10
P004358,I004362,Honoraria,464.71,EUR,506.53,2024-10-18
P004359,I000722,Honoraria,2159.94,USD,2159.94,2025-04-06
P004360,I000344,Travel,903.79,USD,903.79,2024-10-08
P004361,I004500,Travel,939.68,USD,939.68,2025-06-04
P004362,I000724,Meals,76.5,GBP,97.16,2024-03-02
P004363,I010079,Meals,212.64,CAD,157.35,2025-07-03
P004364,I002032,Meals,72.7,EUR,79.24,2024-06-17
P004365,I002011,Honoraria,881.48,GBP,1119.48,2025-07-23
P004366,I003583,Travel,341.2,CAD,252.49,2025-06-22
P004367,I001196,Meals,24.6,INR,0.3,2025-04-08
P004368,I005427,Honoraria,896.04,JPY,6.0,2024-08-09
P004369,I004381,Meals,184.91,JPY,1.24,2025-01-15
P004370,I004243,Travel,351.07,INR,4.21,2025-01-20
P004371,I002579,Travel,707.71,INR,8.49,2024-10-12
P004372,I002734,Meals,34.38,JPY,0.23,2024-01-23
P004373,I002887,Meals,103.6,brl,20.72,2025-06-18
P004374,I004545,Honoraria,1052.71,eur,,2025-03-07
P004375,I001887,Meals,55.9,JPY,0.37,2024-04-18
P004376,I005707,Meals,75.19,MXN,4.36,2024-09-11
P004377,I000741,Meals,197.39,CAD,146.07,2024-10-20
P004378,I000236,Venue/AV,1698.77,EUR,1851.66,2024-08-25
P004379,I005993,Meals,109.6,MXN,6.36,2024-09-06
P004380,I005061,Meals,100.33,MXN,5.82,2024-12-24
P004381,I002618,Honoraria,1583.81,INR,19.01,2024-11-17
P004382,I002688,Meals,83.64,USD,83.64,2024-08-09
P004383,I003221,Honoraria,391.02,mxn,22.68,2024-06-25
P004384,I000521,Meals,94.96,JPY,0.64,2024-12-16
P004385,I001016,Meals,23.1,EUR,25.18,2024-11-20
P004386,I006048,Venue/AV,2506.13,BRL,501.23,2025-05-01
P004387,I006550,Meals,73.1,MXN,4.24,2024-12-19
P004388,I000250,Lodging,535.84,MXN,31.08,2025-04-28
P004389,I006983,Honoraria,3583.54,GBP,4551.1,2024-09-13
P004390,I001974,Travel,704.08,EUR,767.45,2025-07-08
P004391,I002514,Lodging,329.89,MXN,19.13,2024-06-23
P004392,I001396,Meals,89.18,EUR,97.21,2024-03-10
P004393,I006426,Travel,383.4,CAD,283.72,2025-05-31
P004394,I002923,Venue/AV,6047.64,CAD,4475.25,2025-05-05
P004395,I002547,Meals,72.96,MXN,4.23,2024-07-02
P004396,I002975,Meals,259.89,JPY,1.74,2025-01-09
P004397,I002237,Venue/AV,4640.8,BRL,928.16,2025-02-11
P004398,I004801,Meals,55.54,JPY,0.37,2024-10-13
P004399,I000684,Meals,103.53,gbp,131.48,2024-07-07
P004400,I006097,Travel,394.4,BRL,78.88,2024-11-14
P004401,I000320,Meals,118.14,INR,1.42,2024-04-13
P004402,I005512,Lodging,347.82,USD,347.82,2024-01-12
P004403,I003613,Meals,24.32,CAD,18.0,2025-06-07
P004404,I004891,Lodging,215.59,USD,215.59,2024-11-29
P004405,I005729,Meals,38.68,JPY,0.26,2025-01-22
P004406,I005173,Honoraria,736.19,MXN,42.7,2024-04-30
P004407,I005535,Meals,47.95,EUR,52.27,2025-01-15
P004408,I001473,Meals,95.59,eur,104.19,2024-11-08
P004409,I004260,Meals,20.96,EUR,22.85,2024-08-26
P004410,I005621,Lodging,246.1,mxn,14.27,2024-06-28
P004411,I001669,Travel,279.7,CAD,206.98,2025-04-06
P004412,I004554,Meals,140.95,CAD,104.3,2024-09-19
P004413,I000911,Lodging,515.12,EUR,561.48,2024-05-25
P004414,I004397,Meals,171.12,MXN,9.92,2025-03-18
P004415,I000491,Honoraria,452.82,EUR,493.57,2025-03-29
P004416,I005516,Lodging,379.05,CAD,280.5,2024-06-17
P004417,I006845,Honoraria,474.92,INR,5.7,2025-05-18
P004418,I003042,Honoraria,1061.17,MXN,61.55,2024-12-21
P004419,I005306,Lodging,168.89,GBP,214.49,2024-08-26
P004420,I002358,Meals,136.47,JPY,0.91,2024-02-09
P004421,I006587,Meals,125.29,EUR,136.57,2024-10-10
P004422,I001258,Meals,208.86,USD,208.86,2024-12-20
P004423,I002544,Meals,25.26,MXN,1.47,2024-09-17
P004424,I002678,Travel,303.33,EUR,330.63,2024-12-27
P004425,I000931,Lodging,479.85,INR,5.76,2025-04-25
P004426,I004002,Venue/AV,2853.28,EUR,3110.08,2025-01-20
P004427,I002420,Travel,206.85,GBP,262.7,2024-06-07
P004428,I000622,Travel,234.78,EUR,255.91,2024-07-26
P004429,I001636,Travel,899.96,CAD,665.97,2025-03-18
P004430,I000828,Meals,39.73,INR,0.48,2024-03-14
P004431,I003921,Lodging,198.59,EUR,216.46,2024-02-24
P004432,I006952,Honoraria,852.51,GBP,1082.69,2024-02-24
P004433,I004019,Travel,284.0,MXN,16.47,2024-11-10
P004434,I005245,Travel,176.92,BRL,35.38,2025-03-07
P004435,I005129,Honoraria,859.86,MXN,49.87,2024-12-16
P004436,I004437,Honoraria,1491.73,GBP,1894.5,2024-04-13
P004437,I004685,Meals,78.31,EUR,85.36,2025-02-03
P004438,I001018,Meals,67.96,USD,67.96,2024-10-27
P004439,I000393,Lodging,2005.91,GBP,2547.51,2025-02-17
P004440,I001069,Meals,116.65,BRL,23.33,2025-04-13
P004441,I006952,Honoraria,1000.03,EUR,1090.03,2024-02-25
P004442,I004069,Meals,203.24,CAD,150.4,2024-07-01
P004443,I003234,Meals,253.76,EUR,276.6,2024-11-22
P004444,I003343,Travel,457.65,MXN,,2024-04-17
P004445,I001784,Meals,39.82,INR,0.48,2024-09-12
P004446,I003341,Meals,146.11,BRL,29.22,2025-05-26
P004447,I001339,Lodging,431.7,USD,431.7,2024-07-02
P004448,I001107,Meals,170.14,GBP,216.08,2024-05-14
P004449,I002087,Travel,410.96,EUR,447.95,2024-08-04
P004450,I002242,Honoraria,1168.66,MXN,67.78,2024-12-12
P004451,I004332,Meals,77.13,USD,77.13,2025-07-03
P004452,I005874,Venue/AV,2573.2,EUR,2804.79,2024-03-13
P004453,I006626,Venue/AV,1058.68,CAD,783.42,2024-08-15
P004454,I004132,Meals,90.58,GBP,115.04,2025-01-31
P004455,I004641,Travel,468.92,INR,5.63,2024-11-01
P004456,I003752,Meals,21.66,CAD,16.03,2024-09-05
P004457,I004359,Honoraria,1363.94,BRL,272.79,2024-11-15
P004458,I003250,Meals,37.33,INR,0.45,2025-04-01
P004459,I003046,Venue/AV,1246.04,GBP,,2025-03-08
P004460,I001084,Honoraria,1191.77,INR,14.3,2024-03-21
P004461,I002846,Meals,71.7,MXN,4.16,2024-10-18
P004462,I006378,Honoraria,1306.29,EUR,1423.86,
P004463,I002178,Meals,27.91,CAD,20.65,2024-11-08
P004464,I003068,Lodging,235.08,USD,235.08,2024-04-06
P004465,I004115,Travel,236.27,EUR,257.53,2025-05-06
P004466,I000504,Travel,142.44,MXN,8.26,2024-12-02
P004467,I001694,Venue/AV,4111.47,GBP,5221.57,2024-05-22
P004468,I004116,Honoraria,1282.01,CAD,948.69,2024-06-05
P004469,I004771,Meals,117.6,USD,117.6,2025-05-02
P004470,I004268,Meals,92.0,EUR,100.28,2024-05-30
P004471,I003886,Meals,59.26,JPY,0.4,2024-11-21
P004472,I004318,Meals,39.91,EUR,43.5,2024-11-09
P004473,I003371,Meals,112.11,mxn,6.5,2025-05-15
P004474,I005377,Meals,93.28,EUR,101.68,2025-04-24
P004475,I002615,Travel,194.91,MXN,11.3,2024-11-17
P004476,I005730,Meals,87.01,CAD,64.39,2024-07-02
P004477,I001364,Meals,100.1,CAD,74.07,2024-09-09
P004478,I003555,Lodging,401.14,USD,401.14,2025-02-05
P004479,I001758,Meals,107.12,JPY,0.72,2024-03-08
P004480,I004105,Meals,213.34,GBP,270.94,2025-02-05
P004481,I006230,Lodging,366.36,MXN,21.25,2024-09-26
P004482,I005839,Travel,287.03,EUR,312.86,2025-06-03
P004483,I004513,Travel,218.53,CAD,161.71,2024-05-05
P004484,I002435,Meals,22.65,EUR,24.69,2025-07-17
P004485,I001965,Venue/AV,2474.47,CAD,1831.11,2025-02-23
P004486,I000636,Meals,51.6,GBP,65.53,2024-08-15
P004487,I002114,Meals,87.12,GBP,110.64,2024-03-15
P004488,I001283,Venue/AV,717.31,INR,8.61,2024-06-19
P004489,I004990,Meals,34.54,EUR,37.65,2024-12-23
P004490,I000417,Venue/AV,803.84,EUR,876.19,2024-06-04
P004491,I005934,Venue/AV,1053.09,CAD,779.29,2024-06-15
P004492,I006912,Venue/AV,3130.54,USD,3130.54,2024-10-19
P004493,I008169,Honoraria,1462.27,GBP,1857.08,2025-04-05
P004494,I002197,Meals,72.43,MXN,4.2,2025-06-10
P004495,I003284,Venue/AV,2913.34,BRL,582.67,2024-09-05
P004496,I004167,Meals,91.71,BRL,18.34,2025-01-27
P004497,I002322,Honoraria,2872.32,EUR,3130.83,2024-04-17
P004498,I003258,Meals,108.94,CAD,80.62,2024-03-03
P004499,I004222,Travel,216.78,EUR,236.29,2025-01-21
P004500,I000650,Travel,435.53,GBP,553.12,2024-12-16
P004501,I001915,Meals,238.84,MXN,13.85,2024-03-17
P004502,I002368,Honoraria,1335.61,EUR,1455.81,2025-06-08
P004503,I002356,Meals,60.97,INR,0.73,2024-03-11
P004504,I006358,Meals,113.58,JPY,,2024-11-23
P004505,I003473,Honoraria,2076.42,MXN,120.43,2025-06-21
P004506,I000782,Meals,89.69,JPY,0.6,2024-09-02
P004507,I000025,Meals,62.62,USD,62.62,2024-06-05
P004508,I006515,Meals,50.46,EUR,55.0,2024-10-16
P004509,I000918,Honoraria,8112.27,EUR,,2025-06-20
P004510,I005933,Travel,397.11,MXN,23.03,2024-07-13
P004511,I002103,Travel,1076.34,EUR,1173.21,2025-02-07
P004512,I000535,Meals,64.99,EUR,70.84,2024-08-17
P004513,I004474,Honoraria,528.15,BRL,105.63,2025-02-20
P004514,I006402,Meals,113.95,USD,113.95,2024-07-11
P004515,I003273,Travel,1444.69,GBP,1834.76,2024-08-19
P004516,I000791,Venue/AV,1612.1,CAD,1192.95,2024-10-22
P004517,I000413,Lodging,276.6,INR,3.32,2025-03-07
P004518,I003465,Honoraria,523.78,INR,6.29,2025-05-23
P004519,I002094,Honoraria,2715.43,INR,32.59,2025-01-15
P004520,I006252,Meals,50.04,INR,0.6,2024-10-09
P004521,I001206,Meals,35.7,CAD,26.42,2025-01-20
P004522,I005652,Meals,66.79,CAD,49.42,2025-01-12
P004523,I006275,Honoraria,682.34,EUR,743.75,2024-06-12
P004524,I005442,Meals,35.41,MXN,2.05,2024-06-11
P004525,I002897,Venue/AV,717.5,EUR,782.08,2024-06-23
P004526,I002438,Travel,759.54,GBP,964.62,2024-06-01
P004527,I002583,Venue/AV,1293.24,EUR,1409.63,2024-03-09
P004528,I004399,Meals,86.95,INR,1.04,2024-12-08
P004529,I002377,Travel,153.69,GBP,195.19,2025-02-03
P004530,I006184,Lodging,382.65,USD,382.65,2024-11-02
P004531,I002056,Travel,509.46,EUR,555.31,2024-05-08
P004532,I005591,Meals,92.45,GBP,117.41,2025-06-20
P004533,I004002,Honoraria,1622.19,GBP,2060.18,2024-12-23
P004534,I005859,Travel,362.94,USD,362.94,2024-01-27
P004535,I000124,Venue/AV,838.89,MXN,,2024-10-04
P004536,I004250,Meals,106.62,BRL,21.32,2024-03-20
P004537,I002951,Honoraria,525.22,MXN,30.46,2025-06-18
P004538,I005972,Meals,77.38,BRL,,2024-02-07
P004539,I004505,Meals,118.35,INR,1.42,2024-10-28
P004540,I000579,Meals,98.06,USD,98.06,2024-12-28
P004541,I000322,Lodging,58.53,eur,63.8,2025-04-22
P004542,I000302,Meals,168.62,USD,168.62,2025-07-11
P004543,I004496,Venue/AV,3492.85,EUR,3807.21,2024-03-26
P004544,I003030,Meals,150.97,JPY,1.01,2025-03-02
P004545,I004840,Meals,120.5,EUR,131.34,2025-04-26
P004546,I005594,Lodging,732.0,EUR,797.88,2024-06-11
P004547,I004508,Lodging,323.61,MXN,18.77,2025-05-25
P004548,I001634,Travel,595.36,MXN,34.53,2024-05-17
P004549,I001539,Meals,78.14,USD,78.14,2024-12-10
P004550,I004905,Travel,156.48,INR,1.88,2025-02-02
P004551,I004241,Meals,134.83,jpy,0.9,2024-07-07
P004552,I001790,Meals,92.89,EUR,101.25,2024-01-24
P004553,I004215,Honoraria,1275.27,BRL,255.05,2025-07-06
P004554,I004593,Honoraria,529.7,EUR,577.37,2024-12-29
P004555,I006326,Meals,42.61,EUR,46.44,2025-07-12
P004556,I001296,Travel,603.69,USD,603.69,2024-02-13
P004557,I006928,Meals,360.89,USD,360.89,2024-12-26
P004558,I000555,Meals,75.94,EUR,82.77,2024-05-20
P004559,I006745,Honoraria,1404.22,EUR,1530.6,2024-10-18
P004560,I006498,Travel,572.99,cad,424.01,2024-03-09
P004561,I005217,Meals,77.15,BRL,15.43,2024-05-17
P004562,I004140,Honoraria,556.37,EUR,606.44,2024-07-19
P004563,I006662,Meals,22.17,GBP,28.16,2024-11-26
P004564,I000571,Meals,85.27,INR,1.02,2024-10-08
P004565,I000849,Meals,76.23,USD,76.23,2024-04-19
P004566,I003305,Travel,663.49,JPY,4.45,2024-06-27
P004567,I006936,Lodging,86.13,BRL,,2025-07-06
P004568,I001162,Honoraria,738.97,EUR,805.48,2025-07-12
P004569,I002861,Travel,162.75,CAD,120.44,2025-06-16
P004570,I002027,Travel,766.71,INR,9.2,2024-03-23
P004571,I000397,Meals,44.49,EUR,48.49,2025-06-13
P004572,I005611,Travel,143.81,MXN,8.34,2025-07-06
P004573,I003808,Honoraria,2279.48,USD,2279.48,2025-01-06
P004574,I006715,Travel,414.14,GBP,525.96,2025-05-23
P004575,I004512,Travel,130.22,JPY,0.87,2024-08-31
P004576,I001232,Lodging,358.69,CAD,265.43,2024-11-14
P004577,I006952,Meals,93.93,EUR,102.38,2024-02-07
P004578,I005182,Lodging,509.47,EUR,555.32,2025-06-21
P004579,I004348,Meals,158.33,USD,158.33,2025-01-05
P004580,I003230,Meals,74.46,JPY,0.5,2024-08-02
P004581,I002418,Meals,137.18,BRL,27.44,2024-06-20
P004582,I005608,Lodging,166.6,EUR,181.59,2024-09-04
P004583,I005849,Meals,91.46,CAD,67.68,2025-02-25
P004584,I005265,Meals,51.73,MXN,3.0,2024-03-20
P004585,I000843,Travel,279.32,JPY,1.87,2024-07-01
P004586,I001496,Travel,161.3,BRL,32.26,2024-05-14
P004587,I000483,Honoraria,2705.22,CAD,2001.86,2024-08-25
P004588,I006732,Honoraria,2257.91,GBP,,2025-07-15
P004589,I006221,Travel,243.87,INR,2.93,2024-05-08
P004590,I001695,Meals,63.82,MXN,,2025-02-23
P004591,I000946,Meals,316.71,eur,345.21,2025-07-03
P004592,I006453,Meals,49.81,EUR,54.29,2024-01-30
P004593,I005585,Meals,145.33,INR,1.74,2024-06-30
P004594,I005887,Meals,66.75,GBP,84.77,2024-03-25
P004595,I002386,Travel,173.53,GBP,220.38,2024-09-15
P004596,I005579,Travel,486.57,EUR,530.36,2024-08-11
P004597,I003278,Meals,115.94,CAD,85.8,2025-06-21
P004598,I005010,Travel,67.99,INR,0.82,2024-10-09
P004599,I000678,Lodging,473.52,BRL,94.7,2025-02-26
P004600,I004221,Travel,667.36,jpy,4.47,2025-04-07
P004601,I000977,Meals,78.43,GBP,99.61,2025-02-16
P004602,I005940,Travel,355.74,BRL,71.15,2025-06-15
P004603,I005792,Travel,659.18,EUR,718.51,2024-12-29
P004604,I006104,Honoraria,1789.31,USD,1789.31,2024-12-14
P004605,I001498,Travel,199.6,CAD,147.7,2024-09-03
P004606,I006504,Travel,389.74,BRL,77.95,2025-05-02
P004607,I004880,Meals,208.2,EUR,226.94,2025-04-09
P004608,I000065,Meals,156.35,CAD,115.7,2024-03-26
P004609,I005144,Meals,61.39,JPY,,2024-09-08
P004610,I002142,Travel,536.06,INR,6.43,2025-05-19
P004611,I001539,Honoraria,412.07,MXN,23.9,2024-12-18
P004612,I002974,Travel,184.62,JPY,1.24,2025-04-16
P004613,I002797,Lodging,373.01,GBP,473.72,2024-11-17
P004614,I004322,Honoraria,1379.36,EUR,1503.5,2024-10-18
P004615,I005100,Meals,159.08,EUR,173.4,2024-10-06
P004616,I001718,Travel,288.23,INR,3.46,2024-07-18
P004617,I005608,Travel,685.88,EUR,747.61,2024-09-06
P004618,I006864,Lodging,436.24,JPY,2.92,2024-10-26
P004619,I002564,Meals,54.52,USD,54.52,2024-06-03
P004620,I001831,Travel,424.77,INR,5.1,2024-12-17
P004621,I003413,Travel,272.91,USD,272.91,2024-03-25
P004622,I003981,Meals,74.31,USD,74.31,
P004623,I004041,Meals,157.07,CAD,116.23,2024-03-29
P004624,I003613,Meals,106.23,USD,106.23,2025-05-31
P004625,I002847,Honoraria,714.97,GBP,908.01,2024-09-22
P004626,I001525,Meals,67.94,CAD,50.28,2024-08-21
P004627,I003730,Honoraria,613.95,EUR,669.21,2024-07-22
P004628,I006237,Meals,32.39,INR,0.39,2025-04-11
P004629,I001987,Meals,45.85,INR,0.55,2024-05-28
P004630,I000483,Travel,137.25,USD,137.25,2024-08-14
P004631,I001776,Honoraria,1354.22,JPY,9.07,2024-10-09
P004632,I003802,Meals,128.56,MXN,7.46,2024-02-24
P004633,I000012,Meals,187.17,CAD,138.51,2025-05-24
P004634,I004878,Honoraria,2929.44,EUR,3193.09,2024-07-22
P004635,I008195,Meals,45.18,JPY,0.3,2025-01-20
P004636,I006891,Travel,293.73,INR,3.52,2025-01-09
P004637,I004540,Lodging,227.25,GBP,288.61,2024-01-14
P004638,I004645,Meals,63.42,USD,63.42,2024-10-31
P004639,I003017,Honoraria,1561.94,INR,18.74,2024-11-12
P004640,I001088,Travel,350.01,MXN,20.3,2024-07-26
P004641,I006620,Lodging,381.03,EUR,415.32,2024-10-14
P004642,I004531,Meals,141.05,USD,141.05,2024-11-21
P004643,I002350,Venue/AV,1437.3,BRL,287.46,2025-02-15
P004644,I005134,Venue/AV,1088.43,EUR,1186.39,2025-05-17
P004645,I000187,Meals,270.69,EUR,295.05,2024-07-30
P004646,I000275,Honoraria,1724.66,EUR,1879.88,2024-09-26
P004647,I004796,Meals,58.23,USD,58.23,2024-07-18
P004648,I003743,Travel,180.39,CAD,133.49,2024-12-17
P004649,I002834,Lodging,473.74,USD,473.74,2024-05-05
P004650,I006883,Meals,54.96,EUR,59.91,2025-02-01
P004651,I006606,Travel,496.97,EUR,541.7,2024-03-28
P004652,I006756,Honoraria,921.66,BRL,184.33,2025-01-16
P004653,I004389,Travel,659.11,EUR,718.43,2024-03-31
P004654,I005471,Venue/AV,1886.61,GBP,2395.99,2024-09-28
P004655,I005690,Travel,163.21,INR,1.96,2024-03-01
P004656,I001847,Meals,181.72,JPY,1.22,2025-03-15
P004657,I005130,Travel,367.15,BRL,73.43,2024-04-19
P004658,I003154,Travel,254.73,EUR,277.66,2025-04-18
P004659,I001323,Lodging,351.81,EUR,383.47,2024-06-15
P004660,I001411,Honoraria,906.55,GBP,1151.32,2024-08-22
P004661,I004705,Lodging,1217.73,INR,14.61,2025-04-29
P004662,I000309,Meals,251.72,GBP,319.68,2025-05-28
P004663,I002847,Travel,566.67,GBP,719.67,2024-09-16
P004664,I000105,Honoraria,1906.08,MXN,110.55,2024-07-02
P004665,I006332,Honoraria,853.94,INR,10.25,2024-04-27
P004666,I003215,Meals,67.57,BRL,13.51,2024-06-01
P004667,I004871,Honoraria,814.95,USD,814.95,2025-02-28
P004668,I005055,Meals,51.27,CAD,37.94,2025-05-26
P004669,I001465,Honoraria,370.75,USD,370.75,2024-06-04
P004670,I001788,Meals,84.85,EUR,92.49,2024-05-27
P004671,I000308,Meals,68.63,GBP,87.16,2024-10-25
P004672,I000161,Meals,39.09,MXN,2.27,2024-12-22
P004673,I001168,Honoraria,3447.47,EUR,3757.74,2024-05-02
P004674,I000671,Meals,48.76,USD,48.76,2024-07-07
P004675,I003169,Meals,62.82,EUR,68.47,2024-11-06
P004676,I002929,Meals,95.78,EUR,104.4,2025-04-11
P004677,I006894,Meals,115.11,GBP,146.19,2024-06-09
P004678,I006907,Lodging,525.37,JPY,3.52,2024-06-16
P004679,I001776,Lodging,223.94,INR,2.69,2024-10-05
P004680,I003311,Honoraria,1027.62,JPY,6.89,2024-01-13
P004681,I006733,Meals,19.22,INR,0.23,2024-06-15
P004682,I003689,Honoraria,944.28,EUR,1029.27,2025-05-25
P004683,I006580,Travel,556.55,EUR,606.64,2024-08-05
P004684,I004245,Travel,157.33,BRL,31.47,2024-08-22
P004685,I001741,Venue/AV,1225.08,CAD,906.56,2025-04-23
P004686,I005735,Lodging,473.79,JPY,3.17,2025-03-28
P004687,I000210,Travel,822.89,BRL,164.58,2025-04-03
P004688,I000170,Honoraria,285.6,USD,285.6,2025-05-16
P004689,I004945,Meals,27.3,INR,0.33,2025-02-27
P004690,I000405,Lodging,291.11,JPY,1.95,2024-09-03
P004691,I000113,Meals,125.1,EUR,136.36,2025-02-16
P004692,I011964,Travel,501.05,JPY,3.36,2024-01-19
P004693,I007359,Meals,120.54,JPY,0.81,2025-06-03
P004694,I006258,Meals,77.34,EUR,84.3,2024-09-25
P004695,I006672,Travel,230.99,EUR,251.78,2024-03-13
P004696,I004377,Honoraria,379.81,INR,4.56,2025-06-28
P004697,I000242,Travel,913.19,JPY,6.12,2024-06-24
P004698,I002869,Honoraria,836.4,USD,836.4,2024-02-22
P004699,I003071,Venue/AV,3352.46,CAD,2480.82,2025-06-28
P004700,I000674,Meals,148.25,GBP,188.28,2024-05-01
P004701,I001287,Honoraria,710.29,JPY,4.76,2024-03-22
P004702,I003887,Travel,852.01,USD,852.01,2025-06-29
P004703,I004413,Travel,1585.16,CAD,1173.02,2024-05-20
P004704,I004058,Honoraria,995.6,INR,11.95,2024-06-11
P004705,I001956,Honoraria,2152.49,EUR,2346.21,2024-03-07
P004706,I006704,Honoraria,1750.61,CAD,1295.45,2025-05-17
P004707,I004015,Travel,213.88,JPY,1.43,2024-04-20
P004708,I001168,Travel,292.1,EUR,318.39,2024-05-11
P004709,I005012,Travel,462.24,BRL,,2024-12-08
P004710,I001324,Travel,390.25,INR,4.68,2024-03-01
P004711,I003856,Travel,317.66,EUR,346.25,2024-10-16
P004712,I005547,Honoraria,745.71,INR,,2024-03-05
P004713,I009958,Meals,65.73,MXN,3.81,2024-08-07
P004714,I006064,Travel,531.32,BRL,106.26,2024-10-18
P004715,I000888,Travel,589.56,EUR,642.62,2024-08-10
P004716,I001371,Meals,178.62,EUR,194.7,2024-05-11
P004717,I001384,Meals,70.91,USD,70.91,2024-08-14
P004718,I004160,Lodging,472.48,EUR,515.0,2024-05-01
P004719,I002051,Travel,441.52,CAD,326.72,2025-05-27
P004720,I005135,Lodging,827.52,MXN,48.0,2024-04-12
P004721,I002293,Meals,150.0,JPY,1.01,2025-05-31
P004722,I005174,Meals,77.93,EUR,84.94,2024-07-01
P004723,I003166,Honoraria,514.91,USD,514.91,2024-12-06
P004724,I005514,Meals,120.6,EUR,131.45,2024-02-21
P004725,I001197,Travel,480.4,EUR,523.64,2024-11-15
P004726,I003595,Meals,91.13,MXN,5.29,2024-06-09
P004727,I000403,Honoraria,460.85,EUR,502.33,2024-01-30
P004728,I003397,Meals,47.34,EUR,51.6,2025-04-07
P004729,I003440,Honoraria,1153.39,MXN,66.9,2024-10-16
P004730,I003200,Meals,134.08,EUR,146.15,2024-10-11
P004731,I002534,Travel,241.64,JPY,1.62,2025-06-05
P004732,I000427,Travel,204.21,EUR,222.59,2025-04-19
P004733,I006272,Meals,69.45,USD,69.45,2024-01-28
P004734,I002493,Meals,37.89,BRL,7.58,2025-05-19
P004735,I005894,Travel,547.76,EUR,597.06,2024-05-06
P004736,I005684,Lodging,145.9,BRL,29.18,2025-03-28
P004737,I006700,Meals,148.91,EUR,162.31,2024-12-31
P004738,I006411,Lodging,459.94,BRL,91.99,2024-02-14
P004739,I005317,Lodging,128.73,MXN,7.47,2024-09-07
P004740,I002795,Meals,205.32,EUR,223.8,2024-01-19
P004741,I003319,Travel,475.68,BRL,95.14,2024-10-09
P004742,I000366,Meals,16.29,INR,0.2,2024-06-17
P004743,I004521,Travel,515.67,EUR,562.08,2024-02-12
P004744,I005509,Travel,1586.61,GBP,2014.99,2025-03-06
P004745,I002620,Meals,162.21,EUR,176.81,2025-06-12
P004746,I005126,Travel,152.6,JPY,1.02,2025-05-10
P004747,I006581,Honoraria,308.2,BRL,61.64,2024-04-07
P004748,I006191,Meals,156.06,BRL,31.21,2024-09-06
P004749,I006565,Meals,52.45,BRL,10.49,2025-07-05
P004750,I001261,Meals,90.72,MXN,5.26,2025-01-01
P004751,I002121,Meals,71.25,EUR,77.66,2024-04-07
P004752,I006615,Honoraria,2174.14,USD,2174.14,2024/02/09
P004753,I006284,Travel,437.87,JPY,2.93,2024-08-31
P004754,I005683,Meals,46.13,EUR,50.28,2024-11-04
P004755,I006097,Travel,138.09,MXN,8.01,2024-11-03
P004756,I005672,Meals,97.49,BRL,19.5,2024-10-13
P004757,I001508,Meals,87.22,GBP,110.77,2025-02-26
P004758,I001354,Meals,159.55,MXN,9.25,2024-04-07
P004759,I005177,Venue/AV,651.86,GBP,827.86,2024-12-10
P004760,I000412,Lodging,260.73,CAD,,2025-05-09
P004761,I003465,Travel,156.09,INR,1.87,2025-05-21
P004762,I006883,Lodging,566.31,EUR,617.28,2025-02-16
P004763,I006238,Meals,95.1,USD,95.1,2024-10-06
P004764,I005270,Travel,151.66,EUR,165.31,2025-05-27
P004765,I000598,Meals,118.37,EUR,129.02,2025-04-15
P004766,I004348,Meals,113.97,CAD,84.34,2025-01-14
P004767,I000332,Honoraria,901.99,MXN,52.32,2024-03-08
P004768,I003994,Travel,572.38,CAD,423.56,2024-08-12
P004769,I003926,Meals,113.39,USD,113.39,2024-07-18
P004770,I004718,Meals,93.75,USD,93.75,2025-06-10
P004771,I001914,Venue/AV,1673.08,JPY,11.21,2024-11-12
P004772,I005092,Meals,138.96,CAD,102.83,2024-09-23
P004773,I003095,Meals,73.58,MXN,4.27,2024-03-11
P004774,I004670,Honoraria,781.44,MXN,,2024-12-06
P004775,I005373,Travel,368.54,BRL,73.71,2024-03-11
P004776,I001887,Meals,145.82,JPY,0.98,2024-04-20
P004777,I001018,Meals,268.5,CAD,198.69,2024-11-22
P004778,I003484,Lodging,129.94,BRL,25.99,2024-06-18
P004779,I002433,Meals,85.66,GBP,108.79,2024-07-20
P004780,I006599,Honoraria,977.66,USD,977.66,2024-09-08
P004781,I005491,Travel,1282.3,MXN,74.37,2025-02-12
P004782,I001518,Lodging,651.99,JPY,4.37,2024/02/21
P004783,I001284,Travel,527.86,MXN,30.62,2025-06-24
P004784,I006730,Meals,191.28,EUR,208.5,2024-05-14
P004785,I006725,Lodging,261.49,USD,261.49,2025-05-14
P004786,I003869,Venue/AV,2332.04,CAD,1725.71,2024-10-15
P004787,I000579,Meals,77.86,MXN,4.52,2025-01-25
P004788,I001725,Honoraria,781.69,INR,9.38,2024-02-22
P004789,I005911,Travel,938.04,BRL,187.61,2024-08-04
P004790,I000279,Honoraria,2067.44,MXN,119.91,2025-06-16
P004791,I000814,Lodging,420.93,BRL,84.19,2025-06-02
P004792,I002284,Honoraria,349.2,BRL,69.84,2025-05-29
P004793,I004230,Meals,85.22,INR,1.02,2025-01-18
P004794,I002163,Travel,474.1,BRL,94.82,2025-05-16
P004795,I000959,Meals,51.01,MXN,2.96,2024-04-18
P004796,I003098,Travel,185.22,MXN,10.74,2025-05-12
P004797,I000563,Lodging,677.54,USD,677.54,2024-08-14
P004798,I005887,Meals,85.47,EUR,93.16,2024-05-02
P004799,I005481,Meals,89.48,BRL,17.9,2024-06-14
P004800,I001367,Meals,62.55,INR,0.75,2024-03-21
P004801,I006882,Meals,135.63,CAD,100.37,2025-02-14
P004802,I000256,Honoraria,2396.83,EUR,2612.54,2025-06-19
P004803,I002928,Meals,55.52,USD,55.52,2025-03-08
P004804,I003281,Meals,66.3,BRL,13.26,2025-02-07
P004805,I000305,Honoraria,1511.84,BRL,302.37,2024-09-06
P004806,I005970,Travel,400.92,JPY,2.69,2024-10-07
P004807,I002897,Lodging,411.15,EUR,448.15,2024-06-11
P004808,I009445,Honoraria,756.9,EUR,825.02,2024-02-08
P004809,I011466,Travel,458.65,USD,458.65,2024-06-12
P004810,I006643,Venue/AV,1295.45,MXN,75.14,2024-09-01
P004811,I001714,Travel,355.83,GBP,451.9,2025-07-10
P004812,I004315,Meals,184.77,MXN,10.72,2024-09-02
P004813,I003372,Meals,80.65,EUR,87.91,2024-06-25
P004814,I004292,Venue/AV,3989.7,CAD,2952.38,2024-02-24
P004815,I006464,Travel,223.58,USD,223.58,2024-05-04
P004816,I001101,Honoraria,913.61,EUR,995.83,2024-11-06
P004817,I000324,Venue/AV,2067.54,EUR,2253.62,2024-08-03
P004818,I000515,Travel,188.31,INR,2.26,2025-02-09
P004819,I005923,Honoraria,1912.93,BRL,382.59,2025-01-25
P004820,I006191,Honoraria,2270.36,USD,2270.36,2024-07-20
P004821,I002828,Meals,53.53,JPY,0.36,2024-09-04
P004822,I000128,Meals,166.25,CAD,123.02,2025-05-08
P004823,I004161,Honoraria,1620.57,EUR,1766.42,2024-04-03
P004824,I003527,Meals,106.32,EUR,115.89,2024-02-24
P004825,I001648,Lodging,543.3,USD,543.3,2024-06-15
P004826,I006706,Lodging,453.95,GBP,576.52,2024-07-03
P004827,I001356,Travel,877.69,JPY,5.88,2025-06-05
P004828,I003385,Meals,113.91,BRL,22.78,2024-08-23
P004829,I000778,Travel,276.32,EUR,301.19,2024-08-22
P004830,I005776,Lodging,202.56,EUR,220.79,2024-04-09
P004831,I002541,Venue/AV,986.02,MXN,57.19,2024-12-05
P004832,I001787,Travel,291.07,CAD,215.39,2024-09-30
P004833,I005016,Meals,71.92,MXN,4.17,2025-02-18
P004834,I002496,Honoraria,286.72,USD,286.72,2024-11-18
P004835,I000788,Honoraria,5944.57,EUR,6479.58,2025-02-04
P004836,I003757,Honoraria,796.33,MXN,46.19,2025-02-17
P004837,I001420,Meals,18.79,CAD,13.9,2024-04-14
P004838,I010372,Travel,455.86,EUR,496.89,2025-03-11
P004839,I003022,Travel,363.38,BRL,72.68,2024-04-04
P004840,I000573,Meals,72.87,USD,72.87,2024-02-17
P004841,I004281,Travel,288.4,MXN,16.73,2024-09-06
P004842,I004813,Meals,25.86,MXN,1.5,2025-04-25
P004843,I009103,Lodging,462.05,EUR,503.63,2024-07-03
P004844,I006263,Travel,157.27,EUR,171.42,2024-08-19
P004845,I003716,Honoraria,1328.69,BRL,265.74,2024-07-20
P004846,I004506,Travel,342.32,EUR,373.13,2024-04-14
P004847,I001545,Honoraria,1352.21,JPY,9.06,2024-12-21
P004848,I005170,Honoraria,1325.44,CAD,980.83,2025-06-25
P004849,I001531,Travel,198.71,jpy,1.33,2024-07-18
P004850,I001816,Lodging,1860.67,CAD,1376.9,2025-05-14
P004851,I001055,Travel,927.79,BRL,185.56,2024-09-01
P004852,I001527,Honoraria,737.22,EUR,803.57,2024-08-23
P004853,I002721,Honoraria,1734.17,BRL,346.83,2025-07-07
P004854,I001819,Honoraria,1282.46,MXN,74.38,2024-08-31
P004855,I006608,Meals,63.44,USD,63.44,2024-05-19
P004856,I005441,Meals,204.57,JPY,1.37,2025-05-17
P004857,I002491,Travel,229.97,CAD,170.18,2025-01-08
P004858,I001697,Travel,103.81,EUR,113.15,2025-07-30
P004859,I006074,Meals,56.93,BRL,11.39,2024-06-09
P004860,I001210,Meals,22.19,GBP,28.18,2025-02-26
P004861,I006692,Lodging,427.18,CAD,316.11,2024-10-11
P004862,I005397,Meals,36.69,GBP,46.6,2024-03-17
P004863,I000093,Meals,79.25,EUR,86.38,2024-08-09
P004864,I004967,Honoraria,1925.7,GBP,2445.64,2024-04-11
P004865,I004801,Meals,137.32,JPY,0.92,2024-10-04
P004866,I004032,Travel,122.76,JPY,0.82,2025-06-15
P004867,I005982,Meals,34.24,CAD,25.34,2024-12-12
P004868,I000724,Meals,161.54,EUR,176.08,2024-02-04
P004869,I002076,Meals,37.5,BRL,7.5,2024-01-13
P004870,I000978,Honoraria,941.16,BRL,188.23,2024-01-14
P004871,I001995,Meals,42.53,INR,0.51,2024-06-19
P004872,I000345,Honoraria,1452.84,gbp,1845.11,2024-01-08
P004873,I005709,Honoraria,867.32,EUR,945.38,2024-12-05
P004874,I006185,Venue/AV,1651.68,EUR,1800.33,2024-02-12
P004875,I000508,Meals,94.59,CAD,70.0,2025-05-14
P004876,I001584,Travel,173.95,EUR,189.61,2024-03-14
P004877,I001445,Meals,42.32,INR,0.51,2024-02-29
P004878,I002721,Meals,41.0,CAD,30.34,2025-07-15
P004879,I002690,Meals,129.41,BRL,25.88,2025-04-02
P004880,I002285,Meals,18.35,USD,18.35,2025-06-02
P004881,I005542,Honoraria,1844.4,INR,22.13,2024-09-13
P004882,I003440,Honoraria,1287.02,BRL,257.4,2024-09-24
P004883,I005401,Lodging,139.28,EUR,151.82,2024-05-06
P004884,I004806,Honoraria,873.11,EUR,951.69,2025-04-24
P004885,I005377,Venue/AV,849.19,eur,925.62,2025-03-15
P004886,I003203,Meals,280.14,BRL,56.03,2025-04-16
P004887,I003866,Meals,84.41,EUR,92.01,2024-04-19
P004888,I001175,Honoraria,785.73,USD,785.73,2025-02-09
P004889,I002716,Lodging,627.43,INR,7.53,2024-09-07
P004890,I004418,Travel,735.73,USD,735.73,2024-09-18
P004891,I000234,Meals,182.3,CAD,134.9,2024/03/04
P004892,I003547,Travel,447.78,INR,5.37,2024-04-19
P004893,I006095,Travel,1513.93,JPY,10.14,2025-02-18
P004894,I006056,Meals,232.9,JPY,1.56,2025-03-16
P004895,I000594,Meals,64.69,GBP,82.16,2025-02-26
P004896,I005384,Travel,378.5,GBP,480.69,2024-03-02
P004897,I002248,Travel,543.02,GBP,689.64,2025-03-22
P004898,I006723,Honoraria,456.29,JPY,3.06,2025-05-01
P004899,I005151,Meals,53.32,usd,53.32,2024-06-01
P004900,I005548,Meals,35.21,MXN,2.04,2025-06-29
P004901,I006614,Venue/AV,609.28,BRL,121.86,2025-05-29
P004902,I005119,Honoraria,1040.64,INR,12.49,2024-04-12
P004903,I004826,Meals,37.62,GBP,47.78,2024-07-13
P004904,I001397,Meals,48.31,MXN,2.8,2024-11-17
P004905,I004372,Meals,76.12,CAD,56.33,2024-03-30
P004906,I000961,Lodging,286.85,MXN,16.64,2024-10-25
P004907,I003876,Travel,457.43,JPY,3.06,2024-09-15
P004908,I005026,Venue/AV,601.82,INR,7.22,2024-02-25
P004909,I002131,Meals,69.47,CAD,51.41,2024-08-28
P004910,I004011,Travel,334.31,EUR,364.4,2024-09-05
P004911,I001597,Honoraria,1387.35,INR,16.65,2025-06-02
P004912,I006727,Meals,113.28,INR,1.36,2024-03-18
P004913,I004172,Travel,399.39,GBP,507.23,2025-07-24
P004914,I000317,Travel,403.36,EUR,439.66,2024-06-18
P004915,I006940,Meals,65.78,USD,65.78,2024-12-08
P004916,I006338,Meals,51.44,USD,51.44,2024-03-05
P004917,I006193,Meals,127.93,JPY,0.86,2024-06-09
P004918,I005900,Honoraria,606.32,MXN,35.17,2024-12-17
P004919,I005328,Meals,109.54,GBP,139.12,2024-03-04
P004920,I005964,Meals,92.78,MXN,5.38,2024-08-01
P004921,I002474,Travel,246.83,GBP,313.47,2024-07-26
P004922,I007992,Travel,981.2,INR,11.77,2024-04-07
P004923,I003193,Travel,1618.84,JPY,10.85,2025-06-04
P004924,I000391,Honoraria,6960.08,CAD,5150.46,2025-01-27
P004925,I001689,Travel,235.66,CAD,174.39,2024-06-11
P004926,I000297,Meals,28.92,BRL,5.78,2024-03-31
P004927,I005894,Travel,227.91,EUR,248.42,2024-05-10
P004928,I005873,Travel,405.6,CAD,300.14,2024-09-17
P004929,I005978,Travel,749.09,EUR,816.51,2024-06-17
P004930,I000446,Travel,134.91,USD,134.91,2024-03-09
P004931,I000748,Travel,473.34,MXN,27.45,2024-07-27
P004932,I002944,Lodging,259.59,MXN,,2024-06-07
P004933,I005286,Travel,501.97,EUR,547.15,2024-07-04
P004934,I000075,Travel,401.14,CAD,296.84,2025-02-06
P004935,I007386,Meals,58.92,MXN,3.42,2025-02-19
P004936,I001363,Meals,53.01,mxn,3.07,2025-07-04
P004937,I007841,Honoraria,2052.53,BRL,410.51,2025-01-19
P004938,I005344,Travel,427.17,EUR,465.62,2025-04-18
P004939,I000012,Travel,253.21,USD,253.21,2025-06-10
P004940,I006760,Meals,32.55,EUR,35.48,2024-04-20
P004941,I005107,Honoraria,683.69,INR,8.2,2024-06-03
P004942,I002846,Meals,85.1,USD,85.1,2024-10-08
P004943,I003386,Meals,53.91,MXN,3.13,2024-03-07
P004944,I003550,Meals,66.4,JPY,0.44,2025-05-20
P004945,I002621,Venue/AV,1556.72,GBP,1977.03,2025-01-03
P004946,I002113,Meals,57.96,CAD,42.89,2024-09-09
P004947,I004298,Travel,230.91,EUR,251.69,2025-06-23
P004948,I006104,Meals,71.54,MXN,4.15,2025-01-24
P004949,I003576,Lodging,507.29,INR,6.09,2025-01-28
P004950,I002228,Honoraria,1245.45,JPY,8.34,2024-07-01
P004951,I000450,Travel,626.86,INR,7.52,2025-05-11
P004952,I002651,Meals,106.89,INR,1.28,2024-08-12
P004953,I003133,Travel,429.11,CAD,317.54,2024-03-18
P004954,I006305,Meals,72.0,INR,0.86,2024-11-28
P004955,I006926,Meals,46.58,INR,0.56,2024-03-29
P004956,I004901,Honoraria,624.61,GBP,793.25,2025-03-19
P004957,I003660,Meals,57.64,BRL,11.53,2025-01-04
P004958,I002895,Meals,55.95,BRL,11.19,2025-03-15
P004959,I003357,Meals,112.55,CAD,83.29,2025-05-04
P004960,I005570,Meals,53.39,MXN,3.1,2024-06-19
P004961,I006938,Meals,118.27,INR,1.42,2025-04-10
P004962,I000911,Meals,52.84,EUR,57.6,2024-05-20
P004963,I004531,Honoraria,2041.47,MXN,118.41,2024-12-04
P004964,I001775,Meals,90.44,EUR,98.58,2024-05-20
P004965,I000449,Meals,54.3,USD,54.3,2025-05-20
P004966,I004045,Honoraria,562.05,JPY,3.77,2024-02-10
P004967,I003132,Lodging,440.19,JPY,2.95,2025-06-11
P004968,I000186,Lodging,244.23,CAD,180.73,2024-08-22
P004969,I005794,Meals,67.86,JPY,0.45,2024-06-21
P004970,I004130,Lodging,117.35,INR,1.41,2025-03-02
P004971,I005963,Travel,111.61,USD,111.61,2024-10-22
P004972,I004335,Meals,47.5,INR,0.57,2025-04-01
P004973,I000599,Travel,104.85,BRL,20.97,2025-06-28
P004974,I000979,Travel,1204.79,CAD,891.54,2024-12-14
P004975,I004392,Meals,71.3,GBP,90.55,2024-08-11
P004976,I001243,Lodging,615.67,JPY,4.12,2024-02-25
P004977,I006521,Meals,24.38,INR,0.29,2025-06-09
P004978,I005504,Travel,712.58,JPY,4.77,2024-08-27
P004979,I006383,Meals,106.74,usd,106.74,2025-06-21
P004980,I006963,Venue/AV,1776.32,BRL,355.26,2025-01-19
P004981,I004432,Lodging,370.57,USD,370.57,2024-11-24
P004982,I006649,Honoraria,2210.89,inr,26.53,2024-03-14
P004983,I006285,Honoraria,602.92,JPY,4.04,2024-12-03
P004984,I001711,Meals,48.8,GBP,61.98,2025-02-23
P004985,I004669,Travel,129.53,INR,1.55,2025-02-04
P004986,I004667,Lodging,290.81,CAD,215.2,2025-06-27
P004987,I000025,Travel,880.86,USD,880.86,2024-05-10
P004988,I004416,Meals,64.7,BRL,12.94,2024-10-19
P004989,I004131,Honoraria,574.47,CAD,425.11,2025-05-03
P004990,I000983,Meals,329.36,GBP,418.29,2024-08-25
P004991,I002428,Meals,59.75,INR,0.72,2025-02-04
P004992,I000848,Meals,172.88,MXN,10.03,2025-05-21
P004993,I001320,Meals,87.26,USD,87.26,2025-06-18
P004994,I004426,Travel,488.86,MXN,28.35,2024-08-18
P004995,I000491,Meals,72.72,EUR,79.26,2025-02-24
P004996,I002347,Meals,108.03,CAD,79.94,2024-06-27
P004997,I005223,Venue/AV,1604.87,USD,1604.87,2024-04-23
P004998,I005100,Honoraria,989.9,GBP,1257.17,2024-10-08
P004999,I001849,Meals,50.88,EUR,55.46,2024-01-09
P005000,I001792,Meals,95.34,BRL,19.07,2024-08-31
P005001,I001542,Meals,44.25,EUR,48.23,2024-11-02
P005002,I002106,Meals,53.91,BRL,10.78,2024-07-22
P005003,I006489,Lodging,825.01,MXN,47.85,2024-06-09
P005004,I002976,Meals,52.42,MXN,3.04,2024-08-07
P005005,I003903,Honoraria,493.16,EUR,537.54,2025-06-13
P005006,I001258,Meals,48.13,MXN,2.79,2024-11-25
P005007,I005135,Travel,345.49,MXN,20.04,2024-04-10
P005008,I006263,Venue/AV,3040.68,EUR,3314.34,2024-08-25
P005009,I001973,Meals,143.17,INR,1.72,2024-05-03
P005010,I005047,Honoraria,1192.43,JPY,7.99,2025-06-07
P005011,I003341,Meals,40.43,MXN,2.34,2025-06-01
P005012,I005226,Venue/AV,1691.65,INR,20.3,2024-09-30
P005013,I006251,Meals,145.99,MXN,8.47,2025-01-22
P005014,I001365,Lodging,2371.86,EUR,2585.33,2024-12-10
P005015,I005313,Meals,147.93,MXN,8.58,2025-04-13
P005016,I001353,Travel,458.14,MXN,26.57,2024-12-08
P005017,I006674,Meals,79.3,GBP,100.71,2025-06-30
P005018,I001407,Travel,417.46,GBP,530.17,2024-03-22
P005019,I005388,Travel,374.35,EUR,408.04,2024-02-15
P005020,I007242,Honoraria,4564.48,EUR,4975.28,2025-01-13
P005021,I000495,Meals,100.82,USD,100.82,2024-02-03
P005022,I000553,Venue/AV,1998.58,EUR,2178.45,2024-08-14
P005023,I003569,Honoraria,312.88,USD,312.88,2025-03-04
P005024,I003543,Meals,42.57,GBP,54.06,2025-01-23
P005025,I004388,Honoraria,3599.39,INR,43.19,2024-08-17
P005026,I003737,Lodging,209.71,BRL,,2024-04-04
P005027,I000681,Honoraria,2089.28,MXN,121.18,2025-05-19
P005028,I006315,Meals,105.76,gbp,134.32,2024-08-02
P005029,I002745,Honoraria,598.94,EUR,652.84,2024-03-09
P005030,I003658,Venue/AV,2105.28,USD,2105.28,2024-04-01
P005031,I001262,Meals,130.74,GBP,166.04,2025-06-21
P005032,I001762,Honoraria,1551.79,CAD,1148.32,2025-05-28
P005033,I006955,Meals,100.01,INR,1.2,2025-07-08
P005034,I004872,Lodging,200.87,CAD,148.64,2024-10-26
P005035,I005683,Meals,41.28,EUR,45.0,2024-10-22
P005036,I003790,Meals,36.13,USD,36.13,2024-04-04
P005037,I000036,Meals,59.76,JPY,0.4,2024-02-26
P005038,I004106,Meals,46.31,EUR,50.48,2024-07-25
P005039,I002054,Meals,51.56,EUR,56.2,2024-03-05
P005040,I004396,Venue/AV,1020.71,CAD,,2025-05-15
P005041,I000569,Honoraria,545.12,USD,545.12,2024-09-09
P005042,I005586,Lodging,461.39,GBP,585.97,2024-12-08
P005043,I003716,Honoraria,1345.36,MXN,78.03,2024-06-25
P005044,I000549,Honoraria,651.87,INR,7.82,2024-02-11
P005045,I004375,Travel,105.71,CAD,78.23,2024-02-12
P005046,I001731,Honoraria,2006.42,CAD,1484.75,2024-06-04
P005047,I004388,Honoraria,1900.38,JPY,12.73,2024-09-07
P005048,I004977,Meals,98.75,EUR,107.64,2024-06-30
P005049,I004213,Honoraria,978.88,BRL,195.78,2024-04-27
P005050,I001590,Honoraria,350.72,USD,350.72,2025-01-20
P005051,I003692,Meals,89.1,CAD,65.93,2025-05-31
P005052,I003966,Meals,44.21,EUR,48.19,2024-11-25
P005053,I002077,Travel,111.26,EUR,121.27,2025-04-25
P005054,I001511,Travel,77.03,GBP,97.83,2024-11-20
P005055,I004708,Venue/AV,748.31,BRL,149.66,2024-07-16
P005056,I002781,Meals,97.45,EUR,106.22,2024-03-24
P005057,I005919,Lodging,243.55,GBP,309.31,2025-03-10
P005058,I001573,Travel,720.25,GBP,914.72,2024-11-06
P005059,I006861,Meals,51.0,CAD,37.74,2024-02-25
P005060,I004916,Venue/AV,1291.09,JPY,8.65,2025-05-03
P005061,I006369,Lodging,270.97,INR,3.25,2025-03-07
P005062,I001202,Honoraria,1659.36,INR,19.91,2024-04-09
P005063,I006670,Honoraria,1496.06,JPY,10.02,2024-05-12
P005064,I006698,Honoraria,256.97,USD,256.97,2024-12-17
P005065,I002628,Honoraria,2201.92,MXN,127.71,2024-03-26
P005066,I000698,Meals,128.11,CAD,94.8,2024-11-03
P005067,I004127,Lodging,193.96,MXN,11.25,2025-04-08
P005068,I002790,Honoraria,6277.41,MXN,364.09,2024-12-10
P005069,I001069,Travel,249.96,CAD,184.97,2025-04-26
P005070,I006007,Travel,571.7,INR,6.86,2025-05-10
P005071,I005822,Lodging,443.46,GBP,563.19,2025-06-22
P005072,I008615,Travel,403.9,JPY,2.71,2024-03-09
P005073,I003988,Meals,56.06,EUR,61.11,2024-04-25
P005074,I003975,Meals,27.11,INR,0.33,2025-01-16
P005075,I006132,Travel,392.82,CAD,290.69,2025-01-08
P005076,I007377,Travel,271.79,INR,3.26,2024-07-31
P005077,I002102,Meals,56.62,USD,56.62,2024-03-06
P005078,I001741,Meals,235.07,BRL,47.01,2025-04-18
P005079,I003243,Meals,68.44,INR,0.82,2025-06-24
P005080,I004781,Travel,734.47,INR,8.81,2024-07-06
P005081,I000604,Meals,79.06,INR,0.95,2024-07-03
P005082,I004209,Venue/AV,5586.26,BRL,1117.25,2024-05-08
P005083,I001142,Honoraria,2279.53,EUR,,2025-05-09
P005084,I001213,Meals,106.12,USD,106.12,2025-04-08
P005085,I003276,Meals,35.84,CAD,26.52,2025-07-20
P005086,I005922,Lodging,549.42,EUR,598.87,2024-05-22
P005087,I001305,Honoraria,494.71,GBP,628.28,2024-07-13
P005088,I003107,Honoraria,570.19,USD,570.19,2024-05-19
P005089,I001963,Honoraria,1271.24,INR,15.25,2025-03-21
P005090,I006114,Travel,105.38,EUR,114.86,2024-07-27
P005091,I003601,Travel,182.34,EUR,198.75,2024-07-30
P005092,I003621,Travel,273.79,JPY,1.83,2025-03-15
P005093,I002821,Meals,67.37,MXN,3.91,2024-05-19
P005094,I003208,Travel,479.06,EUR,522.18,2024-12-24
P005095,I002588,Meals,175.68,GBP,223.11,2024-02-29
P005096,I006101,Venue/AV,5694.69,CAD,4214.07,2025-03-05
P005097,I003150,Meals,208.32,GBP,264.57,2024-05-04
P005098,I001678,Venue/AV,536.05,JPY,3.59,2024-05-07
P005099,I002179,Honoraria,2765.57,JPY,18.53,2025-03-02
P005100,I001559,Travel,288.94,USD,288.94,2025-04-28
P005101,I006851,Meals,314.26,EUR,342.54,2024-10-01
P005102,I004340,Travel,80.74,EUR,88.01,2024-05-12
P005103,I000955,Travel,261.37,JPY,1.75,2025-03-10
P005104,I003443,Meals,135.46,GBP,172.03,2025-01-10
P005105,I003937,Lodging,428.69,EUR,467.27,2024-06-01
P005106,I002497,Venue/AV,1936.02,USD,1936.02,2025-06-06
P005107,I005987,Meals,62.44,CAD,46.21,2025-05-25
P005108,I001147,Travel,131.92,INR,1.58,2024-12-19
P005109,I003092,Honoraria,510.72,EUR,556.68,2024-09-07
P005110,I002684,Meals,79.15,JPY,0.53,2024-11-10
P005111,I005561,Lodging,657.92,BRL,131.58,2025-06-10
P005112,I004853,Travel,475.91,MXN,27.6,2024-11-04
P005113,I003413,Meals,68.61,USD,68.61,2024-03-16
P005114,I001143,Lodging,242.37,brl,48.47,2024-09-25
P005115,I002902,Meals,13.82,CAD,10.23,2024-02-10
P005116,I009426,Meals,94.78,EUR,103.31,2024-03-23
P005117,I001041,Meals,61.95,MXN,3.59,2024-05-08
P005118,I001064,Meals,75.51,GBP,,2025-01-25
P005119,I004368,Meals,132.81,EUR,144.76,2025-01-31
P005120,I000047,Meals,71.4,EUR,77.83,2024-08-23
P005121,I002192,Meals,51.79,MXN,3.0,2025-02-20
P005122,I004535,Meals,74.67,JPY,0.5,2024-09-22
P005123,I003990,Honoraria,792.78,BRL,158.56,2025-05-19
P005124,I006099,Lodging,570.1,CAD,421.87,2024-05-02
P005125,I002495,Travel,184.68,USD,184.68,2024-02-15
P005126,I000566,Travel,333.43,EUR,363.44,2024-10-12
P005127,I002506,Travel,294.21,JPY,1.97,2024-07-22
P005128,I003190,Meals,44.45,MXN,,2025-03-11
P005129,I001909,Meals,50.09,EUR,54.6,2024-09-09
P005130,I001030,Honoraria,860.47,MXN,49.91,2025-06-15
P005131,I005730,Meals,30.52,MXN,1.77,2024-07-02
P005132,I005243,Travel,363.09,USD,363.09,2024-12-30
P005133,I006666,Meals,148.16,MXN,8.59,2025-01-09
P005134,I011185,Meals,67.78,EUR,73.88,2025-01-03
P005135,I003998,Venue/AV,4924.09,JPY,32.99,2025-02-23
P005136,I000070,Travel,362.99,EUR,395.66,2025-02-08
P005137,I000858,Meals,102.4,USD,102.4,2024-02-14
P005138,I002749,Meals,217.78,GBP,276.58,2024-11-27
P005139,I001424,Meals,62.27,MXN,3.61,2025-05-20
P005140,I004577,Lodging,701.58,CAD,519.17,2025-05-18
P005141,I003640,Travel,224.8,EUR,245.03,2024-02-01
P005142,I002315,Honoraria,1961.92,INR,23.54,2024-10-22
P005143,I005592,Meals,76.27,JPY,0.51,2025-07-07
P005144,I006281,Meals,59.17,EUR,64.5,2024-08-06
P005145,I007245,Honoraria,1404.59,BRL,280.92,2025-04-21
P005146,I003463,Meals,247.96,EUR,270.28,2024-10-01
P005147,I006905,Meals,39.56,CAD,29.27,2024-12-14
P005148,I005999,Honoraria,1686.43,MXN,97.81,2024-06-05
P005149,I001802,Travel,529.29,JPY,3.55,2025-01-16
P005150,I006566,Lodging,204.3,GBP,259.46,2024-06-18
P005151,I000537,Honoraria,805.23,CAD,595.87,2024-05-10
P005152,I002615,Travel,1298.06,MXN,75.29,2024-12-10
P005153,I000258,Travel,258.69,EUR,281.97,2024-11-14
P005154,I005962,Meals,73.46,GBP,93.29,2024-03-29
P005155,I003289,Honoraria,771.99,EUR,841.47,2025-07-31
P005156,I002877,Travel,517.81,CAD,383.18,2025-05-23
P005157,I006011,Meals,36.17,JPY,0.24,2024-08-11
P005158,I003484,Meals,148.2,MXN,8.6,2024-07-03
P005159,I006205,Meals,154.77,MXN,8.98,2024-05-05
P005160,I000555,Meals,181.2,EUR,197.51,2024-04-11
P005161,I000171,Meals,27.25,INR,0.33,2024-11-15
P005162,I005563,Lodging,877.28,INR,10.53,2024-11-02
P005163,I003087,Honoraria,590.97,INR,7.09,2024-12-30
P005164,I004090,Meals,81.47,BRL,16.29,2025-04-04
P005165,I002096,Honoraria,1515.63,USD,1515.63,2024-09-13
P005166,I002019,Honoraria,1499.96,JPY,10.05,2024-07-14
P005167,I001043,Meals,141.99,USD,141.99,2024-08-18
P005168,I005132,Travel,465.43,BRL,93.09,2024-08-12
P005169,I005552,Meals,118.69,MXN,6.88,2024-03-18
P005170,I003976,Travel,105.19,EUR,,2024-09-28
P005171,I001962,Meals,202.92,MXN,11.77,2025-02-24
P005172,I003933,Travel,213.44,USD,213.44,2024-07-09
P005173,I002882,Honoraria,3446.21,USD,3446.21,2024-11-18
P005174,I006605,Meals,146.47,GBP,186.02,2024-05-23
P005175,I000145,Travel,657.7,CAD,486.7,2024-06-12
P005176,I002376,Travel,400.05,INR,4.8,2025-01-09
P005177,I001357,Meals,35.9,USD,35.9,2024-11-25
P005178,I003909,Meals,251.34,MXN,14.58,2024-01-10
P005179,I002963,Meals,137.8,GBP,175.01,2024-05-12
P005180,I000031,Honoraria,1940.63,EUR,2115.29,2025-02-15
P005181,I006797,Meals,119.76,EUR,130.54,2024-08-15
P005182,I001010,Travel,654.55,EUR,713.46,2024-02-16
P005183,I003063,Venue/AV,411.94,USD,411.94,2025-01-31
P005184,I009136,Travel,297.33,EUR,324.09,2024-06-12
P005185,I005836,Travel,487.74,INR,5.85,2024-05-14
P005186,I006942,Travel,716.35,EUR,780.82,2024-08-28
P005187,I004760,Honoraria,681.54,MXN,39.53,2024-09-20
P005188,I006378,Meals,87.87,EUR,95.78,2025-03-14
P005189,I002231,Honoraria,2794.31,BRL,558.86,2024-07-14
P005190,I001498,Lodging,204.0,BRL,,2024-08-11
P005191,I000431,Travel,173.15,BRL,34.63,2025-05-12
P005192,I000962,Meals,195.54,BRL,39.11,2024-01-22
P005193,I006887,Honoraria,699.54,INR,,2024-03-05
P005194,I005471,Meals,89.4,EUR,97.45,2024-10-01
P005195,I002153,Honoraria,1166.84,INR,14.0,2025-04-15
P005196,I006927,Travel,240.34,GBP,305.23,2024-09-23
P005197,I004551,Travel,260.12,EUR,,2025-03-15
P005198,I005922,Meals,126.05,GBP,160.08,2024-06-17
P005199,I004813,Travel,89.39,usd,89.39,2025-06-04
P005200,I003567,Meals,63.5,JPY,0.43,2025-07-27
P005201,I005408,Meals,50.92,EUR,55.5,2024-11-23
P005202,I001999,Meals,119.58,USD,119.58,2024-07-17
P005203,I001539,Honoraria,497.44,BRL,99.49,2024-12-12
P005204,I006108,Honoraria,710.49,BRL,142.1,2025-06-21
P005205,I001614,Lodging,214.24,EUR,233.52,2024-08-11
P005206,I006252,Travel,186.84,INR,2.24,2024-09-16
P005207,I001908,Meals,26.43,EUR,28.81,2024-08-15
P005208,I006759,Honoraria,602.97,EUR,657.24,2024-06-20
P005209,I005006,Meals,145.8,CAD,107.89,2025-04-18
P005210,I001014,Travel,227.66,USD,227.66,2024-06-08
P005211,I006775,Meals,108.67,EUR,118.45,2025-04-30
P005212,I005112,Meals,26.67,MXN,1.55,2024-11-26
P005213,I004568,Meals,63.1,BRL,12.62,2025-04-23
P005214,I005855,Meals,62.62,MXN,3.63,2024-10-20
P005215,I006497,Venue/AV,3190.84,USD,3190.84,2025-02-04
P005216,I001976,Honoraria,1170.98,JPY,7.85,2024-09-19
P005217,I006887,Meals,221.61,INR,2.66,2024-03-19
P005218,I003448,Honoraria,1330.64,USD,1330.64,2024-04-30
P005219,I005957,Meals,45.91,BRL,9.18,2025-01-07
P005220,I000644,Travel,511.06,GBP,649.05,2024-05-15
P005221,I001459,Meals,72.67,EUR,79.21,2025-06-04
P005222,I005676,Honoraria,2310.42,CAD,1709.71,2024-06-23
P005223,I000085,Meals,96.54,GBP,122.61,2024-12-01
P005224,I004024,Meals,98.29,CAD,72.73,2024-04-08
P005225,I000894,Honoraria,466.02,CAD,344.85,2024-09-25
P005226,I000485,Meals,119.71,MXN,6.94,2024-04-20
P005227,I001324,Travel,451.83,INR,5.42,2024-02-03
P005228,I002947,Meals,129.04,CAD,95.49,2024-11-17
P005229,I004672,Meals,567.14,MXN,32.89,2024-04-25
P005230,I005207,Travel,768.83,GBP,976.41,2025-06-14
P005231,I005470,Meals,164.94,CAD,122.06,2024-07-07
P005232,I002232,Travel,637.26,MXN,36.96,2025-02-20
P005233,I006398,Travel,794.19,BRL,158.84,2024-11-18
P005234,I005452,Meals,69.1,GBP,87.76,2024-10-30
P005235,I005018,Meals,92.93,CAD,68.77,2024-07-14
P005236,I003616,Meals,63.8,EUR,69.54,2024-05-19
P005237,I002305,Travel,401.66,MXN,23.3,2024-11-22
P005238,I000231,Meals,394.53,USD,394.53,2024-08-06
P005239,I006812,Meals,33.07,MXN,1.92,2024-04-19
P005240,I003714,Meals,193.25,USD,193.25,2024-07-09
P005241,I006663,Meals,105.0,USD,105.0,2025-07-02
P005242,I001172,Meals,121.58,EUR,132.52,2024-03-15
P005243,I005531,Meals,94.91,GBP,120.54,2025-02-23
P005244,I003345,Honoraria,2459.2,GBP,3123.18,2024-11-21
P005245,I005005,Honoraria,3201.7,JPY,21.45,2024-03-03
P005246,I005644,Lodging,203.77,CAD,150.79,2025-06-10
P005247,I001728,Meals,104.74,EUR,114.17,2024-04-22
P005248,I001964,Travel,115.57,CAD,85.52,2025-01-15
P005249,I000788,Honoraria,1834.76,EUR,1999.89,2025-01-27
P005250,I001350,Travel,284.04,GBP,360.73,2025-05-26
P005251,I000199,Travel,96.35,CAD,71.3,2025-05-30
P005252,I004555,Meals,93.93,USD,93.93,2025-03-27
P005253,I000006,Travel,293.88,EUR,320.33,2025-02-05
P005254,I004999,Meals,28.37,CAD,20.99,2025-06-22
P005255,I005170,Travel,1690.3,MXN,98.04,2025-06-24
P005256,I004586,Honoraria,2683.81,GBP,3408.44,2024-10-29
P005257,I000833,Travel,136.79,EUR,149.1,2025-01-15
P005258,I006246,Travel,312.88,GBP,397.36,2025-04-04
P005259,I004014,Meals,99.32,GBP,126.14,2025-07-15
P005260,I002200,Meals,43.82,MXN,2.54,2024-05-30
P005261,I005211,Travel,182.23,EUR,198.63,2024-08-10
P005262,I005820,Meals,314.43,BRL,62.89,2024-09-01
P005263,I006771,Travel,623.0,BRL,124.6,2024-05-15
P005264,I006208,Travel,176.4,MXN,10.23,2025-01-03
P005265,I002412,Meals,127.18,EUR,138.63,2024-10-06
P005266,I003330,Meals,103.25,EUR,112.54,2025-01-03
P005267,I002571,Honoraria,1736.18,EUR,1892.44,2023-12-28
P005268,I003284,Travel,277.49,USD,277.49,2024-09-04
P005269,I001645,Meals,52.93,USD,52.93,2024-08-29
P005270,I000580,Lodging,322.85,EUR,351.91,2024-12-31
P005271,I003762,Honoraria,2200.69,BRL,440.14,2024-03-19
P005272,I002620,Meals,142.49,EUR,155.31,2025-06-11
P005273,I005812,Lodging,230.09,EUR,250.8,2024-10-01
P005274,I005960,Travel,146.46,EUR,159.64,2024-08-07
P005275,I006589,Travel,278.25,EUR,303.29,2024-10-20
P005276,I002346,Venue/AV,3255.21,BRL,651.04,2025-03-23
P005277,I003692,Honoraria,2711.92,CAD,2006.82,2025-06-10
P005278,I006663,Meals,66.69,MXN,3.87,2025-06-10
P005279,I000294,Meals,111.87,MXN,6.49,2024-03-29
P005280,I003460,Meals,65.2,GBP,82.8,2025-03-29
P005281,I008206,Meals,73.02,EUR,79.59,2024-06-29
P005282,I005875,Lodging,256.26,GBP,325.45,2024-05-26
P005283,I000677,Travel,211.81,EUR,230.87,2024-11-17
P005284,I004470,Travel,182.21,EUR,198.61,2024-04-30
P005285,I002575,Travel,473.61,GBP,601.48,2024-09-01
P005286,I003841,Lodging,791.17,GBP,1004.79,2024-03-01
P005287,I000390,Travel,452.13,GBP,574.21,2024-05-01
P005288,I001932,Travel,724.35,USD,724.35,2024-07-17
P005289,I004025,Meals,58.1,JPY,0.39,2024-05-17
P005290,I006390,Honoraria,2870.28,CAD,,2025-03-01
P005291,I000091,Meals,69.44,EUR,75.69,2024-03-24
P005292,I001525,Honoraria,1844.69,MXN,106.99,2024-08-04
P005293,I002978,Meals,43.74,eur,47.68,2024-03-07
P005294,I001428,Meals,165.13,GBP,209.72,2024-10-31
P005295,I001684,Honoraria,2509.39,USD,2509.39,2025-03-26
P005296,I001104,Honoraria,1110.54,CAD,821.8,2025-03-21
P005297,I003561,Honoraria,2123.7,CAD,1571.54,2024-10-16
P005298,I002095,Honoraria,2043.01,BRL,,2024-03-31
P005299,I006045,Meals,144.64,EUR,157.66,2024-08-03
P005300,I006939,Travel,613.46,BRL,122.69,2025-05-07
P005301,I003922,Venue/AV,4903.72,EUR,5345.05,2024-08-11
P005302,I001971,Lodging,388.21,MXN,22.52,2024-10-01
P005303,I003997,Honoraria,498.88,CAD,,2024-09-12
P005304,I003809,Honoraria,1442.51,EUR,1572.34,2025-01-06
P005305,I001072,Travel,378.73,USD,378.73,2025-03-30
P005306,I004670,Travel,579.25,MXN,33.6,2024-10-28
P005307,I000976,Travel,295.11,JPY,1.98,2024-03-14
P005308,I006638,Travel,657.44,USD,657.44,2024-04-06
P005309,I000557,Travel,157.5,EUR,171.68,2025-04-26
P005310,I006553,Meals,52.16,INR,0.63,2025-06-16
P005311,I003499,Meals,141.43,EUR,154.16,2024-01-26
P005312,I000702,Meals,36.19,EUR,39.45,2024-10-09
P005313,I003134,Travel,147.72,INR,1.77,2025-04-06
P005314,I003756,Travel,169.01,MXN,9.8,2024-08-13
P005315,I002658,Travel,1275.35,GBP,1619.69,2024-11-04
P005316,I000585,Meals,55.04,EUR,59.99,2025-05-29
P005317,I002804,Travel,468.57,EUR,510.74,2025-03-30
P005318,I000848,Travel,186.31,CAD,137.87,2025-04-26
P005319,I000202,Honoraria,1683.04,EUR,1834.51,2024-09-24
P005320,I000298,Meals,69.25,eur,75.48,2024-08-26
P005321,I006838,Meals,81.33,INR,0.98,2024-10-30
P005322,I005505,Honoraria,2009.91,EUR,2190.8,2024-04-03
P005323,I006207,Travel,160.94,GBP,204.39,2024-02-05
P005324,I006876,Travel,867.59,EUR,945.67,2025-05-10
P005325,I002234,Lodging,451.08,BRL,90.22,2024-12-14
P005326,I002980,Lodging,348.21,GBP,442.23,2024-03-26
P005327,I001447,Meals,694.7,JPY,4.65,2024-05-20
P005328,I003284,Honoraria,1080.72,USD,1080.72,2024-09-04
P005329,I001631,Lodging,355.62,USD,355.62,2025-03-21
P005330,I003841,Honoraria,1120.03,EUR,1220.83,2024-02-01
P005331,I002874,Meals,73.14,EUR,79.72,2024-10-21
P005332,I001167,Lodging,528.05,mxn,30.63,2025-03-11
P005333,I000033,Travel,191.03,MXN,11.08,2024-02-27
P005334,I001171,Honoraria,1004.91,JPY,6.73,2025-02-10
P005335,I000569,Travel,345.02,MXN,20.01,2024-08-13
P005336,I000660,Venue/AV,2599.61,INR,31.2,2025-06-26
P005337,I004387,Travel,627.69,USD,627.69,2024-03-30
P005338,I001250,Travel,522.93,GBP,664.12,2024-02-15
P005339,I000101,Travel,488.4,CAD,361.42,2024-05-24
P005340,I002115,Meals,117.68,INR,1.41,2025-04-29
P005341,I000931,Honoraria,5240.18,JPY,35.11,2025-05-09
P005342,I007958,Travel,263.75,JPY,1.77,2024-12-24
P005343,I001847,Meals,86.96,INR,1.04,2025-02-11
P005344,I004867,Meals,53.09,CAD,39.29,2024-03-30
P005345,I005030,Meals,148.16,USD,148.16,2025-01-19
P005346,I004558,Honoraria,1027.56,BRL,205.51,2024-08-11
P005347,I003472,Meals,519.45,USD,519.45,2025-01-02
P005348,I003506,Travel,103.58,eur,112.9,2025-04-16
P005349,I003858,Travel,268.55,USD,268.55,2025-02-05
P005350,I001472,Travel,427.15,EUR,465.59,2025-05-24
P005351,I002927,Travel,121.34,MXN,7.04,2024-11-22
P005352,I005380,Lodging,510.67,GBP,648.55,2024-07-31
P005353,I006640,Meals,143.27,JPY,0.96,2025-01-13
P005354,I004509,Travel,1207.26,BRL,241.45,2024-09-11
P005355,I005792,Honoraria,1179.75,EUR,1285.93,2024-12-18
P005356,I003635,Venue/AV,1883.95,GBP,2392.62,2025-03-24
P005357,I003284,Travel,338.12,USD,338.12,2024-10-02
P005358,I006110,Meals,78.96,BRL,15.79,2024-11-12
P005359,I002948,Travel,216.59,EUR,236.08,2025-06-13
P005360,I001662,Honoraria,3208.64,MXN,186.1,2024-06-02
P005361,I004507,Meals,60.78,JPY,0.41,2025-04-16
P005362,I002281,Honoraria,2143.33,JPY,14.36,2024-09-03
P005363,I003489,Meals,120.79,INR,1.45,2024-07-08
P005364,I005278,Meals,93.44,JPY,0.63,2025-01-31
P005365,I008884,Meals,20.95,GBP,26.61,2024-07-05
P005366,I003430,Travel,699.31,INR,8.39,2024-02-07
P005367,I006714,Meals,35.43,MXN,2.05,2024-04-23
P005368,I000482,Meals,90.03,EUR,98.13,2025-03-16
P005369,I003976,Meals,91.93,GBP,116.75,2024-08-28
P005370,I003589,Meals,40.12,INR,0.48,2025-07-08
P005371,I002000,Meals,19.55,BRL,3.91,2025-04-03
P005372,I006937,Honoraria,435.68,GBP,553.31,2025-01-14
P005373,I001295,Lodging,703.35,GBP,893.25,2024-06-18
P005374,I003012,Travel,372.52,EUR,406.05,2024-02-01
P005375,I005060,Meals,144.59,USD,144.59,2024-08-19
P005376,I003511,Meals,102.04,EUR,111.22,2025-06-28
P005377,I000819,Meals,138.97,EUR,151.48,2025-06-14
P005378,I002986,Meals,59.04,INR,0.71,2024-07-14
P005379,I002562,Travel,522.39,INR,6.27,2025-04-17
P005380,I000829,Travel,168.55,CAD,124.73,2024-09-01
P005381,I004869,Honoraria,1451.21,INR,17.41,2024-06-01
P005382,I003261,Meals,62.91,EUR,68.57,2025-02-15
P005383,I003097,Meals,32.14,EUR,35.03,2024-10-24
P005384,I005481,Travel,325.06,CAD,240.54,2024-06-19
P005385,I000100,Travel,388.47,CAD,287.47,2024-04-15
P005386,I003529,Lodging,458.71,EUR,499.99,2024-05-20
P005387,I002675,Lodging,535.2,GBP,679.7,2025-06-16
P005388,I003738,Meals,198.32,GBP,251.87,2024-11-12
P005389,I005142,Travel,542.22,MXN,31.45,2024-04-09
P005390,I004253,Meals,130.39,MXN,7.56,2025-01-21
P005391,I005159,Travel,156.31,EUR,170.38,2024-03-07
P005392,I005701,Meals,78.61,GBP,99.83,2024-07-06
P005393,I001117,Travel,696.71,BRL,139.34,2025-06-09
P005394,I002490,Honoraria,815.76,USD,815.76,2024-11-08
P005395,I005507,Travel,209.2,EUR,228.03,2025-02-26
P005396,I001157,Meals,36.01,MXN,2.09,2024-05-28
P005397,I000861,Meals,75.78,GBP,96.24,2024-05-03
P005398,I001408,Travel,125.51,EUR,136.81,2024-02-08
P005399,I000829,Honoraria,995.11,BRL,199.02,2024-09-03
P005400,I002905,Meals,27.17,EUR,29.62,2024-05-12
P005401,I006193,Honoraria,4659.88,JPY,31.22,2024-06-26
P005402,I002909,Meals,138.68,CAD,102.62,2024-05-12
P005403,I000419,Meals,143.42,USD,143.42,2025-02-05
P005404,I000074,Honoraria,1169.71,MXN,,2024-02-28
P005405,I001086,Venue/AV,2230.64,INR,26.77,2024/07/20
P005406,I005757,Meals,66.78,INR,0.8,2024-11-11
P005407,I006344,Honoraria,490.41,JPY,3.29,2024-12-23
P005408,I005454,Honoraria,598.7,CAD,443.04,2025-06-30
P005409,I003612,Lodging,370.04,CAD,273.83,2025-06-11
P005410,I003179,Travel,1981.22,JPY,13.27,2024-04-06
P005411,I005517,Travel,398.95,EUR,434.86,2024-07-22
P005412,I003068,Travel,412.33,USD,412.33,2024-03-21
P005413,I005890,Travel,216.44,MXN,12.55,2025-04-04
P005414,I001563,Honoraria,1561.29,BRL,312.26,2025-04-06
P005415,I001939,Honoraria,2336.25,INR,28.04,2024-05-15
P005416,I001924,Honoraria,3186.5,BRL,637.3,2024-12-30
P005417,I002488,Travel,271.66,EUR,296.11,2024-06-04
P005418,I005152,Meals,109.09,CAD,80.73,2024-02-15
P005419,I001843,Meals,42.01,BRL,8.4,2024-08-26
P005420,I000457,Lodging,187.05,INR,2.24,2024-02-18
P005421,I004649,Travel,598.53,GBP,760.13,2024-06-09
P005422,I000087,Meals,94.34,MXN,5.47,2025-04-21
P005423,I003965,Meals,40.78,EUR,44.45,2025-01-21
P005424,I006300,Venue/AV,2473.74,EUR,2696.38,2025-03-02
P005425,I006943,Travel,600.64,INR,7.21,2024-12-31
P005426,I006626,Honoraria,676.98,CAD,500.97,2024-09-10
P005427,I000568,Lodging,324.15,USD,324.15,2025-01-19
P005428,I003631,Honoraria,935.79,JPY,,2024-10-21
P005429,I000486,Honoraria,1903.18,CAD,1408.35,2024-01-30
P005430,I001297,Meals,55.09,CAD,40.77,2024-03-26
P005431,I001707,Meals,70.89,USD,70.89,2024-12-23
P005432,I000064,Honoraria,3126.4,USD,3126.4,2025-03-21
P005433,I000794,Meals,125.94,CAD,93.2,2024-08-31
P005434,I002174,Meals,112.33,JPY,0.75,2025-06-05
P005435,I003758,Lodging,546.73,EUR,595.94,2025-04-27
P005436,I004606,Travel,56.97,USD,56.97,2024-10-31
P005437,I005121,Honoraria,648.65,JPY,4.35,2025-01-08
P005438,I005387,Meals,86.68,MXN,5.03,2024-03-24
P005439,I005213,Travel,278.67,MXN,16.16,2025-01-27
P005440,I000647,Honoraria,1845.56,MXN,107.04,2024-06-24
P005441,I005041,Travel,321.95,BRL,,2024-10-23
P005442,I004239,Travel,171.31,EUR,186.73,2024-08-08
P005443,I005639,Honoraria,1113.88,BRL,222.78,2024-09-10
P005444,I001766,Lodging,234.7,MXN,13.61,2024-02-10
P005445,I003180,Meals,101.84,JPY,0.68,2024-01-21
P005446,I001642,Meals,63.33,EUR,69.03,2025-03-05
P005447,I006400,Meals,22.22,INR,0.27,2024-06-14
P005448,I002032,Travel,190.04,EUR,207.14,2024-10-13
P005449,I004790,Meals,167.52,INR,2.01,2024-11-29
P005450,I000658,Meals,64.01,EUR,69.77,2024-07-26
P005451,I003239,Lodging,199.22,EUR,217.15,2024-12-07
P005452,I006692,Travel,517.66,MXN,,2024-10-15
P005453,I005944,Meals,97.4,USD,97.4,2024-11-29
P005454,I006729,Honoraria,1041.0,INR,12.49,2024-10-22
P005455,I006588,Travel,661.36,BRL,132.27,2024-08-25
P005456,I000262,Travel,760.04,USD,760.04,2024-03-31
P005457,I008651,Honoraria,1214.98,INR,14.58,2025-05-18
P005458,I002167,Meals,99.01,MXN,5.74,2025-07-08
P005459,I003005,Venue/AV,1538.6,JPY,10.31,2024-03-31
P005460,I003980,Meals,87.3,JPY,0.58,2025-06-30
P005461,I004963,Lodging,466.54,CAD,345.24,2025-05-14
P005462,I006609,Travel,213.76,GBP,271.48,2024-02-13
P005463,I005791,Honoraria,762.89,USD,762.89,2024-06-15
P005464,I002366,Travel,145.91,USD,145.91,2024-02-05
P005465,I005817,Travel,279.22,GBP,354.61,2024-09-22
P005466,I003006,Honoraria,1452.62,EUR,1583.36,2024-04-16
P005467,I005834,Meals,23.9,INR,0.29,2024-12-23
P005468,I006510,Meals,146.49,BRL,29.3,2024-03-04
P005469,I003151,Venue/AV,1364.09,EUR,1486.86,2024-07-20
P005470,I004976,Travel,191.21,MXN,11.09,2025-07-17
P005471,I000671,Venue/AV,1332.48,MXN,77.28,2024-06-09
P005472,I006281,Lodging,343.45,EUR,374.36,2024-08-31
P005473,I002445,Honoraria,1181.04,EUR,1287.33,2024-06-30
P005474,I001302,Meals,135.77,EUR,147.99,2025-04-25
P005475,I003900,Travel,255.76,GBP,324.82,2025-01-25
P005476,I002416,Meals,40.9,JPY,0.27,2025-07-04
P005477,I000847,Meals,57.04,EUR,62.17,2025-03-31
P005478,I000455,Meals,34.09,MXN,1.98,2025-03-30
P005479,I005870,Meals,84.78,USD,84.78,2024-07-21
P005480,I001187,Meals,112.31,INR,1.35,2024-07-11
P005481,I000300,Travel,491.97,BRL,98.39,2024-09-25
P005482,I004631,Meals,41.61,JPY,0.28,2024-12-05
P005483,I004854,Travel,312.69,eur,340.83,2025-01-13
P005484,I000829,Venue/AV,1715.1,CAD,1269.17,2024-09-27
P005485,I005377,Meals,62.47,GBP,79.34,2025-03-18
P005486,I006521,Meals,121.79,INR,1.46,2025-05-11
P005487,I005308,Lodging,650.96,GBP,826.72,2024-04-17
P005488,I000498,Travel,245.64,MXN,14.25,2024-09-25
P005489,I003635,Honoraria,1094.32,EUR,1192.81,2025-02-25
P005490,I010614,Lodging,725.19,EUR,790.46,2025-01-08
P005491,I000988,Meals,185.34,MXN,10.75,2024-03-25
P005492,I002024,Meals,63.07,MXN,3.66,2025-04-05
P005493,I002253,Meals,121.62,CAD,90.0,2025-03-13
P005494,I004723,Venue/AV,3473.66,EUR,3786.29,2024-10-12
P005495,I006712,Meals,68.33,CAD,50.56,2025-04-05
P005496,I005781,Travel,355.08,MXN,20.59,2024-11-03
P005497,I003101,Travel,379.96,MXN,22.04,2024-12-01
P005498,I001141,Lodging,534.42,INR,6.41,2024-11-05
P005499,I003558,Meals,133.81,JPY,0.9,2024-12-18
P005500,I004104,Meals,39.3,INR,0.47,2024-06-08
P005501,I002004,Meals,140.4,EUR,153.04,2025-05-21
P005502,I004470,Lodging,955.69,EUR,1041.7,2024-05-13
P005503,I001069,Venue/AV,936.55,MXN,54.32,2025-03-30
P005504,I005472,Travel,578.66,EUR,630.74,2024-09-12
P005505,I000453,Travel,236.49,USD,236.49,2025-01-06
P005506,I006356,Meals,65.41,CAD,48.4,2024-05-19
P005507,I005946,Meals,146.3,GBP,185.8,2024-11-20
P005508,I004297,Meals,267.88,USD,267.88,2024-10-28
P005509,I000466,Honoraria,1784.8,GBP,2266.7,2024-01-17
P005510,I000283,Travel,302.55,EUR,,2024-03-01
P005511,I002001,Meals,85.08,CAD,62.96,2024-03-24
P005512,I003419,Honoraria,1092.12,CAD,808.17,2024-03-01
P005513,I004103,Venue/AV,3342.56,INR,40.11,2024-08-09
P005514,I001816,Lodging,779.46,BRL,155.89,2025-04-30
P005515,I005687,Travel,623.0,BRL,124.6,2024-03-27
P005516,I006580,Lodging,1042.2,EUR,1136.0,2024-08-18
P005517,I010036,Meals,77.99,EUR,85.01,2024-10-23
P005518,I000188,Meals,165.86,EUR,180.79,2024-05-17
P005519,I006981,Meals,74.45,JPY,0.5,2024-10-07
P005520,I004979,Honoraria,1091.66,EUR,1189.91,2025-03-20
P005521,I004264,Meals,60.43,INR,0.73,2024-01-02
P005522,I006211,Travel,583.57,EUR,636.09,2025-03-03
P005523,I003877,Travel,384.29,EUR,418.88,2024-01-29
P005524,I004677,Lodging,727.12,INR,8.73,2025-05-12
P005525,I006443,Honoraria,2982.06,EUR,3250.45,2024-03-22
P005526,I004805,Honoraria,807.29,CAD,,2025-01-22
P005527,I003432,Honoraria,714.88,BRL,142.98,2024-03-10
P005528,I000208,Meals,261.3,MXN,15.16,2025-03-01
P005529,I006250,Travel,836.54,GBP,1062.41,2024-11-09
P005530,I002078,Honoraria,1900.45,JPY,12.73,2024-02-06
P005531,I002155,Honoraria,2896.32,GBP,3678.33,2025-02-08
P005532,I006493,Meals,73.12,JPY,0.49,2024-04-08
P005533,I001898,Meals,193.56,USD,193.56,2024-04-25
P005534,I006169,Travel,426.1,JPY,2.85,2025-04-23
P005535,I004360,Meals,49.74,cad,36.81,2025-02-23
P005536,I000140,Meals,208.01,JPY,1.39,2025-07-07
P005537,I005092,Lodging,1634.14,CAD,1209.26,2024-10-02
P005538,I004952,Honoraria,1125.02,MXN,65.25,2025-03-09
P005539,I004356,Travel,342.45,CAD,253.41,2025-04-07
P005540,I005018,Meals,52.43,USD,52.43,2024-07-18
P005541,I006257,Travel,196.58,EUR,214.27,2024-12-13
P005542,I002950,Meals,51.97,JPY,0.35,2025-04-29
P005543,I002271,Meals,109.08,JPY,0.73,2025-06-29
P005544,I003226,Travel,1196.48,BRL,239.3,2024-03-21
P005545,I006126,Meals,37.88,BRL,7.58,2024-05-07
P005546,I002643,Honoraria,5278.77,EUR,5753.86,2024-07-31
P005547,I000489,Lodging,143.79,INR,1.73,2024-10-21
P005548,I005119,Travel,595.53,JPY,3.99,2024-03-10
P005549,I003405,Travel,481.39,usd,481.39,2025-06-16
P005550,I000332,Meals,76.34,CAD,56.49,2024-03-19
P005551,I005318,Travel,435.59,BRL,87.12,2024-12-06
P005552,I004404,Meals,58.32,MXN,3.38,2024-02-19
P005553,I004236,Meals,65.85,MXN,3.82,2024-04-11
P005554,I001339,Travel,194.39,BRL,38.88,2024-07-18
P005555,I000598,Meals,38.41,eur,41.87,2025-04-13
P005556,I005577,Travel,668.55,BRL,133.71,2025-03-18
P005557,I004122,Honoraria,1642.23,INR,19.71,2024-11-20
P005558,I005466,Lodging,362.18,INR,4.35,2024-09-24
P005559,I005109,Meals,75.59,MXN,4.38,2025-02-26
P005560,I004184,Meals,104.62,BRL,20.92,2025-01-20
P005561,I005840,Honoraria,1736.72,EUR,1893.02,2024-10-20
P005562,I006373,Travel,512.31,CAD,379.11,2024-12-15
P005563,I002649,Meals,27.44,USD,27.44,2024-06-16
P005564,I003018,Venue/AV,1978.79,CAD,1464.3,2024-05-01
P005565,I001658,Lodging,359.9,GBP,457.07,2025-04-18
P005566,I003103,Lodging,588.38,GBP,747.24,2025-05-15
P005567,I000780,Meals,114.37,MXN,6.63,2025-01-18
P005568,I000338,Travel,497.07,BRL,99.41,2025-05-04
P005569,I003264,Meals,182.32,CAD,134.92,2024-03-28
P005570,I001664,Meals,100.85,JPY,0.68,2025-02-04
P005571,I004748,Meals,82.66,USD,82.66,2025-03-13
P005572,I004282,Travel,1350.46,INR,16.21,2024-07-26
P005573,I005629,Honoraria,1395.53,CAD,1032.69,2024-05-28
P005574,I005236,Travel,896.61,EUR,977.3,2024-01-02
P005575,I005313,Meals,49.49,BRL,9.9,2025-04-25
P005576,I001246,Travel,148.97,EUR,162.38,2024-09-05
P005577,I001448,Meals,110.05,USD,110.05,2024-10-17
P005578,I003415,Lodging,546.75,EUR,595.96,2024-02-20
P005579,I004612,Meals,47.28,EUR,51.54,2025-04-03
P005580,I002862,Honoraria,2470.54,JPY,16.55,2025-05-15
P005581,I002386,Travel,423.88,GBP,538.33,2024-08-29
P005582,I003468,Meals,51.55,BRL,10.31,2024-09-21
P005583,I001969,Travel,186.12,EUR,202.87,2024-11-05
P005584,I001686,Travel,464.29,JPY,3.11,2024-07-16
P005585,I000188,Travel,690.48,EUR,752.62,2024-06-07
P005586,I002850,Travel,103.33,INR,1.24,2024-06-21
P005587,I002500,Travel,104.82,GBP,133.12,2024-10-05
P005588,I000618,Honoraria,1214.05,BRL,242.81,2024-08-13
P005589,I002930,Meals,135.12,GBP,171.6,2025-02-15
P005590,I002725,Meals,112.37,GBP,142.71,2025-01-23
P005591,I006279,Honoraria,771.69,INR,9.26,2025-05-09
P005592,I005346,Travel,146.09,USD,146.09,2024-10-14
P005593,I001428,Travel,607.44,EUR,662.11,2024-10-22
P005594,I003528,Meals,73.21,JPY,0.49,2024-11-06
P005595,I006570,Meals,1403.43,BRL,280.69,2024-05-25
P005596,I005429,Travel,150.62,BRL,30.12,2024-06-19
P005597,I000054,Travel,295.1,EUR,321.66,2024-04-08
P005598,I006434,Honoraria,2600.23,JPY,17.42,2025-02-05
P005599,I004647,Meals,66.72,GBP,84.73,2025-02-03
P005600,I000372,Meals,110.71,JPY,0.74,2024-06-19
P005601,I005081,Lodging,757.57,GBP,962.11,2024-05-11
P005602,I003566,Travel,303.0,JPY,2.03,2024-07-15
P005603,I001091,Meals,183.48,BRL,36.7,2024-11-17
P005604,I004552,Meals,209.34,MXN,12.14,2024-02-16
P005605,I004313,Travel,318.93,CAD,236.01,2024-08-26
P005606,I003327,Meals,118.73,MXN,6.89,2024-02-16
P005607,I000627,Honoraria,1401.38,GBP,1779.75,2024-04-23
P005608,I004523,Venue/AV,2928.99,EUR,3192.6,2024-01-28
P005609,I005204,Meals,109.34,BRL,21.87,2024-05-06
P005610,I001580,Honoraria,781.46,EUR,851.79,2024-05-21
P005611,I002079,Venue/AV,1372.8,USD,1372.8,2025-02-09
P005612,I001459,Venue/AV,2241.73,EUR,2443.49,2025-07-03
P005613,I001983,Meals,890.14,GBP,1130.48,2025-02-08
P005614,I004750,Meals,31.73,INR,0.38,2024-10-09
P005615,I002746,Meals,138.7,MXN,8.04,2024-04-10
P005616,I004922,Travel,304.48,CAD,225.32,2025-03-21
P005617,I006429,Travel,475.59,USD,475.59,2024-09-13
P005618,I001663,Venue/AV,2292.81,BRL,458.56,2024-11-26
P005619,I006890,Meals,159.53,JPY,1.07,2024-09-23
P005620,I001669,Meals,33.55,CAD,24.83,2025-03-12
P005621,I002015,Lodging,420.83,BRL,84.17,2025-06-19
P005622,I002673,Travel,487.05,EUR,530.88,2025-07-18
P005623,I006343,Travel,223.87,EUR,244.02,2025-02-24
P005624,I002720,Meals,31.91,GBP,40.53,2024-12-05
P005625,I004892,Travel,432.85,MXN,,2024-07-11
P005626,I002158,Meals,90.14,BRL,18.03,2025-03-30
P005627,I010968,Meals,132.2,EUR,144.1,2025-02-24
P005628,I006309,Travel,302.32,GBP,383.95,2025-02-04
P005629,I000273,Meals,155.45,JPY,,2024-09-06
P005630,I004521,Meals,32.89,eur,35.85,2024-02-18
P005631,I003860,Travel,325.91,JPY,,2025-01-21
P005632,I003630,Travel,915.55,INR,10.99,2025-05-27
P005633,I000322,Honoraria,1160.5,EUR,1264.95,2025-04-07
P005634,I004342,Meals,75.11,USD,75.11,2024-11-24
P005635,I001292,Meals,55.55,MXN,,2024-09-05
P005636,I001914,Venue/AV,1881.39,JPY,12.61,2024-10-07
P005637,I006554,Meals,51.47,USD,51.47,2025-07-05
P005638,I005580,Honoraria,1004.52,EUR,,2024-07-28
P005639,I001267,Travel,288.91,CAD,213.79,2024-07-10
P005640,I004237,Travel,412.1,INR,4.95,2025-05-31
P005641,I000410,Meals,210.01,JPY,1.41,2024-01-20
P005642,I005311,Meals,69.9,CAD,51.73,2024-10-22
P005643,I005880,Travel,569.66,INR,6.84,2025-07-28
P005644,I005886,Travel,607.7,jpy,4.07,2024-01-14
P005645,I004627,Meals,76.85,MXN,4.46,2025-05-30
P005646,I000917,Meals,58.22,GBP,73.94,2024-07-13
P005647,I000311,Travel,152.28,EUR,165.99,2024-10-31
P005648,I004149,Honoraria,734.12,JPY,4.92,2024-10-25
P005649,I006391,Venue/AV,1056.6,BRL,211.32,2024-09-10
P005650,I006095,Venue/AV,2136.86,JPY,14.32,2025-03-06
P005651,I004503,Meals,58.88,INR,0.71,2025-01-28
P005652,I000498,Venue/AV,880.43,BRL,176.09,2024-09-06
P005653,I001195,Travel,203.83,MXN,11.82,2024-02-26
P005654,I001138,Meals,91.6,EUR,99.84,2024-10-08
P005655,I005335,Travel,220.83,MXN,12.81,2024-11-06
P005656,I005245,Meals,81.41,MXN,4.72,2025-02-28
P005657,I001009,Lodging,131.61,inr,1.58,2025-02-23
P005658,I007980,Honoraria,2513.36,GBP,3191.97,2024-09-02
P005659,I001998,Meals,22.48,USD,22.48,2024-01-05
P005660,I000868,Meals,83.98,EUR,91.54,2024-08-06
P005661,I005918,Honoraria,5215.64,GBP,6623.86,2025-04-05
P005662,I005095,Meals,89.89,INR,1.08,2024-10-06
P005663,I000072,Travel,152.0,INR,1.82,2024-02-08
P005664,I003522,Honoraria,648.83,JPY,4.35,2024-06-28
P005665,I003707,Meals,146.56,GBP,186.13,2024-10-23
P005666,I001110,Meals,90.84,JPY,0.61,2024-02-04
P005667,I006556,Travel,374.49,JPY,2.51,2024-11-18
P005668,I001377,Meals,135.71,BRL,27.14,2024-02-05
P005669,I004041,Travel,204.25,BRL,40.85,2024-04-09
P005670,I005272,Meals,82.88,cad,,2024-07-18
P005671,I004985,Honoraria,2694.63,JPY,18.05,2025-02-13
P005672,I000366,Travel,192.53,INR,2.31,2024-06-16
P005673,I006745,Travel,392.24,GBP,498.14,2024-09-12
P005674,I005664,Meals,304.63,EUR,332.05,2024-02-27
P005675,I003286,Meals,99.08,EUR,108.0,2024-04-08
P005676,I006341,Travel,3119.41,JPY,20.9,2024-12-04
P005677,I005054,Meals,230.32,MXN,13.36,2025-04-10
P005678,I003269,Honoraria,1007.71,MXN,58.45,2025-07-06
P005679,I005567,Honoraria,292.7,MXN,16.98,2024-01-28
P005680,I003860,Travel,163.53,INR,1.96,2025-01-08
P005681,I001302,Meals,101.22,EUR,110.33,2025-05-05
P005682,I001713,Travel,316.14,USD,316.14,2025-07-19
P005683,I004982,Travel,208.06,CAD,153.96,2024-08-11
P005684,I005499,Lodging,551.65,EUR,601.3,2025-02-28
P005685,I002268,Meals,93.59,BRL,18.72,2024-04-10
P005686,I005467,Travel,496.67,INR,5.96,2025-04-30
P005687,I006212,Meals,126.7,JPY,0.85,2025-03-30
P005688,I005165,Meals,69.1,MXN,4.01,2024-05-04
P005689,I000038,Travel,447.82,BRL,89.56,2025-05-02
P005690,I005585,Venue/AV,770.7,JPY,5.16,2024-07-09
P005691,I001720,Lodging,211.88,EUR,230.95,2024-08-19
P005692,I001807,Lodging,252.73,CAD,187.02,2025-04-10
P005693,I005382,Honoraria,1171.22,EUR,1276.63,2024-12-31
P005694,I003284,Meals,89.73,MXN,5.2,2024-09-12
P005695,I005418,Travel,460.28,CAD,340.61,2024-04-27
P005696,I001731,Travel,387.36,USD,387.36,2024-06-24
P005697,I000680,Travel,310.44,INR,3.73,2025-04-15
P005698,I002379,Honoraria,2437.3,GBP,3095.37,2024-02-11
P005699,I003792,Meals,147.17,EUR,160.42,2025-05-29
P005700,I003013,Meals,23.72,EUR,25.85,2025-01-06
P005701,I006663,Lodging,220.2,CAD,162.95,2025-06-14
P005702,I004938,Lodging,193.43,EUR,210.84,2024-03-24
P005703,I004205,Honoraria,901.18,JPY,6.04,2024-06-29
P005704,I006345,Meals,114.84,INR,1.38,2024-07-29
P005705,I004607,Meals,78.19,EUR,85.23,2024-06-08
P005706,I005516,Meals,59.43,USD,59.43,2024-07-22
P005707,I006074,Travel,229.48,CAD,169.82,2024-07-12
P005708,I003171,Honoraria,2189.38,BRL,437.88,2024-09-30
P005709,I001576,Lodging,368.77,JPY,2.47,2025-01-06
P005710,I001280,Meals,81.72,MXN,4.74,2025-01-28
P005711,I001978,Travel,185.82,INR,2.23,2024-09-18
P005712,I002566,Meals,73.98,CAD,54.75,2024-03-25
P005713,I003926,Meals,93.55,MXN,5.43,2024-06-19
P005714,I001465,Travel,217.64,USD,217.64,2024-06-05
P005715,I002357,Lodging,438.09,JPY,2.94,2024-06-27
P005716,I005737,Meals,118.01,INR,1.42,2024-07-27
P005717,I001523,Meals,65.64,GBP,83.36,2024-11-25
P005718,I005619,Honoraria,731.5,GBP,929.0,2024-07-19
P005719,I005865,Lodging,671.91,EUR,732.38,2025-03-15
P005720,I001342,Meals,64.69,GBP,82.16,2024-08-29
P005721,I006020,Travel,318.92,CAD,236.0,2024-10-11
P005722,I000917,Travel,288.73,GBP,366.69,2024-07-03
P005723,I001007,Meals,55.77,EUR,60.79,2025-01-19
P005724,I001579,Meals,82.42,EUR,89.84,2024-02-08
P005725,I005341,Meals,76.81,USD,76.81,2024-12-18
P005726,I000814,Honoraria,453.27,CAD,335.42,2025-06-12
P005727,I005491,Meals,79.43,CAD,58.78,2025-02-09
P005728,I001563,Meals,30.18,BRL,6.04,2025-03-23
P005729,I001148,Meals,71.64,BRL,14.33,2024-09-23
P005730,I004156,Lodging,435.06,EUR,474.22,2024-05-26
P005731,I000498,Travel,346.44,USD,346.44,2024-08-16
P005732,I001469,Lodging,302.39,USD,302.39,2024-10-24
P005733,I001053,Honoraria,630.84,USD,630.84,2024-12-16
P005734,I000519,Honoraria,1900.15,CAD,1406.11,2024-10-13
P005735,I002732,Honoraria,4168.51,USD,4168.51,2025-05-06
P005736,I003189,Meals,113.52,USD,113.52,2024-09-22
P005737,I001086,Meals,131.1,JPY,0.88,2024-08-21
P005738,I004816,Honoraria,947.57,EUR,1032.85,2024-12-21
P005739,I004850,Travel,225.07,GBP,285.84,2024-06-10
P005740,I000709,Lodging,513.54,USD,513.54,2025-05-18
P005741,I000663,Meals,183.21,INR,2.2,2025-04-05
P005742,I006199,Meals,77.96,EUR,84.98,2025-05-11
P005743,I011118,Meals,27.64,USD,27.64,2024-08-28
P005744,I000959,Meals,42.63,BRL,8.53,2024-04-14
P005745,I006429,Meals,113.34,CAD,83.87,2024-10-08
P005746,I003976,Meals,65.1,EUR,70.96,2024-09-26
P005747,I003361,Travel,158.7,MXN,9.2,2024-03-28
P005748,I004243,Meals,36.1,JPY,0.24,2025-02-22
P005749,I000273,Honoraria,1449.45,INR,17.39,2024-10-08
P005750,I003523,Lodging,235.43,GBP,299.0,2025-02-01
P005751,I000815,Travel,525.19,CAD,388.64,2025-04-10
P005752,I001111,Travel,492.22,MXN,28.55,2025-07-02
P005753,I002145,Meals,537.56,EUR,585.94,2024-11-14
P005754,I003577,Travel,473.38,USD,473.38,2024-11-21
P005755,I006174,Honoraria,2147.87,CAD,1589.42,2024-01-31
P005756,I001917,Lodging,435.59,EUR,474.79,2025-02-17
P005757,I001134,Honoraria,455.58,JPY,3.05,2024-12-21
P005758,I004937,Travel,314.08,MXN,18.22,2025-01-18
P005759,I000915,Venue/AV,449.77,USD,449.77,2025-01-31
P005760,I003482,Meals,208.85,JPY,1.4,2025-01-09
P005761,I001903,Lodging,921.59,USD,921.59,2025-02-14
P005762,I006126,Meals,156.55,USD,156.55,2024-05-25
P005763,I006002,Meals,58.97,CAD,43.64,2024-03-08
P005764,I000021,Meals,62.17,USD,62.17,2024-01-24
P005765,I001976,Travel,264.12,JPY,1.77,2024-08-31
P005766,I004542,Travel,224.32,MXN,13.01,2025-06-20
P005767,I004120,Venue/AV,3049.12,CAD,2256.35,2024-02-05
P005768,I002305,Venue/AV,1676.5,USD,1676.5,2024-11-17
P005769,I000599,Meals,90.56,USD,90.56,2025-06-05
P005770,I000456,Meals,86.21,INR,1.03,2024-05-17
P005771,I006534,Venue/AV,1894.16,JPY,12.69,2025-08-05
P005772,I004481,Meals,203.63,EUR,221.96,2024-05-31
P005773,I004281,Meals,10.91,BRL,2.18,2024-09-09
P005774,I003902,Travel,501.9,CAD,371.41,2025-07-22
P005775,I006379,Meals,90.58,MXN,5.25,2024-01-27
P005776,I003826,Meals,279.75,EUR,304.93,2024-10-10
P005777,I004327,Travel,435.55,CAD,322.31,2024-07-10
P005778,I001560,Honoraria,518.05,MXN,30.05,2024-09-04
P005779,I003189,Honoraria,1983.83,MXN,115.06,2024-09-26
P005780,I005172,Meals,71.74,GBP,91.11,2024-03-27
P005781,I002369,Venue/AV,3004.22,INR,36.05,2024-09-21
P005782,I005391,Honoraria,2544.33,EUR,2773.32,2024-11-01
P005783,I000253,Travel,421.64,CAD,312.01,2024-10-22
P005784,I000724,Meals,49.41,GBP,62.75,2024-03-02
P005785,I005112,Meals,99.37,CAD,73.53,2024-10-26
P005786,I000978,Meals,182.28,MXN,10.57,2024-01-22
P005787,I002111,Travel,380.79,EUR,415.06,2025-05-18
P005788,I000226,Travel,1109.02,EUR,1208.83,2025-05-19
P005789,I003572,Meals,52.29,GBP,66.41,2025-04-09
P005790,I005225,Venue/AV,2020.46,EUR,2202.3,2024-05-09
P005791,I005804,Travel,143.22,usd,143.22,2024-10-05
P005792,I003763,Meals,265.47,EUR,289.36,2024-06-02
P005793,I004714,Venue/AV,7041.91,EUR,7675.68,2024-04-17
P005794,I005601,Meals,106.66,GBP,135.46,2024-03-10
P005795,I006045,Venue/AV,968.09,GBP,1229.47,2024-08-19
P005796,I000708,Meals,124.14,CAD,91.86,2024-03-16
P005797,I003802,Meals,183.68,MXN,10.65,2024-02-28
P005798,I006694,Travel,386.5,BRL,77.3,2024-07-06
P005799,I002592,Meals,102.68,USD,102.68,2024-04-18
P005800,I011285,Honoraria,676.65,EUR,737.55,2024/03/01
P005801,I006036,Lodging,672.86,MXN,39.03,2024-02-20
P005802,I005176,Honoraria,1705.51,INR,20.47,2025-07-02
P005803,I006654,Travel,1032.63,INR,12.39,2024-06-08
P005804,I004532,Lodging,354.72,EUR,386.64,2024-07-21
P005805,I005395,Meals,43.3,CAD,32.04,2024-06-12
P005806,I004220,Meals,70.31,BRL,14.06,2024-09-02
P005807,I000450,Lodging,474.48,INR,5.69,2025-05-18
P005808,I005892,Travel,576.94,BRL,115.39,2024-09-15
P005809,I002563,Meals,44.87,BRL,8.97,2025-02-24
P005810,I003446,Honoraria,2541.76,JPY,17.03,2024-01-31
P005811,I005290,Honoraria,3603.92,EUR,3928.27,2024-06-25
P005812,I005440,Travel,496.76,INR,,2024-12-28
P005813,I002706,Meals,71.09,USD,71.09,2024-01-22
P005814,I005647,Honoraria,547.53,JPY,3.67,2025-04-05
P005815,I004568,Lodging,768.41,CAD,568.62,2025-05-03
P005816,I000227,Travel,109.73,EUR,119.61,2024-04-12
P005817,I003330,Meals,49.01,GBP,62.24,2025-01-05
P005818,I000033,Meals,67.92,CAD,50.26,2024-03-08
P005819,I007825,Meals,148.08,INR,1.78,2025-05-07
P005820,I001962,Travel,264.3,CAD,195.58,2025-02-11
P005821,I006481,Honoraria,3059.41,JPY,20.5,2024-08-18
P005822,I001710,Meals,145.14,USD,145.14,2024-02-22
P005823,I004365,Meals,54.12,GBP,68.73,2025-06-17
P005824,I002709,Meals,86.27,MXN,5.0,2024-12-27
P005825,I002785,Meals,64.22,CAD,,2025-02-23
P005826,I001203,Meals,162.63,USD,162.63,2024-03-31
P005827,I003958,Meals,73.97,BRL,14.79,2024-03-12
P005828,I000191,Travel,940.55,MXN,54.55,2024-07-23
P005829,I005002,Honoraria,2300.41,JPY,,2024-10-22
P005830,I002476,Meals,138.62,EUR,151.1,2024-03-16
P005831,I000840,Honoraria,2049.6,EUR,2234.06,2024-05-11
P005832,I001891,Lodging,369.35,JPY,2.47,2024-11-13
P005833,I001794,Meals,188.3,GBP,239.14,2024-07-27
P005834,I003155,Meals,274.85,GBP,349.06,2024-09-16
P005835,I008660,Meals,116.14,USD,116.14,2024-03-14
P005836,I001128,Meals,88.66,EUR,96.64,2025-05-20
P005837,I002439,Travel,274.61,USD,274.61,2024-09-17
P005838,I003390,Travel,224.07,BRL,44.81,2024-06-24
P005839,I004725,Lodging,1495.8,MXN,86.76,2024-11-03
P005840,I003348,Travel,139.71,EUR,152.28,2024-09-29
P005841,I004551,Meals,83.49,GBP,106.03,2025-03-12
P005842,I005733,Meals,90.17,EUR,98.29,2025-03-07
P005843,I004774,Meals,100.93,EUR,110.01,2024-03-03
P005844,I005310,Meals,32.28,INR,0.39,2025-02-21
P005845,I000042,Travel,158.76,EUR,173.05,2024-09-01
P005846,I004033,Meals,137.91,EUR,150.32,2024-07-29
P005847,I005467,Meals,106.21,INR,1.27,2025-03-23
P005848,I002925,Lodging,577.43,GBP,733.34,2024-06-04
P005849,I000428,Honoraria,1935.59,GBP,2458.2,2025-03-09
P005850,I005955,Meals,74.1,BRL,14.82,2024-10-23
P005851,I001291,Travel,427.93,BRL,85.59,2024-05-19
P005852,I001870,Meals,212.8,JPY,1.43,2024-08-17
P005853,I000310,Lodging,1136.54,JPY,7.61,2025-05-11
P005854,I003972,Meals,88.27,INR,1.06,2025-03-13
P005855,I001715,Meals,28.87,BRL,5.77,2025-03-13
P005856,I004994,Travel,213.99,CAD,158.35,2024-06-04
P005857,I005080,Meals,57.83,EUR,63.03,2024-06-12
P005858,I000457,Honoraria,783.86,INR,9.41,2024-02-24
P005859,I004039,Meals,78.29,BRL,15.66,2025-05-02
P005860,I006892,Meals,102.46,INR,1.23,2025-07-12
P005861,I001663,Meals,111.27,BRL,22.25,2024-11-13
P005862,I002678,Honoraria,217.22,EUR,236.77,2024-12-06
P005863,I002848,Travel,597.13,EUR,650.87,2024-02-12
P005864,I005377,Meals,116.19,EUR,126.65,2025-03-19
P005865,I005149,Meals,24.05,JPY,0.16,2024-07-18
P005866,I006711,Travel,454.88,EUR,495.82,2024-12-25
P005867,I003436,Honoraria,1348.91,USD,1348.91,2025-06-15
P005868,I002035,Honoraria,2672.85,CAD,1977.91,2024-02-25
P005869,I003164,Meals,95.69,CAD,70.81,2024-03-08
P005870,I004136,Meals,146.94,INR,1.76,2025-01-20
P005871,I004777,Honoraria,334.22,inr,4.01,2024-07-18
P005872,I003856,Travel,237.17,EUR,258.52,2024-09-18
P005873,I001971,Meals,38.12,MXN,2.21,2024-09-28
P005874,I001374,Honoraria,703.01,USD,703.01,2025-01-18
P005875,I001385,Meals,68.12,INR,0.82,2024-08-24
P005876,I001841,Venue/AV,1345.54,USD,1345.54,2024-08-16
P005877,I005521,Travel,117.16,GBP,148.79,2024-04-09
P005878,I002803,Travel,424.15,BRL,84.83,2025-06-16
P005879,I006222,Honoraria,962.42,JPY,6.45,2024-05-16
P005880,I001343,Honoraria,1992.83,CAD,1474.69,2025-01-06
P005881,I000754,Meals,76.88,CAD,56.89,2024-07-19
P005882,I001036,Honoraria,1021.76,EUR,1113.72,2025-01-15
P005883,I001864,Meals,99.11,EUR,108.03,2025-06-09
P005884,I006650,Honoraria,664.19,CAD,491.5,2025-03-23
P005885,I004359,Lodging,159.45,MXN,9.25,2024-11-07
P005886,I006930,Venue/AV,2474.98,JPY,16.58,2024-08-27
P005887,I005177,Venue/AV,1622.85,GBP,2061.02,2024-12-21
P005888,I001346,Meals,161.71,INR,1.94,2024-01-24
P005889,I006330,Honoraria,417.33,EUR,454.89,2024-02-08
P005890,I004905,Venue/AV,690.93,JPY,,2025-01-29
P005891,I003237,Travel,606.52,EUR,661.11,2024-09-20
P005892,I003796,Honoraria,1400.69,GBP,1778.88,2024-05-20
P005893,I002304,Meals,66.11,INR,0.79,2025-05-01
P005894,I000864,Meals,129.2,INR,1.55,2024-03-30
P005895,I000595,Honoraria,910.16,INR,10.92,2024-11-12
P005896,I000118,Travel,195.89,USD,195.89,2024-09-05
P005897,I005758,Meals,111.33,CAD,82.38,2024-02-22
P005898,I001041,Travel,387.54,CAD,286.78,2024-05-28
P005899,I004983,Lodging,582.34,MXN,33.78,2025-07-23
P005900,I001424,Meals,82.1,BRL,16.42,2025-04-11
P005901,I006452,Venue/AV,1527.85,JPY,10.24,2025-01-06
P005902,I005586,Meals,43.21,GBP,54.88,2025-01-06
P005903,I003224,Lodging,269.93,CAD,199.75,2024-02-15
P005904,I004207,Travel,330.86,BRL,66.17,2025-05-27
P005905,I003125,Travel,264.14,EUR,287.91,2024-04-19
P005906,I000679,Honoraria,1567.6,EUR,1708.68,2024-09-23
P005907,I004709,Travel,298.1,MXN,17.29,2024-02-04
P005908,I005063,Meals,115.45,USD,115.45,2024-04-17
P005909,I002505,Meals,133.52,JPY,0.89,2025-03-20
P005910,I000949,Travel,457.95,GBP,581.6,2024-09-27
P005911,I005125,Meals,23.67,GBP,30.06,2025-05-27
P005912,I004107,Travel,514.69,USD,514.69,2025-06-28
P005913,I002430,Travel,394.88,MXN,22.9,2025-06-08
P005914,I002187,Honoraria,1361.94,EUR,1484.51,2024-05-26
P005915,I001432,Travel,632.15,MXN,36.66,2024-08-07
P005916,I003597,Travel,260.52,MXN,15.11,2025-05-19
P005917,I002944,Meals,28.14,MXN,1.63,2024-06-14
P005918,I003605,Meals,175.01,JPY,1.17,2024-06-03
P005919,I006722,Meals,43.92,CAD,32.5,2025-05-08
P005920,I002806,Travel,281.14,EUR,306.44,2024-08-26
P005921,I006110,Travel,191.79,MXN,11.12,2024-11-30
P005922,I004545,Travel,296.81,GBP,376.95,2025-02-17
P005923,I001353,Honoraria,1337.77,USD,1337.77,2024-10-28
P005924,I002318,Meals,145.58,MXN,8.44,2024-04-06
P005925,I004027,Lodging,323.26,INR,3.88,2024-04-10
P005926,I003301,Travel,439.79,USD,439.79,2025-01-24
P005927,I002720,Meals,63.85,EUR,,2024-11-23
P005928,I004523,Travel,56.51,EUR,61.6,2024-01-22
P005929,I004077,Travel,457.13,EUR,498.27,2024-10-22
P005930,I002078,Travel,446.72,INR,5.36,2024-01-29
P005931,I007830,Travel,360.96,JPY,2.42,2024-08-31
P005932,I004041,Meals,39.66,USD,39.66,2024-03-17
P005933,I000294,Travel,158.05,BRL,31.61,2024-03-15
P005934,I002668,Venue/AV,2021.03,EUR,2202.92,2024-09-14
P005935,I006044,Meals,149.08,USD,149.08,2025-03-28
P005936,I003724,Meals,81.75,BRL,16.35,2024-03-27
P005937,I004576,Lodging,472.93,EUR,515.49,2025-06-13
P005938,I003322,Meals,117.08,BRL,,2024-02-09
P005939,I000803,Travel,226.56,USD,226.56,2025-03-01
P005940,I003366,Honoraria,7176.33,EUR,7822.2,2025-07-03
P005941,I005136,Lodging,614.15,GBP,779.97,2025-04-22
P005942,I002496,Meals,131.38,BRL,26.28,2024-12-25
P005943,I000928,Travel,602.42,CAD,445.79,2025-06-10
P005944,I006401,Honoraria,1280.26,MXN,74.26,2025-06-04
P005945,I002716,Travel,274.01,JPY,1.84,2024-09-26
P005946,I002959,Meals,160.63,BRL,32.13,2024-11-09
P005947,I001136,Meals,60.52,BRL,12.1,2024-09-13
P005948,I004711,Lodging,952.39,CAD,704.77,2025-04-23
P005949,I002836,Meals,63.71,EUR,,2025-02-24
P005950,I002643,Travel,463.2,EUR,504.89,2024-07-21
P005951,I002733,Travel,403.58,EUR,439.9,2024-03-22
P005952,I005696,Honoraria,2208.28,EUR,2407.03,2025-05-10
P005953,I005030,Venue/AV,2107.57,BRL,421.51,2025-01-19
P005954,I001402,Meals,21.27,BRL,4.25,2025-02-24
P005955,I006681,Meals,85.33,EUR,93.01,2025-06-15
P005956,I001515,Honoraria,1453.54,USD,1453.54,2025-07-27
P005957,I005734,Meals,98.16,GBP,124.66,2025-05-31
P005958,I005985,Meals,75.74,JPY,0.51,2024-05-01
P005959,I003743,Meals,158.68,BRL,,2025-01-12
P005960,I006143,Meals,146.03,JPY,,2024-09-18
P005961,I001097,Meals,49.15,BRL,9.83,2024-07-21
P005962,I001793,Meals,58.45,BRL,11.69,2025-04-19
P005963,I006178,Meals,62.48,INR,,2025-01-13
P005964,I001382,Lodging,207.09,GBP,263.0,2025-01-11
P005965,I000032,Travel,900.16,JPY,,2025-03-19
P005966,I005095,Meals,129.81,INR,1.56,2024-10-27
P005967,I000716,Meals,34.21,MXN,1.98,2025-04-09
P005968,I003649,Honoraria,2577.53,CAD,1907.37,2024-06-09
P005969,I006197,Lodging,456.71,CAD,337.97,2025-04-13
P005970,I001076,Travel,315.59,USD,315.59,2024-10-02
P005971,I003532,Meals,70.33,MXN,4.08,2024-02-12
P005972,I011411,Meals,39.99,EUR,43.59,2024-03-09
P005973,I000133,Lodging,297.16,JPY,,2024-09-20
P005974,I005155,Meals,67.95,INR,0.82,2025-06-07
P005975,I006903,Meals,96.56,EUR,105.25,2024-02-09
P005976,I004080,Honoraria,1643.41,EUR,1791.32,2025-01-03
P005977,I008188,Meals,317.37,GBP,403.06,2024-01-04
P005978,I005486,Meals,33.23,USD,33.23,2024-03-10
P005979,I005531,Meals,92.83,EUR,101.18,2025-03-21
P005980,I004717,Travel,193.22,USD,193.22,2024-01-16
P005981,I004589,Honoraria,904.63,eur,986.05,2024-09-05
P005982,I004782,Travel,367.76,EUR,400.86,2024-05-14
P005983,I002268,Meals,84.22,MXN,4.88,2024-03-26
P005984,I002562,Venue/AV,1793.98,INR,21.53,2025-04-21
P005985,I000162,Lodging,282.84,MXN,16.4,2024-03-22
P005986,I001559,Meals,192.56,USD,192.56,2025-04-29
P005987,I004473,Meals,76.61,USD,76.61,2024-11-17
P005988,I002050,Venue/AV,2054.49,BRL,410.9,2024-02-17
P005989,I001047,Lodging,946.44,MXN,54.89,2025-05-30
P005990,I005049,Venue/AV,2156.95,BRL,431.39,2025-02-25
P005991,I006209,Lodging,830.71,BRL,166.14,2025-03-14
P005992,I005053,Meals,87.15,USD,87.15,2025-05-09
P005993,I005080,Meals,16.07,EUR,17.52,2024-06-19
P005994,I005782,Meals,171.08,INR,2.05,2025-04-19
P005995,I006722,Lodging,504.06,BRL,100.81,2025-04-15
P005996,I001499,Meals,51.15,CAD,37.85,2025-02-17
P005997,I005537,Lodging,5275.24,BRL,1055.05,2024-12-25
P005998,I002052,Meals,40.05,EUR,43.65,2025-06-11
P005999,I001698,Meals,169.8,MXN,9.85,2024-12-24
P006000,I002149,Meals,67.53,INR,0.81,2024-06-12
P006001,I004842,Travel,132.76,EUR,144.71,2024-02-15
P006002,I006518,Honoraria,767.0,MXN,44.49,2024-06-09
P006003,I001938,Lodging,151.65,EUR,165.3,2024-09-01
P006004,I004895,Honoraria,281.0,INR,3.37,2024-08-14
P006005,I001576,Travel,288.65,JPY,1.93,2024-12-31
P006006,I000603,Meals,154.08,EUR,167.95,2024-11-02
P006007,I006387,Lodging,141.11,USD,141.11,2024-11-20
P006008,I002549,Travel,420.49,EUR,458.33,2025-02-12
P006009,I000478,Travel,455.4,BRL,91.08,2024-11-13
P006010,I004438,Meals,108.28,BRL,21.66,2024-10-28
P006011,I004454,Meals,121.19,INR,1.45,2024-07-26
P006012,I006729,Lodging,163.7,INR,1.96,2024-10-06
P006013,I004984,Meals,37.69,INR,0.45,2024-04-25
P006014,I006076,Meals,64.02,EUR,69.78,2024-08-29
P006015,I002486,Meals,39.35,INR,0.47,2024-12-14
P006016,I001601,Meals,176.17,BRL,35.23,2024-11-23
P006017,I005310,Lodging,634.08,INR,7.61,2025-03-12
P006018,I005117,Meals,72.71,USD,72.71,2024-07-17
P006019,I004136,Meals,148.32,JPY,0.99,2025-01-14
P006020,I004771,Honoraria,1000.05,USD,1000.05,2025-04-17
P006021,I002124,Meals,63.48,INR,0.76,2024-08-25
P006022,I004055,Lodging,210.76,EUR,229.73,2025-06-14
P006023,I005245,Meals,69.19,USD,69.19,2025-03-11
P006024,I003262,Meals,89.03,USD,89.03,2025-05-06
P006025,I003108,Venue/AV,3996.2,JPY,26.77,2025-06-08
P006026,I001405,Travel,373.62,INR,4.48,2025-04-15
P006027,I002211,Travel,981.03,USD,981.03,2024-11-04
P006028,I004741,Venue/AV,1041.27,BRL,208.25,2024-10-06
P006029,I002672,Lodging,216.84,MXN,12.58,2024-06-06
P006030,I004114,Meals,51.13,CAD,37.84,2024-03-11
P006031,I002246,Meals,116.18,JPY,0.78,2025-04-27
P006032,I000897,Meals,73.85,EUR,80.5,2024-10-27
P006033,I005843,Travel,427.24,CAD,316.16,2024-08-21
P006034,I004036,Meals,29.87,BRL,5.97,2024-11-20
P006035,I006913,Honoraria,1510.56,INR,18.13,2025/07/08
P006036,I005755,Travel,466.14,EUR,508.09,2024-07-03
P006037,I005389,Meals,36.43,INR,0.44,2024-10-24
P006038,I004543,Meals,55.78,USD,55.78,2025-05-20
P006039,I004470,Travel,342.37,GBP,434.81,2024-05-07
P006040,I002551,Venue/AV,1606.58,BRL,321.32,2024-09-27
P006041,I006183,Meals,59.34,USD,59.34,2024-09-09
P006042,I006253,Honoraria,1483.79,EUR,1617.33,2024-08-15
P006043,I003036,Travel,547.89,JPY,3.67,2024-02-25
P006044,I001836,Meals,116.02,USD,116.02,2025-01-05
P006045,I001090,Meals,146.49,EUR,159.67,2024-01-19
P006046,I004206,Travel,160.68,CAD,118.9,2024-12-25
P006047,I004469,Meals,151.06,USD,151.06,2024-10-08
P006048,I006724,Meals,87.24,GBP,110.79,2025-06-13
P006049,I003011,Meals,65.94,BRL,13.19,2024-03-09
P006050,I000133,Travel,333.1,JPY,2.23,2024-09-21
P006051,I005350,Meals,45.07,EUR,49.13,2024-08-09
P006052,I006740,Meals,19.75,EUR,21.53,2025-07-06
P006053,I005798,Honoraria,1430.82,EUR,1559.59,2024-11-28
P006054,I005791,Meals,189.19,CAD,140.0,2024-06-29
P006055,I004405,Honoraria,790.68,BRL,158.14,2024-02-03
P006056,I005590,Venue/AV,6969.94,GBP,8851.82,2025-05-09
P006057,I003453,Meals,211.56,BRL,42.31,2024-09-09
P006058,I005359,Venue/AV,3833.3,EUR,4178.3,2024-06-06
P006059,I006386,Meals,76.7,EUR,83.6,2024-12-09
P006060,I003510,Travel,385.37,BRL,77.07,2024-09-03
P006061,I001783,Travel,875.46,eur,954.25,2024-03-12
P006062,I003523,Meals,104.53,EUR,113.94,2025-02-25
P006063,I005580,Honoraria,1416.66,EUR,1544.16,2024-06-23
P006064,I004779,Honoraria,1058.58,USD,1058.58,2024-08-19
P006065,I003439,Travel,317.68,EUR,346.27,2024-07-22
P006066,I001699,Travel,111.15,GBP,141.16,2025-01-18
P006067,I000081,Lodging,329.65,BRL,,2024-07-03
P006068,I005430,Meals,44.23,BRL,8.85,2024-01-16
P006069,I004877,Honoraria,1590.6,CAD,1177.04,2024-08-01
P006070,I002907,Meals,147.84,EUR,161.15,2024-03-08
P006071,I003708,Honoraria,480.73,eur,524.0,2024-01-05
P006072,I002158,Meals,80.46,MXN,4.67,2025-04-10
P006073,I003083,Travel,189.72,EUR,206.79,2024-10-01
P006074,I004722,Lodging,384.32,EUR,418.91,2025-06-22
P006075,I004030,Lodging,337.67,GBP,428.84,2024-03-10
P006076,I006385,Travel,330.93,CAD,244.89,2025-05-15
P006077,I011792,Honoraria,1394.95,JPY,9.35,2024-12-10
P006078,I006992,Travel,665.04,MXN,38.57,2024-03-21
P006079,I001314,Meals,48.81,EUR,53.2,2024-08-14
P006080,I001014,Honoraria,767.7,MXN,44.53,2024-05-23
P006081,I005161,Honoraria,1366.41,EUR,1489.39,2024-12-10
P006082,I005253,Meals,94.11,MXN,5.46,2024-05-11
P006083,I006343,Meals,37.24,EUR,40.59,2025-04-09
P006084,I004814,Honoraria,761.93,USD,761.93,2024-11-05
P006085,I000331,Meals,34.22,CAD,25.32,2024-08-09
P006086,I005484,Travel,412.55,BRL,82.51,2024-11-09
P006087,I003239,Travel,211.49,EUR,230.52,2024-12-15
P006088,I009342,Honoraria,1113.96,EUR,1214.22,2024-05-26
P006089,I000729,Honoraria,4891.36,GBP,6212.03,2024-12-19
P006090,I000978,Travel,175.56,CAD,129.91,2024-02-27
P006091,I003631,Travel,379.98,JPY,2.55,2024-10-26
P006092,I006515,Travel,668.23,GBP,848.65,2024-10-21
P006093,I003840,Meals,89.51,jpy,0.6,2024-07-04
P006094,I006295,Honoraria,727.55,EUR,793.03,2025-07-05
P006095,I003825,Travel,355.55,EUR,387.55,2024-11-08
P006096,I000284,Travel,442.27,MXN,25.65,2024-03-25
P006097,I000678,Meals,32.74,USD,32.74,2025-03-02
P006098,I002607,Travel,491.83,BRL,98.37,2024-11-06
P006099,I003076,Travel,256.23,GBP,325.41,2025-01-11
P006100,I006108,Meals,151.3,MXN,8.78,2025-06-09
P006101,I003283,Lodging,258.99,CAD,191.65,2024-06-08
P006102,I004346,Meals,63.47,JPY,,2024-08-07
P006103,I000676,Meals,91.39,BRL,18.28,2024-02-22
P006104,I006121,Travel,112.03,USD,112.03,2025-04-12
P006105,I004881,Travel,713.08,JPY,4.78,2024-09-24
P006106,I000528,Meals,174.08,BRL,34.82,2025-05-06
P006107,I006544,Travel,251.75,MXN,14.6,2024-03-29
P006108,I000175,Travel,583.13,GBP,740.58,2025-03-19
P006109,I001802,Honoraria,2044.83,INR,24.54,2025-01-14
P006110,I006105,Meals,77.96,JPY,0.52,2025-06-14
P006111,I006272,Meals,284.55,CAD,210.57,2024-02-12
P006112,I001828,Meals,20.09,EUR,21.9,2024-04-07
P006113,I005502,Lodging,466.88,JPY,3.13,2024-10-13
P006114,I005521,Meals,26.26,EUR,,2024-04-12
P006115,I001700,Travel,740.63,GBP,940.6,2024-04-16
P006116,I000860,Travel,192.5,INR,,2025-03-15
P006117,I003741,Travel,173.67,MXN,10.07,2024-03-02
P006118,I004884,Meals,98.36,USD,98.36,2024-05-16
P006119,I000397,Honoraria,1804.57,EUR,1966.98,2025-06-01
P006120,I004282,Meals,30.17,JPY,0.2,2024-07-22
P006121,I006399,Meals,27.36,JPY,0.18,2024-06-08
P006122,I005932,Meals,122.35,EUR,133.36,2024-03-20
P006123,I006709,Travel,150.79,EUR,164.36,2024-04-02
P006124,I005500,Meals,140.57,USD,140.57,2024-10-24
P006125,I006353,Meals,87.38,EUR,95.24,2024-04-05
P006126,I003086,Meals,28.57,EUR,31.14,2024-06-25
P006127,I000331,Meals,91.31,CAD,67.57,2024-07-05
P006128,I001351,Meals,63.83,JPY,0.43,2024-07-10
P006129,I001670,Honoraria,1498.7,INR,17.98,2024-04-15
P006130,I002085,Meals,91.29,GBP,115.94,2024-10-31
P006131,I002967,Meals,210.59,CAD,155.84,2024-03-14
P006132,I005784,Meals,145.69,INR,1.75,2024-11-14
P006133,I000834,Honoraria,2574.27,MXN,149.31,2025/07/07
P006134,I002370,Honoraria,766.65,CAD,567.32,2024-12-06
P006135,I001024,Travel,592.11,INR,7.11,2025-02-12
P006136,I006892,Travel,442.53,INR,5.31,2025-06-27
P006137,I004966,Travel,419.21,BRL,83.84,2024-09-15
P006138,I005213,Meals,35.45,MXN,2.06,2025-02-18
P006139,I000770,Venue/AV,3386.22,MXN,196.4,2025-05-04
P006140,I003518,Honoraria,704.26,USD,704.26,2024-03-30
P006141,I004910,Travel,869.31,EUR,947.55,2025-02-17
P006142,I004870,Meals,37.44,GBP,47.55,2025-04-26
P006143,I004470,Lodging,384.76,EUR,419.39,2024-05-29
P006144,I003820,Meals,85.44,EUR,93.13,2024-10-10
P006145,I005933,Meals,44.93,BRL,8.99,2024-07-20
P006146,I001144,Meals,69.96,MXN,4.06,2024-12-05
P006147,I000347,Meals,108.35,CAD,80.18,2024-11-04
P006148,I002928,Lodging,97.65,CAD,72.26,2025-02-03
P006149,I005511,Meals,125.8,JPY,0.84,2024-10-23
P006150,I004975,Lodging,285.32,BRL,57.06,2025-05-07
P006151,I002576,Meals,25.27,EUR,27.54,2025-03-25
P006152,I005739,Meals,56.12,EUR,61.17,2024-06-01
P006153,I002915,Honoraria,2540.05,USD,2540.05,2024-08-26
P006154,I005893,Honoraria,622.65,EUR,678.69,2024-05-20
P006155,I005694,Meals,200.71,JPY,1.34,2024-02-10
P006156,I006662,Honoraria,886.15,EUR,965.9,2024-11-26
P006157,I002448,Honoraria,858.0,JPY,5.75,2025-05-11
P006158,I006967,Meals,228.37,CAD,168.99,
P006159,I000222,Meals,85.76,GBP,108.92,2025-06-26
P006160,I001822,Honoraria,1803.27,USD,1803.27,2024-01-31
P006161,I006703,Meals,45.55,JPY,0.31,2024-04-07
P006162,I002545,Travel,274.68,GBP,348.84,2024-09-21
P006163,I006033,Travel,180.83,CAD,133.81,2024-09-02
P006164,I001396,Venue/AV,2316.46,EUR,2524.94,2024-03-30
P006165,I000901,Lodging,231.01,EUR,251.8,2025-06-17
P006166,I001322,Travel,359.83,EUR,392.21,2024-11-15
P006167,I001363,Meals,241.29,BRL,,2025-08-04
P006168,I001385,Travel,417.67,JPY,2.8,2024-09-01
P006169,I001005,Meals,363.2,INR,4.36,2025-05-31
P006170,I002265,Lodging,714.52,MXN,41.44,2024-09-12
P006171,I000805,Meals,22.83,MXN,1.32,2024-05-15
P006172,I003386,Meals,142.52,MXN,8.27,2024-03-05
P006173,I004956,Lodging,258.5,INR,3.1,2024-03-18
P006174,I003419,Meals,55.1,MXN,3.2,2024-03-04
P006175,I003006,Meals,133.02,EUR,144.99,2024-03-18
P006176,I004495,Meals,76.37,EUR,83.24,2024-02-19
P006177,I006438,Meals,113.24,BRL,22.65,2024-10-22
P006178,I005041,Meals,71.16,USD,71.16,2024-10-27
P006179,I005490,Travel,649.13,USD,649.13,2025-06-28
P006180,I001623,Honoraria,2413.48,EUR,2630.69,2024-03-27
P006181,I006012,Honoraria,1086.84,CAD,804.26,2025-05-17
P006182,I005353,Meals,140.63,EUR,153.29,2024-05-17
P006183,I002870,Meals,179.97,BRL,,2024-01-23
P006184,I006557,Meals,129.8,MXN,7.53,2024-02-19
P006185,I004339,Venue/AV,1088.0,BRL,217.6,2024-11-11
P006186,I002375,Travel,330.11,BRL,66.02,2024-01-31
P006187,I002865,Honoraria,1324.43,MXN,76.82,2025-02-05
P006188,I006963,Meals,68.93,BRL,13.79,2025-01-19
P006189,I003746,Travel,555.51,EUR,605.51,2024-12-30
P006190,I003398,Meals,99.01,EUR,107.92,2024-06-10
P006191,I001548,Travel,158.08,MXN,9.17,2024-10-02
P006192,I005937,Meals,120.18,EUR,131.0,2024-05-25
P006193,I005360,Meals,94.03,JPY,0.63,2024-06-28
P006194,I002043,Meals,55.41,EUR,60.4,2024-05-05
P006195,I005212,Lodging,477.35,GBP,606.23,2024-12-16
P006196,I004038,Lodging,434.49,CAD,321.52,2025-01-14
P006197,I002737,Meals,67.81,EUR,73.91,2024-03-22
P006198,I000910,Lodging,557.33,MXN,32.33,2025-05-01
P006199,I002616,Lodging,126.96,EUR,138.39,2024-05-21
P006200,I005000,Lodging,523.78,BRL,104.76,2024-04-04
P006201,I003923,Travel,435.75,MXN,25.27,2024-10-07
P006202,I004818,Honoraria,673.63,CAD,498.49,2025-05-20
P006203,I003297,Meals,66.08,EUR,72.03,2024-05-15
P006204,I005214,Meals,41.87,CAD,30.98,2025-01-04
P006205,I000780,Meals,123.94,USD,123.94,2025-01-13
P006206,I002337,Travel,375.16,MXN,21.76,2024-05-22
P006207,I006255,Meals,39.37,EUR,42.91,2024-12-21
P006208,I004127,Travel,301.27,MXN,17.47,2025-03-29
P006209,I002893,Meals,58.7,EUR,63.98,2024-11-21
P006210,I002699,Travel,224.59,USD,224.59,2025-05-30
P006211,I005007,Meals,101.5,EUR,110.64,2024-11-26
P006212,I004652,Travel,1185.84,JPY,7.95,2024-06-23
P006213,I004997,Travel,268.57,USD,268.57,2025-04-05
P006214,I000718,Meals,86.51,GBP,109.87,2024-08-06
P006215,I005926,Travel,140.23,EUR,152.85,2024-12-22
P006216,I005357,Venue/AV,1745.92,EUR,1903.05,2024-01-12
P006217,I005262,Travel,139.19,GBP,176.77,2024-12-21
P006218,I002984,Lodging,212.71,GBP,270.14,2025-02-05
P006219,I003243,Meals,46.8,INR,0.56,2025-07-15
P006220,I004567,Travel,902.84,JPY,6.05,2024-09-07
P006221,I003157,Lodging,454.61,CAD,336.41,2024-11-11
P006222,I002683,Meals,104.65,GBP,132.91,2025-03-05
P006223,I001391,Lodging,200.02,EUR,218.02,2025-07-21
P006224,I005518,Travel,324.13,INR,3.89,2024-02-17
P006225,I005328,Meals,118.89,GBP,150.99,2024-03-20
P006226,I006284,Honoraria,4695.37,INR,56.34,2024-09-19
P006227,I000318,Meals,107.49,USD,107.49,2024-02-11
P006228,I011552,Lodging,1003.53,JPY,6.72,2024-11-08
P006229,I002689,Meals,46.48,MXN,2.7,2024-02-27
P006230,I003295,Venue/AV,4971.55,EUR,5418.99,2024-11-06
P006231,I003661,Travel,147.05,INR,1.76,2024-08-21
P006232,I006794,Meals,68.89,EUR,75.09,2024-03-16
P006233,I004927,Travel,353.04,GBP,,2024-04-02
P006234,I005913,Travel,275.23,GBP,349.54,2024-04-26
P006235,I005073,Honoraria,952.99,BRL,190.6,2025-03-05
P006236,I002462,Meals,339.82,USD,339.82,2025-05-12
P006237,I001047,Travel,174.81,MXN,10.14,2025-05-22
P006238,I001413,Honoraria,775.05,JPY,5.19,2024-08-17
P006239,I005949,Meals,65.03,MXN,3.77,2024-05-18
P006240,I002021,Travel,792.4,EUR,863.72,2025-02-19
P006241,I001618,Meals,56.66,BRL,11.33,2024-07-20
P006242,I005342,Travel,214.97,MXN,12.47,2024-02-22
P006243,I004293,Meals,93.73,INR,1.12,2024-04-26
P006244,I006600,Travel,522.95,EUR,570.02,2025-01-25
P006245,I002057,Honoraria,1680.01,USD,1680.01,2024-09-04
P006246,I005251,Travel,371.49,USD,371.49,2025-02-01
P006247,I001927,Lodging,135.6,USD,135.6,2024-09-07
P006248,I001573,Travel,801.82,EUR,873.98,2024-12-13
P006249,I005293,Meals,56.41,USD,56.41,2025-07-07
P006250,I006039,Honoraria,1057.66,MXN,61.34,2024-05-23
P006251,I004188,Honoraria,793.73,MXN,46.04,2025-06-29
P006252,I006688,Honoraria,1336.8,JPY,8.96,2024-06-03
P006253,I004335,Meals,61.19,JPY,0.41,2025-03-29
P006254,I005739,Meals,89.12,GBP,113.18,2024-06-04
P006255,I002574,Meals,142.52,EUR,,2024-03-22
P006256,I003650,Honoraria,890.52,JPY,,2025-01-15
P006257,I002630,Travel,285.16,EUR,310.82,2024-12-20
P006258,I004364,Lodging,169.43,EUR,184.68,2024-06-03
P006259,I003187,Lodging,471.34,BRL,94.27,2024-07-04
P006260,I000572,Lodging,232.69,USD,232.69,2025-04-09
P006261,I004335,Travel,161.3,JPY,1.08,2025-03-09
P006262,I001201,Meals,52.44,CAD,38.81,2024-07-15
P006263,I003051,Travel,312.6,USD,312.6,2024-12-15
P006264,I004420,Travel,319.32,USD,319.32,2024-06-01
P006265,I002017,Meals,19.16,EUR,20.88,2024-07-13
P006266,I000342,Honoraria,603.4,EUR,657.71,2024-05-03
P006267,I006592,Honoraria,690.93,CAD,511.29,2024/07/31
P006268,I000105,Meals,204.7,USD,204.7,2024-07-14
P006269,I004621,Meals,133.06,USD,133.06,2024-02-24
P006270,I000435,Meals,151.42,USD,151.42,2024-08-11
P006271,I006732,Meals,115.99,EUR,126.43,2025-07-27
P006272,I004112,Honoraria,1610.28,EUR,1755.21,2024-12-30
P006273,I004153,Travel,574.31,CAD,424.99,2024-09-08
P006274,I006281,Meals,59.79,GBP,75.93,2024-07-27
P006275,I005410,Meals,72.4,CAD,,2024-05-23
P006276,I006052,Venue/AV,3904.08,INR,46.85,2024-02-21
P006277,I002323,Honoraria,546.85,BRL,109.37,2024-10-10
P006278,I004536,Lodging,652.57,GBP,828.76,2024-04-24
P006279,I003769,Meals,384.0,CAD,284.16,2024-10-08
P006280,I005031,Honoraria,2331.44,CAD,1725.27,2025-05-09
P006281,I000963,Travel,528.48,EUR,576.04,2025-06-11
P006282,I001580,Travel,217.75,EUR,237.35,2024-05-25
P006283,I003495,Travel,1117.13,EUR,1217.67,2025-02-25
P006284,I002165,Travel,207.67,BRL,41.53,2025-04-16
P006285,I002002,Meals,78.81,EUR,85.9,2025-02-03
P006286,I006999,Meals,81.8,JPY,0.55,2024-04-15
P006287,I002091,Meals,131.62,jpy,0.88,2025-01-17
P006288,I003488,Honoraria,969.04,JPY,6.49,2024/01/28
P006289,I003346,Travel,362.52,EUR,395.15,2025-06-06
P006290,I004319,Meals,85.06,MXN,4.93,2024-06-07
P006291,I006528,Lodging,171.52,JPY,1.15,2024-02-17
P006292,I003171,Meals,130.99,MXN,7.6,2024-10-14
P006293,I011614,Travel,241.6,JPY,1.62,2024-10-20
P006294,I006442,Travel,145.2,USD,145.2,2025-01-06
P006295,I002511,Honoraria,1002.13,GBP,1272.71,2025-04-27
P006296,I004386,Travel,497.22,INR,5.97,2024-09-09
P006297,I004504,Meals,38.33,USD,38.33,2025-07-02
P006298,I004112,Meals,48.91,EUR,53.31,2024-12-21
P006299,I006086,Meals,81.71,CAD,60.47,2025-02-20
P006300,I006288,Travel,363.32,BRL,72.66,2024-10-12
P006301,I004275,Meals,33.78,EUR,36.82,2024-03-09
P006302,I000546,Lodging,1034.8,CAD,765.75,2024-03-20
P006303,I004309,Meals,100.96,EUR,110.05,2024-06-14
P006304,I006947,Lodging,768.07,EUR,837.2,2024-09-11
P006305,I006678,Meals,108.2,EUR,117.94,2025-05-24
P006306,I003008,Meals,34.43,USD,34.43,2024-09-08
P006307,I001909,Travel,126.17,GBP,160.24,2024-09-20
P006308,I000789,Meals,50.17,JPY,0.34,2025-05-02
P006309,I002380,Venue/AV,543.19,JPY,3.64,2024-03-18
P006310,I000839,Meals,79.04,EUR,86.15,2024-11-24
P006311,I004750,Travel,237.4,INR,2.85,2025-05-01
P006312,I000674,Honoraria,1201.86,EUR,1310.03,2024-05-28
P006313,I000992,Meals,123.85,GBP,157.29,2025-07-22
P006314,I004828,Meals,155.74,JPY,1.04,2025-03-02
P006315,I001241,Meals,48.17,INR,0.58,2024-05-14
P006316,I000338,Honoraria,609.71,USD,609.71,2025-06-06
P006317,I001910,Travel,291.45,JPY,1.95,2024-07-02
P006318,I006156,Travel,150.63,JPY,1.01,2025-04-07
P006319,I000073,Travel,450.11,GBP,571.64,2024-07-22
P006320,I000199,Honoraria,633.25,BRL,126.65,2025-02-02
P006321,I002459,Honoraria,1819.55,CAD,1346.47,2024-11-27
P006322,I000941,Travel,384.84,GBP,488.75,2024-03-02
P006323,I003180,Honoraria,592.58,JPY,3.97,2024-02-06
P006324,I004489,Venue/AV,917.51,usd,917.51,2024-06-03
P006325,I006954,Travel,246.79,MXN,14.31,2024-07-18
P006326,I006548,Meals,101.52,JPY,0.68,2025-02-02
P006327,I003793,Meals,65.28,EUR,71.16,2024/08/30
P006328,I001263,Venue/AV,5140.86,USD,5140.86,2024-03-03
P006329,I003258,Honoraria,1362.62,BRL,272.52,2024-03-25
P006330,I002194,Honoraria,806.8,CAD,597.03,2024-03-25
P006331,I004427,Meals,61.94,GBP,78.66,2025-01-13
P006332,I006483,Meals,36.67,EUR,39.97,2025-05-28
P006333,I000781,Meals,128.72,JPY,0.86,2025-01-20
P006334,I003838,Meals,48.02,EUR,52.34,2024-05-11
P006335,I001594,Travel,282.15,EUR,307.54,2024-08-17
P006336,I006974,Lodging,244.34,EUR,266.33,2024-01-15
P006337,I005577,Lodging,948.2,BRL,189.64,2025-03-30
P006338,I004723,Meals,32.1,EUR,34.99,2024-11-18
P006339,I001003,Lodging,383.47,MXN,22.24,2024-07-02
P006340,I006390,Meals,50.82,USD,50.82,2025-02-28
P006341,I006905,Honoraria,1519.13,CAD,1124.16,2025-01-08
P006342,I002884,Lodging,521.26,JPY,3.49,2024-08-09
P006343,I004607,Honoraria,761.27,GBP,966.81,2024-05-23
P006344,I006503,Meals,118.53,JPY,0.79,2025-05-30
P006345,I001399,Honoraria,1680.91,USD,1680.91,2024-04-18
P006346,I001995,Honoraria,3793.12,INR,45.52,2024-06-18
P006347,I000807,Meals,46.08,JPY,0.31,2024-10-27
P006348,I002008,Travel,161.65,EUR,176.2,2024-09-02
P006349,I005920,Meals,37.72,USD,37.72,2024-03-14
P006350,I004464,Meals,46.74,BRL,9.35,2024-04-01
P006351,I004253,Lodging,784.02,cad,580.17,2024-12-08
P006352,I000394,Travel,139.72,MXN,8.1,2024-09-01
P006353,I001761,Meals,84.29,EUR,91.88,2024-06-09
P006354,I001449,Lodging,422.27,EUR,460.27,2025-03-28
P006355,I006039,Meals,103.75,BRL,20.75,2024-06-09
P006356,I006623,Meals,97.82,JPY,,2024-11-28
P006357,I001443,Travel,345.8,BRL,69.16,2024-04-20
P006358,I001291,Travel,181.15,BRL,36.23,2024-06-02
P006359,I006428,Meals,55.71,CAD,41.23,2024-06-13
P006360,I005799,Travel,298.31,BRL,59.66,2024-04-03
P006361,I003766,Travel,1005.06,EUR,1095.52,2024-03-21
P006362,I001699,Travel,460.96,GBP,585.42,2025-02-02
P006363,I005533,Meals,75.32,EUR,82.1,2025-04-25
P006364,I003363,Travel,307.56,EUR,335.24,2024-04-14
P006365,I002015,Lodging,225.68,USD,225.68,2025-07-01
P006366,I004220,Travel,246.86,MXN,14.32,2024-07-31
P006367,I001525,Honoraria,1430.21,USD,1430.21,2024-07-10
P006368,I001078,Meals,94.11,BRL,18.82,2024-06-04
P006369,I001398,Lodging,596.49,BRL,119.3,2025-07-29
P006370,I005155,Travel,372.37,JPY,2.49,2025-05-16
P006371,I000451,Meals,42.56,EUR,46.39,2024-12-14
P006372,I000945,Travel,316.15,BRL,63.23,2024-06-08
P006373,I001302,Venue/AV,2819.91,EUR,3073.7,2025-05-02
P006374,I004532,Meals,248.64,GBP,315.77,2024-08-01
P006375,I000411,Meals,88.84,CAD,65.74,2025-01-14
P006376,I000995,Travel,830.54,INR,9.97,2024-07-09
P006377,I006899,Meals,44.13,JPY,0.3,2025-02-08
P006378,I003347,Honoraria,1095.58,INR,13.15,2024-02-20
P006379,I002474,Meals,125.01,eur,136.26,2024-07-22
P006380,I003881,Meals,149.03,EUR,162.44,2024-06-17
P006381,I005059,Travel,206.55,JPY,1.38,2024-04-17
P006382,I000057,Travel,846.84,MXN,49.12,2024-06-17
P006383,I001130,Venue/AV,1101.07,EUR,1200.17,2024-09-11
P006384,I000420,Meals,89.99,CAD,66.59,2024-07-02
P006385,I004792,Travel,323.21,EUR,352.3,2024-03-02
P006386,I002062,Meals,155.42,MXN,9.01,2024-08-28
P006387,I004520,Meals,78.76,JPY,0.53,2024-03-06
P006388,I004713,Meals,80.17,EUR,87.39,2024-11-15
P006389,I006347,Meals,111.96,EUR,122.04,2025-06-16
P006390,I004761,Honoraria,536.7,EUR,585.0,2025-01-06
P006391,I002715,Travel,457.91,INR,5.49,2025-06-23
P006392,I000229,Honoraria,691.77,GBP,878.55,2025-05-22
P006393,I001292,Meals,118.98,CAD,88.05,2024-10-02
P006394,I002071,Travel,159.18,CAD,117.79,2024-04-30
P006395,I002830,Meals,24.72,CAD,18.29,2025-01-02
P006396,I006243,Honoraria,1149.2,INR,13.79,2024-10-01
P006397,I000743,Honoraria,1318.38,USD,1318.38,2025-02-03
P006398,I006395,Lodging,1432.91,INR,17.19,2024-09-23
P006399,I004903,Meals,88.61,CAD,65.57,2025-04-30
P006400,I002430,Meals,32.26,CAD,23.87,2025-05-14
P006401,I005071,Meals,108.78,CAD,80.5,2024-08-18
P006402,I005195,Meals,226.28,eur,246.65,2024-08-17
P006403,I002757,Lodging,369.3,USD,369.3,2024-12-26
P006404,I000548,Travel,724.95,CAD,536.46,2024-12-27
P006405,I006067,Meals,62.77,MXN,3.64,2025-07-25
P006406,I003600,Meals,66.95,CAD,49.54,2024-03-22
P006407,I002171,Honoraria,1913.39,MXN,110.98,2025-03-15
P006408,I003530,Honoraria,360.44,EUR,392.88,2024-12-31
P006409,I005133,Honoraria,689.21,GBP,875.3,2024-06-01
P006410,I000394,Lodging,492.93,BRL,98.59,2024-08-06
P006411,I002043,Honoraria,782.63,GBP,993.94,2024-05-30
P006412,I006416,Meals,62.07,CAD,45.93,2024-06-16
P006413,I000805,Meals,1836.52,CAD,1359.02,2024-04-08
P006414,I002223,Meals,128.82,BRL,25.76,2024-10-04
P006415,I000324,Lodging,252.01,EUR,274.69,2024-07-23
P006416,I005662,Travel,1290.52,INR,15.49,2024-05-05
P006417,I003837,Meals,64.1,USD,64.1,2025-01-20
P006418,I000191,Meals,29.89,USD,29.89,2024-07-29
P006419,I003989,Venue/AV,1622.47,MXN,94.1,2025-02-22
P006420,I006874,Travel,310.77,USD,310.77,2024-10-26
P006421,I003061,Travel,450.74,INR,5.41,2024-02-18
P006422,I006079,Venue/AV,284.2,BRL,56.84,2024-03-25
P006423,I001047,Travel,408.25,CAD,302.11,2025-05-31
P006424,I005768,Meals,174.9,mxn,10.14,2025-01-25
P006425,I001381,Lodging,937.11,CAD,693.46,2025-02-15
P006426,I011043,Meals,48.04,EUR,52.36,2025-04-18
P006427,I000480,Honoraria,735.81,EUR,802.03,2024-09-13
P006428,I004443,Travel,177.54,USD,177.54,2024-09-14
P006429,I000452,Honoraria,843.35,USD,843.35,2024-02-18
P006430,I004644,Travel,410.67,EUR,447.63,2024-02-15
P006431,I001548,Travel,681.55,BRL,136.31,2024-09-29
P006432,I001748,Meals,67.05,MXN,3.89,2024-03-10
P006433,I002403,Meals,140.7,BRL,28.14,2024-07-21
P006434,I004644,Meals,76.44,EUR,83.32,2024-03-24
P006435,I003185,Travel,216.76,JPY,1.45,2025-07-14
P006436,I006701,Travel,512.78,USD,512.78,2024-12-02
P006437,I006434,Meals,103.92,INR,1.25,2025-02-05
P006438,I005656,Travel,1046.54,INR,12.56,2025-01-17
P006439,I005957,Meals,56.68,USD,56.68,2025-01-10
P006440,I002673,Venue/AV,1684.32,EUR,1835.91,2025-06-11
P006441,I002029,Lodging,290.76,CAD,215.16,2025-06-22
P006442,I001818,Honoraria,975.61,MXN,56.59,2024-09-26
P006443,I005633,Travel,479.31,MXN,27.8,2024-04-24
P006444,I002197,Meals,122.35,CAD,90.54,2025-06-19
P006445,I002255,Lodging,504.65,MXN,29.27,2025-02-05
P006446,I005578,Meals,32.22,BRL,6.44,2025-05-26
P006447,I004928,Meals,56.01,USD,56.01,2025-05-03
P006448,I002106,Honoraria,505.48,MXN,29.32,2024-07-27
P006449,I001961,Travel,359.53,BRL,71.91,2024-10-03
P006450,I005313,Meals,169.67,BRL,33.93,2025-04-13
P006451,I006214,Honoraria,1266.78,MXN,73.47,2024-09-07
P006452,I006954,Meals,71.64,CAD,53.01,2024-07-23
P006453,I005145,Honoraria,2586.51,EUR,2819.3,2024-11-07
P006454,I000457,Travel,321.88,JPY,2.16,2024-03-24
P006455,I005661,Lodging,1326.65,BRL,265.33,2024-06-02
P006456,I001447,Honoraria,1868.26,INR,22.42,2024-05-06
P006457,I006134,Honoraria,542.28,EUR,591.09,2024-02-22
P006458,I006141,Honoraria,804.96,MXN,,2025-07-01
P006459,I001059,Meals,191.93,EUR,209.2,2024-08-29
P006460,I005592,Meals,56.49,INR,0.68,2025-08-01
P006461,I006754,Honoraria,1275.83,EUR,1390.65,2024-03-24
P006462,I002824,Meals,58.46,EUR,63.72,2025-06-12
P006463,I001436,Travel,418.33,USD,418.33,2024-08-30
P006464,I004987,Travel,229.7,GBP,291.72,2024-03-31
P006465,I004400,Honoraria,1108.96,GBP,1408.38,2025-08-08
P006466,I002543,Meals,41.22,GBP,52.35,2024-01-18
P006467,I004910,Meals,182.32,EUR,198.73,2025-03-17
P006468,I000506,Honoraria,2396.13,EUR,2611.78,2025-01-17
P006469,I002834,Meals,180.67,MXN,10.48,2024-04-23
P006470,I001180,Honoraria,458.24,BRL,91.65,2025-04-08
P006471,I005874,Meals,23.34,GBP,29.64,2024-03-14
P006472,I000476,Meals,65.89,CAD,48.76,2024-03-02
P006473,I006899,Honoraria,1531.13,JPY,10.26,2025-02-25
P006474,I005055,Meals,130.12,MXN,7.55,2025-06-14
P006475,I000096,Travel,367.19,INR,4.41,2024-05-16
P006476,I004588,Meals,45.52,EUR,49.62,2024-11-16
P006477,I005192,Meals,145.53,EUR,158.63,2025-01-11
P006478,I005948,Meals,26.89,MXN,1.56,2024-03-11
P006479,I003021,Meals,91.67,USD,91.67,2025-01-18
P006480,I003495,Honoraria,352.69,EUR,,2025-02-05
P006481,I001077,Honoraria,1275.3,MXN,73.97,2025-01-06
P006482,I004682,Meals,54.05,EUR,58.91,2025-03-02
P006483,I006598,Meals,157.59,EUR,171.77,2024-05-09
P006484,I003744,Meals,109.82,BRL,21.96,2025-06-26
P006485,I005726,Travel,467.54,CAD,345.98,2025-06-19
P006486,I003310,Lodging,567.63,JPY,3.8,2025-07-18
P006487,I004319,Lodging,377.47,CAD,279.33,2024-06-08
P006488,I001307,Travel,551.28,USD,551.28,2025-03-24
P006489,I006514,Lodging,743.98,INR,8.93,2025-04-10
P006490,I006025,Travel,793.09,USD,793.09,2024-08-12
P006491,I002174,Lodging,654.2,INR,7.85,2025-06-12
P006492,I002102,Lodging,315.65,CAD,233.58,2024-02-27
P006493,I005196,Honoraria,686.93,USD,686.93,2025-02-21
P006494,I003373,Meals,28.55,JPY,0.19,2024-08-26
P006495,I003359,Travel,290.36,USD,290.36,2025-04-24
P006496,I000265,Lodging,683.95,EUR,745.51,2024-04-05
P006497,I004982,Meals,91.3,CAD,67.56,2024-07-31
P006498,I001472,Travel,790.36,EUR,861.49,2025-05-02
P006499,I002447,Meals,32.14,EUR,35.03,2024-11-27
P006500,I004186,Lodging,363.64,EUR,396.37,2024-09-18
P006501,I000693,Meals,133.27,CAD,98.62,2025-05-15
P006502,I003257,Meals,32.57,INR,0.39,2024-10-29
P006503,I004492,Meals,28.81,CAD,21.32,2025-05-19
P006504,I000262,Travel,569.63,MXN,33.04,2024-03-14
P006505,I001517,Meals,60.37,JPY,0.4,2024-06-20
P006506,I000417,Venue/AV,2715.7,EUR,2960.11,2024-06-17
P006507,I002480,Honoraria,1550.62,JPY,10.39,2025-03-31
P006508,I005002,Lodging,251.63,JPY,,2024-11-03
P006509,I002043,Travel,605.48,GBP,768.96,2024-06-11
P006510,I000121,Venue/AV,2097.5,INR,25.17,2025-03-01
P006511,I004286,Travel,318.75,USD,318.75,2024-08-17
P006512,I001742,Venue/AV,2996.34,EUR,3266.01,2024-11-21
P006513,I006118,Travel,221.63,EUR,241.58,2024-08-03
P006514,I001362,Meals,90.92,GBP,115.47,2025-01-24
P006515,I000350,Travel,301.78,USD,301.78,2025-05-06
P006516,I001186,Meals,131.76,MXN,7.64,2024-09-08
P006517,I003609,Travel,344.1,EUR,375.07,2025-04-05
P006518,I005103,Meals,54.88,CAD,40.61,2024-11-20
P006519,I004281,Meals,199.46,USD,199.46,2024-09-07
P006520,I006354,Meals,51.98,CAD,38.47,2024-07-03
P006521,I001476,Meals,59.35,EUR,64.69,2024-12-29
P006522,I003958,Meals,66.8,BRL,13.36,2024-04-22
P006523,I007417,Meals,128.79,MXN,7.47,2024-08-04
P006524,I002780,Travel,725.5,MXN,42.08,2025-04-21
P006525,I001490,Honoraria,1539.88,EUR,1678.47,2025-01-07
P006526,I000358,Travel,153.44,INR,1.84,2024-10-11
P006527,I000958,Meals,57.44,MXN,3.33,2024-02-12
P006528,I000677,Meals,159.73,EUR,174.11,2024-11-21
P006529,I001017,Meals,148.12,EUR,161.45,2025-01-30
P006530,I002908,Meals,93.49,EUR,101.9,2024-02-28
P006531,I006788,Travel,403.05,GBP,511.87,2024-01-31
P006532,I005014,Meals,42.8,INR,0.51,2025-01-23
P006533,I002655,Honoraria,2304.59,EUR,2512.0,2024-02-06
P006534,I006684,Travel,509.5,CAD,377.03,2024-03-05
P006535,I004580,Meals,124.63,MXN,7.23,2024-08-08
P006536,I005833,Lodging,156.32,EUR,170.39,2024-11-08
P006537,I002538,Travel,226.52,EUR,246.91,2025-03-02
P006538,I001902,Travel,248.48,EUR,270.84,2024-05-01
P006539,I005574,Travel,332.65,JPY,2.23,2024-08-28
P006540,I001748,Honoraria,3039.76,MXN,176.31,2024-02-23
P006541,I003655,Meals,91.89,JPY,0.62,2024-06-03
P006542,I001485,Honoraria,2037.41,USD,2037.41,2025-05-20
P006543,I001958,Meals,58.53,EUR,63.8,2024-06-12
P006544,I003338,Travel,635.51,MXN,36.86,2024-12-27
P006545,I000399,Venue/AV,1797.14,JPY,12.04,2025-06-23
P006546,I006614,Venue/AV,1279.17,MXN,74.19,2025-04-30
P006547,I003658,Honoraria,426.59,USD,426.59,2024-02-23
P006548,I001799,Honoraria,577.59,CAD,427.42,2024-10-08
P006549,I006206,Honoraria,779.06,MXN,45.19,2025/04/14
P006550,I005364,Honoraria,2525.71,EUR,2753.02,2024-12-24
P006551,I010865,Meals,197.59,CAD,146.22,2025-04-11
P006552,I001671,Meals,67.78,GBP,86.08,2025-01-14
P006553,I001565,Honoraria,655.7,BRL,131.14,2024-04-08
P006554,I005810,Meals,113.0,EUR,123.17,2025-03-31
P006555,I003027,Meals,59.92,EUR,65.31,2024-05-27
P006556,I004439,Travel,244.98,MXN,14.21,2024-01-02
P006557,I002692,Travel,312.12,USD,312.12,2024-11-20
P006558,I000904,Honoraria,1471.1,GBP,1868.3,2024-04-19
P006559,I004901,Meals,130.53,EUR,142.28,2025-03-29
P006560,I002514,Meals,26.29,MXN,1.52,2024-05-30
P006561,I003952,Meals,126.56,EUR,137.95,2025-07-02
P006562,I002996,Meals,116.26,MXN,6.74,2024-10-04
P006563,I001585,Meals,50.86,MXN,2.95,2024-05-06
P006564,I003826,Travel,404.08,EUR,440.45,2024-11-11
P006565,I002911,Venue/AV,4245.28,GBP,5391.51,2025-01-08
P006566,I002509,Honoraria,1918.33,EUR,2090.98,2025-06-17
P006567,I001550,Lodging,263.44,CAD,194.95,2024-02-13
P006568,I003351,Lodging,1276.12,USD,1276.12,2025-01-16
P006569,I006982,Travel,459.91,CAD,,2024-07-01
P006570,I006688,Honoraria,1478.54,JPY,9.91,2024-06-02
P006571,I004663,Travel,456.43,BRL,91.29,2024-09-03
P006572,I006913,Meals,108.96,INR,1.31,2025-07-09
P006573,I004199,Meals,128.72,MXN,7.47,2024-01-29
P006574,I001021,Honoraria,854.22,GBP,1084.86,2025-01-07
P006575,I000106,Meals,54.75,GBP,69.53,2025-02-07
P006576,I003683,Honoraria,2215.66,MXN,128.51,2025-01-20
P006577,I000859,Meals,36.09,USD,36.09,2024-12-08
P006578,I001293,Meals,38.55,INR,0.46,2025-02-23
P006579,I006683,Lodging,849.1,CAD,628.33,2025-03-04
P006580,I000067,Venue/AV,2091.99,CAD,1548.07,2024-06-30
P006581,I001423,Meals,171.98,USD,171.98,2024-05-10
P006582,I011335,Honoraria,883.52,USD,883.52,2025-06-15
P006583,I000035,Meals,159.36,EUR,173.7,2025-03-11
P006584,I002032,Honoraria,612.18,GBP,777.47,2024-02-24
P006585,I002041,Meals,98.53,EUR,107.4,2025-03-22
P006586,I006333,Travel,415.44,USD,415.44,2024-10-08
P006587,I006143,Lodging,262.58,JPY,1.76,2024-10-11
P006588,I006171,Meals,116.98,CAD,86.57,2025-05-15
P006589,I002715,Meals,106.42,JPY,0.71,2025-07-13
P006590,I001009,Lodging,330.29,INR,3.96,2025-03-10
P006591,I001254,Travel,443.41,EUR,483.32,2024-02-07
P006592,I001149,Travel,334.78,CAD,247.74,2024-12-31
P006593,I002923,Honoraria,876.6,CAD,648.68,2025-05-04
P006594,I003096,Lodging,442.3,EUR,482.11,2024-01-28
P006595,I005471,Venue/AV,3872.32,EUR,4220.83,2024-09-16
P006596,I001366,Meals,57.51,INR,0.69,2025-02-15
P006597,I000435,Honoraria,554.9,CAD,410.63,2024-07-30
P006598,I003102,Lodging,247.18,JPY,1.66,2024-04-06
P006599,I011047,Travel,226.16,GBP,287.22,2025-06-18
P006600,I000908,Lodging,1306.92,USD,1306.92,2024-06-01
P006601,I005360,Lodging,1220.21,INR,14.64,2024-06-18
P006602,I002098,Honoraria,398.5,EUR,434.37,2025-04-02
P006603,I000061,Travel,506.33,EUR,551.9,2024-10-06
P006604,I002852,Lodging,471.07,MXN,27.32,2025-01-14
P006605,I003529,Meals,75.54,GBP,95.94,2024-05-08
P006606,I002196,Travel,541.6,MXN,31.41,2024-07-14
P006607,I005818,Lodging,143.32,EUR,156.22,2025-04-14
P006608,I000141,Meals,78.95,MXN,4.58,2024-07-23
P006609,I003530,Meals,61.59,EUR,67.13,2024-12-19
P006610,I001174,Meals,18.34,GBP,23.29,2024-06-28
P006611,I000526,Travel,267.54,EUR,291.62,2024-06-27
P006612,I002263,Honoraria,623.93,EUR,680.08,2025-01-02
P006613,I004080,Travel,261.79,EUR,285.35,2025-01-15
P006614,I005141,Honoraria,1561.8,EUR,1702.36,2024-11-10
P006615,I000075,Travel,394.29,CAD,291.77,2025-01-07
P006616,I001425,Honoraria,864.44,JPY,5.79,2024-08-20
P006617,I002238,Meals,74.22,CAD,54.92,2024-06-20
P006618,I000590,Honoraria,1287.12,USD,1287.12,2024-08-20
P006619,I002021,Travel,464.59,EUR,506.4,2025-02-20
P006620,I005605,Travel,629.39,EUR,686.04,2025-01-09
P006621,I004226,Meals,75.21,EUR,81.98,2025-04-19
P006622,I004441,Meals,380.57,EUR,414.82,2024-08-04
P006623,I001010,Meals,112.33,EUR,122.44,2024-02-13
P006624,I002804,Travel,252.8,EUR,275.55,2025-03-24
P006625,I005644,Meals,98.15,USD,98.15,2025-05-27
P006626,I001757,Travel,104.8,EUR,114.23,2024-11-22
P006627,I005579,Honoraria,2653.11,EUR,2891.89,2024-07-17
P006628,I002911,Meals,46.33,EUR,50.5,2024-11-27
P006629,I004832,Meals,56.27,MXN,3.26,2025-06-17
P006630,I006645,Travel,308.37,EUR,336.12,2024-05-12
P006631,I004265,Lodging,105.43,INR,1.27,2024-10-20
P006632,I004967,Travel,568.87,EUR,620.07,2024-04-06
P006633,I002882,Meals,74.43,CAD,55.08,2024-11-06
P006634,I003225,Meals,30.93,EUR,33.71,2024-10-11
P006635,I005369,Travel,923.74,BRL,184.75,2025-02-12
P006636,I005965,Lodging,150.18,EUR,163.7,2024-03-12
P006637,I000079,Meals,63.95,BRL,12.79,2025-06-01
P006638,I003095,Honoraria,1036.5,CAD,767.01,2024-02-22
P006639,I006979,Meals,30.21,BRL,6.04,2024-04-21
P006640,I006139,Meals,85.94,INR,,2024-03-16
P006641,I001462,Travel,538.01,CAD,,2025-02-17
P006642,I003637,Meals,41.19,MXN,2.39,2024-12-15
P006643,I001801,Honoraria,381.06,JPY,2.55,2025-04-20
P006644,I005483,Meals,41.05,JPY,0.28,2025-04-22
P006645,I004938,Travel,245.36,GBP,311.61,2024-03-02
P006646,I000649,Meals,43.77,GBP,,2024-02-09
P006647,I002473,Honoraria,1812.72,BRL,362.54,2025-03-02
P006648,I003530,Meals,68.73,GBP,87.29,2025-01-27
P006649,I003115,Meals,60.65,BRL,12.13,2025-03-25
P006650,I001777,Meals,51.61,BRL,10.32,2025-02-13
P006651,I008053,Meals,169.24,BRL,33.85,2024-02-11
P006652,I006079,Meals,116.77,USD,116.77,2024-03-13
P006653,I003049,Meals,65.85,EUR,71.78,2025-02-10
P006654,I006486,Meals,22.23,USD,22.23,2024-09-23
P006655,I002493,Travel,126.97,CAD,93.96,2025-04-13
P006656,I004713,Travel,245.16,EUR,267.22,2024-11-16
P006657,I000786,Meals,161.24,MXN,9.35,2024-08-19
P006658,I005454,Lodging,614.34,CAD,454.61,2025-05-25
P006659,I000213,Honoraria,1198.89,MXN,69.54,2024-12-12
P006660,I010661,Lodging,1489.95,EUR,1624.05,2025-04-08
P006661,I005103,Meals,91.69,CAD,67.85,2024-12-18
P006662,I005519,Meals,104.41,CAD,77.26,2024-04-28
P006663,I005342,Honoraria,416.99,USD,416.99,2024-01-21
P006664,I000808,Meals,80.1,MXN,4.65,2025-03-30
P006665,I006968,Honoraria,613.44,BRL,122.69,2024-09-27
P006666,I004100,Honoraria,2006.12,JPY,13.44,2024-12-23
P006667,I005402,Travel,168.31,USD,168.31,2024-03-21
P006668,I000937,Travel,413.04,JPY,2.77,2024-12-13
P006669,I002075,Honoraria,810.2,CAD,599.55,2025-06-09
P006670,I003059,Meals,42.56,CAD,31.49,2025-06-10
P006671,I001045,Honoraria,1003.61,USD,1003.61,2024-06-28
P006672,I004994,Meals,159.07,BRL,,2024-07-03
P006673,I000771,Honoraria,808.39,CAD,598.21,2024-10-24
P006674,I001348,Honoraria,1549.06,INR,18.59,2024-07-07
P006675,I010508,Honoraria,1916.16,BRL,383.23,2024-02-04
P006676,I005926,Travel,342.79,EUR,373.64,2024-11-09
P006677,I004462,Honoraria,3390.82,CAD,2509.21,2025-04-22
P006678,I006960,Lodging,512.33,USD,512.33,2025-04-11
P006679,I003537,Meals,66.41,EUR,72.39,2025-03-23
P006680,I002485,Meals,126.49,EUR,137.87,2025-06-04
P006681,I003682,Travel,483.01,USD,483.01,2024-02-05
P006682,I003017,Travel,319.89,JPY,2.14,2024-10-22
P006683,I000115,Meals,82.95,JPY,0.56,2024-09-09
P006684,I002599,Meals,82.05,MXN,4.76,2025-05-02
P006685,I004732,Honoraria,516.86,USD,516.86,2024-11-01
P006686,I004817,Lodging,103.0,JPY,0.69,2024-08-18
P006687,I002880,Honoraria,681.99,EUR,743.37,2024-12-10
P006688,I000202,Travel,254.49,EUR,277.39,2024-10-20
P006689,I006405,Meals,200.73,EUR,218.8,2025-06-10
P006690,I005504,Meals,59.94,JPY,0.4,2024-09-02
P006691,I001526,Travel,500.87,USD,500.87,2024-07-22
P006692,I005686,Honoraria,1602.55,CAD,1185.89,2024-11-01
P006693,I006886,Meals,1096.23,CAD,811.21,2024-09-20
P006694,I005366,Lodging,278.26,INR,3.34,2024-07-04
P006695,I006491,Honoraria,2073.01,EUR,2259.58,2024-04-19
P006696,I001658,Meals,45.77,EUR,49.89,2025-05-10
P006697,I005197,Meals,138.52,USD,138.52,2024-02-07
P006698,I002446,Meals,30.74,BRL,6.15,2024-08-21
P006699,I003825,Meals,79.04,EUR,86.15,2024-10-29
P006700,I002214,Meals,59.34,INR,0.71,2025-06-13
P006701,I000310,Honoraria,560.98,INR,6.73,2025-05-20
P006702,I003839,Meals,104.72,JPY,0.7,2025-04-23
P006703,I006619,Meals,113.88,JPY,,2024-06-16
P006704,I001995,Honoraria,673.35,JPY,4.51,2024-06-13
P006705,I005774,Travel,474.62,EUR,517.34,2024-12-15
P006706,I003461,Venue/AV,2466.01,EUR,2687.95,2024-07-24
P006707,I003513,Meals,177.87,MXN,10.32,2024-02-14
P006708,I004763,Honoraria,703.62,MXN,40.81,2024-10-11
P006709,I002867,Travel,214.67,CAD,158.86,2025-05-08
P006710,I001769,Meals,31.06,GBP,39.45,2025-03-26
P006711,I001398,Venue/AV,2762.64,MXN,160.23,2025-07-28
P006712,I001225,Meals,40.83,EUR,44.5,2025-03-26
P006713,I005264,Travel,702.81,EUR,766.06,
P006714,I003683,Venue/AV,1939.42,MXN,112.49,2025-01-19
P006715,I006453,Meals,79.45,EUR,86.6,2024-02-29
P006716,I002316,Honoraria,114924.92,EUR,125268.16,2024-05-15
P006717,I003765,Honoraria,1336.79,EUR,1457.1,2024-03-03
P006718,I002816,Meals,102.78,GBP,130.53,2024-03-05
P006719,I004390,Venue/AV,3186.78,EUR,3473.59,2024-04-17
P006720,I005175,Meals,84.28,EUR,91.87,2024-06-26
P006721,I002013,Honoraria,623.72,MXN,36.18,2024-04-03
P006722,I002836,Venue/AV,2458.81,EUR,2680.1,2025-03-04
P006723,I000448,Lodging,159.09,EUR,173.41,2025-02-05
P006724,I005177,Meals,91.38,GBP,116.05,2024-12-20
P006725,I000169,Travel,150.31,BRL,30.06,2024-09-14
P006726,I006215,Travel,241.99,BRL,48.4,2024-03-28
P006727,I004306,Travel,504.37,USD,504.37,2024-08-02
P006728,I006444,Meals,55.59,EUR,60.59,2025-07-20
P006729,I005570,Venue/AV,608.25,USD,608.25,2024-06-06
P006730,I005343,Meals,133.4,EUR,145.41,2024-02-02
P006731,I000588,Meals,34.87,EUR,38.01,2024-08-29
P006732,I001049,Travel,292.65,EUR,318.99,2025-04-13
P006733,I001570,Meals,47.18,EUR,51.43,2024-04-12
P006734,I002448,Travel,212.57,INR,2.55,2025-05-07
P006735,I005654,Travel,884.44,JPY,5.93,2024-03-22
P006736,I004946,Venue/AV,2118.43,EUR,2309.09,2024-05-07
P006737,I001947,Meals,120.68,MXN,7.0,2024-07-02
P006738,I000518,Meals,58.12,EUR,63.35,2024-05-18
P006739,I002284,Meals,209.62,MXN,12.16,2025-06-12
P006740,I006804,Honoraria,753.14,GBP,956.49,2025-04-11
P006741,I005600,Travel,179.85,MXN,10.43,2024-05-12
P006742,I011375,Meals,94.17,CAD,69.69,2025-04-24
P006743,I006246,Honoraria,1077.83,GBP,1368.84,2025-04-12
P006744,I002936,Venue/AV,3319.18,MXN,192.51,2024-07-11
P006745,I001204,Travel,436.28,BRL,87.26,2025-01-21
P006746,I004173,Travel,294.15,GBP,373.57,2024-06-07
P006747,I000899,Meals,103.44,CAD,76.55,2024-10-21
P006748,I001525,Venue/AV,4731.59,USD,4731.59,2024-08-08
P006749,I000982,Lodging,183.65,GBP,,2025-07-21
P006750,I010858,Travel,372.26,CAD,275.47,2024-07-01
P006751,I005197,Travel,203.89,BRL,40.78,2024-02-09
P006752,I004661,Travel,314.0,EUR,342.26,2024-09-27
P006753,I004094,Lodging,132.78,INR,1.59,2024-07-03
P006754,I004073,Meals,114.84,INR,1.38,2024-08-05
P006755,I002774,Travel,349.44,INR,4.19,2024-11-24
P006756,I003764,Meals,95.72,EUR,104.33,2024-10-05
P006757,I004042,Meals,122.77,BRL,24.55,2024-10-10
P006758,I003639,Meals,71.51,GBP,90.82,2024-04-26
P006759,I004614,Meals,64.24,EUR,70.02,2024-05-16
P006760,I002795,Meals,48.85,GBP,62.04,2024-02-24
P006761,I004712,Meals,79.07,eur,86.19,2024-03-10
P006762,I002707,Meals,66.68,USD,66.68,2025-01-20
P006763,I003490,Travel,114.97,EUR,125.32,2025-01-10
P006764,I000933,Meals,61.37,JPY,0.41,2024-09-08
P006765,I000639,Venue/AV,1515.84,USD,1515.84,2025-03-04
P006766,I006413,Lodging,316.26,BRL,63.25,2024-12-27
P006767,I002700,Lodging,911.2,EUR,993.21,2024-09-17
P006768,I001058,Meals,37.5,INR,0.45,2025-03-11
P006769,I001695,Venue/AV,1061.39,BRL,212.28,2025-02-17
P006770,I001807,Meals,73.01,CAD,54.03,2025-04-13
P006771,I000125,Travel,287.44,USD,287.44,2024-05-03
P006772,I002557,Lodging,309.83,EUR,337.71,2025-03-15
P006773,I002553,Honoraria,1564.16,INR,18.77,2024-05-06
P006774,I001212,Meals,232.03,MXN,13.46,2024-06-22
P006775,I003837,Meals,281.99,CAD,208.67,2025-01-30
P006776,I002549,Honoraria,2016.53,EUR,2198.02,2025-02-03
P006777,I005500,Meals,19.16,CAD,14.18,2024-10-18
P006778,I004337,Meals,116.85,EUR,127.37,2024-12-25
P006779,I006590,Meals,203.36,eur,221.66,2024-01-01
P006780,I004621,Honoraria,1408.43,CAD,1042.24,2024-02-17
P006781,I005883,Meals,101.51,EUR,110.65,2024-02-13
P006782,I004185,Honoraria,542.65,CAD,401.56,2025-05-27
P006783,I004338,Travel,384.15,MXN,22.28,2024-01-18
P006784,I006254,Meals,123.09,MXN,7.14,2024-11-30
P006785,I005337,Meals,115.48,CAD,85.46,2024-05-24
P006786,I000988,Travel,149.26,MXN,8.66,2024-03-18
P006787,I003637,Meals,104.4,BRL,20.88,2024-11-28
P006788,I002216,Meals,34.86,JPY,0.23,2025-04-25
P006789,I001255,Honoraria,605.21,JPY,4.05,2024-11-24
P006790,I000140,Meals,38.7,JPY,0.26,2025-07-20
P006791,I003442,Travel,584.45,INR,7.01,2025-06-27
P006792,I002576,Honoraria,2598.51,EUR,2832.38,2025-05-05
P006793,I001116,Travel,529.56,CAD,391.87,2025-03-09
P006794,I005833,Travel,797.43,EUR,869.2,2024-12-06
P006795,I006643,Travel,765.65,USD,765.65,2024-08-16
P006796,I006007,Meals,108.43,INR,1.3,2025-04-20
P006797,I004597,Travel,429.19,EUR,467.82,2024-08-04
P006798,I000775,Meals,62.32,JPY,0.42,2024-08-07
P006799,I005110,Honoraria,475.74,USD,475.74,2024-09-28
P006800,I005729,Travel,454.31,INR,5.45,2025-01-17
P006801,I001376,Meals,30.9,EUR,33.68,2025-06-07
P006802,I004664,Meals,62.23,EUR,67.83,2024-11-28
P006803,I010022,Travel,564.43,BRL,112.89,2024-01-28
P006804,I006133,Meals,151.92,BRL,30.38,2024-10-03
P006805,I004962,Honoraria,1189.8,INR,14.28,2025-06-03
P006806,I002615,Meals,75.39,USD,75.39,2024-11-22
P006807,I003403,Honoraria,798.33,USD,798.33,2024-07-17
P006808,I004102,Travel,150.79,EUR,164.36,2024-02-13
P006809,I002317,Honoraria,1950.43,MXN,113.12,2024-04-03
P006810,I003378,Meals,73.5,BRL,14.7,2025-06-11
P006811,I002329,Travel,665.88,GBP,845.67,2025-06-30
P006812,I000982,Venue/AV,1887.59,EUR,2057.47,2025-07-24
P006813,I003111,Meals,353.43,eur,385.24,2024-05-12
P006814,I004187,Travel,178.54,BRL,35.71,2024-05-29
P006815,I003473,Meals,24.19,CAD,17.9,2025-06-27
P006816,I004812,Honoraria,2053.09,USD,2053.09,2025-06-08
P006817,I006344,Travel,178.83,INR,2.15,2024-11-28
P006818,I005106,Travel,73.16,EUR,79.74,2024-07-21
P006819,I000152,Travel,250.5,CAD,185.37,2024-09-01
P006820,I005927,Meals,88.59,INR,1.06,2025-02-07
P006821,I003002,Meals,147.81,EUR,161.11,2024-07-24
P006822,I001862,Honoraria,1062.45,CAD,786.21,2024-04-02
P006823,I006421,Travel,681.84,INR,8.18,2024-02-06
P006824,I004100,Honoraria,553.37,JPY,3.71,2025-01-05
P006825,I004744,Travel,180.35,MXN,10.46,2024-08-04
P006826,I004828,Venue/AV,2047.68,INR,24.57,2025-04-04
P006827,I002065,Honoraria,1198.52,JPY,8.03,2025-01-20
P006828,I006065,Honoraria,1967.24,EUR,2144.29,2025-07-17
P006829,I003771,Meals,44.15,BRL,8.83,2025-05-24
P006830,I000525,Honoraria,1001.86,BRL,200.37,2025-04-21
P006831,I000806,Meals,94.83,CAD,70.17,2024-03-04
P006832,I003950,Meals,138.82,JPY,0.93,2025-05-07
P006833,I002712,Honoraria,951.87,MXN,55.21,2025-06-24
P006834,I005406,Honoraria,1437.0,USD,1437.0,2025-05-11
P006835,I006718,Meals,196.67,MXN,11.41,2025-02-08
P006836,I002558,Meals,32.24,gbp,40.94,2025-08-07
P006837,I006188,Venue/AV,1313.76,CAD,972.18,2024-06-18
P006838,I001879,Venue/AV,1312.32,JPY,8.79,2024-07-29
P006839,I005941,Travel,246.31,MXN,14.29,2024-02-22
P006840,I005370,Meals,111.45,CAD,82.47,2024-08-06
P006841,I006006,Meals,112.35,EUR,122.46,2024-07-30
P006842,I004780,Lodging,661.4,CAD,489.44,2024-12-14
P006843,I006986,Travel,538.43,INR,6.46,2024-05-24
P006844,I000006,Meals,37.27,GBP,,2025-01-23
P006845,I000947,Meals,69.47,EUR,75.72,2024-10-15
P006846,I002614,Meals,96.58,EUR,105.27,2025-07-01
P006847,I006829,Meals,28.95,JPY,0.19,2024-05-25
P006848,I003202,Honoraria,439.3,INR,5.27,2024-02-15
P006849,I005845,Lodging,378.46,CAD,280.06,2024-09-27
P006850,I001190,Meals,77.81,USD,77.81,2024-02-04
P006851,I006863,Meals,67.31,MXN,3.9,2024-01-29
P006852,I004744,Travel,339.63,MXN,19.7,2024-08-20
P006853,I003497,Travel,620.31,INR,7.44,2024-10-17
P006854,I000769,Travel,493.64,BRL,98.73,2024-11-22
P006855,I006785,Honoraria,521.56,JPY,3.49,2024-05-18
P006856,I006996,Travel,663.45,EUR,723.16,2024-10-17
P006857,I002559,Meals,97.33,EUR,106.09,2024-05-18
P006858,I004351,Lodging,221.02,EUR,240.91,2024-01-31
P006859,I002145,Meals,84.22,EUR,91.8,2024-11-24
P006860,I005085,Travel,231.63,USD,231.63,2025-05-15
P006861,I003686,Meals,53.05,CAD,39.26,2024-10-05
P006862,I000054,Travel,294.35,EUR,320.84,2024-05-09
P006863,I003506,Meals,53.31,EUR,58.11,2025-03-09
P006864,I000216,Travel,303.99,USD,303.99,2025-01-05
P006865,I001565,Meals,114.06,MXN,,2024-04-07
P006866,I001340,Honoraria,1434.86,MXN,83.22,2025-03-26
P006867,I000496,Meals,44.19,EUR,48.17,2024-12-14
P006868,I005229,Lodging,410.15,EUR,447.06,2025-05-03
P006869,I004095,Venue/AV,1334.71,USD,1334.71,2025-03-07
P006870,I006614,Travel,325.7,MXN,18.89,2025-05-31
P006871,I005774,Honoraria,1551.02,GBP,1969.8,2024-11-14
P006872,I000193,Meals,86.27,USD,86.27,2025-01-11
P006873,I002844,Honoraria,1654.82,INR,19.86,2025-03-22
P006874,I000916,Travel,374.18,USD,374.18,2025-03-10
P006875,I006632,Travel,65.44,BRL,13.09,2024-09-01
P006876,I002641,Travel,494.35,EUR,538.84,2024-10-30
P006877,I004064,Lodging,404.52,BRL,80.9,2025-01-28
P006878,I006108,Meals,79.36,CAD,58.73,2025-07-05
P006879,I005926,Meals,100.54,EUR,109.59,2024-11-27
P006880,I005273,Meals,56.06,EUR,61.11,2024-03-02
P006881,I001847,Meals,61.16,JPY,0.41,2025-03-16
P006882,I004345,Meals,94.73,JPY,0.63,2024-09-09
P006883,I005869,Honoraria,954.42,BRL,190.88,2024-04-29
P006884,I002211,Meals,74.83,MXN,4.34,2024-10-24
P006885,I001025,Meals,87.46,BRL,17.49,2024-09-08
P006886,I002870,Meals,62.33,BRL,12.47,2024-01-16
P006887,I006254,Honoraria,2085.61,CAD,1543.35,2024-10-31
P006888,I001601,Meals,119.61,CAD,88.51,2024-11-09
P006889,I001172,Venue/AV,2480.15,EUR,2703.36,2024-03-09
P006890,I000264,Travel,161.31,MXN,9.36,2024-04-18
P006891,I006354,Travel,109.57,BRL,21.91,2024-06-25
P006892,I002200,Travel,182.25,CAD,134.87,2024-05-07
P006893,I006724,Honoraria,720.42,EUR,785.26,2025-06-23
P006894,I006629,Travel,188.11,GBP,238.9,2025-04-09
P006895,I003617,Meals,195.2,EUR,212.77,2025-04-24
P006896,I009566,Travel,262.85,EUR,286.51,2024-09-05
P006897,I002633,Meals,79.77,USD,79.77,2024-10-22
P006898,I003355,Travel,135.07,CAD,99.95,2025-05-14
P006899,I000326,Lodging,180.47,JPY,1.21,2024-11-17
P006900,I004061,Venue/AV,1524.2,JPY,10.21,2025-05-05
P006901,I004017,Venue/AV,2376.3,GBP,3017.9,2025-05-14
P006902,I005634,Travel,545.04,BRL,109.01,2024-11-03
P006903,I001573,Travel,410.01,EUR,446.91,2024-11-16
P006904,I006468,Travel,519.74,JPY,3.48,2025-05-20
P006905,I004557,Meals,78.1,BRL,15.62,2025-02-07
P006906,I006244,Meals,178.43,MXN,10.35,2024-05-10
P006907,I006026,Travel,626.4,BRL,125.28,2024-05-05
P006908,I005608,Honoraria,1030.56,EUR,1123.31,2024-10-05
P006909,I003190,Honoraria,3622.39,MXN,210.1,2025-03-13
P006910,I005060,Travel,134.83,USD,134.83,2024-08-25
P006911,I006432,Honoraria,804.41,JPY,5.39,2024-09-30
P006912,I004205,Travel,151.79,JPY,1.02,2024-07-31
P006913,I006710,Honoraria,2244.82,MXN,130.2,2024-12-28
P006914,I003846,Meals,45.95,CAD,34.0,2024-04-30
P006915,I000248,Meals,98.93,CAD,73.21,2024-07-29
P006916,I000982,Meals,45.75,EUR,49.87,2025-07-03
P006917,I006664,Lodging,194.66,USD,194.66,2024-02-29
P006918,I002037,Venue/AV,5700.11,GBP,7239.14,2024-04-05
P006919,I005680,Meals,120.95,MXN,7.02,2024-12-14
P006920,I000703,Honoraria,976.15,EUR,1064.0,2024-04-28
P006921,I002007,Honoraria,1287.51,MXN,74.68,2024-10-03
P006922,I004560,Meals,39.58,EUR,43.14,2024-10-21
P006923,I004927,Travel,1227.81,EUR,1338.31,2024-04-01
P006924,I006986,Lodging,262.63,INR,3.15,2024-05-31
P006925,I005441,Meals,506.27,JPY,3.39,2025-04-15
P006926,I001398,Meals,88.73,USD,88.73,2025-07-09
P006927,I005093,Travel,383.86,USD,383.86,2024-07-17
P006928,I000409,Meals,153.52,CAD,113.6,2025-03-02
P006929,I001283,Travel,785.74,JPY,5.26,2024-08-03
P006930,I000760,Meals,176.85,INR,2.12,2025-07-12
P006931,I005927,Honoraria,2057.82,JPY,13.79,2025-01-12
P006932,I003684,Meals,41.08,CAD,30.4,2024-01-30
P006933,I002441,Meals,63.75,GBP,80.96,2024-07-01
P006934,I006049,Honoraria,2293.28,INR,27.52,2025-03-23
P006935,I002494,Travel,319.04,EUR,347.75,2024-01-19
P006936,I003590,Meals,84.94,MXN,4.93,2024-02-23
P006937,I006675,Meals,100.59,GBP,127.75,2025-05-19
P006938,I006975,Honoraria,505.84,GBP,642.42,2025-05-15
P006939,I004552,Lodging,453.69,USD,453.69,2024-02-11
P006940,I002167,Venue/AV,2175.51,MXN,126.18,2025-07-06
P006941,I001197,Meals,164.14,EUR,178.91,2024-11-26
P006942,I004559,Travel,211.45,EUR,230.48,2025-06-15
P006943,I005238,Venue/AV,4188.02,USD,4188.02,2025-04-27
P006944,I001456,Meals,38.28,USD,38.28,2024-10-19
P006945,I002189,Meals,47.89,CAD,35.44,2024/11/15
P006946,I005686,Lodging,392.41,MXN,22.76,2024-10-20
P006947,I003294,Meals,76.24,JPY,0.51,2024-05-08
P006948,I004244,Travel,1353.28,INR,16.24,2024-03-30
P006949,I000629,Travel,338.26,INR,4.06,2025-02-01
P006950,I002782,Meals,34.66,USD,34.66,2024-12-16
P006951,I005312,Meals,123.61,EUR,134.73,2024-11-27
P006952,I001882,Travel,446.37,GBP,566.89,2024-07-04
P006953,I006455,Lodging,169.56,EUR,184.82,2024-11-05
P006954,I003111,Meals,69.08,EUR,75.3,2024-04-01
P006955,I004360,Meals,58.08,USD,58.08,2025-03-11
P006956,I003739,Meals,82.65,USD,82.65,2024-05-27
P006957,I006784,Meals,36.0,JPY,0.24,2024-05-16
P006958,I006678,Lodging,137.63,GBP,174.79,2025-05-17
P006959,I001647,Venue/AV,2081.18,INR,24.97,2024-12-30
P006960,I002330,Meals,36.89,INR,,2024-02-15
P006961,I003005,Honoraria,979.61,JPY,6.56,2024-04-15
P006962,I001970,Lodging,860.15,CAD,636.51,2024-06-06
P006963,I000731,Lodging,925.0,USD,925.0,2025-06-20
P006964,I002091,Travel,441.6,INR,5.3,2024-11-30
P006965,I006911,Meals,179.78,JPY,1.2,2024-03-23
P006966,I003842,Honoraria,903.43,EUR,984.74,2024-11-23
P006967,I004227,Honoraria,1685.87,MXN,,2024-10-10
P006968,I003158,Travel,317.85,GBP,403.67,2024-11-11
P006969,I003450,Venue/AV,1473.64,EUR,1606.27,2024-11-29
P006970,I000255,Travel,282.79,GBP,359.14,2024-03-21
P006971,I004151,Meals,163.17,JPY,1.09,2025-03-04
P006972,I002473,Travel,597.64,MXN,34.66,2025-02-11
P006973,I006450,Meals,156.96,USD,156.96,2024-02-28
P006974,I004882,Meals,24.87,CAD,18.4,2025-02-25
P006975,I006902,Travel,581.22,USD,581.22,2024-08-12
P006976,I005055,Meals,47.3,USD,47.3,2025-05-23
P006977,I001182,Meals,48.78,MXN,2.83,2024-08-18
P006978,I002890,Meals,151.97,EUR,165.65,2024-05-22
P006979,I005131,Lodging,292.52,CAD,216.46,2024-10-27
P006980,I004911,Travel,348.18,MXN,20.19,2024-11-23
P006981,I002176,Meals,27.87,BRL,5.57,2024-05-28
P006982,I002474,Meals,72.85,EUR,79.41,2024-08-18
P006983,I000786,Travel,326.89,BRL,65.38,2024-08-07
P006984,I004122,Honoraria,1434.05,INR,17.21,2024-11-24
P006985,I004347,Meals,154.05,EUR,167.91,2024-06-28
P006986,I005513,Honoraria,2599.08,USD,2599.08,2025-04-23
P006987,I005137,Travel,1907.82,USD,1907.82,2025-04-15
P006988,I011984,Meals,65.29,USD,65.29,2024-05-21
P006989,I001360,Travel,223.22,GBP,283.49,2024-12-29
P006990,I005130,Meals,223.9,MXN,12.99,2024-04-11
P006991,I002027,Meals,80.39,INR,0.96,2024-03-02
P006992,I001742,Lodging,300.94,EUR,328.02,2024-11-22
P006993,I006427,Honoraria,1431.09,INR,17.17,2024-05-29
P006994,I006606,Meals,61.14,GBP,77.65,2024-03-25
P006995,I001718,Meals,42.25,JPY,0.28,2024-07-09
P006996,I006798,Meals,64.13,CAD,47.46,2024-07-03
P006997,I005648,Meals,50.26,MXN,2.92,2024-12-18
P006998,I006168,Meals,26.06,EUR,28.41,2024-08-03
P006999,I003220,Meals,97.7,INR,1.17,2025-05-27
P007000,I006396,Meals,88.66,MXN,5.14,2024-11-07
P007001,I001512,Honoraria,1563.5,BRL,,2024-11-25
P007002,I005672,Meals,130.3,USD,130.3,2024-10-12
P007003,I000398,Lodging,387.49,CAD,286.74,2025-01-29
P007004,I000948,Lodging,706.66,MXN,40.99,2024-07-01
P007005,I002093,Meals,50.78,JPY,0.34,2025-05-26
P007006,I006175,Meals,47.21,EUR,51.46,2025-04-15
P007007,I004152,Travel,575.5,MXN,33.38,2024-12-09
P007008,I005318,Honoraria,686.03,MXN,39.79,2024-12-30
P007009,I000159,Meals,67.08,USD,67.08,2024-11-29
P007010,I001484,Honoraria,1334.4,INR,16.01,2025-01-18
P007011,I003767,Travel,716.84,EUR,781.36,2025-04-03
P007012,I006163,Meals,55.4,JPY,0.37,2025-04-19
P007013,I000794,Travel,1221.26,CAD,903.73,2024/09/28
P007014,I001610,Travel,424.04,CAD,313.79,2024-02-19
P007015,I001334,Lodging,253.15,BRL,50.63,2024-09-08
P007016,I004878,Honoraria,828.83,EUR,903.42,2024-08-13
P007017,I002303,Meals,52.09,JPY,0.35,2024-06-26
P007018,I003332,Honoraria,1144.21,EUR,1247.19,2025-06-04
P007019,I006220,Lodging,491.27,CAD,363.54,2024-11-04
P007020,I000650,Meals,24.89,EUR,27.13,2024-12-11
P007021,I006133,Travel,732.99,CAD,542.41,2024/09/02
P007022,I002197,Meals,48.81,USD,48.81,2025-06-16
P007023,I000633,Meals,47.89,JPY,0.32,2024-09-15
P007024,I003188,Meals,151.58,EUR,165.22,2025-05-10
P007025,I001334,Meals,47.56,MXN,2.76,2024-09-14
P007026,I006854,Travel,699.73,CAD,517.8,2024-12-26
P007027,I002880,Honoraria,1188.82,EUR,1295.81,2024-12-06
P007028,I006997,Travel,178.61,BRL,35.72,2025-05-21
P007029,I006409,Honoraria,2850.21,EUR,3106.73,2025-03-17
P007030,I006924,Meals,168.54,BRL,33.71,2024-01-22
P007031,I006989,Meals,23.93,MXN,1.39,2024-03-25
P007032,I006314,Meals,116.96,INR,1.4,2025-05-21
P007033,I003757,Meals,43.0,CAD,31.82,2025-02-14
P007034,I001551,Travel,457.44,EUR,498.61,2025-03-27
P007035,I004423,Meals,101.17,USD,101.17,2024-03-04
P007036,I003716,Meals,41.36,CAD,,2024-07-09
P007037,I001121,Travel,392.79,INR,4.71,2025-03-08
P007038,I003064,Travel,1211.41,EUR,1320.44,2024-12-10
P007039,I002440,Travel,496.64,EUR,541.34,2024-08-22
P007040,I003375,Lodging,378.72,USD,378.72,2025-01-20
P007041,I011066,Meals,288.32,EUR,314.27,2024-06-15
P007042,I002736,Travel,42.67,MXN,2.47,2024-11-26
P007043,I006428,Travel,463.03,CAD,342.64,2024-06-11
P007044,I004529,Travel,458.77,EUR,500.06,2024-07-02
P007045,I004544,Travel,270.27,CAD,200.0,2024-06-28
P007046,I009749,Travel,191.52,EUR,208.76,2025-02-13
P007047,I003055,Honoraria,1398.2,GBP,1775.71,2025-01-08
P007048,I003476,Travel,449.74,EUR,490.22,2024-11-08
P007049,I000105,Meals,55.51,MXN,3.22,2024-06-05
P007050,I001290,Meals,186.56,GBP,236.93,2025-07-01
P007051,I002517,Meals,70.39,USD,70.39,2024-08-01
P007052,I003013,Travel,369.75,GBP,469.58,2025-02-15
P007053,I000085,Meals,82.32,GBP,,2024-12-02
P007054,I003952,Travel,213.25,EUR,232.44,2025-06-08
P007055,I005818,Meals,154.78,EUR,168.71,2025-05-13
P007056,I005029,Travel,887.68,INR,,2025-06-03
P007057,I001531,Meals,56.43,JPY,0.38,2024-07-12
P007058,I001084,Travel,63.35,INR,0.76,2024-02-19
P007059,I001215,Venue/AV,1295.15,BRL,259.03,2024-06-30
P007060,I006880,Lodging,269.88,EUR,294.17,2024-09-28
P007061,I001705,Honoraria,539.16,USD,539.16,2025-01-26
P007062,I005645,Meals,156.25,INR,1.88,2025-01-13
P007063,I001191,Meals,106.02,BRL,21.2,2024-03-22
P007064,I005393,Meals,94.83,GBP,120.43,2025-01-30
P007065,I001072,Lodging,226.53,CAD,167.63,2025-04-22
P007066,I004880,Meals,94.51,EUR,103.02,2025-03-12
P007067,I000643,Honoraria,1560.33,GBP,1981.62,2024-05-23
P007068,I003941,Meals,53.43,USD,53.43,2024-04-19
P007069,I004268,Meals,111.21,EUR,121.22,2024-05-09
P007070,I006944,Meals,96.18,USD,96.18,2025-07-16
P007071,I006247,Meals,68.7,JPY,0.46,2024-03-08
P007072,I001814,Venue/AV,2717.07,EUR,2961.61,2025-07-11
P007073,I004757,Travel,120.62,EUR,131.48,2024-04-29
P007074,I006296,Meals,40.47,EUR,44.11,2024-07-25
P007075,I001079,Travel,428.19,EUR,466.73,2025-06-09
P007076,I001682,Travel,211.28,GBP,268.33,2024-11-08
P007077,I005231,Travel,170.98,JPY,1.15,2025-03-22
P007078,I003787,Venue/AV,1575.37,USD,1575.37,2024-04-18
P007079,I001315,Lodging,686.84,INR,8.24,2024-02-22
P007080,I001227,Travel,422.66,JPY,2.83,2025-06-16
P007081,I004240,Meals,194.52,JPY,1.3,2025-05-06
P007082,I002196,Meals,253.33,BRL,50.67,2024-07-16
P007083,I006108,Travel,123.74,MXN,7.18,2025-07-11
P007084,I002242,Meals,58.7,mxn,3.4,2024-12-20
P007085,I006421,Travel,362.38,INR,4.35,2024-01-22
P007086,I005277,Meals,61.57,GBP,78.19,2024-12-25
P007087,I002861,Meals,43.74,MXN,2.54,2025-06-06
P007088,I005669,Honoraria,1258.61,EUR,1371.88,2024-04-09
P007089,I003819,Lodging,520.12,GBP,660.55,2024-06-25
P007090,I004039,Meals,97.7,BRL,19.54,2025-05-09
P007091,I000460,Meals,28.12,JPY,0.19,2024-10-29
P007092,I000264,Meals,98.77,CAD,73.09,2024-05-13
P007093,I001772,Meals,46.69,GBP,59.3,2024-09-21
P007094,I004872,Travel,126.98,BRL,25.4,2024-12-01
P007095,I004786,Meals,164.34,CAD,121.61,2024-09-01
P007096,I006174,Honoraria,711.19,BRL,142.24,2024-01-21
P007097,I003973,Lodging,684.22,BRL,136.84,2025-01-15
P007098,I001013,Meals,105.91,EUR,115.44,2025-05-10
P007099,I003795,Travel,737.25,mxn,,2025-07-04
P007100,I005822,Honoraria,1620.28,GBP,2057.76,2025-06-30
P007101,I006517,Travel,640.1,EUR,697.71,2024-09-26
P007102,I001905,Travel,374.33,BRL,74.87,2025-08-01
P007103,I002704,Travel,880.32,CAD,651.44,2025-04-11
P007104,I003699,Lodging,372.3,GBP,472.82,2024-01-29
P007105,I006532,Travel,297.7,INR,3.57,2025-04-25
P007106,I004350,Meals,105.01,EUR,114.46,2025-06-21
P007107,I001184,Honoraria,1160.87,USD,1160.87,2025-06-01
P007108,I002113,Travel,364.43,CAD,269.68,2024-09-21
P007109,I003479,Travel,270.07,JPY,1.81,2024-12-01
P007110,I006009,Meals,75.42,GBP,95.78,2024-05-03
P007111,I002038,Lodging,910.54,GBP,1156.39,2025-04-24
P007112,I005561,Honoraria,1460.14,USD,1460.14,2025-06-01
P007113,I005935,Lodging,288.11,USD,288.11,2024-12-31
P007114,I004178,Venue/AV,464.24,BRL,92.85,2024-06-15
P007115,I011800,Honoraria,1285.07,CAD,950.95,2024-07-04
P007116,I006049,Meals,91.92,INR,1.1,2025-04-02
P007117,I001039,Meals,89.63,USD,89.63,2024-05-09
P007118,I001928,Meals,115.85,BRL,23.17,2025-04-19
P007119,I006802,Meals,49.18,JPY,0.33,2025-07-10
P007120,I004554,Travel,294.76,CAD,218.12,2024-10-08
P007121,I005477,Honoraria,502.26,EUR,547.46,2025-06-24
P007122,I003153,Lodging,334.41,BRL,66.88,2025-01-31
P007123,I007208,Meals,36.16,USD,36.16,2025-03-14
P007124,I000484,Meals,90.38,USD,90.38,2024-12-29
P007125,I002906,Meals,44.16,EUR,48.13,2024-07-06
P007126,I005975,Meals,114.97,INR,1.38,2024-03-18
P007127,I001119,Travel,337.04,USD,337.04,2025-02-08
P007128,I001431,Meals,43.75,EUR,47.69,2024-05-06
P007129,I005314,Meals,133.62,USD,133.62,2024-11-29
P007130,I006727,Meals,64.71,JPY,0.43,2024-03-29
P007131,I003570,Honoraria,1704.76,EUR,1858.19,2024-09-19
P007132,I001842,Meals,84.59,MXN,4.91,2024-11-15
P007133,I005429,Travel,204.59,CAD,151.4,2024-07-22
P007134,I003688,Meals,96.15,USD,96.15,2024-11-10
P007135,I001282,Travel,235.55,JPY,1.58,2025-04-12
P007136,I003936,Honoraria,954.37,JPY,6.39,2024-02-03
P007137,I000062,Travel,132.88,JPY,0.89,2024-02-01
P007138,I002482,Honoraria,1974.65,MXN,114.53,2024-03-25
P007139,I002413,Meals,35.21,JPY,0.24,2024-02-28
P007140,I003385,Lodging,666.6,MXN,38.66,2024-08-15
P007141,I002092,Honoraria,1124.99,CAD,832.49,2024-01-20
P007142,I009202,Meals,85.7,MXN,4.97,2024-10-13
P007143,I005563,Travel,396.05,INR,4.75,2024-11-25
P007144,I004375,Meals,106.25,BRL,21.25,2024-03-07
P007145,I004818,Travel,519.49,MXN,30.13,2025-05-13
P007146,I005953,Meals,56.46,CAD,41.78,2025-03-03
P007147,I001400,Honoraria,2257.16,CAD,1670.3,2025-03-19
P007148,I000560,Travel,153.88,EUR,167.73,2024-01-24
P007149,I006836,Travel,320.15,USD,320.15,2025-02-11
P007150,I003856,Venue/AV,4382.98,EUR,4777.45,2024-09-24
P007151,I001325,Travel,102.27,JPY,0.69,2024-05-05
P007152,I005518,Lodging,868.38,JPY,5.82,2024-02-29
P007153,I001482,Lodging,869.89,eur,948.18,2024-07-29
P007154,I004477,Travel,226.94,BRL,45.39,2024-07-02
P007155,I001984,Venue/AV,2324.69,EUR,2533.91,2025-08-07
P007156,I002419,Travel,145.21,USD,145.21,2024-07-21
P007157,I003680,Meals,251.08,USD,251.08,2025-03-28
P007158,I006952,Lodging,500.49,EUR,545.53,2024-02-27
P007159,I003891,Meals,48.24,GBP,61.26,2024-09-29
P007160,I000619,Meals,49.75,INR,0.6,2025-06-15
P007161,I005311,Honoraria,2375.94,BRL,475.19,2024-10-27
P007162,I002340,Meals,34.26,BRL,6.85,2024-12-04
P007163,I005116,Meals,76.2,INR,0.91,2024-05-20
P007164,I002524,Lodging,448.62,USD,448.62,2024/11/06
P007165,I003614,Honoraria,1007.81,INR,12.09,2024-12-28
P007166,I000171,Honoraria,802.61,INR,9.63,2024-11-30
P007167,I006735,Meals,98.55,JPY,0.66,2024-12-23
P007168,I005633,Travel,233.46,USD,233.46,2024-04-23
P007169,I004271,Travel,416.49,EUR,453.97,2025-05-13
P007170,I004451,Honoraria,941.95,INR,11.3,2024-02-29
P007171,I006574,Meals,106.28,INR,1.28,2025-02-11
P007172,I003733,Travel,325.77,EUR,355.09,2025-04-20
P007173,I001263,Travel,699.44,MXN,40.57,2024-03-25
P007174,I006543,Meals,114.36,INR,1.37,2024-03-15
P007175,I006208,Travel,281.21,USD,281.21,2024-12-27
P007176,I003709,Lodging,319.81,USD,319.81,2024-01-15
P007177,I005923,Travel,108.72,MXN,6.31,2024-12-31
P007178,I002134,Travel,698.75,JPY,4.68,2025-04-02
P007179,I000603,Venue/AV,5080.82,EUR,5538.09,2024-10-14
P007180,I006076,Honoraria,1193.43,EUR,1300.84,2024-07-30
P007181,I003953,Lodging,204.63,CAD,151.43,2024-02-23
P007182,I006216,Lodging,450.0,USD,450.0,2024-04-05
P007183,I003173,Meals,121.21,EUR,132.12,2025-01-26
P007184,I004888,Meals,52.5,INR,0.63,2024-05-28
P007185,I004223,Honoraria,1882.33,EUR,2051.74,2025-06-03
P007186,I006552,Travel,157.02,MXN,9.11,2024-12-22
P007187,I002698,Travel,584.75,CAD,432.71,2024-04-02
P007188,I001861,Meals,168.35,INR,2.02,2024-08-08
P007189,I001296,Meals,106.76,USD,106.76,2024-02-27
P007190,I002597,Meals,77.52,INR,0.93,2025-01-01
P007191,I005893,Meals,23.08,EUR,25.16,2024-06-22
P007192,I003036,Lodging,515.17,JPY,3.45,2024-03-10
P007193,I000122,Meals,53.23,BRL,10.65,2024-05-16
P007194,I004019,Travel,197.13,mxn,11.43,2024-10-26
P007195,I001232,Honoraria,572.14,BRL,114.43,2024-10-29
P007196,I002026,Meals,119.24,MXN,6.92,2024-10-19
P007197,I002653,Travel,351.53,EUR,383.17,2024-07-12
P007198,I001955,Meals,39.98,USD,39.98,2025-03-06
P007199,I005213,Meals,42.93,BRL,8.59,2025-01-25
P007200,I010219,Venue/AV,1881.45,BRL,376.29,2024-09-18
P007201,I005085,Meals,49.55,BRL,9.91,2025-04-08
P007202,I000287,Travel,188.22,EUR,205.16,2025-04-16
P007203,I002639,Meals,60.93,EUR,66.41,2024-12-17
P007204,I001623,Travel,1441.74,EUR,1571.5,2024-03-09
P007205,I001682,Meals,139.82,eur,152.4,2024-11-21
P007206,I004425,Meals,80.83,EUR,88.1,2024-06-28
P007207,I002809,Meals,167.51,EUR,182.59,2024-10-15
P007208,I001072,Travel,475.84,USD,475.84,2025-03-20
P007209,I000287,Travel,528.82,EUR,576.41,2025-03-25
P007210,I006301,Meals,62.32,EUR,67.93,2024-05-28
P007211,I000128,Travel,459.84,MXN,26.67,2025-05-02
P007212,I002101,Lodging,343.75,GBP,436.56,2024-06-01
P007213,I000242,Meals,95.59,INR,1.15,2024-06-07
P007214,I004609,Meals,183.35,BRL,36.67,2024-10-15
P007215,I004822,Venue/AV,2843.85,CAD,2104.45,2025-03-16
P007216,I006313,Meals,105.06,BRL,21.01,2024-03-05
P007217,I006455,Honoraria,2412.8,EUR,2629.95,2024-11-21
P007218,I004897,Meals,81.59,GBP,,2025-05-16
P007219,I004813,Honoraria,3580.78,USD,3580.78,2025-05-07
P007220,I000773,Meals,70.48,MXN,4.09,2024-02-14
P007221,I001929,Meals,56.72,USD,56.72,2025-05-26
P007222,I002371,Meals,47.66,BRL,9.53,2024-11-08
P007223,I004277,Honoraria,1817.68,JPY,12.18,2024-10-07
P007224,I005659,Honoraria,1885.64,BRL,377.13,2025-06-01
P007225,I001281,Travel,147.38,EUR,160.64,2024-07-15
P007226,I004734,Meals,111.81,INR,1.34,2024-10-02
P007227,I000781,Travel,367.79,INR,4.41,2025-02-09
P007228,I006850,Meals,114.47,EUR,124.77,2025-06-23
P007229,I006547,Meals,109.21,JPY,0.73,2025-05-18
P007230,I003674,Honoraria,455.49,EUR,496.48,2025-01-15
P007231,I001508,Meals,22.99,EUR,25.06,2025-03-05
P007232,I001359,Travel,803.67,INR,9.64,2024-05-28
P007233,I006947,Travel,226.06,GBP,287.1,2024-08-09
P007234,I002683,Honoraria,603.93,GBP,766.99,2025-02-09
P007235,I003377,Honoraria,2878.29,USD,2878.29,2025-04-27
P007236,I004337,Honoraria,815.21,EUR,888.58,2025-01-13
P007237,I001519,Honoraria,1132.69,USD,1132.69,2025-04-21
P007238,I005063,Travel,628.86,USD,628.86,2024-04-16
P007239,I000141,Travel,1273.24,USD,1273.24,2024-07-18
P007240,I000132,Meals,70.54,CAD,52.2,2024-05-01
P007241,I004592,Honoraria,1112.92,MXN,64.55,2025-02-08
P007242,I001340,Travel,191.05,CAD,141.38,2025-04-14
P007243,I003671,Travel,539.01,MXN,31.26,2025-06-04
P007244,I001568,Meals,49.24,USD,49.24,2024-08-03
P007245,I000149,Lodging,788.36,CAD,583.39,2025-03-16
P007246,I002744,Meals,76.64,EUR,83.54,2024-03-10
P007247,I000901,Honoraria,1522.89,EUR,1659.95,2025-07-05
P007248,I005129,Meals,51.44,CAD,38.07,2025-01-04
P007249,I000599,Lodging,1123.86,MXN,65.18,2025-06-09
P007250,I004785,Meals,41.08,EUR,44.78,2024-04-02
P007251,I004196,Meals,61.64,MXN,3.58,2024-02-04
P007252,I001762,Lodging,722.2,MXN,41.89,2025-05-11
P007253,I005260,Venue/AV,2998.13,EUR,3267.96,2024-08-22
P007254,I006758,Meals,76.58,EUR,83.47,2024-10-09
P007255,I001062,Travel,634.5,BRL,126.9,2024-11-19
P007256,I003554,Meals,99.17,INR,,2024-12-22
P007257,I000620,Travel,482.35,EUR,525.76,2024-06-09
P007258,I005147,Honoraria,1380.91,USD,1380.91,2024-07-24
P007259,I000489,Travel,264.27,INR,3.17,2024-10-26
P007260,I005839,Travel,296.95,GBP,377.13,2025-06-27
P007261,I002374,Honoraria,498.91,CAD,369.19,2025-07-14
P007262,I002064,Honoraria,1516.39,USD,1516.39,2024-06-16
P007263,I001461,Honoraria,1690.2,BRL,338.04,2024-09-12
P007264,I004095,Honoraria,1550.32,USD,1550.32,2025-02-22
P007265,I001670,Venue/AV,3731.6,JPY,,2024-04-16
P007266,I004003,Travel,520.05,JPY,3.48,2024-07-11
P007267,I000600,Travel,338.04,JPY,2.26,2025-06-03
P007268,I005292,Meals,107.12,MXN,6.21,2024-03-21
P007269,I002529,Venue/AV,1006.06,USD,1006.06,2024-11-27
P007270,I005026,Venue/AV,1656.88,JPY,11.1,2024-02-19
P007271,I006907,Meals,250.18,INR,3.0,2024-07-09
P007272,I000827,Lodging,356.63,BRL,,2024-03-14
P007273,I006502,Travel,204.69,BRL,40.94,2025-02-14
P007274,I000568,Lodging,296.38,BRL,59.28,2025-01-09
P007275,I006811,Honoraria,1620.9,CAD,1199.47,2025-04-27
P007276,I002999,Honoraria,1481.25,EUR,1614.56,2025-01-20
P007277,I003367,Lodging,920.97,INR,11.05,2024-01-17
P007278,I005328,Lodging,169.5,EUR,184.76,2024-02-17
P007279,I002603,Honoraria,899.07,BRL,179.81,2024-03-26
P007280,I004736,Lodging,1759.08,GBP,2234.03,2024-02-12
P007281,I005205,Honoraria,3470.04,BRL,694.01,2024-11-09
P007282,I006185,Meals,42.47,EUR,46.29,2024-03-07
P007283,I004070,Travel,381.33,GBP,484.29,2024-04-09
P007284,I000424,Honoraria,467.85,BRL,93.57,2024-06-25
P007285,I000217,Lodging,377.36,GBP,479.25,2025-07-02
P007286,I000896,Meals,45.97,USD,45.97,2024-11-30
P007287,I004781,Meals,68.1,INR,0.82,2024-06-12
P007288,I001754,Travel,345.36,CAD,255.57,2024-11-30
P007289,I006769,Honoraria,1437.46,MXN,83.37,2024-02-26
P007290,I003441,Travel,554.15,EUR,604.02,2024-02-11
P007291,I003615,Meals,85.6,BRL,17.12,2024-07-10
P007292,I006111,Honoraria,1027.24,EUR,1119.69,2024-10-05
P007293,I005607,Meals,157.09,EUR,,2024-07-04
P007294,I003798,Honoraria,489.06,EUR,533.08,2024-03-08
P007295,I005354,Venue/AV,3278.88,CAD,2426.37,2025-05-27
P007296,I004623,Venue/AV,2744.22,EUR,2991.2,2024-09-23
P007297,I002682,Honoraria,2631.17,INR,31.57,2025-01-11
P007298,I003187,Meals,27.91,BRL,5.58,2024-06-10
P007299,I001205,Meals,205.67,EUR,224.18,2025-01-31
P007300,I004890,Honoraria,886.3,BRL,177.26,2024-02-22
P007301,I006718,Meals,52.2,BRL,10.44,2025-01-23
P007302,I001226,Honoraria,600.26,BRL,120.05,2024-08-15
P007303,I002651,Meals,92.16,INR,,2024-08-03
P007304,I000992,Meals,59.24,EUR,64.57,2025-07-14
P007305,I001208,Venue/AV,1606.69,EUR,1751.29,2024-10-21
P007306,I004475,Lodging,454.03,CAD,335.98,2024-08-18
P007307,I003376,Honoraria,1225.42,EUR,1335.71,2024-03-23
P007308,I002136,Travel,272.09,EUR,296.58,2024-06-24
P007309,I004308,Meals,171.91,JPY,1.15,2025-02-25
P007310,I003736,Honoraria,1118.21,BRL,223.64,2024-05-08
P007311,I002426,Travel,141.29,BRL,28.26,2024-11-04
P007312,I006118,Travel,146.56,EUR,159.75,2024-07-17
P007313,I005486,Travel,318.08,USD,318.08,2024-03-13
P007314,I000486,Meals,77.5,CAD,57.35,2024-01-10
P007315,I003423,Honoraria,1490.52,MXN,,2024-08-12
P007316,I003988,Honoraria,1183.56,EUR,1290.08,2024-04-03
P007317,I000473,Meals,91.04,BRL,18.21,2024-06-05
P007318,I004015,Travel,347.74,INR,4.17,2024-04-18
P007319,I000488,Travel,396.21,USD,396.21,2024-11-12
P007320,I003859,Travel,607.44,JPY,4.07,2024-03-17
P007321,I006585,Lodging,357.09,USD,357.09,2025-01-31
P007322,I000939,Meals,59.71,USD,59.71,2024-07-09
P007323,I001267,Meals,87.45,BRL,17.49,2024-07-13
P007324,I005962,Travel,510.47,EUR,556.41,2024-03-11
P007325,I004429,Meals,108.44,EUR,118.2,
P007326,I006802,Travel,688.75,JPY,4.61,2025-07-02
P007327,I003389,Honoraria,630.2,EUR,686.92,2024-04-09
P007328,I003503,Travel,364.58,CAD,269.79,2025-03-30
P007329,I002615,Meals,73.58,CAD,54.45,2024-11-08
P007330,I005832,Meals,65.44,EUR,71.33,2025-03-28
P007331,I002695,Meals,26.6,MXN,1.54,2025-01-22
P007332,I005169,Honoraria,1737.08,GBP,2206.09,2024-09-01
P007333,I001919,Travel,293.35,JPY,1.97,2025-03-13
P007334,I002254,Meals,26.18,INR,0.31,2025-04-21
P007335,I002223,Lodging,585.52,USD,585.52,2024-09-11
P007336,I006224,Meals,183.23,USD,183.23,2025-01-31
P007337,I006348,Meals,136.99,MXN,7.95,2024-12-12
P007338,I002832,Meals,191.08,INR,2.29,2025-01-07
P007339,I005995,Travel,580.83,BRL,116.17,2025-05-14
P007340,I001621,Venue/AV,1156.47,EUR,1260.55,2024-04-12
P007341,I005587,Travel,314.89,JPY,2.11,2024-03-22
P007342,I003419,Travel,933.87,MXN,,2024-03-06
P007343,I001264,Honoraria,584.75,EUR,637.38,2024-02-09
P007344,I005421,Lodging,762.06,JPY,,2024-03-30
P007345,I004120,Meals,41.44,MXN,2.4,2024-01-23
P007346,I002768,Travel,337.13,CAD,,2025-02-25
P007347,I006790,Travel,968.8,EUR,1055.99,2025-07-18
P007348,I005147,Lodging,532.21,BRL,106.44,2024-08-03
P007349,I000283,Lodging,308.58,eur,336.35,2024-02-04
P007350,I004516,Travel,1413.64,CAD,,2024-07-11
P007351,I004063,Lodging,779.12,EUR,849.24,2024-10-22
P007352,I004788,Meals,111.8,MXN,6.48,2025-02-22
P007353,I002162,Travel,100.54,JPY,0.67,2024-10-03
P007354,I005075,Lodging,686.59,CAD,508.08,2025-01-13
P007355,I003263,Honoraria,1235.95,BRL,247.19,2025-01-29
P007356,I003746,Meals,41.27,EUR,44.98,2024-12-22
P007357,I003444,Meals,203.69,CAD,150.73,2024-08-11
P007358,I005714,Meals,45.08,USD,45.08,2025-06-03
P007359,I001773,Meals,94.67,EUR,103.19,2024-04-01
P007360,I001364,Meals,101.58,MXN,5.89,2024-10-10
P007361,I005364,Honoraria,1830.06,EUR,1994.77,2024-12-11
P007362,I001603,Meals,168.08,EUR,183.21,2024-01-27
P007363,I000154,Venue/AV,1363.95,MXN,79.11,2025-07-27
P007364,I000765,Meals,36.83,INR,0.44,2024-07-16
P007365,I003737,Meals,181.89,USD,181.89,2024-04-07
P007366,I006666,Travel,166.79,BRL,33.36,2025-02-04
P007367,I001610,Honoraria,1449.57,BRL,289.91,2024-02-11
P007368,I004688,Honoraria,308.06,MXN,17.87,2024-11-23
P007369,I004971,Honoraria,910.24,MXN,52.79,2025-02-05
P007370,I004322,Meals,96.51,EUR,105.2,2024-11-01
P007371,I001987,Meals,90.93,INR,1.09,2024-05-31
P007372,I000978,Meals,116.26,mxn,6.74,2024-02-14
P007373,I005290,Travel,234.73,EUR,255.86,2024-06-19
P007374,I001502,Meals,109.99,EUR,119.89,2024-01-31
P007375,I003398,Travel,1388.0,EUR,1512.92,2024-06-15
P007376,I001407,Lodging,114.31,EUR,124.6,2024-04-19
P007377,I004903,Travel,731.49,MXN,42.43,2025-04-14
P007378,I007226,Meals,490.27,JPY,3.28,2025-04-27
P007379,I004080,Venue/AV,2767.7,EUR,,2025-02-07
P007380,I006348,Meals,109.28,USD,109.28,2024-11-29
P007381,I003752,Meals,44.68,USD,44.68,2024-09-21
P007382,I005812,Travel,229.81,EUR,,2024-09-11
P007383,I006278,Meals,91.31,MXN,5.3,2025-06-09
P007384,I001050,Honoraria,1461.13,JPY,9.79,2025-03-25
P007385,I003890,Travel,250.19,JPY,1.68,2024-07-20
P007386,I002530,Meals,90.04,USD,90.04,2024-05-16
P007387,I002314,Travel,345.94,EUR,,2024-10-20
P007388,I007000,Honoraria,1306.56,CAD,966.85,2024-02-13
P007389,I006856,Meals,16.65,INR,0.2,2025-02-05
P007390,I006233,Meals,94.64,MXN,5.49,2025-04-05
P007391,I001021,Meals,75.26,GBP,95.58,2025-02-02
P007392,I004321,Honoraria,341.33,EUR,372.05,2024-08-15
P007393,I000843,Honoraria,1356.74,INR,16.28,2024-07-08
P007394,I002371,Meals,122.59,CAD,90.72,2024-10-19
P007395,I011749,Meals,70.37,JPY,0.47,2024-09-22
P007396,I006776,Meals,227.71,JPY,1.53,2025-05-30
P007397,I004558,Meals,86.03,BRL,17.21,2024-07-31
P007398,I002429,Meals,142.3,BRL,28.46,2025-02-11
P007399,I000183,Honoraria,1762.39,JPY,11.81,2025-01-25
P007400,I004229,Meals,54.26,BRL,10.85,2025-02-04
P007401,I005652,Travel,406.99,CAD,301.17,2025-02-15
P007402,I001737,Meals,76.58,EUR,83.47,2025-05-16
P007403,I009487,Honoraria,2484.39,EUR,2707.99,2025-06-18
P007404,I001943,Travel,255.34,INR,3.06,2024-04-10
P007405,I002856,Meals,71.18,BRL,14.24,2025-06-20
P007406,I006002,Meals,72.22,CAD,53.44,2024-02-24
P007407,I006942,Venue/AV,2218.38,EUR,2418.03,2024-08-18
P007408,I002981,Meals,66.6,USD,66.6,2024-11-13
P007409,I000149,Travel,211.51,MXN,12.27,2025-02-13
P007410,I004879,Meals,63.85,CAD,47.25,2025-04-15
P007411,I000981,Honoraria,738.91,GBP,938.42,2024-01-20
P007412,I005712,Meals,147.92,JPY,0.99,2025-05-22
P007413,I005552,Meals,64.58,MXN,3.75,2024-02-23
P007414,I006997,Meals,45.79,USD,45.79,2025-06-11
P007415,I000101,Honoraria,730.36,BRL,146.07,2024-05-16
P007416,I006921,Meals,76.3,BRL,15.26,2024-09-21
P007417,I003822,Travel,661.26,EUR,720.77,2024-11-25
P007418,I000787,Meals,56.13,EUR,61.18,2025-03-15
P007419,I001865,Lodging,354.54,JPY,,2024-11-24
P007420,I002664,Honoraria,457.3,EUR,498.46,2024-09-19
P007421,I003369,Honoraria,229.13,USD,229.13,2024-01-25
P007422,I002108,Meals,15.73,BRL,3.15,2024-07-10
P007423,I006046,Meals,61.62,BRL,12.32,2025-04-20
P007424,I006502,Travel,355.8,MXN,20.64,2025-01-06
P007425,I000566,Meals,84.71,gbp,,2024-10-04
P007426,I002184,Travel,1329.48,INR,15.95,2024-11-13
P007427,I004974,Meals,102.45,JPY,0.69,2024-11-16
P007428,I000458,Travel,368.15,mxn,21.35,2025-06-22
P007429,I005725,Honoraria,2054.92,USD,2054.92,2024-07-05
P007430,I001988,Meals,87.63,GBP,111.29,2025-02-07
P007431,I002361,Meals,107.52,GBP,136.55,2024-09-18
P007432,I001851,Meals,121.99,CAD,90.27,2024-03-27
P007433,I005567,Honoraria,507.74,BRL,101.55,2024-01-31
P007434,I002370,Honoraria,2216.83,CAD,1640.45,2024-11-26
P007435,I003761,Meals,66.44,MXN,3.85,2024-08-01
P007436,I000498,Meals,34.86,BRL,6.97,2024-08-22
P007437,I005388,Travel,101.53,EUR,,2024-01-18
P007438,I001707,Meals,89.14,USD,89.14,2024-12-03
P007439,I004781,Travel,891.49,INR,10.7,2024-06-05
P007440,I005456,Meals,65.02,MXN,3.77,2025-01-23
P007441,I000943,Meals,33.24,BRL,6.65,2024-04-15
P007442,I005731,Honoraria,399.5,mxn,23.17,2024-04-04
P007443,I001501,Travel,1412.0,EUR,1539.08,2024-08-25
P007444,I001471,Travel,575.13,GBP,730.42,2024-03-06
P007445,I001783,Meals,145.16,EUR,158.22,2024-03-01
P007446,I003957,Lodging,337.32,USD,337.32,2024-06-03
P007447,I001888,Meals,29.48,MXN,1.71,2024-06-22
P007448,I000428,Meals,68.32,EUR,74.47,2025-03-01
P007449,I001266,Meals,49.23,USD,49.23,2024-12-11
P007450,I002161,Travel,296.82,EUR,323.53,2024-10-19
P007451,I002400,Meals,266.0,INR,3.19,2025-03-17
P007452,I011717,Venue/AV,2409.71,INR,28.92,2025-02-17
P007453,I002355,Travel,536.22,CAD,396.8,2025-01-17
P007454,I004581,Meals,138.39,CAD,102.41,2025-04-15
P007455,I002694,Travel,276.76,CAD,204.8,2024-10-16
P007456,I001247,Travel,200.11,EUR,218.12,2024-08-30
P007457,I006666,Honoraria,319.75,BRL,63.95,2024-12-27
P007458,I004106,Lodging,120.13,EUR,130.94,2024-06-20
P007459,I006009,Meals,155.45,GBP,197.42,2024-05-09
P007460,I006811,Lodging,582.07,MXN,33.76,2025-05-25
P007461,I008210,Meals,106.75,EUR,116.36,2025-01-26
P007462,I002493,Meals,72.09,USD,72.09,2025-05-23
P007463,I003884,Lodging,2039.02,INR,24.47,2025-07-18
P007464,I001967,Meals,65.44,USD,65.44,2025-04-15
P007465,I004097,Meals,65.12,CAD,48.19,2024-05-03
P007466,I004544,Travel,625.85,MXN,36.3,2024-07-19
P007467,I003977,Honoraria,459.06,INR,5.51,2025-03-23
P007468,I003702,Meals,76.27,GBP,96.86,2024-11-07
P007469,I005921,Meals,133.2,JPY,0.89,2025-07-20
P007470,I004027,Travel,161.69,JPY,1.08,2024-05-06
P007471,I003219,Meals,176.55,JPY,1.18,2024-11-10
P007472,I001315,Lodging,373.34,JPY,2.5,2024-02-13
P007473,I002398,Honoraria,1566.26,INR,18.8,2025-03-22
P007474,I004319,Honoraria,1199.11,MXN,69.55,2024-05-09
P007475,I001683,Meals,91.05,CAD,67.38,2025-03-25
P007476,I000214,Honoraria,741.72,USD,741.72,2024-08-18
P007477,I005813,Travel,318.08,USD,318.08,2025-02-17
P007478,I002635,Lodging,990.93,CAD,733.29,2024-08-30
P007479,I006110,Meals,184.12,MXN,,2024-11-28
P007480,I006026,Travel,169.71,MXN,9.84,2024-05-27
P007481,I004269,Lodging,1033.44,USD,1033.44,2024-10-26
P007482,I001461,Travel,397.99,CAD,294.51,2024-08-16
P007483,I006763,Meals,56.49,USD,56.49,2024-12-21
P007484,I005671,Travel,267.67,EUR,291.76,2024-09-28
P007485,I005068,Meals,59.76,EUR,65.14,2025-04-13
P007486,I003870,Lodging,416.4,EUR,453.88,2024-11-27
P007487,I002756,Lodging,1104.96,EUR,1204.41,2025-05-27
P007488,I003811,Travel,306.94,BRL,61.39,2024-10-28
P007489,I006297,Meals,58.75,MXN,3.41,2025-02-23
P007490,I001585,Meals,91.01,USD,91.01,2024-04-13
P007491,I001195,Travel,198.22,MXN,11.5,2024-03-07
P007492,I005913,Honoraria,1676.2,EUR,1827.06,2024-04-27
P007493,I006817,Meals,52.52,CAD,38.86,2024-06-29
P007494,I002575,Meals,222.48,EUR,242.5,2024-08-08
P007495,I004585,Travel,241.94,INR,2.9,2025-05-29
P007496,I005018,Honoraria,2127.95,BRL,425.59,2024-08-18
P007497,I003930,Honoraria,1549.5,MXN,89.87,2024-03-21
P007498,I004269,Honoraria,809.3,BRL,161.86,2024-10-18
P007499,I002296,Travel,264.42,CAD,195.67,2024-04-23
P007500,I004335,Lodging,364.98,JPY,2.45,2025-03-29
P007501,I003006,Meals,129.15,GBP,164.02,2024-04-17
P007502,I000738,Meals,112.86,USD,112.86,2024-04-02
P007503,I004347,Meals,61.93,EUR,67.5,2024-06-26
P007504,I001247,Travel,298.4,EUR,325.26,2024-08-17
P007505,I003173,Meals,22.27,GBP,28.28,2025-02-10
P007506,I003479,Meals,106.86,JPY,0.72,2024-12-01
P007507,I002701,Meals,88.66,JPY,0.59,2024-10-17
P007508,I005581,Meals,77.26,MXN,,2024-12-04
P007509,I004536,Meals,24.33,EUR,26.52,2024-04-18
P007510,I004328,Lodging,536.04,EUR,584.28,2024-10-04
P007511,I003575,Venue/AV,2546.61,CAD,1884.49,2024-08-21
P007512,I001446,Travel,343.95,GBP,436.82,2025-06-27
P007513,I006555,Meals,35.21,USD,35.21,2024-10-20
P007514,I005569,Travel,763.06,EUR,831.74,2024-12-18
P007515,I002968,Travel,130.05,INR,1.56,2024-04-09
P007516,I000870,Venue/AV,5312.07,JPY,35.59,2024-11-26
P007517,I003118,Honoraria,898.92,EUR,979.82,2025-05-31
P007518,I002807,Meals,127.65,INR,1.53,2024-06-12
P007519,I002238,Venue/AV,2933.16,CAD,2170.54,2024-05-22
P007520,I003287,Venue/AV,974.35,MXN,56.51,2024-03-31
P007521,I002826,Travel,248.69,EUR,271.07,2025-06-07
P007522,I000137,Lodging,975.5,EUR,1063.3,2024-09-26
P007523,I001332,Meals,123.36,EUR,134.46,2025-04-27
P007524,I003689,Lodging,647.81,GBP,822.72,2025-06-20
P007525,I005733,Lodging,298.85,EUR,325.75,2025-04-10
P007526,I006940,Meals,183.21,MXN,10.63,2024-12-06
P007527,I006217,Lodging,570.67,EUR,622.03,2024-02-04
P007528,I000919,Venue/AV,1791.94,JPY,12.01,2024-10-08
P007529,I004792,Travel,871.92,GBP,1107.34,2024-02-10
P007530,I004348,Honoraria,1282.57,BRL,256.51,2024-12-29
P007531,I005524,Meals,133.82,USD,133.82,2024-11-08
P007532,I005287,Travel,423.08,BRL,84.62,2025-04-04
P007533,I002818,Honoraria,2491.8,GBP,3164.59,2024-01-28
P007534,I006949,Venue/AV,3411.53,eur,3718.57,2025-03-16
P007535,I005805,Lodging,568.8,CAD,420.91,2025-05-30
P007536,I002561,Honoraria,1009.43,MXN,58.55,2024-10-02
P007537,I003294,Meals,127.0,INR,1.52,2024-05-27
P007538,I005452,Meals,43.07,EUR,46.95,2024-11-22
P007539,I002980,Meals,102.18,EUR,111.38,2024-03-25
P007540,I003457,Lodging,133.38,EUR,145.38,2024-03-20
P007541,I000120,Meals,105.7,GBP,134.24,2024-11-19
P007542,I006120,Meals,83.55,GBP,106.11,2025-04-10
P007543,I003145,Honoraria,1499.67,EUR,1634.64,2024-06-09
P007544,I006528,Meals,28.35,JPY,0.19,2024-02-18
P007545,I006943,Lodging,376.55,JPY,2.52,2024-12-20
P007546,I002726,Meals,34.15,JPY,0.23,2024-01-13
P007547,I001153,Lodging,408.13,cad,302.02,2025-03-23
P007548,I002901,Meals,94.7,EUR,103.22,2024-06-05
P007549,I003730,Meals,46.9,EUR,51.12,2024-08-02
P007550,I000337,Meals,74.12,INR,0.89,2025-03-26
P007551,I002994,Travel,372.46,EUR,405.98,2025-04-13
P007552,I002023,Meals,40.17,JPY,0.27,2024-07-16
P007553,I005525,Meals,45.69,INR,0.55,2024-06-19
P007554,I002653,Meals,70.2,EUR,76.52,2024/07/14
P007555,I001466,Meals,81.46,USD,81.46,2025-03-02
P007556,I006691,Honoraria,1426.43,EUR,1554.81,2025-03-09
P007557,I002405,Honoraria,607.52,JPY,4.07,2025-04-13
P007558,I006820,Travel,294.97,USD,294.97,2024-11-23
P007559,I005151,Travel,460.09,MXN,26.69,2024-05-25
P007560,I006124,Travel,350.85,USD,350.85,2025-03-26
P007561,I006776,Meals,35.63,INR,0.43,2025-06-01
P007562,I005079,Meals,34.58,GBP,43.92,2024-11-10
P007563,I003347,Meals,94.19,JPY,0.63,2024-02-29
P007564,I001862,Lodging,392.33,CAD,290.32,2024-04-08
P007565,I005778,Meals,54.94,JPY,0.37,2024-05-16
P007566,I006793,Meals,206.48,EUR,225.06,2024-12-12
P007567,I004429,Travel,895.41,EUR,976.0,2024-08-05
P007568,I003528,Travel,366.55,JPY,2.46,2024-12-18
P007569,I005354,Honoraria,947.54,CAD,701.18,2025-05-08
P007570,I000872,Meals,64.79,BRL,12.96,2025-03-20
P007571,I004616,Meals,106.99,MXN,6.21,2024-04-17
P007572,I001986,Meals,34.15,CAD,25.27,2024-06-20
P007573,I002586,Meals,101.63,JPY,0.68,2025-06-25
P007574,I005600,Meals,73.33,USD,73.33,2024-04-27
P007575,I003384,Honoraria,2303.76,EUR,2511.1,2024-08-31
P007576,I003112,Lodging,713.31,EUR,777.51,2025-01-18
P007577,I002431,Venue/AV,4542.91,INR,54.51,2024-03-20
P007578,I002258,Meals,128.89,INR,1.55,2025-04-11
P007579,I006191,Travel,218.39,MXN,12.67,2024-08-18
P007580,I003218,Travel,116.67,BRL,23.33,2024-07-19
P007581,I006257,Meals,60.4,EUR,65.84,2024-11-17
P007582,I001624,Meals,50.93,EUR,55.51,2025-06-25
P007583,I002088,Lodging,641.82,EUR,699.58,2025-06-04
P007584,I005198,Meals,177.52,EUR,193.5,2025-05-11
P007585,I006203,Travel,328.6,EUR,358.17,2025-01-26
P007586,I003101,Honoraria,1296.47,USD,1296.47,2024-12-22
P007587,I004667,Travel,283.12,BRL,56.62,2025-07-10
P007588,I001403,Meals,96.39,USD,96.39,2024-07-03
P007589,I000617,Meals,128.02,JPY,0.86,2025-07-07
P007590,I000695,Meals,174.87,JPY,1.17,2024-12-13
P007591,I000396,Venue/AV,3714.47,CAD,2748.71,2024/07/08
P007592,I003071,Travel,495.89,CAD,366.96,2025-07-15
P007593,I005653,Meals,128.41,EUR,139.97,2024-10-05
P007594,I000439,Venue/AV,609.82,EUR,664.7,2025-05-26
P007595,I002005,Meals,173.87,EUR,189.52,2024-06-09
P007596,I004241,Travel,651.53,INR,7.82,2024-06-06
P007597,I006790,Venue/AV,2559.25,GBP,3250.25,2025-06-23
P007598,I003668,Travel,485.83,CAD,359.51,2025-05-02
P007599,I003905,Travel,151.82,USD,151.82,2025-03-24
P007600,I003857,Meals,41.74,MXN,2.42,2025-05-05
P007601,I005894,Travel,953.51,EUR,1039.33,2024-04-05
P007602,I001897,Honoraria,652.9,EUR,711.66,2024-07-13
P007603,I000252,Honoraria,1424.13,MXN,82.6,2025-01-05
P007604,I003592,Travel,354.39,BRL,70.88,2024-12-01
P007605,I005391,Honoraria,697.98,GBP,886.43,2024-11-23
P007606,I005178,Honoraria,2705.7,CAD,2002.22,2024-12-30
P007607,I006056,Honoraria,327.38,INR,3.93,2025-03-25
P007608,I000500,Meals,180.2,EUR,196.42,2024-07-23
P007609,I004784,Meals,52.97,GBP,67.27,2025-07-14
P007610,I003396,Venue/AV,822.5,JPY,5.51,2025-04-16
P007611,I000750,Travel,816.96,MXN,47.38,2024-07-23
P007612,I000608,Meals,101.36,MXN,5.88,2024-11-07
P007613,I005225,Meals,31.87,GBP,40.47,2024-04-17
P007614,I005620,Venue/AV,2708.19,EUR,2951.93,2024-08-31
P007615,I006814,Travel,565.41,JPY,3.79,2024-04-05
P007616,I002712,Meals,83.66,BRL,16.73,2025-05-22
P007617,I003299,Meals,46.53,MXN,2.7,2024-03-22
P007618,I001041,Travel,151.28,CAD,111.95,2024-06-05
P007619,I003348,Meals,32.43,EUR,35.35,2024-10-11
P007620,I006137,Travel,465.89,EUR,507.82,2024-11-08
P007621,I003974,Honoraria,1172.35,GBP,1488.88,2025-01-28
P007622,I001373,Travel,948.94,BRL,189.79,2024-12-04
P007623,I002050,Lodging,306.38,BRL,61.28,2024-02-03
P007624,I006929,Meals,98.55,INR,1.18,2024-03-03
P007625,I002718,Meals,55.53,MXN,3.22,2024-05-29
P007626,I004755,Meals,94.79,MXN,5.5,2024-03-14
P007627,I006604,Meals,94.15,EUR,102.62,2024-02-17
P007628,I000548,Meals,27.26,BRL,5.45,2024-12-12
P007629,I003856,Venue/AV,1743.1,EUR,1899.98,2024-09-19
P007630,I001701,Travel,290.24,MXN,16.83,2024-06-16
P007631,I004517,Travel,260.08,USD,260.08,2025-01-13
P007632,I004088,Meals,68.21,INR,0.82,2024-12-02
P007633,I002319,Meals,92.29,INR,1.11,2024-08-11
P007634,I001984,Travel,410.63,EUR,447.59,2025-07-12
P007635,I002825,Lodging,428.63,JPY,2.87,2024-04-18
P007636,I002666,Lodging,283.53,EUR,309.05,2025-05-03
P007637,I004957,Meals,36.93,BRL,7.39,2024-08-13
P007638,I005264,Travel,386.25,GBP,490.54,2025-03-08
P007639,I001621,Meals,79.4,GBP,100.84,2024-04-07
P007640,I002501,Meals,82.59,CAD,61.12,2024-11-20
P007641,I006464,Travel,294.73,BRL,58.95,2024-05-08
P007642,I006131,Travel,406.3,inr,4.88,2025-07-05
P007643,I006386,Honoraria,1528.97,GBP,1941.79,2024-12-19
P007644,I004950,Venue/AV,2163.77,EUR,2358.51,2025-03-13
P007645,I004051,Honoraria,213.33,EUR,232.53,2025-03-22
P007646,I003124,Meals,69.81,GBP,88.66,2025-02-16
P007647,I000909,Travel,201.24,BRL,40.25,2024-06-21
P007648,I005880,Travel,328.74,JPY,2.2,2025-06-23
P007649,I011608,Travel,453.29,EUR,,2024-12-08
P007650,I001512,Meals,297.4,BRL,59.48,2024-12-04
P007651,I005531,Meals,66.75,EUR,72.76,2025-03-15
P007652,I000165,Lodging,299.36,EUR,,2025-06-02
P007653,I002686,Meals,53.98,BRL,10.8,2025-06-28
P007654,I004879,Travel,141.9,USD,141.9,2025-03-05
P007655,I002874,Honoraria,751.2,EUR,818.81,2024-10-22
P007656,I001158,Venue/AV,1173.88,EUR,1279.53,2024-12-18
P007657,I004558,Lodging,272.99,BRL,54.6,2024-08-09
P007658,I006689,Honoraria,2300.71,GBP,2921.9,2024-05-22
P007659,I002787,Lodging,425.11,EUR,463.37,2025-04-16
P007660,I000162,Meals,91.25,cad,67.53,2024-03-24
P007661,I004348,Travel,166.9,USD,166.9,2025-01-06
P007662,I003002,Meals,79.93,GBP,101.51,2024-06-16
P007663,I005526,Travel,1004.53,EUR,1094.94,2024-08-10
P007664,I006847,Travel,302.05,INR,3.62,2024-12-20
P007665,I002021,Meals,156.88,EUR,171.0,2025-03-29
P007666,I002656,Honoraria,436.83,EUR,476.14,2025-07-19
P007667,I000361,Meals,55.08,GBP,69.95,2024-06-21
P007668,I004183,Meals,69.66,MXN,4.04,2024-02-19
P007669,I000438,Meals,104.92,BRL,20.98,2025-03-13
P007670,I003196,Meals,201.9,USD,201.9,2024-03-30
P007671,I006393,Meals,157.55,EUR,171.73,2025-05-16
P007672,I004919,Travel,4978.99,USD,4978.99,2024-12-28
P007673,I006304,Meals,36.13,EUR,39.38,2024-09-02
P007674,I005778,Meals,44.11,INR,0.53,2024-04-27
P007675,I006269,Travel,326.91,EUR,356.33,2025-04-11
P007676,I006545,Meals,34.55,INR,0.41,2024-09-01
P007677,I004788,Meals,138.31,USD,138.31,2025-03-26
P007678,I005252,Lodging,529.02,MXN,30.68,2024-05-13
P007679,I000646,Meals,83.25,BRL,16.65,2025-04-27
P007680,I001090,Meals,58.6,EUR,63.87,2024-02-01
P007681,I005421,Meals,102.79,INR,1.23,2024-04-03
P007682,I001305,Meals,30.27,EUR,,2024-08-02
P007683,I005586,Honoraria,4058.72,GBP,5154.57,2024-12-13
P007684,I002703,Honoraria,1431.78,EUR,1560.64,2025-05-30
P007685,I004149,Meals,62.81,INR,0.75,2024-09-14
P007686,I000278,Travel,803.05,EUR,875.32,2024-04-23
P007687,I003551,Travel,399.1,EUR,435.02,2024-04-12
P007688,I001928,Honoraria,795.82,BRL,159.16,2025-04-17
P007689,I003127,Travel,285.25,EUR,310.92,2024-04-23
P007690,I002711,Lodging,222.84,EUR,242.9,2024-12-03
P007691,I000112,Meals,200.28,USD,200.28,2025-04-29
P007692,I001506,Honoraria,3356.93,EUR,3659.05,2025-06-12
P007693,I003907,Travel,762.24,EUR,830.84,2024-11-07
P007694,I000965,Travel,260.19,EUR,283.61,2025-05-22
P007695,I003029,Venue/AV,3277.54,JPY,21.96,2024-08-23
P007696,I005489,Honoraria,2054.33,EUR,2239.22,2024-06-01
P007697,I000694,Travel,569.54,GBP,723.32,2024-04-03
P007698,I004818,Venue/AV,3693.49,BRL,738.7,2025-05-17
P007699,I001944,Meals,51.93,BRL,10.39,2024-03-11
P007700,I006634,Venue/AV,3444.4,GBP,4374.39,2024-11-29
P007701,I000474,Honoraria,707.25,GBP,898.21,2024-09-26
P007702,I002001,Meals,55.29,MXN,3.21,2024-04-24
P007703,I003568,Honoraria,704.09,INR,8.45,2024-06-17
P007704,I005702,Meals,91.65,EUR,99.9,2024-02-09
P007705,I005710,Meals,107.79,EUR,117.49,2025-01-31
P007706,I006392,Meals,59.51,GBP,75.58,2025-06-21
P007707,I003142,Meals,39.43,EUR,42.98,2024-04-21
P007708,I004189,Venue/AV,936.82,GBP,1189.76,2025-03-23
P007709,I005763,Meals,253.46,EUR,276.27,2025-02-13
P007710,I002512,Travel,6213.22,EUR,6772.41,2025-06-08
P007711,I001394,Lodging,514.98,EUR,561.33,2024-11-26
P007712,I006253,Meals,263.64,EUR,287.37,2024-08-12
P007713,I001173,Venue/AV,2189.28,JPY,,2024-11-06
P007714,I002132,Honoraria,2229.9,JPY,,2024-11-28
P007715,I001814,Travel,173.87,EUR,189.52,2025-07-22
P007716,I004095,Meals,132.7,MXN,,2025-02-08
P007717,I000722,Meals,75.76,CAD,56.06,2025-03-19
P007718,I004099,Meals,86.49,MXN,5.02,2024-08-11
P007719,I003651,Meals,52.67,USD,52.67,2024-08-08
P007720,I000452,Honoraria,1399.0,CAD,1035.26,2024-03-09
P007721,I001274,Travel,937.58,INR,11.25,2025-03-07
P007722,I003657,Travel,194.84,CAD,144.18,2024-03-12
P007723,I001364,Lodging,268.18,MXN,15.55,2024-10-07
P007724,I006826,Meals,73.66,INR,0.88,2025-04-02
P007725,I006604,Meals,58.44,EUR,63.7,2024-02-23
P007726,I006078,Meals,68.96,CAD,51.03,2024-10-17
P007727,I008501,Travel,133.59,EUR,145.61,2024-05-19
P007728,I006750,Meals,120.56,JPY,0.81,2024-04-02
P007729,I004135,Meals,93.22,JPY,0.62,2024-09-22
P007730,I003380,Meals,142.05,GBP,180.4,2024-10-20
P007731,I004884,Honoraria,1120.67,USD,1120.67,2024-05-02
P007732,I003748,Meals,212.23,MXN,12.31,2024-12-13
P007733,I002885,Meals,111.83,BRL,22.37,2024-09-13
P007734,I001205,Venue/AV,580.23,EUR,632.45,2025-01-23
P007735,I000180,Honoraria,1041.55,JPY,6.98,2024-02-26
P007736,I005653,Meals,18.35,GBP,23.3,2024-09-29
P007737,I003736,Meals,198.71,CAD,147.05,2024-03-23
P007738,I004302,Meals,138.08,BRL,27.62,2024-08-01
P007739,I004635,Meals,108.22,USD,108.22,2025-05-09
P007740,I006376,Venue/AV,2636.94,EUR,2874.26,2024-05-04
P007741,I009694,Meals,211.11,USD,211.11,2024-11-07
P007742,I002572,Lodging,223.78,GBP,284.2,2025-02-16
P007743,I005574,Meals,50.29,INR,0.6,2024-08-10
P007744,I000626,Meals,37.36,BRL,7.47,2024-08-11
P007745,I006628,Travel,387.2,INR,4.65,2024-10-14
P007746,I002702,Travel,683.8,JPY,4.58,2024-03-16
P007747,I011863,Meals,79.87,GBP,101.43,2024-01-23
P007748,I002053,Meals,96.68,MXN,5.61,2025-06-11
P007749,I006527,Honoraria,1511.1,MXN,87.64,2024-07-15
P007750,I005520,Meals,62.52,JPY,0.42,2025-03-30
P007751,I003555,Travel,354.46,BRL,70.89,2025-03-10
P007752,I003904,Venue/AV,1734.38,JPY,11.62,2025-05-14
P007753,I006739,Meals,128.39,MXN,7.45,2024-08-24
P007754,I002905,Travel,169.77,EUR,185.05,2024-04-28
P007755,I000240,Meals,205.17,USD,205.17,2025-04-14
P007756,I004090,Meals,35.53,BRL,7.11,2025-04-15
P007757,I005704,Meals,115.21,USD,115.21,2024-12-12
P007758,I000304,Honoraria,1743.88,MXN,101.15,2025-01-22
P007759,I005361,Honoraria,625.31,EUR,681.59,2024-11-23
P007760,I002417,Travel,409.24,INR,4.91,2024-05-02
P007761,I001330,Travel,491.17,CAD,363.47,2025-06-18
P007762,I005718,Travel,638.3,INR,7.66,2024-10-10
P007763,I005133,Honoraria,1166.77,EUR,1271.78,2024-05-02
P007764,I004600,Meals,88.38,USD,88.38,2024-08-22
P007765,I001638,Travel,330.8,EUR,360.57,2024-11-17
P007766,I006406,Honoraria,1570.88,CAD,1162.45,2024-02-13
P007767,I002275,Meals,248.39,USD,248.39,2025-05-06
P007768,I002347,Meals,34.99,USD,34.99,2024-05-29
P007769,I005430,Meals,91.39,MXN,5.3,2024-01-20
P007770,I003175,Meals,297.7,USD,297.7,2024-11-30
P007771,I004174,Meals,75.58,MXN,4.38,2024-10-22
P007772,I005073,Lodging,411.91,CAD,304.81,2025-03-23
P007773,I003849,Meals,145.05,INR,1.74,2024-10-25
P007774,I005030,Lodging,490.87,usd,490.87,2025-01-12
P007775,I001924,Meals,168.98,CAD,125.05,2024-12-20
P007776,I001525,Meals,69.68,BRL,13.94,2024-07-09
P007777,I006198,Travel,980.51,BRL,196.1,2024-05-09
P007778,I003777,Honoraria,672.01,INR,8.06,2025-03-24
P007779,I006063,Meals,139.37,JPY,0.93,2025-06-02
P007780,I005092,Meals,36.14,MXN,2.1,2024-09-17
P007781,I000599,Meals,73.21,CAD,,2025-05-22
P007782,I000518,Travel,597.13,EUR,650.87,2024-05-21
P007783,I006114,Lodging,235.9,EUR,257.13,2024-07-18
P007784,I004879,Travel,385.39,CAD,285.19,2025-03-19
P007785,I006456,Meals,100.28,MXN,,2025-06-21
P007786,I002207,Meals,32.96,CAD,24.39,2024-09-23
P007787,I000326,Travel,530.49,INR,6.37,2024-11-26
P007788,I004434,Meals,134.04,INR,,2024-05-06
P007789,I000627,Meals,84.44,GBP,107.24,2024-05-05
P007790,I002736,Travel,138.22,BRL,27.64,2024-12-05
P007791,I005509,Travel,261.67,GBP,332.32,2025-01-29
P007792,I001240,Meals,143.78,GBP,182.6,2024-07-31
P007793,I006732,Meals,51.16,EUR,55.76,2025-07-11
P007794,I000649,Travel,706.37,EUR,769.94,2024-02-10
P007795,I005954,Honoraria,454.82,JPY,3.05,2025-01-12
P007796,I003981,Travel,247.5,CAD,183.15,2024-02-07
P007797,I008958,Honoraria,708.02,EUR,771.74,2024-09-16
P007798,I005152,Travel,774.55,BRL,154.91,2024-02-11
P007799,I004548,Meals,68.0,MXN,3.94,2024-02-02
P007800,I000335,Travel,99.24,INR,1.19,2025-03-13
P007801,I004998,Travel,239.8,CAD,177.45,2025-06-04
P007802,I004317,Honoraria,1125.37,CAD,832.77,2024-04-09
P007803,I001468,Honoraria,735.29,JPY,4.93,2024-09-03
P007804,I003656,Travel,247.72,EUR,270.01,2024-12-20
P007805,I001950,Travel,479.58,EUR,522.74,2024-03-21
P007806,I003716,Travel,349.62,BRL,69.92,2024-06-29
P007807,I003829,Meals,51.84,EUR,56.51,2024-08-26
P007808,I006415,Travel,115.82,EUR,126.24,2024-03-01
P007809,I001167,Honoraria,964.26,BRL,192.85,2025-03-05
P007810,I004508,Meals,142.11,USD,142.11,2025-06-10
P007811,I003625,Meals,84.84,MXN,4.92,2024-09-06
P007812,I002379,Meals,60.98,EUR,66.47,2024-03-07
P007813,I003219,Meals,165.46,JPY,1.11,2024-11-06
P007814,I003216,Honoraria,1569.14,MXN,91.01,2024-11-17
P007815,I000540,Meals,33.3,EUR,36.3,2025-06-06
P007816,I006955,Lodging,603.47,INR,7.24,2025-07-20
P007817,I004272,Honoraria,3263.12,BRL,,2025-05-08
P007818,I005312,Meals,125.4,EUR,136.69,2024-11-28
P007819,I008498,Meals,272.12,INR,3.27,2025-07-13
P007820,I000098,Honoraria,870.97,MXN,50.52,2024-02-11
P007821,I006112,Meals,108.94,eur,118.74,2024-08-17
P007822,I002791,Meals,107.67,EUR,117.36,2024-10-07
P007823,I004115,Honoraria,837.51,EUR,912.89,2025-05-18
P007824,I005278,Meals,49.65,INR,0.6,2025-02-05
P007825,I005347,Honoraria,1084.33,EUR,1181.92,2024-11-26
P007826,I006795,Lodging,168.4,INR,2.02,2025-06-08
P007827,I001706,Meals,35.55,CAD,26.31,2024-09-03
P007828,I003056,Honoraria,617.56,INR,7.41,2024-04-08
P007829,I003865,Meals,167.43,USD,167.43,2024-09-30
P007830,I006115,Travel,216.73,JPY,1.45,2024-01-26
P007831,I005537,Honoraria,3412.52,MXN,197.93,
P007832,I006429,Travel,704.88,MXN,40.88,2024-08-23
P007833,I001682,Travel,196.21,EUR,213.87,2024-10-18
P007834,I002749,Lodging,243.75,GBP,309.56,2024-11-14
P007835,I006472,Meals,75.32,EUR,82.1,2024-01-08
P007836,I005018,Travel,134.95,CAD,99.86,2024-08-15
P007837,I003842,Meals,97.9,EUR,106.71,2024-12-20
P007838,I004950,Venue/AV,1460.53,EUR,1591.98,2025-02-25
P007839,I004696,Travel,858.46,MXN,49.79,2024-09-20
P007840,I003044,Meals,77.16,MXN,4.48,2025-01-24
P007841,I002868,Travel,109.17,INR,1.31,2024-03-22
P007842,I001922,Honoraria,942.14,GBP,,2025-05-18
P007843,I003386,Honoraria,1717.31,USD,1717.31,2024-03-04
P007844,I004264,Honoraria,1827.21,JPY,12.24,2024-02-05
P007845,I002723,Travel,325.05,MXN,18.85,2025-02-20
P007846,I001472,Meals,107.13,GBP,,2025-04-18
P007847,I005501,Honoraria,3434.21,INR,41.21,2024-02-23
P007848,I006963,Honoraria,1436.11,USD,1436.11,2025-02-13
P007849,I006920,Honoraria,1060.74,BRL,212.15,2025-05-05
P007850,I005831,Travel,306.09,INR,3.67,2025-04-29
P007851,I005158,Meals,123.99,MXN,7.19,2024-07-23
P007852,I001689,Lodging,235.59,USD,235.59,2024-05-17
P007853,I003179,Meals,60.67,JPY,0.41,2024-03-25
P007854,I001037,Venue/AV,1604.95,INR,,2024-09-12
P007855,I001036,Venue/AV,889.51,GBP,1129.68,2025-02-05
P007856,I000236,Meals,145.31,GBP,184.54,2024-09-15
P007857,I002558,Meals,46.04,EUR,50.18,2025-06-25
P007858,I002298,Meals,77.25,EUR,84.2,2024-04-10
P007859,I005970,Travel,469.88,INR,5.64,2024-10-12
P007860,I006670,Venue/AV,3113.65,JPY,20.86,2024-06-09
P007861,I006578,Travel,286.74,EUR,312.55,2025-05-11
P007862,I000550,Travel,196.41,CAD,145.34,2024-06-10
P007863,I003347,Travel,223.76,JPY,1.5,2024-01-12
P007864,I001463,Meals,67.4,BRL,13.48,2025-02-26
P007865,I001017,Meals,78.87,EUR,85.97,2025-01-01
P007866,I004117,Lodging,994.88,USD,994.88,2024-06-12
P007867,I002332,Lodging,320.78,MXN,18.61,2024-03-06
P007868,I001997,Venue/AV,2482.44,CAD,1837.01,2024-08-05
P007869,I002907,Honoraria,1155.89,EUR,1259.92,2024-03-21
P007870,I005112,Travel,812.82,CAD,601.49,2024-11-12
P007871,I004803,Travel,190.6,INR,2.29,2025-04-13
P007872,I004624,Travel,504.22,CAD,373.12,2024-11-07
P007873,I005573,Honoraria,1732.55,EUR,1888.48,2024-08-29
P007874,I001164,Honoraria,1273.38,USD,1273.38,2025-05-01
P007875,I000917,Meals,55.64,EUR,60.65,2024-07-27
P007876,I002638,Honoraria,1774.82,cad,1313.37,2025-02-20
P007877,I001198,Meals,266.21,EUR,290.17,2024-03-09
P007878,I005972,Meals,126.37,MXN,7.33,2024-02-23
P007879,I010405,Meals,105.34,EUR,114.82,2024-03-24
P007880,I004038,Meals,100.82,MXN,5.85,2025-02-04
P007881,I005637,Meals,167.68,JPY,1.12,2024-08-13
P007882,I002520,Lodging,511.94,EUR,558.01,2025-06-13
P007883,I006951,Travel,265.99,CAD,196.83,2025-02-12
P007884,I003663,Travel,176.47,brl,35.29,2025-04-11
P007885,I002319,Meals,188.37,INR,2.26,2024-08-16
P007886,I002021,Meals,133.9,EUR,145.95,2025-04-02
P007887,I005222,Honoraria,1479.33,EUR,1612.47,2024-07-01
P007888,I005386,Meals,81.21,GBP,103.14,2024-03-01
P007889,I006082,Honoraria,588.39,CAD,435.41,2025-03-24
P007890,I006721,Meals,55.17,GBP,70.07,2024-05-01
P007891,I006198,Honoraria,6642.99,CAD,4915.81,2024-04-26
P007892,I002318,Honoraria,664.76,CAD,491.92,2024-03-15
P007893,I003431,Travel,581.8,BRL,116.36,2025-04-19
P007894,I006753,Honoraria,1801.16,EUR,1963.26,2025-05-20
P007895,I002520,Honoraria,671.34,EUR,731.76,2025-04-25
P007896,I005796,Honoraria,1489.3,BRL,297.86,2024-11-05
P007897,I006352,Honoraria,1545.66,EUR,1684.77,2025-05-25
P007898,I000573,Meals,134.52,BRL,26.9,2024-03-07
P007899,I002443,Meals,57.85,BRL,11.57,2025-05-26
P007900,I005933,Honoraria,6360.95,USD,6360.95,2024-06-07
P007901,I003642,Lodging,321.61,JPY,2.15,2025-01-24
P007902,I002723,Lodging,158.6,usd,158.6,2025-03-04
P007903,I001346,Meals,94.9,INR,1.14,2024-03-12
P007904,I005127,Meals,72.49,CAD,53.64,2024-01-14
P007905,I005274,Honoraria,2597.23,BRL,519.45,2024-11-21
P007906,I002572,Meals,91.12,EUR,99.32,2025-02-02
P007907,I000506,Meals,55.01,GBP,69.86,2025-01-06
P007908,I006608,Travel,287.27,USD,287.27,2024-04-18
P007909,I003206,Travel,428.05,CAD,316.76,2024-11-20
P007910,I002985,Meals,154.58,brl,30.92,2024-09-19
P007911,I005882,Meals,253.84,EUR,276.69,2025-06-19
P007912,I000971,Meals,92.03,EUR,100.31,2025-03-03
P007913,I000804,Meals,192.33,EUR,209.64,2025-01-17
P007914,I001685,Meals,248.07,JPY,1.66,2025-07-04
P007915,I001693,Venue/AV,1901.47,CAD,1407.09,2025-01-25
P007916,I002913,Meals,58.22,USD,58.22,2024-06-28
P007917,I000839,Meals,40.57,GBP,51.52,2024-10-14
P007918,I000576,Honoraria,876.89,MXN,50.86,2024-09-26
P007919,I002632,Meals,177.74,CAD,131.53,2024-06-17
P007920,I008815,Venue/AV,1277.88,CAD,945.63,2025-02-14
P007921,I002856,Meals,44.9,CAD,33.23,2025-06-25
P007922,I001094,Meals,149.0,usd,149.0,2024-04-23
P007923,I006953,Travel,635.81,EUR,693.03,2024-04-16
P007924,I005671,Meals,35.82,EUR,39.04,2024-08-15
P007925,I001552,Travel,901.37,JPY,6.04,2024-05-21
P007926,I002668,Travel,972.84,EUR,1060.4,2024-10-20
P007927,I011558,Meals,34.75,USD,34.75,2024-07-27
P007928,I005418,Lodging,314.19,USD,314.19,2024-04-07
P007929,I004557,Venue/AV,3353.7,USD,3353.7,2025-03-08
P007930,I000350,Lodging,305.42,BRL,61.08,2025-06-18
P007931,I003115,Honoraria,1726.71,USD,1726.71,2025-04-14
P007932,I001135,Meals,45.14,EUR,49.2,2025-01-20
P007933,I001776,Venue/AV,1706.08,INR,20.47,2024-10-15
P007934,I000856,Venue/AV,1163.82,USD,1163.82,2024-04-27
P007935,I003825,Meals,51.88,EUR,56.55,2024-11-09
P007936,I006752,Meals,77.57,BRL,15.51,2025-01-06
P007937,I001994,Meals,56.85,USD,56.85,2025-04-06
P007938,I002166,Lodging,529.25,BRL,105.85,2025-01-16
P007939,I006996,Lodging,302.87,GBP,384.64,2024-10-25
P007940,I006056,Meals,125.17,JPY,0.84,2025-04-18
P007941,I000178,Meals,47.3,INR,0.57,2025-04-30
P007942,I002665,Meals,114.13,EUR,124.4,2024-06-12
P007943,I006823,Venue/AV,3510.19,EUR,3826.11,2024-03-31
P007944,I005099,Travel,311.81,EUR,339.87,2024-03-25
P007945,I006060,Travel,449.42,BRL,89.88,2025-05-08
P007946,I003071,Honoraria,1250.19,brl,250.04,2025-07-16
P007947,I000380,Venue/AV,1088.06,JPY,7.29,2025-06-03
P007948,I002149,Lodging,414.63,INR,4.98,2024-06-12
P007949,I002881,Honoraria,696.83,EUR,759.54,2025-03-03
P007950,I006518,Meals,260.62,CAD,192.86,2024-06-17
P007951,I002317,Meals,77.87,CAD,57.62,2024-05-15
P007952,I002188,Meals,32.06,EUR,34.95,2024-07-25
P007953,I004795,Meals,80.82,BRL,16.16,2024-07-31
P007954,I000116,Meals,49.36,JPY,0.33,2025-01-29
P007955,I005895,Meals,34.39,CAD,25.45,2024-02-28
P007956,I001155,Honoraria,860.59,MXN,49.91,2024-04-28
P007957,I000828,Travel,102.52,INR,1.23,2024-04-08
P007958,I006361,Travel,165.7,USD,165.7,2024-04-06
P007959,I006569,Honoraria,1133.89,BRL,226.78,2025-05-30
P007960,I004452,Meals,30.83,JPY,0.21,2024-04-18
P007961,I004643,Meals,54.49,eur,59.39,2025-01-06
P007962,I005526,Travel,256.0,GBP,325.12,2024-09-02
P007963,I004310,Travel,312.51,MXN,18.13,2024-05-30
P007964,I001223,Meals,74.73,INR,0.9,2025-01-09
P007965,I006501,Travel,478.02,MXN,27.73,2024-01-06
P007966,I000515,Venue/AV,1604.87,INR,19.26,2025-01-23
P007967,I006170,Travel,100.67,JPY,0.67,2025-02-28
P007968,I004047,Honoraria,810.9,BRL,162.18,2024-11-24
P007969,I001984,Honoraria,422.14,GBP,536.12,2025-08-13
P007970,I001018,Honoraria,1807.76,MXN,104.85,2024-10-25
P007971,I006326,Honoraria,4212.53,EUR,4591.66,2025-06-20
P007972,I000194,Honoraria,6159.33,EUR,6713.67,2025-07-09
P007973,I005381,Travel,209.14,INR,2.51,2025-07-10
P007974,I005382,Meals,127.29,eur,138.75,2024-12-29
P007975,I004206,Meals,39.9,USD,39.9,2024-11-28
P007976,I005675,Honoraria,429.94,INR,5.16,2024-08-31
P007977,I002277,Travel,197.26,JPY,1.32,2024-10-10
P007978,I000806,Meals,71.25,CAD,52.73,2024-03-06
P007979,I001398,Meals,79.6,CAD,58.9,2025-07-05
P007980,I004870,Meals,65.45,EUR,71.34,2025-05-05
P007981,I003837,Meals,54.66,USD,54.66,2025-02-27
P007982,I003718,Meals,116.99,CAD,86.57,2024-08-25
P007983,I007139,Meals,39.46,MXN,2.29,2025-06-28
P007984,I005945,Travel,475.5,BRL,95.1,2024-11-03
P007985,I004387,Meals,128.56,BRL,25.71,2024-03-21
P007986,I000828,Meals,102.96,INR,1.24,2024-04-05
P007987,I002894,Lodging,592.14,CAD,438.18,2024-09-06
P007988,I004635,Meals,121.05,BRL,24.21,2025-06-21
P007989,I006345,Travel,719.35,INR,8.63,2024-07-15
P007990,I004913,Travel,454.3,EUR,495.19,2024-01-26
P007991,I001644,Honoraria,1882.26,USD,1882.26,2025-03-19
P007992,I000564,Travel,234.08,CAD,173.22,2024-02-28
P007993,I001241,Travel,412.16,INR,4.95,2024-05-01
P007994,I004060,Meals,155.3,EUR,169.28,2025-06-06
P007995,I005875,Travel,276.14,EUR,300.99,2024-05-05
P007996,I005377,Meals,119.81,EUR,130.59,2025-03-15
P007997,I006577,Meals,71.5,EUR,77.94,2025-05-10
P007998,I002316,Honoraria,949.15,EUR,1034.57,2024-04-27
P007999,I006706,Lodging,228.23,EUR,248.77,2024-07-10
P008000,I002464,Travel,602.63,CAD,445.95,2025-06-15
P008001,I002883,Meals,110.81,USD,110.81,2024-10-23
P008002,I002959,Lodging,334.69,MXN,19.41,2024-12-09
P008003,I002540,Meals,57.6,USD,57.6,2024-05-18
P008004,I000329,Travel,302.69,EUR,329.93,2025-05-23
P008005,I001848,Meals,243.36,MXN,14.11,2025-03-21
P008006,I005105,Travel,167.38,INR,2.01,2024-12-23
P008007,I009923,Honoraria,901.41,USD,901.41,2025-02-26
P008008,I001589,Meals,67.26,CAD,49.77,2025-01-28
P008009,I004027,Meals,133.52,JPY,0.89,2024-03-26
P008010,I005351,Travel,403.6,BRL,80.72,2024-05-14
P008011,I001912,Meals,103.56,MXN,6.01,2024-06-30
P008012,I002888,Honoraria,1446.93,CAD,1070.73,2024-10-29
P008013,I000866,Travel,202.2,EUR,220.4,2024-04-19
P008014,I005729,Meals,23.41,INR,0.28,2025-01-08
P008015,I005984,Meals,48.94,CAD,36.22,2025-02-06
P008016,I003017,Meals,60.38,INR,0.72,2024-11-09
P008017,I001518,Meals,100.01,JPY,0.67,2024-02-12
P008018,I009036,Honoraria,1080.57,GBP,1372.32,2025-02-09
P008019,I006409,Honoraria,1657.38,EUR,1806.54,2025-03-24
P008020,I001473,Meals,142.24,GBP,180.64,2024-10-09
P008021,I005083,Meals,72.69,MXN,4.22,2024-05-14
P008022,I003173,Travel,262.92,GBP,333.91,2025-02-11
P008023,I000609,Meals,136.4,USD,136.4,2024-03-14
P008024,I000122,Meals,28.09,USD,28.09,2024-04-21
P008025,I002235,Venue/AV,1584.55,JPY,10.62,2024-12-31
P008026,I010362,Travel,288.4,JPY,1.93,2025-05-12
P008027,I002633,Honoraria,1126.74,CAD,833.79,2024-10-31
P008028,I005900,Travel,105.75,MXN,6.13,2024-12-08
P008029,I006495,Meals,50.86,GBP,,2024-04-13
P008030,I002330,Honoraria,924.42,JPY,6.19,2024-03-12
P008031,I003962,Travel,98.31,MXN,,2024-07-12
P008032,I000985,Travel,392.76,USD,392.76,2024-03-26
P008033,I003621,Meals,46.45,INR,0.56,2025-02-21
P008034,I001766,Meals,78.04,USD,78.04,2024-02-22
P008035,I003484,Travel,303.07,MXN,17.58,2024-06-15
P008036,I006601,Honoraria,3317.52,CAD,2454.96,2024-02-26
P008037,I004017,Meals,46.2,EUR,,2025-04-18
P008038,I001789,Lodging,589.94,GBP,749.22,2024-10-30
P008039,I001196,Meals,217.3,INR,2.61,2025-05-05
P008040,I004646,Honoraria,22171.83,BRL,4434.37,2025-07-05
P008041,I002072,Honoraria,2018.01,GBP,2562.87,2024-06-16
P008042,I002025,Meals,101.33,MXN,5.88,2024-10-22
P008043,I001124,Meals,40.0,EUR,,2024-01-23
P008044,I001160,Travel,292.47,CAD,216.43,2024-05-17
P008045,I001895,Venue/AV,1502.42,EUR,1637.64,2024-12-07
P008046,I005681,Travel,450.71,USD,450.71,2024-06-01
P008047,I004152,Meals,28.75,USD,28.75,2024-12-09
P008048,I000511,Lodging,191.04,USD,191.04,2025-04-03
P008049,I005218,Honoraria,3311.73,INR,39.74,2024-12-06
P008050,I005824,Meals,46.77,EUR,50.98,2024-08-30
P008051,I000236,Meals,47.72,EUR,52.01,2024-09-09
P008052,I006442,Meals,48.35,USD,48.35,2024-12-26
P008053,I003352,Meals,108.43,CAD,80.24,2025-06-30
P008054,I001035,Meals,84.23,GBP,106.97,2024-03-23
P008055,I004415,Travel,254.73,CAD,188.5,2024-11-16
P008056,I006133,Meals,74.37,MXN,4.31,2024-10-04
P008057,I005417,Meals,54.89,BRL,10.98,2024-08-27
P008058,I006816,Travel,888.6,EUR,968.57,2024-03-01
P008059,I005628,Lodging,472.15,BRL,94.43,2024-07-09
P008060,I005730,Travel,331.3,CAD,245.16,2024-07-22
P008061,I001604,Meals,67.57,INR,0.81,2025-04-19
P008062,I003835,Meals,44.86,INR,0.54,2024-08-23
P008063,I005283,Lodging,485.21,CAD,359.06,2025-03-13
P008064,I004880,Honoraria,602.15,EUR,656.34,2025-03-06
P008065,I002850,Meals,32.51,INR,0.39,2024-07-06
P008066,I006059,Meals,170.23,BRL,34.05,2025-03-12
P008067,I001072,Meals,43.22,BRL,8.64,2025-03-25
P008068,I001824,Honoraria,924.53,EUR,1007.74,2024-04-07
P008069,I006665,Meals,49.54,BRL,9.91,2024-07-03
P008070,I002290,Lodging,336.07,JPY,2.25,2025-04-07
P008071,I005578,Travel,238.81,CAD,176.72,2025-06-14
P008072,I005890,Meals,45.38,BRL,9.08,2025-02-24
P008073,I006525,Meals,129.08,GBP,163.93,2024-05-31
P008074,I006083,Meals,43.28,GBP,54.97,2024-04-29
P008075,I001378,Venue/AV,1297.75,EUR,1414.55,2025-01-29
P008076,I001678,Meals,22.62,INR,0.27,2024-05-06
P008077,I000528,Venue/AV,1695.88,MXN,98.36,2025-05-28
P008078,I001348,Travel,1123.88,INR,13.49,2024-07-02
P008079,I006672,Meals,92.79,EUR,101.14,2024-03-29
P008080,I001868,Meals,47.41,INR,0.57,2025-01-18
P008081,I003079,Honoraria,4304.32,GBP,5466.49,2024-07-30
P008082,I001938,Lodging,742.0,GBP,942.34,2024-08-21
P008083,I006494,Meals,60.75,EUR,66.22,2025-05-31
P008084,I006842,Meals,101.3,BRL,20.26,2024-04-18
P008085,I004028,Meals,71.78,MXN,4.16,2024-05-08
P008086,I002250,Honoraria,495.64,CAD,366.77,2025-05-10
P008087,I000400,Honoraria,792.41,CAD,586.38,2025-06-19
P008088,I002254,Honoraria,1080.38,JPY,7.24,2025-04-24
P008089,I005963,Travel,155.75,BRL,31.15,2024-09-27
P008090,I005291,Meals,114.64,GBP,145.59,2024-12-30
P008091,I005828,Honoraria,1923.06,JPY,12.88,2024-10-08
P008092,I004233,Travel,348.62,JPY,2.34,2024-07-16
P008093,I004780,Travel,237.55,MXN,13.78,2024-12-14
P008094,I000263,Honoraria,2257.2,GBP,2866.64,2025-01-01
P008095,I006445,Honoraria,2791.78,MXN,,2024-12-21
P008096,I006267,Travel,429.81,INR,5.16,2024-12-10
P008097,I002460,Travel,552.76,GBP,702.01,2024-07-07
P008098,I000718,Travel,757.75,EUR,825.95,2024-09-17
P008099,I003553,Lodging,235.98,INR,2.83,2024-05-15
P008100,I001805,Honoraria,610.99,USD,610.99,2025-08-01
P008101,I002116,Meals,356.16,GBP,452.32,2024-04-09
P008102,I005923,Honoraria,629.94,BRL,125.99,2025-01-16
P008103,I001422,Honoraria,1019.22,MXN,59.11,2024-05-17
P008104,I001625,Venue/AV,1281.34,BRL,256.27,2024-06-25
P008105,I002063,Meals,166.72,CAD,123.37,2025-03-22
P008106,I004677,Lodging,242.19,JPY,1.62,2025-05-02
P008107,I003035,Meals,36.93,CAD,27.33,2025-05-08
P008108,I001840,Travel,251.41,EUR,274.04,2025-02-20
P008109,I003089,Lodging,647.1,EUR,705.34,2024-06-27
P008110,I001334,Lodging,251.53,CAD,186.13,2024-09-07
P008111,I006817,Honoraria,1379.05,CAD,1020.5,2024-08-01
P008112,I005725,Meals,165.48,BRL,33.1,2024-06-28
P008113,I001215,Meals,46.18,USD,46.18,2024-06-30
P008114,I006479,Travel,338.93,INR,,2025-03-08
P008115,I004535,Meals,201.13,JPY,1.35,2024-10-07
P008116,I002692,Lodging,240.91,CAD,178.27,2024-10-08
P008117,I006139,Honoraria,1217.56,JPY,8.16,2024-02-25
P008118,I004902,Travel,490.21,CAD,362.76,2024-09-13
P008119,I001753,Travel,160.28,GBP,203.56,2024-03-10
P008120,I000868,Travel,172.03,GBP,218.48,2024-08-09
P008121,I006397,Travel,152.89,BRL,30.58,2024-05-30
P008122,I004278,Meals,71.23,CAD,52.71,2024-05-19
P008123,I005714,Meals,105.68,MXN,,2025-06-03
P008124,I000495,Meals,103.96,CAD,76.93,2024-01-29
P008125,I000712,Honoraria,460.43,GBP,,2024-08-28
P008126,I001818,Meals,190.93,MXN,11.07,2024-09-05
P008127,I003486,Honoraria,629.51,EUR,686.17,2024-08-23
P008128,I004650,Meals,163.77,EUR,178.51,2024-07-09
P008129,I000685,Travel,427.57,EUR,466.05,2024-02-25
P008130,I003105,Meals,95.81,BRL,19.16,2024-08-25
P008131,I001601,Travel,167.86,USD,167.86,2024-12-05
P008132,I000693,Honoraria,1141.52,CAD,844.72,2025-06-15
P008133,I004476,Travel,525.9,EUR,573.23,2025-02-24
P008134,I004414,Travel,542.17,MXN,31.45,2025-02-04
P008135,I001365,Honoraria,934.78,EUR,1018.91,2024-10-28
P008136,I006913,Travel,273.94,JPY,1.84,2025-06-27
P008137,I001586,Meals,75.76,BRL,15.15,2024-06-22
P008138,I002444,Honoraria,931.02,MXN,54.0,2025-01-10
P008139,I002875,Travel,211.46,BRL,42.29,2025-04-20
P008140,I000271,Meals,140.13,JPY,0.94,2025-04-20
P008141,I004467,Honoraria,1652.84,EUR,1801.6,2024-10-10
P008142,I000475,Lodging,348.11,USD,348.11,2025-03-09
P008143,I002545,Travel,2870.88,EUR,3129.26,2024-10-09
P008144,I000210,Travel,334.91,BRL,66.98,2025-04-03
P008145,I006357,Travel,294.84,MXN,17.1,2025-08-04
P008146,I002318,Meals,72.61,CAD,53.73,2024-03-24
P008147,I006014,Travel,261.2,USD,261.2,2024-11-12
P008148,I000262,Honoraria,646.4,MXN,37.49,2024-03-09
P008149,I003536,Meals,160.06,USD,160.06,2024-10-07
P008150,I004082,Meals,88.01,CAD,65.13,2024-03-28
P008151,I001533,Travel,607.28,MXN,35.22,2024-02-05
P008152,I004358,Meals,151.85,EUR,165.52,2025-02-13
P008153,I005870,Honoraria,700.77,USD,700.77,2024-07-10
P008154,I002578,Travel,396.96,GBP,504.14,2024-07-14
P008155,I006315,Meals,50.03,EUR,54.53,2024-08-16
P008156,I002009,Meals,84.72,EUR,92.34,2024-08-07
P008157,I006967,Meals,64.9,BRL,12.98,2024-11-13
P008158,I005261,Venue/AV,2505.63,BRL,501.13,2025-06-05
P008159,I008727,Meals,67.9,EUR,74.01,2024-05-11
P008160,I002700,Meals,106.31,EUR,115.88,2024-08-17
P008161,I002893,Travel,231.5,GBP,294.0,2024-10-09
P008162,I002102,Travel,323.96,BRL,64.79,2024-02-28
P008163,I002843,Honoraria,2028.61,JPY,13.59,2024-09-25
P008164,I003084,Travel,298.12,USD,298.12,2024-08-06
P008165,I005180,Meals,237.27,MXN,13.76,2025-03-13
P008166,I005658,Honoraria,669.43,GBP,850.18,2024-09-08
P008167,I003803,Travel,492.7,EUR,537.04,2025-07-01
P008168,I006458,Venue/AV,1601.46,JPY,10.73,2024-08-30
P008169,I001140,Meals,50.19,MXN,2.91,2025-01-02
P008170,I001084,Travel,550.26,INR,6.6,2024-02-22
P008171,I004162,Meals,49.02,EUR,53.43,2024-08-14
P008172,I001738,Meals,41.25,USD,41.25,2024-04-10
P008173,I003278,Meals,20.38,MXN,1.18,2025-06-01
P008174,I005367,Meals,264.9,INR,3.18,2025-01-07
P008175,I003091,Meals,175.58,BRL,35.12,2024-05-11
P008176,I005972,Lodging,723.99,BRL,144.8,2024-02-13
P008177,I003069,Meals,24.48,INR,0.29,2024-02-05
P008178,I002970,Meals,120.66,EUR,131.52,2024-08-01
P008179,I004841,Travel,1068.48,USD,1068.48,2024-02-19
P008180,I003994,Meals,151.71,BRL,30.34,2024-07-31
P008181,I004758,Travel,219.99,USD,219.99,2024-08-15
P008182,I001832,Meals,350.54,INR,,2024-12-26
P008183,I002250,Honoraria,1072.03,cad,793.3,2025-04-13
P008184,I004575,Meals,49.19,INR,0.59,2024-05-16
P008185,I009308,Honoraria,511.14,CAD,378.24,2025-06-22
P008186,I005490,Venue/AV,2552.33,USD,2552.33,2025-06-05
P008187,I001971,Travel,424.93,USD,424.93,2024-09-05
P008188,I004970,Travel,314.22,JPY,2.11,2024-10-14
P008189,I005357,Travel,731.02,GBP,928.4,2024-01-28
P008190,I004320,Meals,214.21,USD,214.21,2025-02-26
P008191,I002907,Travel,220.22,EUR,240.04,2024-02-06
P008192,I005666,Travel,143.04,EUR,155.91,2024-09-12
P008193,I000988,Travel,683.06,USD,683.06,2024-02-23
P008194,I001376,Travel,395.03,gbp,501.69,2025-06-04
P008195,I005013,Meals,58.22,USD,58.22,2024-01-29
P008196,I000896,Meals,39.77,MXN,2.31,2024-12-24
P008197,I005143,Travel,248.86,BRL,49.77,2024-01-25
P008198,I005551,Honoraria,948.18,MXN,54.99,2025-01-12
P008199,I004586,Lodging,800.12,EUR,872.13,2024-11-19
P008200,I005672,Meals,119.47,USD,119.47,2024-09-27
P008201,I003565,Travel,374.89,CAD,277.42,2025-07-18
P008202,I004957,Lodging,1062.87,BRL,212.57,2024-07-07
P008203,I006349,Travel,432.99,USD,432.99,2025-03-02
P008204,I006000,Honoraria,1451.76,BRL,290.35,2024-09-01
P008205,I004272,Travel,428.74,MXN,,2025-04-16
P008206,I003755,Lodging,457.99,GBP,581.65,2024-07-02
P008207,I002015,Travel,300.55,BRL,60.11,2025-06-26
P008208,I004059,Meals,53.23,USD,53.23,2024-07-03
P008209,I004085,Travel,698.76,JPY,4.68,2025-04-11
P008210,I001699,Honoraria,1984.68,EUR,2163.3,2025-01-05
P008211,I005270,Venue/AV,4790.34,EUR,5221.47,2025-06-07
P008212,I001135,Meals,31.99,EUR,34.87,2025-02-03
P008213,I003236,Meals,64.93,MXN,3.77,2024-04-25
P008214,I002347,Travel,84.06,CAD,,2024-05-19
P008215,I002486,Venue/AV,685.42,JPY,4.59,2024-11-13
P008216,I006884,Honoraria,1520.14,MXN,88.17,2024-04-16
P008217,I000889,Travel,361.02,USD,361.02,2025-04-13
P008218,I004472,Meals,217.14,BRL,,2024-08-02
P008219,I004220,Lodging,665.81,MXN,38.62,2024-09-06
P008220,I002446,Meals,51.64,BRL,10.33,2024-08-12
P008221,I006963,Travel,418.86,CAD,309.96,2025-02-19
P008222,I004187,Travel,369.87,CAD,273.7,2024-05-13
P008223,I003905,Honoraria,622.97,BRL,124.59,2025-03-17
P008224,I003270,Travel,152.91,EUR,166.67,2024-04-11
P008225,I003012,Honoraria,1123.01,EUR,1224.08,2024-01-04
P008226,I005580,Meals,39.49,EUR,43.04,2024-08-11
P008227,I004538,Meals,79.47,EUR,86.62,2025-06-28
P008228,I002628,Travel,121.22,USD,121.22,2024-02-28
P008229,I004485,Honoraria,3068.56,CAD,2270.73,2024-03-25
P008230,I011686,Meals,41.57,JPY,0.28,2025-06-15
P008231,I002526,Meals,130.14,USD,130.14,2025-06-21
P008232,I006023,Travel,165.92,INR,1.99,2025-06-14
P008233,I004419,Meals,112.14,BRL,22.43,2025-02-18
P008234,I002545,Meals,152.53,EUR,166.26,2024-10-10
P008235,I002926,Venue/AV,833.35,usd,833.35,2025-07-11
P008236,I003089,Honoraria,524.17,EUR,571.35,2024-07-02
P008237,I006987,Meals,90.42,CAD,,2024-09-28
P008238,I003425,Travel,201.44,EUR,219.57,2025-04-07
P008239,I006254,Meals,107.65,BRL,21.53,2024-10-26
P008240,I000645,Travel,256.29,GBP,325.49,2025-01-14
P008241,I002860,Meals,138.44,MXN,8.03,2024-05-18
P008242,I006995,Travel,431.03,CAD,318.96,2024-10-13
P008243,I006754,Lodging,296.26,EUR,322.92,2024-03-30
P008244,I002615,Honoraria,2458.87,MXN,142.61,2024-12-09
P008245,I001474,Travel,590.8,EUR,643.97,2024-11-23
P008246,I001073,Travel,724.03,EUR,789.19,2024-08-26
P008247,I001255,Honoraria,1444.55,INR,17.33,2024-12-11
P008248,I006128,Meals,49.63,BRL,9.93,2024-10-12
P008249,I000901,Honoraria,788.0,GBP,1000.76,2025-06-08
P008250,I001594,Honoraria,2187.6,EUR,,2024-08-26
P008251,I006325,Travel,444.23,EUR,484.21,2025-03-26
P008252,I003736,Meals,79.54,CAD,58.86,2024-05-03
P008253,I000731,Honoraria,961.8,MXN,55.78,2025-06-21
P008254,I000740,Lodging,1219.17,EUR,1328.9,2024-04-26
P008255,I000324,Honoraria,2566.56,EUR,2797.55,2025-03-04
P008256,I003385,Meals,75.26,MXN,4.37,2024-08-11
P008257,I005747,Travel,371.17,BRL,74.23,2025-07-05
P008258,I001473,Travel,339.71,GBP,431.43,2024-10-15
P008259,I000968,Travel,433.07,GBP,550.0,2024-07-21
P008260,I005383,Meals,31.04,GBP,39.42,2025-05-10
P008261,I003751,Lodging,164.28,CAD,121.57,2024-07-12
P008262,I001754,Honoraria,1228.21,USD,1228.21,2024-12-11
P008263,I004555,Meals,47.69,MXN,2.77,2025-03-18
P008264,I000681,Lodging,232.81,CAD,172.28,2025-05-16
P008265,I004323,Honoraria,2479.36,BRL,495.87,2024-10-09
P008266,I005621,Lodging,495.52,BRL,99.1,2024-08-03
P008267,I001201,Meals,104.9,CAD,77.63,2024-07-23
P008268,I005950,Lodging,345.92,BRL,69.18,2024-10-21
P008269,I006219,Travel,253.16,EUR,275.94,2024-11-29
P008270,I004536,Meals,218.82,EUR,238.51,2024-04-17
P008271,I006185,Travel,290.99,EUR,317.18,2024-02-09
P008272,I006742,Meals,42.1,JPY,0.28,2024-12-25
P008273,I004300,Honoraria,2079.59,EUR,2266.75,2024/09/27
P008274,I004912,Honoraria,1964.88,EUR,2141.72,2024-08-31
P008275,I003467,Venue/AV,898.17,GBP,1140.68,2024-03-25
P008276,I004164,Meals,47.51,INR,0.57,2024-02-23
P008277,I003919,Travel,456.01,GBP,579.13,2025-02-18
P008278,I004232,Meals,167.18,USD,167.18,2025-06-20
P008279,I000599,Honoraria,500.39,MXN,29.02,2025-06-20
P008280,I005543,Travel,1322.25,MXN,76.69,2025-06-10
P008281,I002664,Meals,91.73,EUR,99.99,2024-09-17
P008282,I003436,Meals,162.61,USD,162.61,2025-05-23
P008283,I006627,Meals,162.46,EUR,177.08,2024-02-22
P008284,I005726,Meals,180.15,mxn,10.45,2025-06-15
P008285,I004711,Honoraria,274.49,USD,274.49,2025-05-15
P008286,I002967,Meals,64.19,USD,64.19,2024-04-14
P008287,I005004,Honoraria,1227.52,INR,14.73,2024-07-13
P008288,I006201,Meals,137.56,INR,1.65,2024-12-27
P008289,I005987,Honoraria,1677.38,USD,1677.38,2025-05-07
P008290,I002852,Meals,100.73,CAD,74.54,2024-12-30
P008291,I000637,Travel,410.09,USD,410.09,2024-03-25
P008292,I006747,Honoraria,835.01,MXN,48.43,2025-05-09
P008293,I000251,Venue/AV,1053.09,JPY,7.06,2024-09-06
P008294,I005917,Meals,95.78,MXN,5.56,2024-01-24
P008295,I005989,Travel,555.41,EUR,605.4,2025-04-30
P008296,I005530,Lodging,166.85,GBP,211.9,2024-04-13
P008297,I002926,Lodging,157.73,CAD,116.72,2025-07-09
P008298,I002433,Meals,32.64,EUR,35.58,2024-07-16
P008299,I004946,Meals,22.15,GBP,28.13,2024-04-27
P008300,I006567,Lodging,453.8,INR,5.45,2024-01-27
P008301,I001582,Venue/AV,797.67,MXN,46.26,2024-06-10
P008302,I004165,Meals,48.56,EUR,52.93,2024-05-18
P008303,I006156,Honoraria,2794.38,JPY,18.72,2025-04-05
P008304,I003579,Honoraria,911.97,USD,911.97,2025-06-17
P008305,I003648,Meals,138.06,EUR,150.49,2025-01-23
P008306,I009410,Travel,301.42,GBP,382.8,2025-04-06
P008307,I000950,Meals,48.98,GBP,62.2,2025-08-02
P008308,I003680,Honoraria,507.48,CAD,375.54,2025-03-31
P008309,I000531,Travel,483.26,GBP,613.74,2024-12-31
P008310,I000837,Meals,51.15,EUR,55.75,2024-05-29
P008311,I003031,Lodging,268.86,BRL,53.77,2024-04-20
P008312,I002571,Meals,33.86,EUR,36.91,2024-01-05
P008313,I003044,Travel,99.81,USD,99.81,2025-01-11
P008314,I002553,Travel,762.2,JPY,5.11,2024-05-21
P008315,I003261,Meals,44.05,EUR,48.01,2025-03-13
P008316,I009594,Meals,44.37,EUR,48.36,2024-02-11
P008317,I001140,Meals,110.78,cad,81.98,2024-11-24
P008318,I000159,Honoraria,1103.94,MXN,64.03,2024-12-03
P008319,I003404,Travel,324.23,EUR,353.41,2024-05-30
P008320,I006578,Meals,44.07,EUR,48.04,2025-04-12
P008321,I001232,Meals,197.12,MXN,11.43,2024-11-09
P008322,I002553,Meals,63.88,INR,,2024-04-13
P008323,I006716,Meals,128.26,JPY,0.86,2024-10-26
P008324,I000405,Venue/AV,4359.0,INR,52.31,2024-08-14
P008325,I002308,Travel,841.55,EUR,917.29,2024-12-21
P008326,I001238,Honoraria,1237.45,JPY,8.29,2025-03-05
P008327,I005286,Venue/AV,3172.17,EUR,3457.67,2024-07-12
P008328,I003432,Meals,79.99,MXN,4.64,2024-02-12
P008329,I004834,Meals,92.18,EUR,100.48,2024-05-16
P008330,I003532,Meals,78.02,BRL,15.6,2024-03-04
P008331,I004150,Meals,80.87,MXN,4.69,2025-04-05
P008332,I000643,Honoraria,2887.49,GBP,3667.11,2024-07-06
P008333,I006743,Honoraria,1106.05,INR,13.27,2025-03-07
P008334,I002318,Honoraria,2029.8,MXN,117.73,2024-03-24
P008335,I004387,Travel,235.55,CAD,174.31,2024-03-31
P008336,I001768,Travel,463.75,MXN,26.9,2024-05-18
P008337,I000639,Honoraria,1536.32,BRL,307.26,2025-01-27
P008338,I002199,Lodging,238.6,eur,260.07,2024-03-21
P008339,I000799,Honoraria,1684.21,JPY,11.28,2025-04-04
P008340,I006551,Venue/AV,1157.21,USD,1157.21,2024-10-15
P008341,I004370,Meals,31.38,INR,0.38,2024-11-07
P008342,I004195,Travel,291.1,USD,291.1,2024-09-21
P008343,I000269,Travel,383.85,JPY,2.57,2025-02-12
P008344,I005183,Travel,424.46,JPY,2.84,2024-09-05
P008345,I002188,Venue/AV,1645.22,EUR,1793.29,2024-07-09
P008346,I002599,Honoraria,1669.01,MXN,96.8,2025-05-22
P008347,I004603,Travel,1000.89,BRL,200.18,2024-06-11
P008348,I000102,Travel,341.94,JPY,2.29,2024-11-02
P008349,I002846,Meals,101.34,BRL,20.27,2024-10-24
P008350,I002606,Meals,48.95,BRL,9.79,2024-10-30
P008351,I004959,Meals,28.0,EUR,30.52,2025-02-27
P008352,I002750,Lodging,193.4,EUR,210.81,2025-05-04
P008353,I004287,Meals,59.91,CAD,44.33,2025-07-16
P008354,I001150,Lodging,944.53,INR,11.33,2025-01-17
P008355,I003653,Meals,140.5,BRL,28.1,2024-10-10
P008356,I003671,Venue/AV,1309.24,USD,1309.24,2025-04-27
P008357,I006337,Travel,820.61,INR,9.85,2025-05-14
P008358,I001415,Venue/AV,677.88,INR,8.13,2024-11-03
P008359,I000692,Lodging,527.78,EUR,575.28,2024-05-05
P008360,I002554,Travel,155.95,EUR,169.99,2024-03-27
P008361,I006381,Meals,60.67,JPY,0.41,2024-12-27
P008362,I006221,Venue/AV,4234.22,JPY,28.37,2024-05-21
P008363,I004812,Honoraria,1441.6,BRL,288.32,2025-05-11
P008364,I006055,Honoraria,508.47,EUR,554.23,2024-04-09
P008365,I005120,Travel,98.3,EUR,107.15,2024-05-25
P008366,I000982,Meals,100.54,EUR,109.59,2025-07-07
P008367,I002584,Travel,279.78,GBP,,2024-12-14
P008368,I005371,Lodging,859.28,USD,859.28,2025-04-13
P008369,I001744,Meals,62.92,JPY,0.42,2024-06-17
P008370,I003532,Meals,67.0,USD,67.0,2024-02-18
P008371,I001050,Lodging,720.16,JPY,4.83,2025-02-23
P008372,I005611,Honoraria,1062.09,MXN,61.6,2025-08-03
P008373,I006538,Travel,487.66,BRL,97.53,2025-03-22
P008374,I005155,Meals,91.88,INR,1.1,2025-05-22
P008375,I004725,Meals,52.52,USD,52.52,2024-11-28
P008376,I005703,Lodging,1276.62,EUR,1391.52,2025-05-29
P008377,I003140,Meals,35.83,INR,0.43,2024-06-22
P008378,I002705,Venue/AV,1088.51,BRL,217.7,2024-09-01
P008379,I004546,Honoraria,1773.62,CAD,1312.48,2024-10-25
P008380,I005543,Venue/AV,825.57,BRL,165.11,2025-06-11
P008381,I003995,Travel,290.55,INR,3.49,2025-05-18
P008382,I006161,Meals,84.74,CAD,62.71,2024-06-15
P008383,I000584,Meals,115.55,EUR,125.95,2025-02-19
P008384,I006591,Meals,28.96,EUR,31.57,2025-06-20
P008385,I005753,Travel,159.37,INR,1.91,2025-04-03
P008386,I001284,Travel,965.65,CAD,714.58,2025-06-23
P008387,I005477,Travel,164.33,EUR,179.12,2025-07-08
P008388,I002485,Meals,82.91,EUR,90.37,2025-06-02
P008389,I002303,Travel,240.9,INR,2.89,2024-06-13
P008390,I005313,Meals,152.94,BRL,30.59,2025-04-10
P008391,I005095,Venue/AV,3458.96,INR,41.51,2024-09-20
P008392,I001704,Travel,328.98,BRL,65.8,2025-04-02
P008393,I011197,Travel,195.55,USD,195.55,2024-08-18
P008394,I002781,Meals,174.76,EUR,190.49,2024-04-07
P008395,I001591,Travel,222.37,INR,2.67,2024-08-23
P008396,I004095,Lodging,319.11,USD,319.11,2025-03-07
P008397,I000943,Travel,329.98,USD,329.98,2024-05-05
P008398,I000048,Travel,229.22,CAD,169.62,2024-06-25
P008399,I006039,Travel,231.73,CAD,171.48,2024-06-06
P008400,I000695,Travel,459.45,JPY,3.08,2025-01-17
P008401,I002068,Venue/AV,3218.33,EUR,3507.98,2024-02-13
P008402,I004104,Travel,240.26,JPY,1.61,2024-06-20
P008403,I002044,Meals,76.38,INR,0.92,2025-05-15
P008404,I002803,Meals,64.1,CAD,47.43,2025-06-11
P008405,I005524,Meals,38.52,CAD,28.5,2024-11-09
P008406,I003830,Travel,859.71,JPY,5.76,2024-10-18
P008407,I001434,Travel,117.0,USD,117.0,2024-09-02
P008408,I003512,Meals,237.31,EUR,258.67,2024-02-23
P008409,I003371,Honoraria,5794.74,MXN,336.09,2025-06-15
P008410,I000473,Travel,327.87,BRL,65.57,2024-05-08
P008411,I001011,Travel,428.01,mxn,24.82,2024-02-25
P008412,I003160,Honoraria,2814.92,cad,2083.04,2024-09-07
P008413,I000343,Honoraria,751.08,MXN,43.56,2025-04-02
P008414,I005127,Meals,168.98,MXN,9.8,2024-02-20
P008415,I004543,Travel,721.91,USD,721.91,2025-05-24
P008416,I003792,Meals,33.19,EUR,36.18,2025-06-17
P008417,I004145,Venue/AV,3323.07,JPY,22.26,2024-01-22
P008418,I003886,Travel,111.76,INR,1.34,2024-12-03
P008419,I003076,Travel,450.37,EUR,490.9,2024-12-30
P008420,I001339,Meals,155.23,USD,155.23,2024-07-10
P008421,I005457,Travel,455.86,CAD,337.34,2024-04-17
P008422,I005212,Honoraria,604.01,EUR,658.37,2024-11-26
P008423,I000492,Honoraria,947.61,GBP,1203.46,2024-08-05
P008424,I003763,Travel,411.6,EUR,448.64,2024-06-11
P008425,I005055,Travel,683.06,CAD,505.46,2025-06-15
P008426,I005461,Honoraria,2384.62,EUR,2599.24,2025-06-25
P008427,I004429,Travel,255.4,EUR,278.39,2024-08-04
P008428,I004091,Meals,46.57,CAD,34.46,2025-01-28
P008429,I005339,Lodging,382.57,EUR,417.0,2024-07-19
P008430,I004885,Meals,92.82,BRL,18.56,2025-05-06
P008431,I004028,Honoraria,1825.78,USD,1825.78,2024-04-06
P008432,I002544,Meals,33.83,BRL,6.77,2024-09-27
P008433,I001786,Travel,363.59,INR,4.36,2023-12-30
P008434,I004915,Meals,51.26,GBP,65.1,2025-02-22
P008435,I000249,Lodging,642.28,USD,642.28,2024-05-10
P008436,I003190,Travel,268.4,BRL,53.68,2025-02-23
P008437,I002605,Travel,251.97,EUR,274.65,2024-02-25
P008438,I006376,Meals,102.62,EUR,111.86,2024-05-10
P008439,I000316,Venue/AV,1614.68,GBP,2050.64,2025-05-26
P008440,I005779,Meals,77.71,GBP,98.69,2025-07-13
P008441,I001349,Meals,65.87,MXN,3.82,2024-02-22
P008442,I006407,Meals,62.67,USD,62.67,2024-09-21
P008443,I002177,Meals,38.99,MXN,,2024-05-13
P008444,I002548,Meals,237.44,EUR,258.81,2024-04-15
P008445,I002855,Travel,204.22,EUR,222.6,2024-05-18
P008446,I005712,Honoraria,612.44,INR,7.35,2025-06-18
P008447,I000902,Venue/AV,3327.42,MXN,192.99,2024-06-09
P008448,I006766,Meals,97.51,MXN,5.66,2025/05/04
P008449,I000009,Honoraria,1204.97,INR,14.46,2024-07-03
P008450,I001180,Venue/AV,11128.98,usd,11128.98,2025-04-16
P008451,I003717,Venue/AV,6576.12,EUR,7167.97,2024-02-12
P008452,I001478,Venue/AV,5620.57,usd,5620.57,2024-10-26
P008453,I003232,Meals,70.69,BRL,14.14,2025-05-26
P008454,I003175,Travel,752.5,BRL,,2024-11-07
P008455,I002197,Meals,130.38,USD,130.38,2025-07-07
P008456,I002203,Meals,25.13,GBP,31.92,2024-06-19
P008457,I004727,Honoraria,1577.45,MXN,91.49,2025-04-08
P008458,I002627,Honoraria,839.87,EUR,915.46,2025-03-03
P008459,I000314,Meals,80.7,BRL,16.14,2025-05-12
P008460,I005085,Meals,275.25,MXN,15.96,2025-04-23
P008461,I006806,Meals,84.89,INR,1.02,2024-09-09
P008462,I006608,Meals,30.46,USD,30.46,2024-05-14
P008463,I003360,Honoraria,2029.08,EUR,2211.7,2025-02-24
P008464,I005180,Travel,639.88,MXN,37.11,2025-03-11
P008465,I000711,Travel,366.21,INR,4.39,2024-07-09
P008466,I006883,Meals,62.26,EUR,67.86,2025-02-11
P008467,I005254,Honoraria,1091.85,MXN,63.33,2025-06-20
P008468,I002293,Venue/AV,347.87,INR,4.17,2025-05-20
P008469,I003393,Honoraria,720.11,EUR,784.92,2025-07-10
P008470,I000025,Meals,48.45,MXN,2.81,2024-05-28
P008471,I005260,Meals,124.47,GBP,158.08,2024-09-05
P008472,I001875,Meals,195.74,GBP,248.59,2024-01-27
P008473,I004990,Meals,29.37,EUR,32.01,2025-01-03
P008474,I002262,Meals,59.33,EUR,64.67,2024-11-01
P008475,I000919,Meals,76.65,JPY,0.51,2024-09-23
P008476,I002779,Honoraria,559.04,BRL,111.81,2024-10-11
P008477,I006116,Lodging,625.46,EUR,681.75,2024-07-24
P008478,I000559,Meals,146.25,USD,146.25,2024-08-10
P008479,I001901,Meals,2227.87,MXN,129.22,2024-04-01
P008480,I000554,Travel,124.13,EUR,135.3,2024-10-05
P008481,I000973,Honoraria,1057.0,EUR,1152.13,2025-02-17
P008482,I010618,Meals,201.02,GBP,255.3,2025-01-08
P008483,I005721,Travel,898.74,EUR,979.63,2025-02-27
P008484,I005067,Travel,283.5,EUR,309.02,2025-04-05
P008485,I004941,Meals,47.93,BRL,9.59,2024-06-19
P008486,I004841,Travel,81.49,BRL,16.3,2024-01-24
P008487,I002643,Meals,69.79,EUR,76.07,2024-08-08
P008488,I003652,Honoraria,1772.15,BRL,354.43,2024-09-29
P008489,I006303,Lodging,234.94,USD,234.94,2024-06-22
P008490,I001645,Meals,56.8,BRL,11.36,2024-07-25
P008491,I004264,Meals,116.79,INR,1.4,2024-01-28
P008492,I003383,Travel,640.75,CAD,474.15,2024-04-01
P008493,I006361,Meals,63.62,BRL,12.72,2024-03-30
P008494,I003097,Lodging,337.15,GBP,428.18,2024-09-30
P008495,I001478,Meals,48.37,MXN,2.81,2024-11-06
P008496,I000126,Travel,375.5,EUR,409.3,2025/03/31
P008497,I001549,Lodging,445.56,BRL,89.11,2025-01-07
P008498,I006006,Travel,233.55,EUR,254.57,2024-06-27
P008499,I006851,Travel,213.67,EUR,232.9,2024-09-15
P008500,I000663,Honoraria,713.81,JPY,4.78,2025-04-02
P008501,I005779,Meals,26.63,EUR,29.03,2025-07-08
P008502,I004355,Lodging,191.65,USD,191.65,2025-07-20
P008503,I001648,Travel,287.95,MXN,16.7,2024-06-08
P008504,I004899,Travel,616.31,GBP,782.71,2025-03-09
P008505,I003566,Meals,275.73,INR,3.31,2024-07-15
P008506,I000842,Lodging,310.12,USD,310.12,2025-06-21
P008507,I005206,Meals,143.05,MXN,8.3,2024-07-11
P008508,I003463,Honoraria,1175.52,EUR,1281.32,2024-09-18
P008509,I000143,Venue/AV,2300.04,EUR,2507.04,2025-07-14
P008510,I003285,Meals,94.22,USD,94.22,2025-04-13
P008511,I000955,Meals,31.28,JPY,0.21,2025-02-03
P008512,I004982,Travel,247.02,CAD,182.79,2024-08-04
P008513,I003287,Meals,151.28,BRL,30.26,2024-04-13
P008514,I010865,Meals,70.43,EUR,76.77,2025-03-04
P008515,I003197,Meals,60.98,USD,60.98,2024-02-24
P008516,I002750,Honoraria,689.67,gbp,875.88,2025-04-18
P008517,I001742,Honoraria,443.46,GBP,563.19,2024-12-12
P008518,I000403,Honoraria,728.59,GBP,925.31,2024-01-15
P008519,I002053,Meals,48.38,CAD,35.8,2025-05-20
P008520,I003156,Meals,51.22,MXN,2.97,2024-05-18
P008521,I004101,Meals,102.05,usd,102.05,2025-04-25
P008522,I000929,Meals,70.86,GBP,89.99,2025-03-17
P008523,I006257,Meals,136.37,EUR,148.64,2024-11-10
P008524,I005329,Meals,58.62,INR,0.7,2024-06-29
P008525,I003427,Venue/AV,788.4,CAD,583.42,2024-09-29
P008526,I006604,Lodging,382.61,GBP,485.91,2024-02-24
P008527,I001977,Meals,226.42,GBP,287.55,2024-02-11
P008528,I006644,Meals,116.85,EUR,127.37,2024-09-07
P008529,I001644,Travel,182.64,BRL,36.53,2025-03-28
P008530,I003218,Meals,52.65,CAD,38.96,2024-07-10
P008531,I006134,Lodging,522.89,EUR,569.95,2024-02-26
P008532,I003923,Honoraria,2879.13,BRL,575.83,2024-09-06
P008533,I000421,Travel,229.0,INR,2.75,2024-07-22
P008534,I002376,Venue/AV,1140.26,INR,13.68,2025-01-12
P008535,I001226,Meals,141.48,MXN,8.21,2024-08-16
P008536,I004721,Honoraria,2201.79,EUR,2399.95,2025-01-24
P008537,I005787,Meals,71.49,BRL,14.3,2024-12-13
P008538,I006049,Meals,47.12,JPY,0.32,2025-04-06
P008539,I004534,Meals,229.95,MXN,13.34,2024-09-13
P008540,I004563,Meals,43.14,EUR,47.02,2024-12-05
P008541,I001906,Meals,89.98,JPY,0.6,2024-04-05
P008542,I003797,Meals,37.36,GBP,47.45,2024-10-24
P008543,I000356,Lodging,110.7,EUR,120.66,2025-05-21
P008544,I006476,Honoraria,590.93,EUR,644.11,2024-01-12
P008545,I004700,Meals,157.4,USD,157.4,2024-09-08
P008546,I000997,Meals,51.81,USD,51.81,2024-09-26
P008547,I003269,Travel,353.52,USD,353.52,2025-06-17
P008548,I005794,Travel,138.96,INR,1.67,2024-07-03
P008549,I005494,Meals,82.15,MXN,4.76,2025-01-09
P008550,I005963,Meals,201.42,USD,201.42,2024-10-14
P008551,I006091,Honoraria,1052.65,GBP,1336.87,2025-07-21
P008552,I000467,Travel,190.14,EUR,207.25,2024-06-11
P008553,I001650,Meals,192.38,BRL,38.48,2024-12-04
P008554,I002414,Travel,667.42,EUR,727.49,2024-06-28
P008555,I000602,Meals,119.98,MXN,6.96,2024-10-19
P008556,I002942,Travel,639.53,USD,639.53,2024-11-25
P008557,I001981,Travel,557.16,CAD,412.3,2024-01-15
P008558,I005721,Honoraria,386.27,EUR,421.03,2025-02-24
P008559,I006861,Travel,332.34,BRL,66.47,2024-02-26
P008560,I000056,Meals,34.98,EUR,38.13,2024-03-13
P008561,I004527,Travel,783.72,EUR,854.25,2025-04-14
P008562,I003626,Honoraria,409.59,EUR,446.45,2024-08-20
P008563,I005768,Honoraria,1562.39,USD,1562.39,2025-01-15
P008564,I001384,Lodging,664.9,MXN,38.56,2024-08-24
P008565,I006500,Travel,626.03,EUR,682.37,2024-12-18
P008566,I004024,Lodging,335.56,BRL,67.11,2024-05-02
P008567,I003661,Honoraria,1005.06,INR,12.06,2024-08-12
P008568,I003216,Meals,85.4,BRL,17.08,2024-12-01
P008569,I000446,Travel,362.09,MXN,21.0,2024-03-13
P008570,I006698,Meals,54.22,CAD,40.12,2025-01-07
P008571,I001672,Meals,114.81,EUR,125.14,2024-04-03
P008572,I006393,Meals,197.66,EUR,215.45,2025-05-26
P008573,I010969,Honoraria,1810.54,BRL,,2024-04-05
P008574,I000592,Travel,485.8,BRL,97.16,2024-07-01
P008575,I002130,Honoraria,637.29,INR,7.65,2024-02-04
P008576,I006947,Meals,73.51,EUR,80.13,2024-08-17
P008577,I000416,Meals,104.92,BRL,20.98,2025-01-26
P008578,I003020,Travel,177.79,EUR,193.79,2025-01-02
P008579,I003116,Meals,57.35,CAD,42.44,2024-02-29
P008580,I004776,Meals,58.79,GBP,74.66,2024-07-25
P008581,I004475,Lodging,221.61,USD,221.61,2024-08-22
P008582,I006887,Travel,677.39,JPY,4.54,2024-03-03
P008583,I001683,Meals,58.46,MXN,3.39,2025-04-16
P008584,I005470,Honoraria,1982.71,BRL,396.54,2024-07-05
P008585,I005546,Meals,47.3,INR,0.57,2025-02-24
P008586,I001720,Travel,681.88,EUR,743.25,2024-09-15
P008587,I000462,Venue/AV,5996.98,GBP,7616.16,2024-11-19
P008588,I000541,Meals,131.58,BRL,26.32,2025-02-25
P008589,I006540,Meals,241.4,BRL,48.28,2024-04-26
P008590,I002853,Lodging,197.96,GBP,251.41,2024-10-09
P008591,I002932,Meals,118.47,USD,118.47,2025-01-27
P008592,I006902,Meals,93.61,MXN,5.43,2024-08-22
P008593,I003897,Lodging,295.64,BRL,59.13,2025-02-25
P008594,I006518,Meals,15.36,USD,15.36,2024-05-13
P008595,I004114,Travel,261.7,USD,261.7,2024-03-07
P008596,I005950,Lodging,787.98,USD,787.98,2024-10-17
P008597,I001400,Travel,162.96,CAD,120.59,2025-02-17
P008598,I003750,Meals,122.21,GBP,155.21,2024-05-28
P008599,I000583,Travel,297.09,GBP,377.3,2024-06-26
P008600,I003982,Meals,114.12,EUR,124.39,2024-10-02
P008601,I002403,Honoraria,1851.61,BRL,370.32,2024-07-13
P008602,I006286,Travel,165.2,MXN,9.58,2025-04-29
P008603,I002786,Travel,202.61,BRL,40.52,2024-10-17
P008604,I003261,Travel,617.43,GBP,784.14,2025-03-16
P008605,I006343,Honoraria,1193.24,EUR,1300.63,2025-03-11
P008606,I004257,Travel,377.53,MXN,21.9,2024-09-16
P008607,I004985,Travel,205.58,INR,2.47,2025-02-15
P008608,I002554,Meals,39.55,EUR,43.11,2024-03-12
P008609,I004905,Meals,99.83,INR,1.2,2025-01-27
P008610,I006890,Lodging,247.88,JPY,1.66,2024-10-15
P008611,I003430,Meals,31.03,INR,0.37,2024-02-21
P008612,I000975,Honoraria,661.52,BRL,132.3,2024-05-22
P008613,I002422,Meals,88.88,MXN,5.16,2024-10-14
P008614,I003419,Meals,24.68,MXN,1.43,2024-02-25
P008615,I001547,Travel,494.23,USD,494.23,2024-12-05
P008616,I006538,Travel,356.02,MXN,20.65,2025-04-27
P008617,I007661,Honoraria,879.78,BRL,175.96,2024-04-17
P008618,I003070,Meals,48.32,JPY,0.32,2024-10-31
P008619,I002303,Travel,611.3,JPY,4.1,2024-05-30
P008620,I003674,Travel,324.86,EUR,354.1,2025-01-28
P008621,I002411,Meals,176.36,MXN,10.23,2024-05-02
P008622,I000969,Travel,186.07,INR,,2024-11-09
P008623,I005087,Meals,35.71,MXN,2.07,2024-03-21
P008624,I005313,Honoraria,967.8,USD,967.8,2025-04-13
P008625,I006911,Meals,108.12,INR,1.3,2024-04-20
P008626,I003338,Meals,60.55,CAD,44.81,2024-12-06
P008627,I002400,Honoraria,315.62,INR,3.79,2025-04-02
P008628,I002046,Honoraria,865.57,EUR,943.47,2024-12-19
P008629,I004047,Travel,318.4,CAD,235.62,2024-10-24
P008630,I004399,Meals,40.38,JPY,0.27,2024-11-24
P008631,I000456,Meals,96.75,JPY,0.65,2024-04-25
P008632,I001618,Honoraria,665.7,CAD,492.62,2024-07-22
P008633,I011915,Meals,115.9,USD,115.9,2024-05-04
P008634,I006297,Meals,160.42,CAD,118.71,2025-03-15
P008635,I003871,Meals,83.84,USD,83.84,2025-06-24
P008636,I006678,Lodging,221.77,EUR,,2025-05-05
P008637,I009850,Honoraria,2074.01,JPY,13.9,2024-07-25
P008638,I006099,Travel,107.79,USD,107.79,2024-04-16
P008639,I002622,Honoraria,817.34,EUR,890.9,2025-03-16
P008640,I005396,Honoraria,1151.97,BRL,230.39,2024-02-22
P008641,I000153,Lodging,486.51,CAD,360.02,2025-04-23
P008642,I003646,Honoraria,1224.54,MXN,71.02,2024-12-04
P008643,I006294,Venue/AV,1701.64,INR,20.42,2025-07-20
P008644,I006492,Meals,71.12,BRL,14.22,2024-05-25
P008645,I002364,Meals,83.88,usd,83.88,2025-07-20
P008646,I003157,Meals,49.27,USD,49.27,2024-10-23
P008647,I005130,Venue/AV,2599.77,BRL,519.95,2024-04-20
P008648,I002413,Meals,185.88,INR,2.23,2024-03-03
P008649,I000862,Travel,567.79,EUR,618.89,2024-06-17
P008650,I000674,Meals,49.73,GBP,63.16,2024-05-29
P008651,I005501,Meals,271.78,INR,3.26,2024-02-21
P008652,I006758,Venue/AV,6614.41,EUR,7209.71,2024-09-02
P008653,I000381,Meals,34.37,JPY,0.23,2024-07-16
P008654,I004466,Venue/AV,1969.81,USD,1969.81,2024-08-13
P008655,I002125,Meals,46.68,EUR,50.88,2025-03-16
P008656,I002740,Lodging,455.44,EUR,496.43,2025-06-21
P008657,I005437,Meals,89.15,BRL,17.83,2024-07-17
P008658,I006457,Travel,523.02,MXN,30.34,2024-08-31
P008659,I005242,Travel,413.45,MXN,23.98,2024-08-27
P008660,I006951,Honoraria,919.8,MXN,53.35,2025-03-09
P008661,I006571,Meals,41.82,INR,0.5,2025-05-20
P008662,I003286,Travel,153.31,GBP,194.7,2024-04-16
P008663,I005250,Meals,45.63,MXN,2.65,2025-02-15
P008664,I001877,Honoraria,1582.43,JPY,,2024-08-16
P008665,I004260,Venue/AV,1176.62,EUR,1282.52,2024-08-15
P008666,I001812,Lodging,471.77,USD,471.77,2024-11-30
P008667,I005615,Meals,114.82,GBP,145.82,2024-08-27
P008668,I001094,Meals,64.55,MXN,3.74,2024-04-15
P008669,I005883,Meals,128.44,GBP,163.12,2024-03-09
P008670,I003492,Meals,185.23,EUR,201.9,2024-09-24
P008671,I003597,Honoraria,3399.39,BRL,679.88,2025-05-15
P008672,I004131,Lodging,280.32,BRL,56.06,2025-03-20
P008673,I000925,Honoraria,845.5,BRL,169.1,2024-12-26
P008674,I002241,Venue/AV,13484.61,EUR,14698.22,2025-03-25
P008675,I005487,Meals,80.7,CAD,59.72,2024-02-11
P008676,I009366,Lodging,329.42,GBP,418.36,2024-06-17
P008677,I005545,Meals,31.46,USD,31.46,2024-09-04
P008678,I001804,Honoraria,1109.16,JPY,7.43,2024-12-18
P008679,I000150,Meals,41.28,BRL,8.26,2025-03-21
P008680,I006486,Meals,54.46,USD,54.46,2024-09-29
P008681,I002129,Meals,85.69,MXN,4.97,2024-06-18
P008682,I001474,Meals,78.86,EUR,85.96,2024-11-05
P008683,I002155,Meals,26.9,EUR,29.32,2025-03-06
P008684,I005005,Meals,72.24,JPY,0.48,2024-03-17
P008685,I003843,Honoraria,2110.44,EUR,2300.38,2024-10-30
P008686,I003610,Honoraria,1226.02,MXN,71.11,2025-06-21
P008687,I004481,Lodging,694.05,EUR,756.51,2024-05-30
P008688,I004200,Travel,279.12,EUR,304.24,2024-04-16
P008689,I002357,Travel,152.85,JPY,1.02,2024-06-20
P008690,I001512,Meals,110.49,CAD,81.76,2024-11-20
P008691,I005193,Meals,69.07,JPY,0.46,2024-04-28
P008692,I005045,Meals,155.85,EUR,169.88,2024-11-24
P008693,I006632,Venue/AV,1157.05,CAD,856.22,2024-07-19
P008694,I003181,Honoraria,761.47,INR,9.14,2024-08-21
P008695,I002850,Meals,71.17,INR,0.85,2024-07-04
P008696,I003823,Lodging,180.72,EUR,196.98,2024-07-11
P008697,I006644,Travel,307.34,GBP,390.32,2024-09-28
P008698,I004867,Meals,70.21,BRL,14.04,2024-02-24
P008699,I001346,Honoraria,1819.8,INR,21.84,2024-03-13
P008700,I003485,Meals,67.54,EUR,73.62,2025-02-20
P008701,I006633,Meals,29.71,BRL,,2024-05-30
P008702,I002810,Lodging,258.85,cad,191.55,2024-07-04
P008703,I001924,Meals,49.79,MXN,2.89,2024-12-15
P008704,I004169,Travel,341.31,MXN,19.8,2025-04-07
P008705,I000734,Honoraria,466.36,EUR,508.33,2024-04-13
P008706,I000962,Meals,94.7,USD,94.7,2024-01-18
P008707,I003708,Lodging,173.56,EUR,189.18,2024-01-23
P008708,I003139,Meals,119.91,EUR,130.7,2024-11-27
P008709,I001609,Meals,194.44,GBP,246.94,2025-08-07
P008710,I001365,Venue/AV,2686.99,EUR,2928.82,2024-11-26
P008711,I000056,Honoraria,1555.71,EUR,1695.72,2024-03-08
P008712,I005856,Travel,284.43,MXN,16.5,2024-03-30
P008713,I004291,Honoraria,772.7,JPY,,2024-04-10
P008714,I002496,Travel,210.24,CAD,155.58,2024-12-23
P008715,I002384,Travel,195.28,INR,2.34,2025-07-05
P008716,I000636,Travel,379.42,GBP,481.86,2024-08-14
P008717,I002834,Honoraria,1421.07,USD,1421.07,2024-03-21
P008718,I001296,Meals,107.34,USD,107.34,2024-01-29
P008719,I000070,Meals,74.24,EUR,80.92,2025-02-08
P008720,I005677,Lodging,736.15,BRL,147.23,2024-01-22
P008721,I005747,Honoraria,788.82,USD,788.82,2025-06-08
P008722,I000417,Meals,87.5,EUR,95.38,2024-07-04
P008723,I004086,Honoraria,487.85,EUR,531.76,2024-11-21
P008724,I001325,Lodging,307.36,JPY,2.06,2024-05-04
P008725,I001931,Meals,31.88,EUR,34.75,2024-02-04
P008726,I005304,Venue/AV,2595.57,EUR,2829.17,2024-06-23
P008727,I001401,Travel,382.51,INR,4.59,2024-10-08
P008728,I000131,Travel,629.86,JPY,4.22,2025-01-02
P008729,I006622,Lodging,733.05,INR,8.8,2025-06-30
P008730,I000064,Meals,126.23,BRL,25.25,2025-03-04
P008731,I001325,Venue/AV,1144.5,JPY,7.67,2024-05-30
P008732,I004737,Honoraria,752.51,CAD,556.86,2024-10-25
P008733,I002355,Venue/AV,1004.65,brl,200.93,2025-02-03
P008734,I001683,Travel,377.22,USD,377.22,2025-04-02
P008735,I000871,Meals,157.75,MXN,9.15,2024-06-07
P008736,I001747,Meals,90.14,BRL,18.03,2024-09-27
P008737,I001569,Meals,20.0,INR,0.24,2024-09-19
P008738,I003151,Travel,148.72,EUR,162.1,2024-08-13
P008739,I001713,Meals,43.34,BRL,8.67,2025-08-05
P008740,I004203,Venue/AV,3358.21,GBP,4264.93,2025-03-29
P008741,I001652,Meals,103.8,JPY,0.7,2024-05-23
P008742,I000628,Meals,65.27,JPY,0.44,2024-06-28
P008743,I002370,Meals,111.43,CAD,82.46,2024-11-17
P008744,I000806,Meals,31.94,CAD,23.64,2024-01-28
P008745,I004874,Meals,89.27,EUR,97.3,2024-08-08
P008746,I002485,Travel,333.53,eur,363.55,2025-06-15
P008747,I004154,Honoraria,757.94,INR,9.1,2024-07-03
P008748,I004287,Travel,462.99,CAD,342.61,2025-08-06
P008749,I002099,Travel,158.71,GBP,,2025-01-03
P008750,I001341,Meals,400.05,EUR,436.05,2025-04-11
P008751,I004462,Travel,390.74,BRL,78.15,2025-04-15
P008752,I001289,Travel,572.47,USD,572.47,2025-01-17
P008753,I002195,Meals,111.91,EUR,121.98,2024-12-26
P008754,I002639,Meals,68.15,EUR,74.28,2024-12-07
P008755,I006944,Travel,368.2,CAD,272.47,2025-07-03
P008756,I004833,Travel,730.0,EUR,795.7,2025-04-26
P008757,I011899,Travel,712.4,EUR,776.52,2025-04-04
P008758,I001993,Travel,684.49,INR,8.21,2025-05-09
P008759,I005470,Honoraria,393.92,USD,393.92,2024-07-22
P008760,I001373,Meals,164.57,USD,164.57,2024-12-13
P008761,I004985,Travel,335.34,jpy,2.25,2025-02-23
P008762,I003993,Honoraria,752.85,EUR,820.61,2024-10-24
P008763,I004980,Travel,725.72,EUR,791.03,2024-08-17
P008764,I008561,Meals,92.54,JPY,0.62,2024-11-01
P008765,I003576,Lodging,694.42,INR,8.33,2025-02-23
P008766,I005363,Lodging,210.75,EUR,229.72,2024-03-06
P008767,I001859,Meals,96.14,EUR,104.79,2025-01-10
P008768,I000263,Lodging,440.08,EUR,479.69,2024-12-29
P008769,I004005,Meals,65.0,MXN,3.77,2024-10-21
P008770,I002490,Travel,820.22,BRL,164.04,2024-10-03
P008771,I006622,Honoraria,1719.08,INR,20.63,2025-06-18
P008772,I006940,Meals,52.25,MXN,3.03,2024-10-26
P008773,I001317,Venue/AV,3119.65,EUR,3400.42,2024-06-30
P008774,I000881,Travel,185.02,EUR,,2024-04-17
P008775,I002526,Meals,138.37,CAD,102.39,2025-06-28
P008776,I004182,Travel,409.26,JPY,2.74,2025-04-20
P008777,I002081,Lodging,376.17,JPY,2.52,2025-07-10
P008778,I001553,Honoraria,1863.1,INR,22.36,2025-02-07
P008779,I001432,Meals,75.51,CAD,55.88,2024-08-06
P008780,I006042,Travel,335.18,EUR,365.35,2024-04-17
P008781,I001853,Meals,47.51,JPY,0.32,2024-09-30
P008782,I007356,Meals,153.53,GBP,194.98,2024-06-13
P008783,I003491,Travel,284.55,GBP,361.38,2024-04-26
P008784,I003370,Meals,37.37,USD,37.37,2024-06-24
P008785,I005093,Honoraria,657.5,USD,657.5,2024-07-23
P008786,I008683,Meals,51.43,EUR,56.06,2024-09-11
P008787,I005170,Meals,39.15,BRL,7.83,2025-05-15
P008788,I001005,Venue/AV,1778.92,INR,21.35,2025-07-12
P008789,I002575,Honoraria,3717.62,EUR,4052.21,2024-09-17
P008790,I000419,Lodging,161.14,BRL,32.23,2025-02-21
P008791,I005209,Lodging,294.58,MXN,17.09,2025-03-19
P008792,I003847,Meals,99.76,USD,99.76,2024-09-22
P008793,I000152,Meals,16.14,USD,16.14,2024-09-29
P008794,I004021,Honoraria,1037.32,BRL,207.46,2025-01-20
P008795,I000491,Lodging,190.97,GBP,242.53,2025-03-28
P008796,I004303,Meals,96.54,JPY,0.65,2025-03-06
P008797,I004548,Meals,66.45,BRL,13.29,2024-02-19
P008798,I006625,Travel,229.1,BRL,45.82,2024-07-07
P008799,I010746,Meals,57.07,JPY,0.38,2024-07-20
P008800,I007344,Meals,134.44,INR,1.61,2024-12-21
P008801,I003047,Meals,29.51,EUR,32.17,2025-01-15
P008802,I001723,Travel,140.82,EUR,153.49,2024-02-19
P008803,I004354,Travel,723.62,BRL,144.72,2025-02-24
P008804,I006172,Honoraria,1000.97,CAD,740.72,2025-07-18
P008805,I003842,Travel,200.56,EUR,218.61,2024-11-20
P008806,I000994,Meals,60.05,EUR,65.45,2025-03-21
P008807,I002133,Meals,62.38,INR,0.75,2025-03-20
P008808,I003449,Honoraria,1405.82,EUR,1532.34,2025-07-16
P008809,I005969,Venue/AV,4312.7,USD,4312.7,2024-09-08
P008810,I004664,Travel,594.17,EUR,647.65,2024-11-24
P008811,I002174,Lodging,220.0,INR,2.64,2025-05-27
P008812,I002265,Meals,151.15,CAD,111.85,2024-08-22
P008813,I005754,Lodging,305.96,BRL,61.19,2024-04-08
P008814,I003898,Meals,130.43,BRL,26.09,2025-07-05
P008815,I005390,Meals,65.11,EUR,70.97,2025-02-19
P008816,I006267,Meals,84.64,JPY,0.57,2024-12-05
P008817,I005533,Travel,305.63,EUR,333.14,2025-04-27
P008818,I002502,Lodging,454.36,EUR,495.25,2024-09-05
P008819,I003620,Meals,134.18,INR,1.61,2024-05-01
P008820,I002650,Meals,177.85,USD,177.85,2024-08-04
P008821,I005238,Meals,92.95,MXN,5.39,2025-04-30
P008822,I000217,Honoraria,942.64,GBP,1197.15,2025-07-16
P008823,I002663,Travel,387.14,EUR,421.98,2024-09-27
P008824,I002065,Lodging,275.85,JPY,1.85,2025-01-26
P008825,I006650,Travel,346.36,MXN,20.09,2025-03-27
P008826,I000467,Travel,327.46,GBP,415.87,2024-05-23
P008827,I005268,Meals,98.04,CAD,72.55,2024-05-08
P008828,I002373,Travel,231.79,GBP,294.37,2025-03-13
P008829,I001542,Meals,145.26,EUR,158.33,2024-10-13
P008830,I004812,Lodging,444.39,CAD,328.85,2025-05-15
P008831,I001542,Meals,26.68,EUR,29.08,2024-10-14
P008832,I005880,Honoraria,626.73,JPY,4.2,2025-06-29
P008833,I006017,Meals,69.6,GBP,88.39,2024-09-28
P008834,I002986,Travel,330.62,INR,3.97,2024-07-28
P008835,I005151,Travel,284.73,USD,284.73,2024-05-12
P008836,I001178,Meals,26.08,EUR,28.43,2024-12-26
P008837,I001255,Honoraria,1663.81,INR,19.97,2025-01-11
P008838,I002312,Travel,197.76,CAD,146.34,2024-02-27
P008839,I006914,Honoraria,1840.97,INR,22.09,2025-05-14
P008840,I005357,Meals,94.32,EUR,102.81,2024-01-16
P008841,I004956,Travel,228.08,JPY,1.53,2024-03-04
P008842,I002160,Travel,297.63,INR,3.57,2025-03-26
P008843,I001753,Meals,76.64,GBP,97.33,2024-04-03
P008844,I005305,Lodging,281.09,JPY,1.88,2024-07-12
P008845,I002847,Meals,60.68,EUR,66.14,2024-09-17
P008846,I001376,Lodging,375.06,EUR,408.82,2025-07-07
P008847,I006617,Honoraria,1122.41,eur,1223.43,2024-04-26
P008848,I002213,Meals,131.68,EUR,143.53,2025-01-11
P008849,I002719,Travel,236.13,eur,257.38,2025-06-02
P008850,I004278,Travel,347.74,CAD,257.33,2024-05-12
P008851,I005014,Travel,429.91,JPY,2.88,2024-12-21
P008852,I002988,Meals,136.4,JPY,0.91,2024-02-17
P008853,I000220,Meals,45.27,INR,0.54,2024-10-26
P008854,I003841,Travel,691.05,EUR,753.24,2024-03-11
P008855,I005829,Honoraria,914.23,EUR,996.51,2025-05-16
P008856,I000002,Travel,253.93,INR,3.05,2024-08-21
P008857,I001816,Honoraria,516.97,CAD,382.56,2025-05-01
P008858,I003361,Venue/AV,3124.71,CAD,2312.29,2024-05-09
P008859,I005240,Meals,73.92,BRL,14.78,2025-06-22
P008860,I002833,Travel,718.21,INR,8.62,2025-06-06
P008861,I006312,Meals,176.15,MXN,10.22,2025-03-03
P008862,I004333,Travel,1094.2,EUR,1192.68,2024-12-10
P008863,I003235,Meals,68.95,INR,0.83,2024-05-25
P008864,I001778,Honoraria,901.5,MXN,52.29,2025-04-08
P008865,I000316,Meals,136.85,EUR,149.17,2025-05-29
P008866,I000373,Meals,61.52,EUR,67.06,2024-10-20
P008867,I001400,Meals,100.97,MXN,5.86,2025-02-22
P008868,I004925,Lodging,584.11,EUR,636.68,2024-02-04
P008869,I005725,Meals,89.81,USD,89.81,2024-07-08
P008870,I004788,Meals,101.07,BRL,20.21,2025-02-25
P008871,I002063,Meals,40.1,BRL,8.02,2025-03-05
P008872,I003388,Travel,1070.5,INR,12.85,2025-07-04
P008873,I005748,Meals,104.87,GBP,133.18,2024-09-05
P008874,I004923,Meals,56.46,EUR,61.54,2024-11-14
P008875,I000073,Lodging,480.37,EUR,523.6,2024-06-30
P008876,I006542,Lodging,386.64,GBP,491.03,2024-03-27
P008877,I002194,Meals,77.21,CAD,57.14,2024-04-08
P008878,I006773,Honoraria,1424.63,INR,17.1,
P008879,I002552,Meals,170.08,INR,2.04,2025-03-18
P008880,I001649,Meals,105.67,INR,1.27,2024-07-21
P008881,I004250,Meals,181.44,USD,181.44,2024-04-05
P008882,I005508,Meals,112.59,MXN,6.53,2024-06-14
P008883,I004823,Meals,64.37,CAD,47.63,2024-07-05
P008884,I004122,Honoraria,1151.58,INR,13.82,2024-10-12
P008885,I000582,Venue/AV,2337.14,BRL,467.43,2025-04-30
P008886,I004391,Lodging,599.08,INR,7.19,2024-11-23
P008887,I000932,Honoraria,1872.71,GBP,2378.34,2024-12-27
P008888,I006925,Meals,68.92,EUR,75.12,2025-05-16
P008889,I006657,Meals,68.11,EUR,74.24,2025-05-31
P008890,I003647,Meals,62.24,GBP,79.04,2025-06-12
P008891,I006450,Meals,36.65,USD,36.65,2024-01-23
P008892,I004946,Meals,143.99,GBP,182.87,2024-05-03
P008893,I000175,Meals,123.28,EUR,,2025-03-18
P008894,I005119,Travel,575.08,JPY,3.85,2024-03-05
P008895,I004082,Meals,138.05,BRL,27.61,2024-11-29
P008896,I001032,Travel,710.91,MXN,41.23,2025-03-10
P008897,I004609,Honoraria,632.71,CAD,468.21,2024-10-15
P008898,I000097,Honoraria,2860.85,USD,2860.85,2025-02-07
P008899,I006800,Honoraria,953.08,EUR,1038.86,2024-05-01
P008900,I003520,Meals,74.69,BRL,14.94,2025-04-22
P008901,I001952,Meals,298.0,EUR,324.82,2025-03-27
P008902,I000548,Honoraria,1331.31,CAD,985.17,2025-01-02
P008903,I001443,Meals,56.58,BRL,11.32,2024-04-08
P008904,I004799,Meals,138.64,INR,1.66,2024-04-01
P008905,I004096,Travel,193.24,INR,2.32,2024-03-31
P008906,I003785,Honoraria,1958.57,EUR,2134.84,2024-05-05
P008907,I006938,Honoraria,3710.13,INR,44.52,2025-03-20
P008908,I006960,Travel,491.42,MXN,28.5,2025-03-10
P008909,I005176,Honoraria,782.21,INR,9.39,2025-06-26
P008910,I006384,Lodging,287.84,EUR,313.75,2025-05-24
P008911,I000101,Lodging,690.82,MXN,40.07,2024-05-20
P008912,I004319,Travel,260.23,CAD,192.57,2024-06-15
P008913,I003091,Meals,60.18,CAD,44.53,2024-04-18
P008914,I006527,Lodging,384.38,USD,384.38,2024-06-29
P008915,I000079,Travel,132.0,BRL,26.4,2025-05-14
P008916,I004408,Travel,459.52,USD,459.52,2025-02-28
P008917,I005158,Travel,519.49,USD,519.49,2024-08-01
P008918,I005787,Lodging,491.43,cad,363.66,2024-12-08
P008919,I001933,Travel,202.68,EUR,220.92,2024-11-19
P008920,I000161,Meals,132.58,BRL,26.52,2024-11-19
P008921,I002655,Meals,50.1,EUR,54.61,2024-01-11
P008922,I001651,Travel,370.5,CAD,274.17,2025-02-08
P008923,I006807,Lodging,1071.54,CAD,792.94,2024-12-06
P008924,I000392,Meals,119.01,CAD,88.07,2025-03-02
P008925,I001712,Meals,62.86,GBP,79.83,2024-07-26
P008926,I002971,Meals,95.0,USD,95.0,2025-03-16
P008927,I005410,Travel,123.74,MXN,7.18,2024-07-02
P008928,I006356,Meals,38.91,BRL,7.78,
P008929,I000360,Meals,59.09,JPY,0.4,2024-07-25
P008930,I003265,Travel,388.05,MXN,22.51,2025-01-26
P008931,I001966,Lodging,655.17,EUR,714.14,2025-04-28
P008932,I003486,Travel,524.95,GBP,666.69,2024-08-05
P008933,I006633,Meals,60.34,USD,60.34,2024-06-14
P008934,I000147,Meals,161.47,MXN,9.37,2024-12-16
P008935,I004209,Meals,261.92,CAD,,2024-05-12
P008936,I002507,Venue/AV,1044.71,EUR,1138.73,2024-07-01
P008937,I003477,Lodging,381.38,MXN,22.12,2024-10-10
P008938,I006683,Travel,287.99,BRL,57.6,2025-02-05
P008939,I002056,Travel,1109.61,EUR,1209.47,2024-04-20
P008940,I002951,Travel,419.91,CAD,,2025-06-05
P008941,I004873,Honoraria,2007.49,MXN,116.43,2024-05-19
P008942,I004516,Venue/AV,2918.65,CAD,2159.8,2024-07-03
P008943,I004631,Lodging,380.5,JPY,2.55,2024-12-08
P008944,I003024,Travel,612.35,EUR,667.46,2024-07-24
P008945,I006999,Meals,148.23,JPY,0.99,2024-04-12
P008946,I004518,Travel,340.96,JPY,2.28,2024-09-15
P008947,I003233,Meals,59.54,JPY,0.4,2025-05-29
P008948,I002693,Honoraria,634.13,EUR,691.2,2024-06-14
P008949,I003584,Meals,103.02,BRL,20.6,2025-05-24
P008950,I000687,Honoraria,327.67,EUR,357.16,2024-07-30
P008951,I000995,Honoraria,579.47,INR,6.95,2024-07-13
P008952,I005588,Lodging,335.67,MXN,19.47,2024-03-02
P008953,I000982,Honoraria,1175.56,EUR,1281.36,2025-07-27
P008954,I005033,Meals,163.56,MXN,9.49,2024-12-27
P008955,I000027,Meals,86.97,EUR,94.8,2025-05-26
P008956,I002077,Meals,94.69,EUR,103.21,2025-05-06
P008957,I006191,Travel,471.06,BRL,94.21,2024-08-17
P008958,I000764,Honoraria,1230.8,USD,1230.8,2024-10-08
P008959,I000768,Meals,155.34,INR,1.86,2024-06-08
P008960,I001688,Meals,110.06,EUR,119.97,2025-02-02
P008961,I006676,Meals,19.68,BRL,3.94,2024-05-21
P008962,I005233,Honoraria,262.42,EUR,286.04,2024-09-19
P008963,I005961,Meals,89.03,MXN,5.16,2024-04-16
P008964,I006142,Meals,144.17,EUR,157.15,2025-07-01
P008965,I001335,Travel,713.33,USD,713.33,2025-02-20
P008966,I002032,Honoraria,1000.34,GBP,1270.43,2024-09-07
P008967,I004213,Lodging,203.49,USD,203.49,2024-03-09
P008968,I004297,Meals,34.21,MXN,1.98,2024-10-13
P008969,I002017,Meals,116.83,EUR,127.34,2024-07-03
P008970,I004224,Lodging,225.83,MXN,13.1,2024-11-15
P008971,I006288,Meals,52.97,BRL,10.59,2024-10-03
P008972,I006616,Honoraria,759.87,JPY,5.09,2024-04-22
P008973,I004430,Honoraria,282.68,JPY,1.89,2025-06-21
P008974,I000573,Honoraria,1368.66,CAD,1012.81,2024-03-24
P008975,I005610,Travel,230.72,JPY,1.55,2024-09-07
P008976,I006778,Honoraria,1080.02,BRL,216.0,2024-03-17
P008977,I006185,Honoraria,732.31,GBP,930.03,2024-02-19
P008978,I004216,Venue/AV,1003.73,EUR,1094.07,2024-08-30
P008979,I002556,Meals,40.62,jpy,0.27,2025-05-15
P008980,I004367,Meals,89.53,BRL,17.91,2024-07-14
P008981,I002513,Travel,734.07,CAD,543.21,2024-02-13
P008982,I003120,Honoraria,2205.36,INR,26.46,2024-04-04
P008983,I004522,Meals,60.28,BRL,12.06,2024-03-31
P008984,I006291,Meals,68.4,USD,68.4,2025-07-24
P008985,I002234,Meals,104.53,MXN,6.06,2024-11-29
P008986,I006172,Travel,390.38,USD,390.38,2025-06-26
P008987,I002994,Travel,296.77,GBP,376.9,2025-05-16
P008988,I005045,Travel,171.43,EUR,186.86,2024-10-20
P008989,I004789,Lodging,139.62,CAD,103.32,2024-04-25
P008990,I004714,Lodging,241.62,EUR,263.37,2024-04-20
P008991,I009537,Lodging,525.75,JPY,3.52,2024-10-13
P008992,I001642,Meals,33.67,EUR,36.7,2025-02-04
P008993,I001136,Travel,108.07,BRL,21.61,2024-08-13
P008994,I004450,Meals,27.78,CAD,20.56,2025-06-30
P008995,I005873,Meals,94.29,BRL,18.86,2024-10-08
P008996,I005708,Honoraria,2306.15,BRL,461.23,2024-04-08
P008997,I004292,Travel,79.4,CAD,58.76,2024-04-02
P008998,I005979,Travel,596.85,EUR,650.57,2024-10-07
P008999,I001788,Lodging,707.38,EUR,771.04,2024-06-27
P009000,I004331,Meals,172.31,EUR,187.82,2025-03-22
P009001,I003468,Meals,80.61,USD,80.61,2024-10-09
P009002,I001119,Meals,77.53,MXN,4.5,2025-02-02
P009003,I004944,Honoraria,2281.52,MXN,132.33,2025-06-15
P009004,I000381,Meals,156.12,JPY,1.05,2024-09-02
P009005,I001473,Meals,174.72,EUR,190.44,2024-11-02
P009006,I002349,Honoraria,1492.02,EUR,1626.3,2024-09-23
P009007,I004612,Travel,464.43,EUR,506.23,2025-04-24
P009008,I003143,Honoraria,890.91,BRL,178.18,2024-10-28
P009009,I003117,Travel,535.63,GBP,680.25,2024-03-27
P009010,I005290,Lodging,227.53,EUR,248.01,2024-07-21
P009011,I000271,Honoraria,495.93,INR,,2025-05-03
P009012,I002514,Lodging,226.16,CAD,167.36,2024-06-24
P009013,I006318,Travel,470.17,EUR,512.49,2024-11-22
P009014,I001550,Meals,66.47,BRL,,2024-03-02
P009015,I001636,Meals,142.04,CAD,105.11,2025-02-10
P009016,I006144,Lodging,557.74,USD,557.74,2025-06-09
P009017,I005613,Meals,110.16,USD,110.16,2024-09-02
P009018,I000032,Venue/AV,3491.23,JPY,23.39,2025-02-19
P009019,I000428,Honoraria,778.79,GBP,989.06,2025-03-28
P009020,I004481,Honoraria,667.14,EUR,727.18,2024-06-03
P009021,I005767,Honoraria,1653.32,USD,1653.32,2024-03-16
P009022,I006339,Venue/AV,2216.98,EUR,2416.51,2024-11-07
P009023,I004957,Travel,595.9,MXN,34.56,2024-07-09
P009024,I000091,Meals,40.0,EUR,43.6,2024-03-14
P009025,I006204,Travel,373.41,USD,373.41,2025-06-16
P009026,I000862,Honoraria,844.56,GBP,1072.59,2024-07-04
P009027,I004752,Travel,182.14,EUR,198.53,2025-01-01
P009028,I006099,Meals,42.8,MXN,2.48,2024-04-19
P009029,I003409,Meals,48.9,EUR,53.3,2025-05-21
P009030,I000157,Honoraria,491.4,BRL,98.28,2024-12-27
P009031,I001794,Meals,111.71,EUR,121.76,2024-08-11
P009032,I003373,Meals,75.64,JPY,0.51,2024-08-10
P009033,I003107,Honoraria,2049.87,CAD,1516.9,2024-06-21
P009034,I005329,Venue/AV,5058.34,INR,60.7,2024-05-27
P009035,I005495,Travel,731.84,CAD,541.56,2024-03-02
P009036,I004121,Meals,45.56,MXN,2.64,2024-03-30
P009037,I000163,Meals,140.72,CAD,104.13,2024-04-02
P009038,I000407,Meals,49.83,JPY,0.33,2025-02-07
P009039,I006532,Travel,190.8,JPY,1.28,2025-04-22
P009040,I005849,Travel,288.01,BRL,57.6,2025-03-02
P009041,I006485,Travel,298.2,MXN,17.3,2024-02-01
P009042,I001064,Travel,171.56,EUR,187.0,2025-01-30
P009043,I001292,Travel,335.25,MXN,19.44,2024-10-01
P009044,I002052,Travel,461.38,GBP,585.95,2025-07-11
P009045,I005517,Meals,159.77,GBP,202.91,2024-07-08
P009046,I005726,Travel,294.86,USD,294.86,2025-06-06
P009047,I006214,Honoraria,1461.95,MXN,84.79,2024-08-24
P009048,I003168,Meals,48.79,INR,0.59,2025-01-10
P009049,I004557,Travel,261.66,BRL,52.33,2025-03-03
P009050,I000497,Meals,91.42,GBP,116.1,2024-01-18
P009051,I000752,Meals,150.74,JPY,1.01,2025-01-05
P009052,I001270,Honoraria,817.32,INR,9.81,2024-03-14
P009053,I004983,Meals,103.05,CAD,76.26,2025-07-02
P009054,I000808,Honoraria,1201.47,USD,1201.47,2025-04-16
P009055,I001305,Lodging,284.32,GBP,361.09,2024-08-15
P009056,I011553,Travel,620.4,EUR,676.24,2025-03-16
P009057,I006268,Meals,33.35,MXN,1.93,2024-02-29
P009058,I006633,Meals,80.63,MXN,4.68,2024-07-14
P009059,I006195,Travel,395.03,BRL,79.01,2025-05-10
P009060,I006351,Travel,344.37,INR,4.13,2025-04-24
P009061,I006266,Meals,175.95,EUR,191.79,2025-06-24
P009062,I005143,Meals,246.26,CAD,182.23,2024-02-03
P009063,I003030,Honoraria,904.75,INR,10.86,2025-02-13
P009064,I000274,Meals,135.88,EUR,148.11,2024-04-06
P009065,I003242,Meals,65.04,EUR,70.89,2025-01-17
P009066,I003443,Meals,182.41,GBP,231.66,2025-02-06
P009067,I006243,Honoraria,558.84,INR,6.71,2024-09-04
P009068,I000969,Meals,87.09,INR,1.05,2024-12-09
P009069,I001720,Lodging,582.17,EUR,634.57,2024-09-15
P009070,I009130,Lodging,591.68,JPY,3.96,2024-12-22
P009071,I000848,Travel,210.97,CAD,156.12,2025-04-24
P009072,I001333,Meals,182.2,EUR,198.6,2024-05-20
P009073,I000776,Travel,100.06,GBP,127.08,2024-03-24
P009074,I002730,Honoraria,3764.39,MXN,218.33,2024-06-13
P009075,I003637,Meals,150.15,BRL,30.03,2024-11-25
P009076,I003285,Meals,45.34,BRL,,2025-04-11
P009077,I003109,Lodging,751.09,GBP,953.88,2024-07-01
P009078,I003421,Travel,177.62,USD,177.62,2025-02-10
P009079,I000631,Travel,789.04,JPY,5.29,2024-04-09
P009080,I004518,Honoraria,580.07,JPY,3.89,2024-08-30
P009081,I003483,Honoraria,2552.44,BRL,510.49,2024-10-03
P009082,I005784,Travel,220.69,JPY,1.48,2024-11-01
P009083,I006149,Travel,227.26,BRL,45.45,2025-04-20
P009084,I001174,Meals,161.61,GBP,205.24,2024-06-23
P009085,I002591,Travel,635.38,GBP,806.93,2024-11-30
P009086,I001603,Lodging,364.64,EUR,397.46,2024-01-12
P009087,I006970,Travel,793.79,JPY,5.32,2025-07-14
P009088,I002956,Lodging,707.59,INR,8.49,2024-10-04
P009089,I005374,Travel,348.34,INR,4.18,2024-09-17
P009090,I003914,Honoraria,877.28,JPY,5.88,2024-08-26
P009091,I005271,Travel,159.18,MXN,9.23,2025-03-02
P009092,I001319,Lodging,429.63,JPY,2.88,2025-01-09
P009093,I006668,Honoraria,2401.29,MXN,139.27,2025-02-01
P009094,I002151,Meals,108.96,USD,108.96,2024-07-25
P009095,I006125,Travel,147.65,JPY,0.99,2024-03-24
P009096,I001799,Meals,20.53,BRL,4.11,2024-10-18
P009097,I002534,Venue/AV,7385.85,INR,88.63,2025-05-14
P009098,I001367,Travel,356.82,INR,4.28,2024-04-24
P009099,I006531,Honoraria,385.61,GBP,489.72,2025-03-04
P009100,I002806,Honoraria,1189.6,EUR,1296.66,2024-09-19
P009101,I006075,Meals,25.61,INR,0.31,2025-02-24
P009102,I002628,Travel,251.67,BRL,50.33,2024-03-12
P009103,I005031,Meals,64.63,BRL,12.93,2025-06-11
P009104,I005764,Meals,70.49,CAD,52.16,2024-11-02
P009105,I001332,Honoraria,2260.23,EUR,2463.65,2025-04-13
P009106,I002873,Meals,117.47,EUR,128.04,2025-02-17
P009107,I003899,Travel,212.88,GBP,270.36,2025-05-07
P009108,I003540,Travel,210.83,CAD,156.01,2024-03-16
P009109,I006389,Travel,228.08,BRL,45.62,2025-02-26
P009110,I000214,Lodging,417.54,CAD,308.98,2024-08-23
P009111,I006046,Lodging,89.62,CAD,66.32,2025-04-07
P009112,I000150,Honoraria,2558.99,CAD,1893.65,2025-03-22
P009113,I002692,Meals,48.82,USD,48.82,2024-10-13
P009114,I001649,Lodging,416.7,INR,5.0,2024-07-20
P009115,I001257,Meals,89.43,MXN,5.19,2024-12-14
P009116,I007195,Honoraria,1742.58,MXN,,2024-02-24
P009117,I001351,Travel,761.46,JPY,5.1,2024/07/16
P009118,I006913,Travel,622.77,INR,7.47,2025-07-24
P009119,I002444,Travel,497.72,BRL,99.54,2024/12/10
P009120,I003826,Meals,62.23,EUR,67.83,2024-10-14
P009121,I000436,Meals,79.74,EUR,86.92,2025-05-03
P009122,I002290,Honoraria,516.41,INR,6.2,2025-04-17
P009123,I004426,Travel,287.69,MXN,16.69,2024-08-27
P009124,I002555,Meals,50.31,USD,50.31,2024-12-08
P009125,I002175,Travel,333.63,MXN,19.35,2025-06-23
P009126,I004356,Travel,333.19,USD,333.19,2025-05-01
P009127,I003328,Travel,284.78,GBP,361.67,2024-10-21
P009128,I005883,Meals,145.99,EUR,159.13,2024-02-28
P009129,I006078,Honoraria,1609.62,MXN,93.36,2024-10-15
P009130,I002983,Meals,41.08,EUR,44.78,2024-08-06
P009131,I004782,Meals,58.78,EUR,64.07,2024-05-24
P009132,I006896,Lodging,522.8,EUR,569.85,2024-07-03
P009133,I004462,Meals,47.05,CAD,34.82,2025-04-24
P009134,I006892,Meals,90.25,JPY,0.6,2025-06-30
P009135,I004306,Venue/AV,1205.12,MXN,69.9,2024-08-13
P009136,I006210,Meals,47.28,CAD,34.99,2025-07-27
P009137,I000444,Meals,249.09,EUR,271.51,2024-07-18
P009138,I000268,Meals,19.84,JPY,0.13,2024-06-13
P009139,I003287,Travel,518.84,BRL,103.77,2024-04-03
P009140,I003369,Honoraria,450.57,USD,450.57,2024-01-26
P009141,I003326,Lodging,186.12,BRL,37.22,2024-10-05
P009142,I003101,Honoraria,2240.16,MXN,129.93,2024-11-19
P009143,I004160,Honoraria,1250.93,GBP,1588.68,
P009144,I006344,Honoraria,1990.02,INR,23.88,2024-12-27
P009145,I006741,Lodging,273.82,EUR,298.46,2024-06-09
P009146,I001658,Lodging,354.4,EUR,386.3,2025-04-26
P009147,I005288,Travel,490.32,EUR,534.45,2024-11-03
P009148,I006221,Travel,495.2,INR,5.94,2024-05-03
P009149,I005798,Honoraria,1315.49,GBP,1670.67,2024-12-19
P009150,I006700,Travel,930.19,EUR,1013.91,2025-01-09
P009151,I003425,Meals,160.22,EUR,174.64,2025-03-26
P009152,I000731,Lodging,827.45,USD,827.45,2025-07-09
P009153,I000393,Meals,45.01,EUR,49.06,2025-02-13
P009154,I005455,Meals,75.94,MXN,4.4,2024-10-28
P009155,I001567,Honoraria,782.85,INR,,2025-04-08
P009156,I005280,Honoraria,2387.2,MXN,138.46,2025-04-03
P009157,I006491,Meals,113.45,EUR,123.66,2024-05-05
P009158,I000685,Travel,249.59,EUR,272.05,2024-02-04
P009159,I006676,Honoraria,347.47,BRL,69.49,2024-06-07
P009160,I002668,Meals,46.8,EUR,51.01,2024-09-09
P009161,I006962,Meals,75.3,USD,75.3,2024-04-15
P009162,I011812,Lodging,337.81,EUR,368.21,2025-02-21
P009163,I000334,Meals,56.27,MXN,3.26,2025-05-15
P009164,I003547,Meals,276.52,JPY,1.85,2024-04-20
P009165,I006977,Meals,74.53,BRL,14.91,2024-05-06
P009166,I001725,Travel,165.22,JPY,1.11,2024-02-08
P009167,I000812,Meals,83.56,EUR,91.08,2024-03-24
P009168,I005681,Travel,490.37,USD,490.37,2024-06-01
P009169,I002279,Travel,375.17,MXN,21.76,2025-06-19
P009170,I000691,Meals,98.8,JPY,0.66,2025-03-21
P009171,I006255,Honoraria,1500.45,EUR,1635.49,2024-12-28
P009172,I000712,Travel,882.37,EUR,961.78,2024-09-15
P009173,I005205,Meals,103.93,USD,103.93,2024-10-17
P009174,I004549,Lodging,710.43,EUR,774.37,2024-08-20
P009175,I003051,Travel,213.63,USD,213.63,2024-12-30
P009176,I002162,Meals,48.57,INR,0.58,2024-10-08
P009177,I000032,Travel,919.38,INR,11.03,2025-03-17
P009178,I001160,Honoraria,1179.02,USD,1179.02,2024-06-09
P009179,I004136,Travel,283.32,JPY,1.9,2025-01-14
P009180,I003330,Meals,40.65,EUR,,2024-12-14
P009181,I006413,Meals,373.78,MXN,21.68,2024-12-26
P009182,I006387,Travel,263.46,CAD,194.96,2024-11-10
P009183,I003777,Honoraria,1066.62,INR,12.8,2025-04-05
P009184,I004400,Travel,264.89,EUR,288.73,2025-08-07
P009185,I002479,Travel,415.57,EUR,452.97,2025-02-10
P009186,I004445,Meals,54.11,CAD,40.04,2024-09-17
P009187,I000548,Venue/AV,4487.63,MXN,260.28,2024-12-03
P009188,I005715,Meals,157.08,MXN,9.11,2024-06-18
P009189,I004821,Lodging,84.62,MXN,4.91,2025-02-01
P009190,I005303,Meals,107.46,EUR,117.13,2024-12-01
P009191,I005917,Meals,48.45,MXN,2.81,2024-01-12
P009192,I003980,Travel,514.27,INR,6.17,2025-07-21
P009193,I004483,Meals,26.6,CAD,19.68,2024-03-25
P009194,I002734,Meals,144.75,JPY,0.97,2024-02-07
P009195,I001428,Travel,191.15,EUR,208.35,2024-11-07
P009196,I000989,Lodging,726.0,BRL,145.2,2024-08-24
P009197,I002675,Lodging,277.28,EUR,302.24,2025-06-29
P009198,I000284,Meals,44.79,CAD,33.14,2024-03-23
P009199,I001868,Lodging,276.99,INR,3.32,2025-01-23
P009200,I001058,Meals,88.69,INR,1.06,2025-03-02
P000850,I011268,Meals,139.17,MXN,8.07,2024-10-27
P008804,I006172,Honoraria,1000.97,CAD,740.72,2025-07-18
P006287,I002091,Meals,131.62,jpy,0.88,2025-01-17
P007280,I004736,Lodging,1759.08,GBP,2234.03,2024-02-12
P002047,I001651,Meals,32.48,BRL,6.5,2025-01-31
P003479,I002175,Travel,601.37,CAD,445.01,2025-05-23
P005399,I000829,Honoraria,995.11,BRL,199.02,2024-09-03
P000573,I000962,Travel,383.25,MXN,22.23,2024-01-19
P005731,I000498,Travel,346.44,USD,346.44,2024-08-16
P003963,I000241,Honoraria,243.72,CAD,180.35,2025-07-27
P007626,I004755,Meals,94.79,MXN,5.5,2024-03-14
P003877,I006555,Lodging,398.56,BRL,79.71,2024-11-12
P004493,I008169,Honoraria,1462.27,GBP,1857.08,2025-04-05
P002344,I003846,Meals,72.67,USD,72.67,2024-05-22
P008896,I001032,Travel,710.91,MXN,41.23,2025-03-10
P004441,I006952,Honoraria,1000.03,EUR,1090.03,2024-02-25
P005471,I000671,Venue/AV,1332.48,MXN,77.28,2024-06-09
P005887,I005177,Venue/AV,1622.85,GBP,2061.02,2024-12-21
P003277,I005984,Honoraria,442.61,USD,442.61,2025-01-22
P006320,I000199,Honoraria,633.25,BRL,126.65,2025-02-02
P008673,I000925,Honoraria,845.5,BRL,169.1,2024-12-26
P004934,I000075,Travel,401.14,CAD,296.84,2025-02-06
P000583,I002892,Travel,694.63,JPY,4.65,2025-02-24
P004945,I002621,Venue/AV,1556.72,GBP,1977.03,2025-01-03
P008175,I003091,Meals,175.58,BRL,35.12,2024-05-11
P007525,I005733,Lodging,298.85,EUR,325.75,2025-04-10
P006399,I004903,Meals,88.61,CAD,65.57,2025-04-30
P003565,I000355,Honoraria,550.8,EUR,600.37,2025-01-17
P006193,I005360,Meals,94.03,JPY,0.63,2024-06-28
P004089,I004442,Honoraria,1198.5,BRL,239.7,2025-01-06
P001712,I004955,Travel,236.97,MXN,13.74,2024-10-01
P005802,I005176,Honoraria,1705.51,INR,20.47,2025-07-02
P006253,I004335,Meals,61.19,JPY,0.41,2025-03-29
P007289,I006769,Honoraria,1437.46,MXN,83.37,2024-02-26
P000282,I003324,Lodging,750.17,EUR,817.69,2024-10-06
P000545,I002391,Meals,51.27,INR,0.62,2024-10-19
P000648,I003234,Venue/AV,3179.49,EUR,,2024-11-18
P006897,I002633,Meals,79.77,USD,79.77,2024-10-22
P008307,I000950,Meals,48.98,GBP,62.2,2025-08-02
P000470,I000873,Meals,93.17,CAD,68.95,2025-08-02
P007579,I006191,Travel,218.39,MXN,12.67,2024-08-18
P009150,I006700,Travel,930.19,EUR,1013.91,2025-01-09
P001511,I003500,Travel,357.56,USD,357.56,2024-08-08
P002524,I001795,Travel,731.87,CAD,541.58,2025-01-16
P006096,I000284,Travel,442.27,MXN,25.65,2024-03-25
P001962,I002726,Meals,135.26,JPY,0.91,2024-02-25
